AAA0 403,4 727,8 125,16 449,24 963,24 848,39 485,41 1013,48 285,62 172,63 282,66 349,65 709,76 648,79 610,84 8,88 794,89 424,96 476,97 150,102 130,107 880,120 704,122 852,123 399,135 21,141 39,149 313,149 456,154 144,162 688,162 44,169 233,170 67,172 592,176 524,179 234,180 116,197 12,199 331,200 255,203 157,205 213,205 810,213 75,216 58,228 143,233 739,240 728,256 949,261 301,271 878,277 231,281 550,280 58,283 185,291 371,297 598,303 62,307 25,309 40,318 281,317 130,318 498,323 277,329 719,332 830,332 463,333 188,334 109,347 970,349 141,370 788,373 980,373 270,377 357,389 498,391 611,391 563,401 676,404 572,413 796,412 149,417 330,415 168,417 862,426 47,431 767,441 42,445 666,448 840,457 780,457 23,460 620,461 882,460 18,463 49,466 121,468 168,470 27,471 279,477 483,485 210,486 80,501 676,500 309,502 640,504 806,507 814,509 846,510 74,510 967,513 533,516 713,528 375,532 458,534 690,543 722,546 569,550 239,553 554,555 630,561 978,566 14,573 526,575 691,574 768,578 37,577 236,581 827,581 886,585 82,591 656,590 404,592 185,604 865,605 3,606 701,614 427,621 659,625 186,628 398,628 554,630 739,639 721,645 697,647 662,651 461,654 697,655 421,662 470,668 630,669 565,671 35,672 83,675 689,678 301,685 909,688 223,698 508,699 84,701 484,701 151,704 929,708 271,709 553,710 413,719 250,725 873,729 625,735 340,738 776,739 800,740 263,744 295,745 803,752 436,755 194,761 931,761 189,769 916,773 25,780 701,782 154,783 222,784 900,786 410,794 637,794 769,799 641,802 585,805 535,806 649,819 302,820 416,822 431,839 227,843 1010,843 327,847 481,852 45,878 177,878 496,880 277,889 874,913 975,917 276,919 85,925 162,925 973,927 253,928 304,928 214,930 374,944 825,949 101,953 781,957 610,960 82,961 750,960 573,961 330,971 311,974 377,974 399,978 278,986 752,989 907,990 569,994 333,996 374,1001 250,1016 27,1017 778,1021
AAA1 402,3 727,7 728,8 449,24 486,41 1013,48 286,62 173,63 286,64 282,66 349,65 708,76 610,85 9,89 7,88 793,89 424,96 476,98 150,102 129,108 880,120 703,121 852,124 399,135 39,149 313,149 144,161 688,162 44,169 67,172 592,176 234,180 525,179 522,181 521,183 331,200 214,205 254,204 256,204 810,213 75,217 740,240 949,260 950,261 300,271 301,272 878,277 231,280 229,282 231,282 184,292 599,303 40,318 282,317 129,318 280,318 131,319 498,324 719,332 830,332 462,332 464,333 188,334 109,347 110,348 970,349 141,370 788,373 982,373 270,377 498,391 611,391 676,403 675,405 572,413 795,412 149,418 331,414 329,416 167,417 41,444 666,448 839,457 780,457 23,459 620,460 882,460 22,461 4,466 48,465 47,466 49,466 1,467 48,467 122,468 169,469 26,471 279,477 209,485 211,486 483,486 80,501 677,500 309,502 806,507 814,509 846,510 73,510 812,510 76,511 967,513 533,516 965,514 713,528 457,533 458,534 690,543 722,547 569,549 239,552 554,556 629,560 631,561 629,562 977,566 14,573 525,574 527,574 691,574 526,576 692,575 37,577 768,578 236,580 827,581 888,585 83,590 656,591 81,591 404,592 185,604 865,605 3,606 863,606 1,607 3,608 700,613 701,614 700,615 426,621 659,625 398,628 186,628 554,628 738,638 739,639 741,639 740,640 721,644 697,647 662,651 461,653 697,655 470,667 565,671 630,669 34,672 84,674 81,675 83,675 689,678 300,680 301,681 301,685 909,688 222,698 508,698 509,699 484,700 483,701 153,704 151,705 928,708 271,709 929,709 554,711 413,719 249,725 874,729 872,730 340,738 776,739 263,744 803,751 804,752 436,755 194,761 932,761 916,774 25,780 154,783 222,784 900,786 409,794 641,802 584,805 649,819 416,822 303,821 431,839 327,847 481,851 482,852 177,878 276,888 277,889 276,890 874,912 976,916 975,917 160,923 85,925 161,925 973,927 83,927 253,927 304,928 214,930 251,929 374,944 101,953 82,961 610,960 749,960 574,961 572,962 310,972 377,974 310,974 399,978 278,986 751,989 752,990 570,992 569,994 250,1016 26,1017 779,1020
AAA2 449,24 40,149 44,169 270,377 499,391 572,413 149,418 620,460 846,510 767,578 660,625 214,930 251,1016
AAA3 40,149 452,190 572,413 274,543 564,844
AAA4 449,24 39,148 44,169 270,377 499,391 572,413 149,418 620,460 846,510 767,578 214,930 251,1016
AAA5 925,5 453,6 545,7 336,8 898,9 638,13 762,13 150,14 117,15 345,17 48,26 310,29 547,29 341,30 721,38 919,38 1009,38 772,41 208,42 394,43 379,44 707,44 396,47 810,47 39,48 766,49 270,52 484,55 636,58 303,59 133,61 890,61 425,63 351,64 949,65 719,67 76,71 783,74 271,79 645,79 866,80 606,83 876,83 244,87 123,88 213,90 221,91 154,93 863,93 664,95 16,99 978,101 677,103 68,105 488,105 150,106 760,106 852,106 420,108 486,110 818,110 151,111 347,111 232,112 809,114 846,122 227,123 240,123 548,123 715,127 703,128 423,134 778,134 973,134 201,138 469,139 418,141 735,142 453,143 36,146 37,147 683,147 4,148 611,148 38,149 40,149 43,151 45,152 1021,153 562,157 503,158 734,160 940,163 1010,165 118,166 837,166 932,167 44,168 119,171 102,173 661,175 215,180 175,181 589,185 894,186 190,187 186,190 387,190 402,190 35,191 742,191 943,191 536,193 88,194 230,196 437,196 973,196 876,198 486,200 223,208 309,216 401,218 768,221 49,222 527,223 564,230 54,234 972,235 142,236 600,237 730,237 351,239 843,241 800,243 380,244 383,250 747,252 895,254 900,254 370,255 861,256 943,256 517,257 723,261 901,261 67,265 398,265 119,268 545,270 37,271 761,271 828,274 606,276 177,277 546,279 410,287 90,288 761,289 700,292 71,294 370,296 949,296 914,297 977,297 401,300 440,302 670,302 246,306 627,306 407,308 968,310 412,313 718,315 564,316 502,320 672,322 966,326 298,328 86,330 732,330 245,332 202,333 463,334 622,337 943,340 180,345 591,345 987,345 377,351 771,351 83,356 171,356 426,357 604,358 676,358 957,361 870,363 401,364 986,365 4,366 237,370 80,371 904,373 188,375 41,377 196,380 200,380 457,381 299,383 283,387 905,388 950,389 284,391 459,392 499,392 436,393 112,396 560,399 765,399 122,404 570,412 617,417 693,417 728,417 318,418 326,419 416,420 511,422 46,423 247,428 213,430 437,434 194,437 697,440 401,444 833,444 826,445 1016,448 123,450 824,450 124,451 893,451 537,458 622,461 354,465 844,465 726,466 853,467 437,473 208,475 321,478 381,479 562,479 1,482 980,483 217,484 413,484 967,485 409,486 285,491 174,492 241,492 150,495 1006,495 992,498 511,499 644,499 895,503 406,523 660,523 824,523 553,524 865,531 601,540 757,541 905,541 270,542 423,545 484,545 97,546 958,546 141,548 737,548 507,549 7,550 197,551 848,553 857,553 575,556 173,558 926,559 413,560 556,561 836,561 21,562 680,563 247,564 93,565 149,569 916,569 268,570 708,570 205,571 709,571 718,571 934,572 209,574 773,574 768,578 968,578 388,579 655,582 733,583 652,587 659,590 814,594 589,597 903,597 479,598 703,602 472,604 28,608 992,608 686,611 254,614 511,617 974,617 1010,619 471,620 112,622 479,626 94,634 127,637 364,639 939,639 56,640 291,641 285,643 310,643 770,644 827,646 649,652 149,654 727,656 992,657 582,659 942,660 523,665 200,667 250,671 837,672 761,673 418,674 589,675 688,680 809,680 505,683 864,687 231,688 806,688 61,691 272,691 382,696 824,701 878,702 542,703 879,706 661,710 769,710 617,712 145,714 382,714 1012,716 807,718 318,727 1006,727 497,728 644,728 919,729 1008,729 524,733 2,740 65,740 736,740 748,740 754,741 260,742 766,744 693,745 788,745 639,746 1015,747 921,748 524,749 695,750 153,754 162,756 313,757 915,757 268,758 13,762 319,764 453,764 23,765 451,767 56,769 618,769 567,773 1010,774 750,775 154,776 838,776 131,777 116,778 36,780 87,782 592,782 291,785 37,786 460,786 780,786 446,789 814,789 303,793 125,796 639,797 829,797 931,798 47,799 125,799 963,800 929,801 337,806 427,808 486,808 488,811 470,818 49,821 990,824 713,827 251,828 437,829 685,829 688,829 424,830 891,832 317,839 374,842 755,842 1008,847 115,855 938,857 702,862 113,865 695,865 1010,865 754,866 18,867 1019,867 13,869 18,871 1001,875 390,881 671,881 468,890 34,892 246,893 747,895 1014,897 398,901 942,902 623,903 16,904 463,907 52,911 120,915 290,920 460,921 746,921 498,922 513,927 110,928 913,928 480,930 484,931 216,933 116,934 602,935 362,936 692,937 892,942 868,944 435,945 124,946 582,950 50,952 342,954 865,955 600,957 302,958 747,959 810,960 533,962 852,965 515,967 805,968 179,971 369,971 110,976 961,978 244,982 436,987 895,988 739,990 304,991 356,991 999,992 358,993 877,993 671,996 640,998 517,1000 365,1001 696,1001 104,1003 29,1004 106,1009 911,1009 603,1013 436,1014 535,1014 416,1017
AAA6 569,410 571,412 573,415
AAB0 544,7 463,27 978,32 393,36 147,37 986,43 918,45 889,45 459,48 227,50 967,55 949,56 929,60 479,68 297,72 140,74 558,74 688,74 842,75 636,79 247,81 308,91 726,98 219,98 439,101 685,109 738,108 845,110 4,112 903,117 429,118 349,123 291,124 513,125 423,126 174,131 451,139 265,146 795,147 11,156 770,158 412,158 964,157 655,162 948,164 44,171 325,172 231,175 982,179 345,186 213,189 763,189 345,194 1017,202 87,207 751,206 277,206 758,208 154,209 93,212 324,216 65,220 390,219 230,225 138,226 700,226 513,233 326,237 149,239 505,240 657,241 980,242 725,248 494,250 702,254 522,255 921,256 915,259 869,261 672,268 845,270 318,274 415,279 559,281 644,282 932,290 85,305 983,308 547,312 982,316 1008,316 687,338 788,340 617,342 780,345 730,352 42,353 424,355 604,358 794,361 956,362 305,374 169,374 949,383 665,387 773,391 271,397 508,399 563,401 815,401 287,404 172,416 996,415 599,417 474,418 282,419 617,421 819,421 512,425 985,426 756,430 272,435 901,441 473,441 840,443 944,443 736,449 373,451 7,453 793,455 245,458 594,459 874,468 234,472 45,479 527,483 460,489 930,491 380,495 461,499 734,506 162,509 95,509 375,510 71,516 407,517 45,519 885,523 152,526 734,536 922,545 913,549 418,550 1011,564 656,577 289,583 1010,585 556,595 773,603 526,606 349,615 574,618 543,622 313,630 578,629 98,640 258,651 760,661 554,663 746,664 468,676 947,691 506,700 579,708 536,714 887,717 458,717 146,720 378,731 217,734 665,737 595,742 118,744 588,754 617,760 863,767 8,772 339,793 770,798 842,835 504,839 590,842 460,845 59,846 624,853 871,860 770,870 464,875 691,880 779,891 459,896 727,900 829,908 96,920 883,932 131,944 505,946 574,949 45,964 691,967 313,968 680,971 792,970 571,971 159,973 195,981 628,1001
AAB1 544,7 464,28 978,31 979,32 977,33 393,36 146,36 986,43 918,45 889,45 459,47 458,49 227,50 964,54 967,55 949,55 479,67 478,68 297,72 688,74 140,73 559,74 843,76 636,79 246,80 307,90 307,92 726,99 439,101 685,109 4,112 6,112 903,117 349,123 512,124 350,125 422,126 174,131 451,139 449,141 450,142 264,146 794,147 10,156 770,158 411,157 655,162 948,164 44,171 323,172 230,175 982,179 345,186 213,189 763,189 1018,202 87,207 751,205 752,206 756,207 758,207 154,209 757,208 758,209 93,212 323,216 64,220 389,219 231,225 701,225 513,233 326,236 148,238 327,238 505,240 657,241 980,242 724,246 725,248 495,249 493,250 495,251 702,252 920,255 703,258 921,256 915,259 869,261 672,268 674,269 318,273 318,275 559,282 932,291 85,305 984,307 547,312 1008,316 687,338 788,340 617,342 779,345 731,353 423,356 604,357 603,358 794,360 168,373 306,373 304,375 665,387 271,397 508,399 563,401 814,401 286,403 288,404 996,414 995,415 997,415 172,416 474,418 282,419 473,420 616,421 818,421 512,425 273,435 901,440 473,441 944,443 840,444 736,448 734,450 373,451 374,452 245,459 595,458 594,459 874,468 43,478 44,479 528,483 459,487 460,488 461,489 930,491 734,505 162,509 374,509 95,510 71,515 73,516 407,518 72,517 45,518 44,520 885,523 153,526 152,527 922,543 922,545 914,549 419,551 1012,564 656,577 289,583 1010,584 556,595 773,602 774,604 526,606 349,615 574,618 98,640 97,641 554,662 745,664 468,676 505,700 508,700 579,708 535,714 888,717 146,720 377,731 379,731 665,736 595,742 587,753 589,753 616,760 864,767 339,793 770,798 842,835 844,834 505,839 461,845 58,847 624,852 770,869 462,874 464,875 692,881 779,891 727,900 829,908 830,909 96,920 883,931 882,932 884,932 131,944 505,947 573,949 575,949 45,963 44,965 691,967 681,970 680,971 159,972 571,972 158,974 195,981
AAB2 393,36 918,45 770,157 87,207 513,233 915,259 932,291 788,340 509,399 656,577 349,614
AAB3 393,36 771,157 724,195 88,207 513,233 788,340 789,341 611,356 118,524 656,577 698,609 622,657
AAB4 393,36 918,45 771,157 769,158 87,207 513,233 915,259 932,291 788,341 509,399 656,577 349,614
AAB5 986,1 713,3 947,5 475,6 368,8 912,9 1,12 656,13 278,14 300,14 135,15 682,18 624,23 111,26 633,29 1018,29 415,30 526,38 869,38 466,39 775,39 678,41 110,42 916,42 290,43 312,45 301,52 740,61 463,62 712,64 997,64 819,65 79,67 711,67 220,69 491,70 982,70 282,77 636,80 722,80 534,81 740,83 120,87 1009,87 587,93 152,97 203,97 7,98 858,98 186,99 459,103 276,105 536,106 628,106 749,107 793,107 186,108 89,111 1000,111 962,119 524,122 564,123 395,127 383,128 273,131 465,133 87,134 831,137 107,139 579,141 41,146 130,146 361,147 706,147 363,148 766,153 228,157 370,160 752,165 548,167 210,172 768,172 325,175 515,179 487,181 712,181 247,185 544,186 159,187 842,189 19,190 34,190 368,191 569,191 162,193 229,193 867,194 374,195 597,196 851,198 84,205 86,205 827,207 521,208 94,214 784,215 573,220 248,221 975,223 382,224 847,226 941,226 905,229 392,233 830,234 222,238 742,238 26,243 630,243 987,245 1019,245 543,249 514,254 671,254 679,255 977,255 35,256 545,256 759,260 321,261 884,264 175,267 175,270 926,271 101,272 773,273 23,276 252,286 679,286 948,286 66,288 599,288 743,291 925,292 774,294 210,295 789,295 744,296 807,296 608,297 876,299 371,303 697,304 223,307 776,309 647,313 332,315 593,318 469,321 542,321 752,325 88,327 896,328 524,329 47,331 566,331 4,332 267,333 787,340 689,342 423,347 11,350 40,350 747,352 203,353 58,356 242,357 314,357 891,358 889,359 508,362 33,363 911,368 717,369 580,372 427,373 801,375 616,379 499,380 51,382 947,385 21,386 308,388 750,388 1008,394 454,398 241,405 990,408 388,411 70,414 645,416 680,416 288,417 410,419 185,427 687,428 147,429 210,430 529,434 94,436 339,439 619,439 315,443 743,443 720,447 926,447 23,449 645,453 909,456 336,464 838,464 981,464 91,465 835,466 172,474 497,474 283,477 980,482 215,483 411,483 967,484 409,485 176,491 243,491 677,493 974,494 170,497 962,497 790,519 508,522 669,523 959,530 1015,536 717,539 881,540 3,541 392,541 493,544 554,544 167,545 58,547 789,547 543,548 231,550 856,552 865,552 250,553 391,554 567,555 165,557 926,558 413,559 558,560 678,562 249,563 99,564 645,564 40,567 175,568 202,569 334,569 744,569 33,570 243,570 417,572 651,572 283,573 219,574 656,576 850,577 922,577 38,578 657,578 372,579 659,581 717,581 104,586 511,587 90,593 954,593 737,596 27,597 627,597 841,597 961,599 82,605 63,606 224,607 652,607 158,608 396,613 943,613 437,614 808,615 637,616 88,619 206,621 619,625 311,627 574,628 678,629 468,631 298,633 113,639 254,639 487,640 839,641 489,642 514,642 69,650 857,651 351,653 709,654 855,654 1010,655 195,656 648,656 125,657 249,658 806,658 921,662 233,663 359,663 870,664 548,665 422,666 689,667 523,670 91,672 19,673 879,674 741,678 713,679 113,680 16,683 244,687 610,687 198,688 749,688 70,690 14,696 534,698 103,702 20,703 281,704 844,706 831,707 996,707 641,713 870,713 223,725 665,727 347,729 436,729 996,732 275,739 502,739 565,739 232,740 244,740 899,740 262,741 290,744 346,745 171,746 549,747 453,748 56,749 13,753 880,754 752,755 905,756 487,757 917,763 27,764 11,767 23,773 314,775 485,775 746,775 404,776 831,776 423,777 702,777 683,781 168,782 647,785 761,795 261,797 449,797 91,798 791,798 625,800 589,801 55,806 602,807 532,809 310,820 924,820 292,823 310,824 563,827 101,828 10,829 104,829 122,829 969,831 245,835 155,839 435,840 226,842 609,842 138,843 133,850 875,854 44,855 314,855 847,857 582,862 1011,862 116,863 553,864 886,865 630,866 924,866 884,867 516,874 846,874 510,875 857,875 228,881 421,881 513,881 676,885 96,886 445,886 918,891 684,892 835,892 40,894 854,897 794,898 517,899 623,899 903,902 318,903 487,903 329,904 811,911 960,914 537,917 886,917 298,918 240,921 526,921 278,922 612,924 347,927 970,927 769,928 255,931 854,932 86,934 586,934 598,935 360,936 804,942 54,944 467,945 678,951 418,954 370,956 374,958 830,958 900,960 952,965 264,967 391,967 625,967 911,968 473,971 139,979 376,981 311,982 418,983 14,985 591,985 656,987 540,991 592,991 432,992 217,993 425,994 742,995 805,1000 651,1001 982,1001 862,1004 911,1004 218,1005 687,1005 367,1006 404,1009 993,1014
AAB6
AAC0 523,3 532,9 863,9 83,14 967,21 568,32 963,35 956,42 696,44 619,46 476,48 689,47 599,54 542,56 1009,57 623,61 641,61 540,62 438,65 809,65 626,75 324,76 347,76 680,76 624,79 323,86 501,86 791,86 610,87 598,93 98,92 632,91 477,100 595,99 610,114 476,118 696,121 637,122 528,125 510,127 662,128 677,145 380,148 609,151 820,154 384,159 782,166 297,168 665,169 833,170 24,178 410,179 966,184 955,190 276,190 539,191 530,192 740,193 747,194 660,197 608,199 804,203 796,208 869,214 23,215 712,219 857,221 464,221 303,222 346,222 54,224 882,225 873,227 269,228 761,228 137,229 622,233 748,231 394,233 989,234 537,240 766,240 665,242 13,243 519,252 470,254 455,255 812,260 483,262 798,263 904,264 716,264 120,265 465,271 536,270 803,273 594,277 989,278 363,280 954,281 446,282 416,282 889,284 226,284 158,287 59,291 485,295 694,298 508,299 612,301 931,304 785,307 307,309 702,311 474,311 742,312 918,312 843,318 953,318 131,328 1004,330 317,335 107,341 529,340 575,340 418,343 847,344 291,346 806,350 819,351 866,352 963,353 789,357 891,356 828,364 880,365 549,366 325,367 394,372 466,373 216,380 649,390 671,389 65,394 934,395 358,396 540,398 515,405 489,406 939,407 530,410 405,425 710,426 862,427 564,429 448,430 330,434 728,433 726,440 137,446 567,443 780,448 422,449 168,450 197,453 834,457 566,463 983,462 373,465 659,467 458,470 828,469 966,472 308,474 795,474 129,482 1002,486 296,490 1010,495 727,501 639,505 893,505 586,507 733,510 775,512 517,515 162,516 428,517 87,519 605,518 1008,518 797,520 926,519 556,521 628,526 44,527 500,531 821,531 850,531 613,537 748,538 751,546 625,546 555,548 878,552 995,551 720,555 989,557 1007,557 50,566 759,567 992,569 81,576 705,585 818,590 575,592 789,592 512,594 977,596 203,602 594,603 638,604 947,615 774,618 820,621 964,637 765,647 639,652 498,655 941,662 475,664 39,670 440,669 433,674 685,677 472,678 988,677 596,679 642,680 239,686 903,686 742,687 319,688 498,690 627,689 658,692 840,690 137,693 766,702 705,704 661,706 435,706 682,706 132,720 438,728 507,728 588,731 52,737 494,737 891,743 343,746 717,748 908,748 528,755 1012,755 236,759 374,760 122,761 234,764 456,767 365,775 912,777 525,782 530,793 479,794 969,795 366,800 241,806 902,809 374,817 814,823 892,831 493,832 614,835 804,837 825,841 951,849 83,851 352,852 977,853 168,863 489,869 890,882 985,887 665,890 407,901 375,903 698,912 740,918 62,919 714,921 726,924 11,928 683,939 887,939 856,944 530,948 32,949 275,950 66,951 895,953 1011,957 941,958 792,960 360,967 969,983 731,995 174,997 501,1004 928,1008 757,1012 377,1012
AAC1 523,2 667,1 862,9 83,14 84,16 967,21 567,31 568,32 963,34 962,35 964,35 963,36 956,43 697,44 618,45 696,45 476,48 688,48 476,50 600,55 543,55 541,56 1008,57 624,60 618,60 641,60 620,61 540,62 542,62 622,62 438,63 539,63 809,65 438,65 348,75 626,75 324,76 680,76 626,77 625,80 322,86 501,86 610,86 792,86 98,92 598,93 595,97 596,98 477,99 478,101 611,114 475,117 696,121 528,125 510,127 676,145 381,148 609,152 384,159 665,169 297,169 833,171 24,178 410,179 966,184 954,189 276,191 538,191 530,192 740,192 747,193 608,200 804,203 806,204 869,215 24,215 23,216 713,219 857,221 463,221 304,222 346,223 855,223 882,224 53,225 880,226 883,226 873,227 761,228 137,229 622,233 747,232 393,233 766,240 537,240 666,241 665,242 13,243 519,251 470,254 471,255 455,256 813,260 483,262 811,261 716,263 798,263 904,265 536,269 466,270 536,271 594,277 989,278 991,277 363,280 991,279 954,281 446,282 58,291 60,291 483,293 485,295 612,301 610,302 932,304 785,307 307,309 702,312 474,311 742,312 915,312 919,312 843,318 954,318 131,328 316,335 318,335 107,340 529,339 528,340 574,340 106,341 108,341 847,345 418,344 292,346 806,350 866,350 820,351 867,351 818,352 865,352 962,353 790,356 891,356 893,357 829,362 828,364 880,365 548,366 325,367 394,373 216,380 650,389 671,389 64,394 65,395 934,395 540,399 488,405 530,410 405,425 710,426 862,427 564,428 330,434 728,433 726,440 137,445 780,447 168,451 197,454 834,458 566,462 982,462 984,463 567,463 372,465 373,466 659,467 458,470 966,470 967,471 966,473 308,474 795,474 129,483 1002,486 295,491 1010,495 727,500 728,502 638,505 891,504 893,505 586,506 733,510 775,512 161,516 429,516 87,519 605,519 797,520 927,519 1007,519 556,521 627,526 43,527 821,530 824,530 500,531 850,531 822,532 749,538 743,539 744,541 750,544 750,546 625,547 554,548 751,548 877,552 719,555 988,557 1005,556 1007,557 50,567 758,566 760,566 759,568 761,567 991,569 993,571 81,575 80,576 705,584 705,586 575,592 818,591 789,591 512,594 977,595 203,602 593,603 592,604 638,604 639,605 775,618 774,619 775,620 820,620 820,622 964,638 765,648 639,652 498,655 941,662 939,663 39,670 440,669 433,674 685,676 471,678 473,677 987,677 597,679 642,680 238,685 741,687 743,688 498,689 629,689 626,690 658,691 136,693 657,692 839,692 766,702 765,703 766,704 435,705 660,705 436,706 661,706 662,707 681,707 587,732 52,737 492,737 890,743 344,745 908,748 717,750 1012,755 1013,756 374,760 235,759 234,764 366,774 364,775 525,782 531,792 529,793 530,794 969,795 967,795 241,806 903,809 375,817 815,821 813,822 814,823 892,831 614,836 825,841 83,849 951,849 83,851 976,852 890,881 985,887 664,890 376,901 406,901 408,901 698,912 740,917 739,918 740,919 715,921 726,924 13,927 12,929 681,939 888,939 682,940 856,943 856,945 530,948 276,949 65,950 276,951 895,954 1011,957 940,957 941,958 791,961 359,967 969,982 729,994 730,995 502,1004 757,1011 756,1012 758,1012 377,1013
AAC2 622,233 847,345 639,652
AAC3 132,87 348,190 678,195 847,345 886,523 734,542 262,609 639,651 176,657 998,843
AAC4 622,233 847,345 639,652
AAC5 643,3 767,4 946,4 423,6 511,7 99,8 274,10 174,13 730,13 114,14 81,15 297,17 750,17 606,18 550,23 321,24 27,26 930,29 335,30 500,38 843,38 933,38 779,39 706,41 146,42 338,43 368,45 756,47 1011,47 708,49 255,51 226,52 121,54 84,55 832,56 558,58 219,59 803,60 25,61 576,63 682,64 107,65 11,67 531,67 647,67 140,69 399,70 888,70 578,72 565,74 428,81 352,83 919,89 305,93 425,93 208,95 556,98 480,101 79,102 187,103 226,104 18,105 704,105 499,107 543,107 895,107 16,110 348,110 701,110 897,110 774,111 319,114 784,119 181,120 1001,123 77,124 295,125 397,129 91,131 277,133 673,137 231,138 343,138 353,141 177,147 109,148 825,154 116,157 320,160 197,166 465,166 558,167 771,170 202,172 127,178 199,178 501,179 847,180 499,181 724,181 211,183 329,188 842,189 17,190 32,190 687,190 370,191 247,193 750,193 380,195 882,195 63,196 594,196 847,207 898,215 1021,217 675,220 352,221 113,222 103,223 532,224 1015,226 618,229 56,230 506,233 215,234 966,234 2,237 132,237 364,238 625,238 759,238 376,243 137,246 169,246 753,249 738,254 903,254 921,255 108,257 23,261 195,261 234,265 973,270 298,272 497,272 20,274 399,276 774,278 740,279 511,283 628,286 39,287 448,288 992,289 930,291 129,292 303,293 146,295 602,295 157,296 628,296 658,296 615,299 661,304 31,305 787,305 579,307 386,309 212,310 716,315 991,320 289,324 451,328 284,329 449,331 968,331 507,337 547,337 551,338 843,340 648,342 844,343 693,344 53,345 848,347 849,348 427,350 819,350 852,350 800,351 97,356 604,357 676,357 233,359 211,360 943,360 840,362 940,364 982,364 40,370 894,372 743,373 294,379 298,379 489,379 970,379 563,380 415,386 6,388 112,389 97,390 794,398 1000,398 784,403 218,404 906,411 572,414 39,417 115,417 150,417 820,418 924,419 996,421 402,423 954,426 201,429 681,429 740,430 835,439 815,443 212,445 188,448 504,450 97,454 550,456 369,457 770,457 913,457 943,461 33,463 846,464 208,466 341,467 379,467 122,468 963,472 803,477 26,479 860,479 489,481 373,483 429,485 895,485 763,486 104,490 793,490 496,495 722,497 484,500 807,501 863,506 990,517 155,518 348,520 267,521 798,521 106,523 538,523 747,523 492,529 551,531 329,536 559,537 587,538 78,542 184,542 544,546 625,546 608,547 63,549 818,553 99,556 200,559 471,559 42,561 52,561 322,561 158,563 601,564 109,565 502,567 639,568 384,569 658,569 790,569 483,570 693,570 177,571 186,571 426,572 759,573 364,578 436,578 576,578 1022,578 924,579 291,582 391,583 135,588 690,593 534,594 333,597 643,597 429,598 740,608 727,609 448,611 121,613 1016,613 394,616 704,617 730,619 203,620 980,624 271,626 983,627 127,629 222,629 330,630 957,636 943,639 411,642 59,643 84,643 544,644 93,653 881,653 209,655 355,655 433,656 639,657 767,658 302,659 650,660 411,663 747,663 873,663 74,666 966,666 213,668 28,671 523,673 46,678 424,680 545,680 263,683 442,683 117,684 644,687 1008,687 127,689 134,696 336,696 844,698 592,701 131,703 577,704 104,707 83,708 248,708 891,712 950,712 909,713 174,716 88,717 449,717 551,718 792,725 1013,727 922,729 88,731 582,737 488,738 597,739 824,739 887,739 554,740 566,740 199,741 578,741 94,742 205,742 675,743 638,744 573,745 668,745 505,746 889,747 398,749 4,750 70,751 113,751 140,751 337,753 700,753 1021,756 330,757 785,757 146,758 376,762 171,764 281,764 909,764 956,768 502,769 367,773 58,776 45,777 751,777 798,778 944,779 1003,781 488,782 886,784 175,785 941,785 718,789 199,793 17,796 533,797 725,797 845,798 911,800 592,811 149,821 816,822 556,823 574,824 76,825 823,827 359,828 545,829 989,832 530,833 406,836 887,837 387,839 661,840 458,842 611,845 363,850 783,850 57,855 221,855 16,858 187,863 316,863 725,864 183,865 814,866 78,867 55,868 28,875 33,876 72,880 751,881 527,885 552,890 378,891 104,892 900,892 314,893 42,898 1016,898 135,903 675,903 68,904 607,906 521,907 57,912 891,912 232,915 152,918 590,918 560,922 583,927 182,928 612,930 479,931 600,933 314,934 820,935 912,937 831,940 60,943 242,944 848,950 886,951 250,954 73,956 985,959 12,961 398,967 525,967 245,971 407,971 428,976 650,982 811,985 880,987 327,989 224,990 179,991 655,994 928,995 185,996 107,997 135,998 80,999 136,1002 558,1003 483,1004 845,1005 544,1009 329,1010 625,1011 125,1013 49,1014 926,1014 667,1017 910,1017 146,1021 523,1022
AAC6
AAD0 120,6 636,9 887,10 678,10 476,10 901,11 82,14 790,14 852,13 620,15 713,15 280,21 961,27 245,29 389,29 492,28 846,35 978,40 658,44 1001,46 590,46 850,50 894,51 750,52 792,52 855,58 879,60 820,62 869,62 500,65 831,64 231,65 645,67 690,74 146,75 557,80 813,83 859,90 388,91 350,100 107,115 670,117 813,119 709,120 233,124 390,127 617,127 980,128 377,129 504,137 207,141 726,146 640,146 922,152 592,155 574,154 695,159 943,158 499,160 837,165 693,164 662,165 919,168 936,173 621,178 809,177 912,180 294,187 748,188 72,191 855,190 349,197 706,200 698,225 470,228 222,229 293,233 893,235 880,239 827,240 275,240 708,241 873,241 895,245 846,247 269,250 364,257 855,257 183,271 950,272 343,286 320,302 779,303 362,309 912,314 854,325 49,326 660,333 654,341 181,341 680,345 1019,346 250,347 961,352 1011,357 426,356 329,364 150,365 47,376 393,376 865,380 916,383 761,384 913,388 868,390 922,389 801,391 589,392 983,396 560,399 912,404 411,414 668,421 950,420 533,425 972,425 887,428 340,430 666,432 367,432 774,434 852,433 802,436 847,437 565,439 764,448 467,448 276,450 987,456 676,461 600,462 901,463 183,466 922,466 788,473 917,481 804,482 880,493 933,491 913,494 893,495 633,497 874,497 909,497 981,506 988,507 520,511 909,511 581,518 878,517 406,520 958,524 698,525 306,530 87,532 486,533 769,537 514,538 897,539 776,541 185,546 857,548 672,548 625,549 328,551 278,556 684,556 915,557 224,562 650,565 672,566 502,568 691,569 350,569 948,571 918,579 167,581 727,581 748,581 830,586 895,593 675,597 592,600 286,602 657,605 732,605 186,606 513,611 556,611 692,614 876,613 824,622 470,626 776,643 429,647 616,652 856,653 409,654 946,655 997,656 99,660 687,659 952,659 536,661 909,661 778,673 487,677 726,685 570,689 537,690 932,691 617,692 689,692 270,695 946,696 987,699 997,699 888,701 640,705 944,709 665,714 850,717 649,719 71,723 556,728 850,733 164,734 959,747 504,751 973,752 145,754 667,754 884,756 958,758 661,767 762,769 923,776 780,781 113,783 650,784 252,786 579,800 556,803 968,819 900,821 918,825 609,827 643,832 316,833 793,835 929,834 29,836 727,840 957,844 207,845 202,849 930,850 593,850 805,851 652,853 800,856 688,861 970,862 530,864 667,873 648,874 989,881 975,882 419,887 427,887 184,889 654,889 842,894 91,895 303,896 585,899 460,902 484,908 767,909 449,912 402,915 595,919 766,920 925,924 320,926 841,926 304,934 883,934 392,936 465,938 1005,939 873,941 802,947 632,946 730,951 764,954 1003,953 290,956 762,962 816,967 700,969 288,975 450,976 434,977 385,980 758,986 554,986 606,988 831,991 248,992 857,1008 909,1011 453,1013 16,1014 574,1014 592,1014 388,1017
AAD1 784,3 120,5 119,6 636,9 887,10 678,9 476,9 901,10 83,13 790,14 853,13 852,14 620,15 713,16 280,21 961,27 244,28 246,28 389,29 245,29 244,30 846,35 658,43 1001,46 657,45 850,50 894,51 749,52 790,52 855,58 819,62 501,63 821,63 500,65 820,64 231,65 645,66 645,68 690,74 146,75 556,80 859,90 388,91 387,92 351,100 107,114 670,117 813,119 812,120 234,124 389,127 617,126 618,127 377,129 504,137 207,141 726,145 727,146 726,147 922,151 592,155 696,157 943,157 696,159 942,158 944,158 499,160 694,161 837,164 661,164 662,165 661,166 919,167 936,173 810,177 621,178 810,179 913,180 747,187 294,187 73,191 856,190 349,196 706,200 698,226 470,228 222,229 221,230 292,233 292,235 893,235 827,240 880,239 708,241 275,241 895,246 846,247 845,248 363,257 855,257 951,271 950,272 342,284 341,286 2,296 780,304 362,308 913,314 853,324 49,325 854,325 50,326 661,334 654,340 181,341 653,342 680,345 250,348 1019,346 961,351 1011,357 329,364 392,376 865,380 761,384 913,388 922,389 869,390 923,390 801,391 802,392 801,393 560,399 912,404 411,414 668,421 973,425 533,426 887,427 340,429 341,431 666,432 774,433 852,433 803,434 801,435 800,436 847,437 564,439 764,449 986,455 988,455 988,457 675,461 600,462 676,462 901,462 183,466 788,472 787,474 914,476 912,478 918,481 804,482 883,491 932,490 880,494 932,492 913,494 873,496 981,506 519,511 581,518 878,517 406,519 697,525 699,525 305,530 487,533 513,538 770,539 897,540 857,547 672,547 279,554 684,556 278,556 280,555 649,565 672,566 671,567 690,567 692,568 351,569 502,569 690,569 947,569 349,570 948,571 167,581 918,579 727,581 747,582 829,586 831,587 895,593 675,597 592,600 657,605 732,605 187,606 513,611 556,610 877,613 824,622 470,626 776,643 778,645 427,647 429,648 856,653 946,653 409,654 857,654 997,655 999,655 686,658 98,660 536,661 953,659 909,660 778,673 726,684 727,686 570,688 570,690 932,691 617,691 616,692 933,692 270,694 946,696 987,698 997,699 944,709 849,718 648,719 71,724 556,727 555,728 850,732 164,734 960,747 504,750 505,751 973,752 667,753 145,754 974,754 146,755 883,756 662,769 763,769 761,770 923,777 651,783 579,800 556,803 969,819 899,820 919,825 918,826 609,827 316,833 643,833 28,834 929,834 793,835 29,836 727,840 957,844 203,849 930,849 805,851 929,850 931,850 930,851 800,856 689,861 970,861 648,875 989,880 974,882 419,886 427,887 184,888 418,888 653,888 91,895 585,899 460,902 484,908 766,909 449,912 402,915 401,916 595,919 766,920 925,924 320,926 840,926 842,926 841,927 304,933 883,934 392,936 883,936 465,938 1005,938 1006,940 1004,940 632,945 802,946 729,950 730,952 759,952 764,954 731,953 763,962 761,963 816,966 700,969 288,975 287,976 435,976 451,976 433,977 757,986 606,988 832,991 248,992 856,1008 909,1011 454,1012 453,1013 16,1014 575,1014 593,1014 387,1018
AAD2 887,10 1001,46 837,164 470,229 824,622 957,844 606,988
AAD3 887,9 1001,46 826,189 156,195 401,356 824,622 957,844 8,876
AAD4 887,10 1001,46 837,164 470,229 824,622 957,844 606,988
AAD5 427,3 783,4 950,4 881,5 465,7 23,8 774,9 885,9 160,10 849,11 12,13 970,13 619,14 890,14 925,14 682,15 892,15 119,17 572,17 432,18 356,23 127,24 647,25 844,25 97,30 236,38 579,38 669,38 996,40 997,42 1015,43 997,44 1001,44 24,45 999,45 1001,46 362,47 615,47 1002,48 610,49 811,50 1004,50 961,51 618,54 944,54 188,55 74,58 611,60 332,61 387,65 659,66 161,67 277,67 124,68 647,68 804,68 47,70 540,70 229,74 737,78 807,78 85,79 222,80 118,81 48,83 710,86 573,87 657,89 275,93 430,98 782,98 346,101 49,103 462,104 122,106 214,106 341,107 385,107 737,107 882,109 190,110 753,110 642,111 173,114 205,119 660,119 55,120 224,122 73,128 1005,130 169,133 801,133 130,134 325,134 523,137 233,138 388,139 730,140 15,142 13,144 1005,147 890,156 384,165 836,165 377,170 372,172 924,173 775,177 847,177 513,179 477,180 336,181 949,187 187,191 885,192 210,196 465,198 229,208 635,215 387,220 873,221 833,222 819,223 775,226 782,229 106,235 501,238 544,242 900,242 837,245 867,245 407,249 378,254 427,256 768,256 309,261 287,267 289,270 794,273 592,275 542,278 1012,281 301,283 57,284 432,286 112,287 791,288 734,291 105,293 129,294 990,294 804,295 1002,295 428,296 458,296 802,297 442,298 70,300 454,301 686,301 561,303 635,305 207,307 433,307 727,308 1002,309 424,315 453,315 583,315 596,317 867,320 737,321 810,321 149,324 990,325 326,327 287,328 115,329 660,329 273,331 792,331 230,332 493,333 638,336 351,337 391,337 381,338 941,339 307,341 959,342 156,344 561,344 953,344 725,347 901,348 297,350 691,350 463,353 1005,354 67,355 480,357 552,357 99,359 718,362 245,363 834,364 876,364 966,369 798,372 1017,375 499,378 160,379 164,379 355,379 836,379 717,380 281,382 233,386 879,387 494,388 262,390 429,391 414,392 556,398 622,398 757,398 516,403 978,403 495,405 632,411 586,418 68,420 827,421 366,422 184,423 851,425 382,427 563,427 37,429 689,433 436,436 903,436 321,440 41,444 46,445 34,448 394,450 974,454 486,456 307,457 708,457 863,461 985,462 154,466 293,467 598,471 963,472 732,474 35,475 855,477 68,479 531,481 482,483 743,483 471,485 124,490 745,492 260,493 650,494 434,498 591,501 749,501 397,503 52,518 241,518 66,520 359,521 170,523 432,523 598,523 811,523 333,524 538,529 916,530 591,531 616,535 900,535 359,536 605,537 641,538 291,540 922,540 467,541 613,541 152,542 854,542 793,545 678,547 119,549 661,549 845,550 173,556 795,557 288,559 559,559 697,559 938,560 166,561 647,561 230,563 879,563 737,564 812,569 944,569 322,570 556,572 287,573 865,574 689,576 518,578 590,578 56,580 513,583 564,584 854,586 693,587 801,589 962,591 638,594 391,597 693,597 481,598 277,600 581,600 465,602 246,604 266,608 771,609 476,611 143,613 575,614 79,615 295,617 15,619 770,619 822,620 824,621 858,621 125,623 920,624 987,625 885,627 15,629 110,629 834,633 849,636 58,639 633,639 1007,640 333,642 1013,642 14,643 509,646 821,650 335,652 859,653 195,655 341,655 421,656 697,656 128,657 172,659 632,660 701,663 827,663 1001,670 858,677 394,680 255,683 127,684 676,687 37,688 474,690 570,693 154,696 356,696 860,698 654,702 316,703 585,704 693,706 144,707 423,712 963,713 208,716 804,716 122,717 483,717 615,725 325,728 472,728 747,729 836,729 112,731 358,733 568,737 800,737 470,738 875,739 546,740 558,740 584,741 632,744 567,745 662,745 774,746 410,749 150,751 349,753 49,754 370,757 170,758 951,761 233,764 367,764 53,766 518,769 979,772 467,773 648,775 47,777 765,777 18,778 816,778 950,779 488,782 890,784 955,785 670,786 259,793 87,796 931,798 47,799 125,799 989,800 413,806 521,808 614,811 162,821 560,823 670,826 359,828 549,829 800,829 213,832 995,832 27,833 532,833 491,835 351,839 954,840 410,842 791,842 955,842 957,844 298,847 958,847 587,850 1021,854 812,857 526,862 941,862 469,864 947,864 540,866 826,866 776,867 771,875 124,881 317,881 532,885 303,886 180,890 12,891 774,891 544,892 910,893 696,897 243,898 365,899 471,899 88,901 585,901 646,902 807,902 222,903 391,903 249,904 998,908 741,911 547,912 892,914 502,915 445,917 426,921 613,922 632,922 528,924 856,927 121,931 879,931 432,934 256,935 260,935 440,935 532,937 608,942 696,942 860,943 962,945 358,946 408,951 103,953 804,953 112,954 42,956 332,957 267,962 271,967 973,970 400,972 819,978 981,981 58,983 209,985 605,986 258,987 606,988 557,990 144,993 983,993 392,998 567,999 733,999 111,1001 442,1001 886,1002 811,1003 324,1004 373,1004 704,1004 639,1009 445,1012 971,1012 369,1013 210,1014 309,1014 425,1014 474,1015 977,1016 458,1020
AAD6 1001,46 954,840 958,847
AAE0 993,4 367,7 999,13 487,23 640,28 407,31 1011,31 306,37 531,40 639,43 1016,44 787,45 292,49 216,55 668,54 948,62 326,63 25,64 299,66 1003,67 519,72 731,72 801,73 352,78 102,79 209,81 976,83 539,88 24,89 607,91 214,92 424,99 263,103 253,108 439,108 312,113 975,114 426,115 496,125 401,127 579,133 753,134 768,136 36,137 440,137 172,138 273,138 777,144 813,145 559,146 191,148 372,152 640,157 231,159 786,159 278,164 5,166 534,168 656,170 640,178 1007,180 308,182 522,194 803,195 54,198 285,201 212,203 247,202 534,207 140,209 218,208 358,213 952,214 420,215 133,231 31,237 296,239 39,242 451,250 494,249 29,252 47,253 172,253 39,255 330,257 419,259 818,269 9,277 549,277 16,282 421,287 387,288 61,290 683,290 267,297 361,303 617,304 945,303 343,306 263,308 292,310 357,314 349,316 630,329 670,334 922,334 174,337 322,337 17,342 691,343 529,345 93,346 868,348 590,351 28,352 709,355 309,356 867,360 311,367 673,367 704,368 567,371 785,371 515,372 914,373 446,375 389,377 158,378 849,381 541,386 729,386 89,387 711,387 69,388 85,388 313,396 332,396 177,404 409,406 458,406 919,409 1019,409 699,412 750,411 870,415 183,415 854,416 482,420 552,422 1017,427 222,430 145,434 608,435 47,437 497,443 549,444 1005,450 547,452 579,453 914,452 675,453 841,453 988,458 191,459 510,461 321,464 444,470 905,473 192,475 320,477 434,476 712,478 858,478 474,482 823,483 545,484 394,487 1008,487 847,488 52,495 230,495 545,495 723,497 274,497 881,502 890,501 111,504 655,509 473,512 661,524 642,525 778,528 348,529 264,532 334,531 110,534 622,538 658,544 716,545 83,547 215,546 514,547 353,548 998,550 509,552 275,554 290,554 390,558 585,559 245,562 365,564 667,564 126,567 521,567 701,567 391,573 401,581 45,583 193,583 419,584 50,589 755,589 354,589 18,591 299,593 732,593 277,601 96,604 662,611 534,618 396,628 651,628 552,630 186,636 198,637 809,639 645,642 274,646 434,646 363,647 283,649 349,653 362,658 280,661 293,662 758,663 467,668 665,676 649,681 5,682 467,684 674,689 377,694 431,700 779,701 698,702 745,703 625,704 326,705 336,705 375,706 10,709 56,710 388,711 589,711 830,713 286,717 87,719 537,725 781,731 912,734 289,737 628,736 410,740 892,742 700,742 369,743 462,746 326,747 374,747 540,755 122,758 112,761 851,764 102,770 494,777 762,782 806,782 624,782 442,787 660,791 585,792 726,794 642,799 424,808 277,809 488,813 133,815 252,817 590,816 569,817 980,821 402,822 820,825 626,828 144,830 373,831 646,830 668,831 180,835 1004,840 43,841 634,842 405,844 694,848 647,849 461,853 809,856 542,858 838,861 423,862 549,862 621,873 923,874 363,878 740,878 441,884 804,885 108,892 411,891 334,896 341,897 687,902 101,904 411,905 446,905 440,908 407,908 427,907 387,912 37,915 515,919 403,922 207,922 532,928 129,931 398,937 723,937 645,939 419,940 334,947 862,951 556,954 208,959 72,961 59,962 760,962 171,965 472,966 518,967 970,968 546,969 999,970 467,970 656,970 267,975 433,976 794,976 349,980 654,982 371,984 924,988 202,997 409,1001 767,1005 338,1009 271,1010 737,1012 519,1014 398,1016 452,1015 407,1018 560,1021
AAE1 992,5 368,7 999,13 486,22 407,31 307,37 531,40 640,43 1016,44 637,44 788,46 291,48 216,55 668,55 327,62 947,62 299,66 518,71 519,72 730,72 801,73 352,78 102,79 209,81 976,83 974,83 24,90 607,90 215,91 608,91 213,92 423,99 425,100 263,103 439,108 253,108 313,113 976,113 977,114 976,115 496,125 401,127 579,132 754,134 768,136 35,136 36,138 439,137 172,138 777,144 813,144 559,145 190,148 370,151 371,152 640,157 231,158 786,159 278,163 5,166 640,178 1007,179 309,182 802,195 54,198 285,201 211,201 247,202 212,203 213,205 140,209 534,207 218,208 359,213 951,214 419,216 134,231 31,237 296,239 37,241 39,242 495,248 451,250 29,253 173,252 48,253 38,254 330,257 40,255 419,259 818,268 817,269 551,276 8,277 549,277 16,283 386,288 388,288 683,288 387,289 684,289 683,290 361,303 619,304 617,305 343,306 292,311 358,314 174,337 323,336 322,337 18,342 17,343 93,346 529,345 868,347 589,351 28,352 709,355 309,355 708,356 867,360 312,366 673,368 704,367 703,368 704,369 566,370 785,371 515,373 446,374 445,375 389,377 446,376 388,378 157,379 729,386 90,387 541,386 711,387 728,387 70,388 86,388 312,396 333,397 177,404 409,406 458,405 919,407 1019,408 699,412 750,411 183,414 869,415 183,416 854,417 481,420 483,421 553,422 1016,427 221,430 145,433 608,434 146,435 47,437 498,441 497,443 1006,449 1005,450 547,452 914,451 1004,451 580,453 841,453 913,452 675,453 677,453 551,454 676,454 580,455 191,459 988,458 510,461 445,471 905,474 192,475 435,475 320,476 434,476 858,478 319,478 713,479 823,482 824,483 546,484 395,486 394,488 1007,487 848,488 229,495 545,495 52,496 723,497 274,497 889,502 880,502 891,502 474,510 656,510 474,512 643,524 264,531 334,531 265,532 111,534 622,538 215,546 514,546 83,547 352,548 354,547 82,548 509,552 275,554 289,554 509,554 293,557 585,559 390,558 245,562 365,564 668,564 702,566 520,567 701,568 390,573 401,580 45,583 418,584 50,589 755,588 353,589 18,590 300,592 299,593 277,601 96,604 661,612 533,618 535,618 395,627 396,628 552,628 397,629 552,630 186,635 197,636 196,638 809,638 810,639 809,640 646,642 274,646 434,646 284,648 349,653 362,658 293,662 280,662 759,664 467,668 664,675 647,680 5,682 467,682 467,684 377,693 698,701 745,702 698,703 625,704 335,706 376,706 375,707 10,709 57,710 388,710 830,714 285,717 88,717 87,719 538,724 781,731 288,737 628,737 410,740 892,741 368,742 369,743 463,745 325,746 374,746 462,746 326,748 374,748 540,754 120,758 112,761 851,764 102,770 494,777 761,782 660,791 585,792 726,795 642,799 424,808 276,809 133,815 488,813 252,817 402,820 981,821 401,823 626,828 144,830 373,831 647,831 668,831 179,835 1005,839 634,841 1003,840 44,841 1004,841 633,843 694,847 646,849 461,853 809,855 809,857 837,861 838,862 621,872 621,874 923,875 740,879 363,878 364,879 441,884 805,884 109,891 107,893 445,904 446,905 411,906 427,906 440,908 407,908 427,908 438,911 442,911 437,912 37,915 516,919 514,921 403,921 207,922 406,924 407,925 406,926 532,927 128,930 129,931 399,937 722,937 644,938 723,938 419,940 645,940 334,948 207,959 208,960 70,961 171,965 472,965 517,966 971,966 546,967 970,967 518,968 546,970 657,970 1000,969 468,970 999,971 467,971 267,975 432,976 794,976 654,981 654,983 925,987 202,997 409,1001 767,1006 519,1014 407,1018 560,1021
AAE2 307,37 439,108 140,209 330,256 698,412 365,564 493,777 251,817 252,818
AAE3 968,105 439,108 722,195 140,209 330,256 329,257 699,412 930,523 736,542 365,564 166,657
AAE4 307,37 438,108 140,209 330,257 698,412 365,564 493,777 251,817 252,818
AAE5 379,3 625,3 739,4 924,4 483,7 55,8 572,13 194,14 216,14 51,15 279,17 600,18 681,22 323,24 24,26 325,30 417,32 302,34 310,40 166,43 151,44 210,45 568,46 859,47 556,49 896,49 93,51 70,52 988,54 302,55 734,56 482,58 153,59 744,61 568,63 785,65 659,67 494,68 391,70 890,70 15,79 492,80 378,81 278,83 544,83 924,86 799,87 385,93 684,98 12,99 602,101 704,104 760,105 342,106 434,106 450,109 10,110 340,110 742,111 443,112 756,119 737,122 750,122 34,123 378,123 983,123 59,124 373,129 907,133 427,134 615,137 305,138 885,138 317,141 99,142 599,142 629,142 833,142 91,144 402,147 1021,147 681,154 74,157 301,158 134,160 582,165 410,167 687,170 132,172 696,172 259,175 829,179 793,180 449,181 672,181 153,183 201,185 139,187 297,188 826,189 3,190 18,190 156,193 730,193 356,195 572,196 458,198 62,200 138,207 735,207 139,208 423,208 142,211 145,212 688,215 841,217 497,220 989,221 955,223 370,224 947,229 112,233 504,233 227,234 992,234 855,235 841,238 610,242 910,242 452,243 223,246 255,246 811,249 598,252 326,253 281,254 286,254 915,254 905,255 187,256 269,256 857,256 331,257 333,259 1021,260 335,261 591,261 626,264 204,265 327,267 237,270 127,274 779,275 407,276 263,283 553,283 992,286 111,287 532,288 1012,291 153,293 694,295 249,296 286,296 224,297 287,297 90,298 747,299 748,301 980,301 793,304 933,305 485,307 711,307 518,309 91,314 970,314 658,315 687,315 817,315 29,319 910,321 819,323 375,324 208,326 568,327 349,329 996,329 530,331 486,332 888,336 601,337 641,337 175,340 766,342 187,343 821,344 189,345 947,350 920,351 231,353 705,353 213,355 301,355 540,356 684,357 283,359 277,360 898,362 241,369 35,370 749,373 200,374 581,378 250,379 254,379 443,379 924,379 517,380 729,380 809,380 217,386 910,387 1012,388 490,392 925,393 226,395 734,398 869,398 624,403 593,405 684,411 350,414 701,415 703,416 6,420 751,421 290,422 104,423 773,425 698,426 292,427 560,430 891,434 462,436 987,439 375,440 90,445 74,448 397,449 70,450 396,450 141,451 384,456 175,457 574,457 691,461 558,464 948,465 41,467 856,467 426,474 745,474 553,477 615,478 794,478 594,479 227,481 101,483 431,483 623,483 503,486 850,489 418,491 485,491 1004,492 202,495 178,498 858,498 333,501 491,501 834,517 285,518 198,520 638,521 944,522 174,523 557,523 83,524 670,530 354,535 373,538 654,540 201,541 349,541 736,541 14,544 851,544 912,544 529,545 358,546 551,547 881,548 403,549 579,550 184,553 193,553 594,553 729,554 1002,558 699,559 361,560 860,560 106,561 362,562 912,562 363,563 364,564 366,566 368,567 96,569 458,569 902,569 399,570 233,576 60,578 132,578 272,578 620,579 73,583 130,584 803,587 315,589 476,591 152,594 981,596 271,597 61,598 183,600 842,603 353,609 66,611 179,614 58,616 368,617 404,619 540,621 634,624 705,625 980,629 576,633 820,638 367,639 508,639 735,640 715,642 740,642 188,644 239,646 541,650 2,651 57,652 811,652 759,653 947,654 69,655 151,656 926,658 115,663 963,664 72,665 768,665 913,667 700,670 564,677 372,678 873,678 245,680 787,680 118,681 865,683 773,687 609,690 282,693 922,695 102,696 620,698 356,701 171,702 430,702 86,703 355,704 895,707 34,708 829,710 127,712 647,712 706,712 663,713 892,713 928,715 492,716 185,717 281,718 269,720 253,725 466,725 556,729 738,730 962,732 609,737 213,739 127,740 180,741 712,741 823,741 261,743 218,744 270,745 83,746 445,747 980,748 594,749 921,752 266,753 621,753 628,755 349,757 732,757 485,761 785,763 891,763 495,764 52,769 891,772 490,773 550,775 210,776 493,776 625,776 916,781 304,784 617,784 790,785 788,788 653,792 455,795 971,796 139,797 579,806 158,809 704,817 802,817 253,818 782,819 364,820 752,822 262,824 834,825 981,826 525,827 359,831 107,832 609,834 1021,836 949,841 476,842 711,844 532,846 180,847 460,848 455,849 183,854 376,854 642,854 135,857 242,857 570,857 273,862 402,862 303,864 938,865 202,866 177,867 181,868 178,870 114,874 792,874 819,880 168,881 968,884 390,885 774,887 610,889 174,891 26,902 729,902 122,903 645,903 625,905 851,911 190,914 789,916 760,920 828,923 979,927 465,930 38,932 594,932 308,933 804,933 632,934 636,934 1006,941 671,944 800,945 848,949 874,950 593,952 101,955 550,955 870,956 1019,958 807,961 406,966 533,966 767,966 31,968 251,970 411,970 601,970 844,971 464,980 403,981 556,981 512,982 766,986 108,989 548,991 708,992 997,995 841,999 1012,1000 703,1004 418,1008 205,1009 495,1010 1009,1011 947,1012 792,1013 891,1013 547,1016 790,1016 353,1022
AAE6 362,562 363,563 368,567
AAF0 488,5 298,10 453,13 359,21 694,23 379,30 678,32 575,41 679,52 313,53 579,57 422,60 430,62 150,63 323,65 495,65 171,66 677,69 52,73 556,73 817,78 697,82 132,83 419,85 685,89 529,104 202,105 274,116 365,116 861,121 15,121 465,125 581,129 147,129 973,142 455,143 660,143 448,151 284,164 910,165 449,167 883,169 98,172 775,179 715,194 331,195 371,195 978,195 426,199 957,198 617,202 599,210 396,214 832,215 309,220 378,219 331,222 138,223 772,225 619,235 496,245 546,244 338,249 1007,250 458,252 138,255 409,257 717,259 101,261 437,262 976,265 765,272 663,275 989,279 812,288 441,291 538,291 967,294 227,326 495,330 398,338 873,342 245,352 883,354 296,358 425,361 696,366 314,373 872,377 574,378 786,377 508,385 542,397 324,399 197,403 80,405 538,405 147,411 90,421 96,428 475,430 443,433 825,434 303,441 400,445 490,446 31,448 653,449 588,454 753,459 471,464 929,466 793,469 520,469 703,470 331,473 657,473 902,481 115,485 446,492 263,500 969,500 191,501 239,505 780,513 1005,513 1011,523 742,529 281,531 331,531 566,532 829,538 185,541 292,544 57,551 119,552 670,554 570,556 358,561 715,561 737,563 330,572 961,573 88,575 52,575 201,581 53,584 524,585 27,589 10,598 357,597 95,600 525,613 53,618 930,617 1006,619 238,632 690,632 102,635 871,636 685,641 779,648 394,653 212,656 68,657 888,657 133,661 312,663 762,664 197,664 740,663 750,669 720,671 464,673 746,673 563,675 651,679 606,685 73,688 852,689 40,690 730,690 238,692 497,693 972,700 1011,702 883,704 727,705 52,707 294,715 130,720 93,730 632,733 614,737 852,738 903,752 908,753 981,754 157,761 456,762 1007,773 925,778 646,779 111,782 520,792 433,792 680,796 213,802 6,805 291,813 224,814 751,815 606,821 767,821 107,828 665,828 732,829 176,831 520,841 740,851 518,853 616,864 334,867 950,868 950,875 573,881 301,882 432,888 883,888 506,903 748,906 71,910 976,911 666,915 201,920 733,920 797,928 254,935 656,945 697,947 601,954 770,962 560,964 748,963 832,964 996,969 486,980 778,982 821,981 584,983 869,986 796,986 922,987 675,987 72,990 958,992 587,993 1012,1001 934,1002 62,1010
AAF1 298,11 453,13 694,23 379,29 379,31 574,41 422,60 430,62 149,63 171,65 323,65 495,65 170,68 677,70 53,73 556,74 698,82 685,89 530,104 275,115 365,115 861,121 463,125 465,125 581,129 147,129 146,130 455,143 659,143 973,143 660,144 448,151 284,164 449,167 911,165 883,169 331,195 617,202 600,211 396,214 309,220 377,219 332,222 137,223 139,223 138,225 619,235 496,245 546,244 339,249 1007,251 458,251 459,252 101,261 438,262 977,266 988,279 812,288 440,292 495,330 398,337 872,341 872,343 883,355 296,358 426,361 696,366 314,373 786,377 872,378 574,379 508,385 543,397 325,399 79,404 147,411 90,421 95,428 475,430 825,434 303,440 491,446 30,448 588,454 472,463 471,464 929,466 930,467 793,468 520,469 702,470 704,471 331,474 658,473 657,474 902,481 445,492 446,496 190,500 192,501 238,506 780,513 1010,522 742,529 185,542 56,551 671,553 569,555 671,555 358,561 714,561 715,562 737,562 739,563 331,571 52,576 52,583 54,584 524,585 27,589 9,599 95,600 524,613 53,618 1007,619 690,631 238,632 689,632 101,634 102,635 104,635 685,642 779,647 68,656 212,656 133,660 763,665 312,662 197,664 740,663 751,670 464,673 746,673 563,674 651,678 606,685 73,688 40,689 731,691 238,692 497,693 1011,702 882,703 883,704 728,705 53,706 52,707 130,721 131,722 632,732 852,738 902,752 903,753 982,753 981,755 157,761 455,762 456,763 925,777 646,779 926,779 111,782 520,792 680,797 213,802 291,813 750,814 752,815 107,829 732,828 176,831 740,851 950,868 950,875 572,880 573,881 506,902 748,906 70,910 656,946 601,954 770,962 832,964 749,963 778,982 486,980 584,983 869,986 675,986 922,987 71,990 1012,999 1013,1000 934,1001 1012,1002 933,1003 62,1010
AAF2 496,244 94,600 632,732 156,761 520,792 213,802 291,813 950,868 770,962 778,982 869,986 922,987
AAF3 96,87 456,190 119,357 700,524 554,543 236,610 520,792 213,802 950,868 778,982 869,986
AAF4 496,244 94,600 632,732 156,761 520,792 213,802 291,813 950,868 770,962 778,982 870,986 922,987
AAF5 423,3 667,3 781,4 966,4 901,5 427,6 282,10 168,13 606,13 228,14 250,14 785,14 263,17 613,22 803,25 1000,25 855,38 945,38 789,39 376,45 730,49 265,51 447,52 138,55 335,59 175,61 930,61 657,62 453,63 750,63 862,64 123,65 293,65 841,67 346,69 611,70 775,74 251,79 623,79 760,80 846,80 576,83 842,83 230,87 195,90 112,93 819,93 294,97 345,97 155,98 1006,98 334,99 521,102 627,103 668,104 472,105 132,106 935,107 979,107 374,108 67,111 263,111 142,112 573,120 744,122 127,123 140,123 448,123 749,129 615,133 779,134 1005,137 605,138 281,139 212,141 29,143 235,143 509,144 517,147 445,148 491,148 933,153 141,155 578,157 680,160 984,165 561,166 829,166 938,167 584,172 693,175 917,179 235,181 899,185 597,187 266,190 467,190 482,190 701,193 180,194 309,195 34,197 620,201 233,208 971,208 264,216 481,222 441,223 858,224 347,226 317,227 411,227 462,230 590,233 870,235 40,236 636,237 257,239 1022,242 298,243 650,243 230,244 97,250 613,254 618,254 80,255 245,255 265,256 141,257 227,257 191,270 707,270 9,271 965,272 502,274 302,276 895,276 270,279 246,280 754,282 791,283 591,287 996,288 506,290 436,292 663,292 617,293 684,295 500,296 698,296 630,297 693,297 480,298 758,300 126,302 358,302 227,304 549,305 920,305 275,306 79,308 920,309 758,310 100,313 539,314 398,315 248,316 260,318 545,319 236,320 429,322 502,322 335,324 915,324 76,328 49,329 906,329 60,332 442,337 193,339 590,342 342,343 789,343 1010,344 397,345 793,345 565,351 897,353 355,354 891,355 979,355 895,356 368,358 440,358 1003,359 689,361 121,364 789,370 311,374 349,379 6,380 10,380 201,380 676,380 561,381 95,387 767,388 384,389 176,391 343,392 74,396 736,399 98,404 494,404 594,412 264,415 751,416 498,419 594,420 699,422 50,424 393,428 891,429 349,430 693,435 252,437 765,440 153,441 883,444 884,445 854,448 718,455 228,457 595,458 731,463 526,465 914,466 41,468 812,468 278,472 653,473 400,475 507,478 707,479 572,480 491,483 161,486 625,486 515,491 404,492 994,493 891,494 350,495 176,496 168,499 719,499 852,499 158,501 487,502 555,507 804,518 993,518 832,520 178,521 93,522 952,523 358,524 83,525 302,530 371,532 399,538 99,541 958,542 40,543 889,545 950,545 567,546 410,547 587,548 159,549 931,549 443,550 631,551 577,558 312,560 827,560 742,561 994,561 240,562 453,562 52,564 697,564 543,565 476,568 613,569 350,570 624,570 756,570 143,572 152,572 396,573 113,574 485,577 304,579 376,579 516,579 48,581 257,583 347,584 706,587 541,588 87,589 786,592 484,595 335,599 94,600 58,605 654,608 58,609 586,609 569,610 947,611 296,612 991,613 379,615 258,617 93,618 554,618 586,620 51,621 718,622 1017,623 965,629 36,630 567,640 777,640 247,643 386,645 271,653 553,658 200,660 560,661 729,664 763,665 922,666 9,669 816,671 948,674 107,676 664,678 961,679 935,680 335,681 59,684 470,688 836,688 963,689 683,691 894,691 986,696 668,699 1008,700 225,703 979,703 387,705 475,707 952,707 937,708 261,711 205,713 739,714 968,714 2,717 938,717 371,719 604,728 91,729 684,730 864,731 44,734 208,738 440,738 148,741 160,741 823,741 193,742 127,746 222,746 83,747 451,748 604,750 686,751 729,751 756,751 951,753 655,754 782,755 371,758 453,762 749,764 883,764 441,765 855,767 871,773 541,777 467,782 990,782 146,790 631,793 415,796 915,797 83,798 214,804 749,798 203,799 247,801 164,808 741,808 800,808 816,811 552,818 662,820 245,821 152,825 614,827 887,827 421,828 318,829 412,829 430,829 492,836 481,839 951,842 482,843 544,847 190,848 465,850 881,850 319,855 610,855 112,858 386,863 249,865 130,867 86,868 949,868 93,869 951,870 76,871 694,874 954,874 676,875 1017,875 1014,879 18,882 439,885 240,886 589,886 466,890 28,892 822,892 234,893 170,894 1006,897 386,901 928,902 607,903 236,909 959,911 765,912 98,915 691,917 14,918 450,918 194,920 384,921 670,921 859,922 878,922 154,928 981,928 600,930 469,931 201,932 568,933 768,935 530,936 50,943 220,944 776,946 856,951 575,953 246,954 530,956 766,956 828,957 534,958 968,958 961,959 1016,960 304,967 431,967 939,968 147,971 509,971 266,972 760,972 774,977 775,978 123,979 777,979 217,982 292,983 402,987 825,988 682,989 601,990 138,991 190,991 815,992 675,993 985,993 258,995 539,995 477,997 416,998 285,1000 125,1001 456,1001 811,1003 322,1004 371,1004 702,1004 864,1008 935,1010 437,1012 973,1012 449,1014
AAF6 211,800 215,804
AAG0 449,9 634,9 335,12 189,15 202,19 208,18 214,21 197,24 203,25 762,29 216,34 617,37 208,41 732,41 968,45 152,45 671,50 367,53 205,55 321,55 229,56 952,57 216,63 365,65 518,65 903,65 478,66 264,82 729,90 267,98 838,110 172,113 216,126 239,133 43,142 818,141 416,165 166,169 70,187 232,196 627,197 558,199 233,202 368,213 913,221 397,222 1005,224 1011,227 772,229 798,234 16,246 200,253 300,260 376,278 549,279 763,279 67,284 620,296 445,302 1008,302 211,305 247,309 107,311 202,311 365,313 625,316 223,318 764,325 978,326 497,333 225,344 149,347 170,348 216,350 140,352 296,355 675,354 415,360 747,374 183,375 503,377 274,385 763,385 327,388 396,388 327,398 410,400 307,402 350,401 583,405 445,408 259,410 32,411 102,415 587,416 448,417 612,419 845,420 625,421 438,424 369,428 662,435 619,436 377,437 348,444 737,444 950,444 361,451 405,450 592,451 996,451 58,454 568,453 216,454 97,461 281,461 347,462 182,462 399,463 365,466 704,468 593,473 354,476 65,478 450,488 424,493 576,493 321,498 511,500 379,503 690,509 329,520 596,523 526,525 331,530 533,531 944,543 219,546 16,561 438,565 548,570 519,575 200,582 442,583 885,592 168,600 678,607 297,608 798,609 802,620 666,621 461,629 579,630 816,629 74,631 439,634 80,645 234,649 340,651 998,656 54,665 304,665 851,674 123,674 96,682 350,689 310,696 475,700 801,703 153,704 420,705 511,705 9,712 952,721 459,722 574,724 264,726 859,750 912,751 612,753 945,752 533,752 954,753 683,760 241,762 64,771 220,771 68,788 603,793 702,810 702,818 913,825 730,827 900,828 438,829 422,838 468,844 133,849 763,849 644,852 157,853 711,862 104,862 352,870 148,872 124,879 984,883 804,890 65,892 703,891 168,897 190,901 62,902 732,902 839,913 114,914 963,915 706,924 174,925 826,931 234,934 942,940 550,944 96,952 423,955 627,965 195,967 690,978 890,978 655,979 845,979 948,984 707,985 747,986 95,993 699,1001 645,1005 477,1011 995,1010 515,1013 564,1014 455,1016 616,1016 892,1018 799,1018
AAG1 634,8 189,15 202,19 209,18 214,21 208,20 200,21 213,23 203,26 197,25 762,29 216,34 617,37 208,41 732,41 968,45 152,46 671,50 206,55 366,53 671,52 230,56 952,57 216,62 217,63 364,65 478,65 477,66 517,66 265,83 728,89 729,91 838,110 839,111 172,112 217,125 239,132 43,142 44,144 416,163 417,164 416,165 167,169 232,197 627,197 557,198 233,203 367,213 912,221 914,220 1004,224 1011,227 798,234 15,244 16,246 200,253 300,260 376,277 549,279 375,278 763,278 376,279 762,279 67,284 620,295 445,302 1008,302 1007,303 212,304 247,309 202,311 107,311 365,312 222,318 224,317 625,317 978,326 497,333 149,347 169,347 217,349 140,352 215,351 296,354 675,354 297,355 415,359 414,361 415,362 747,374 183,376 273,384 762,384 764,385 396,388 763,386 327,388 764,387 327,398 349,401 410,401 308,402 259,410 446,408 33,410 32,411 587,416 103,416 585,416 448,417 611,418 612,420 845,420 438,424 619,436 662,435 377,437 348,444 737,444 950,444 362,451 405,450 592,450 995,451 568,453 996,452 57,454 215,454 97,462 281,461 347,462 182,463 398,463 366,466 367,467 704,467 362,468 703,468 363,469 362,470 354,475 65,477 66,478 450,488 424,492 576,494 321,498 510,500 379,503 690,508 595,523 329,530 333,530 219,546 15,560 17,560 439,565 549,570 519,575 200,582 442,583 201,584 884,591 887,593 168,600 665,619 802,619 668,620 667,621 462,629 815,628 814,629 75,631 816,630 579,631 72,633 439,635 233,649 339,649 340,651 998,656 304,664 55,666 304,667 851,673 96,682 350,689 802,701 801,703 153,704 420,704 512,706 459,722 951,722 457,723 574,724 264,726 533,752 612,752 912,751 945,752 531,753 683,760 241,763 684,761 63,771 222,771 220,772 67,788 69,788 702,809 703,811 702,818 913,825 422,837 421,839 467,845 469,844 468,846 133,849 762,850 133,851 645,852 104,863 106,861 711,862 713,861 351,870 148,872 123,880 984,883 65,891 703,891 168,896 189,901 62,902 732,902 113,914 963,915 706,924 707,925 942,940 549,943 549,945 96,952 423,954 627,964 196,967 194,968 845,980 948,983 748,987 95,992 699,1002 477,1011 993,1009 995,1010 563,1014 615,1016 617,1017 892,1018 616,1018 800,1018
AAG2 208,42 549,279 321,498 477,1011
AAG3 100,87 14,106 321,498 222,543 932,609 636,844 477,1011
AAG4 208,42 549,279 321,498 477,1011
AAG5 947,5 473,6 565,7 139,8 920,9 3,12 222,13 660,13 845,14 357,17 810,17 689,22 313,24 849,25 22,26 250,29 491,29 275,30 150,34 543,38 1010,41 136,43 107,44 417,44 438,49 776,49 129,52 804,54 112,55 735,60 464,61 290,63 406,64 863,64 513,65 799,66 944,68 694,70 392,72 391,74 22,77 241,79 378,80 274,81 870,86 241,88 835,89 754,92 439,93 244,95 936,96 987,96 797,97 545,98 165,102 684,104 344,106 436,106 565,107 609,107 961,107 74,110 737,110 933,110 818,111 823,122 836,122 120,123 464,123 47,124 147,124 367,125 301,127 287,128 479,129 369,133 1015,133 344,134 539,134 735,137 632,139 487,141 293,144 287,147 632,147 293,148 725,153 368,157 476,160 832,165 679,166 488,172 177,180 823,181 24,182 597,185 531,187 687,188 774,191 975,191 568,193 118,194 784,195 996,196 207,199 274,216 433,218 89,221 549,223 551,224 990,224 453,227 547,227 533,230 710,233 70,234 813,234 554,235 1006,235 417,236 391,239 879,241 22,244 266,252 745,252 382,255 557,256 431,257 772,257 717,261 295,262 35,268 473,270 989,270 691,271 871,274 522,276 89,277 466,280 926,282 217,284 1005,284 652,287 795,287 729,289 744,290 913,292 61,294 360,296 754,296 952,296 378,297 408,297 736,298 379,300 634,302 429,305 827,305 557,306 1004,310 304,316 333,316 461,316 464,318 747,319 767,321 59,325 26,330 204,332 718,332 419,334 303,338 343,338 347,339 472,343 919,343 112,345 509,345 905,345 659,348 229,351 621,351 145,353 931,353 387,354 933,355 1021,355 935,356 681,358 57,361 816,365 858,365 79,370 944,370 76,375 999,376 162,380 166,380 443,381 237,387 812,388 474,389 873,390 397,391 374,393 819,394 514,399 720,399 56,404 413,404 454,404 100,410 526,412 200,415 681,417 757,417 792,417 426,419 524,420 639,422 1008,423 576,427 351,428 865,429 325,430 394,431 695,435 737,437 147,441 839,442 863,444 808,448 1012,448 790,450 88,451 286,458 421,462 523,463 282,465 658,466 801,467 558,468 403,473 170,475 297,478 362,478 501,479 372,480 21,482 315,483 1010,483 247,484 443,484 483,486 357,487 698,490 254,492 322,498 824,493 184,495 196,498 970,498 624,499 944,500 91,502 249,502 887,503 297,507 508,518 536,520 825,521 332,522 656,523 64,524 811,524 61,532 100,536 115,539 805,540 412,541 981,541 103,542 668,542 774,542 822,544 349,548 719,549 223,550 777,556 373,558 904,559 149,560 631,560 772,561 40,562 878,563 216,568 82,570 356,570 452,570 896,570 899,571 908,571 116,573 573,573 445,574 213,577 44,579 116,579 714,579 122,585 418,587 831,588 359,590 37,598 351,598 141,599 977,600 147,603 960,604 416,606 397,607 990,608 223,610 499,610 881,611 947,613 832,614 204,617 512,618 552,620 25,621 682,622 999,623 789,628 951,629 22,630 114,631 976,639 527,640 668,640 891,643 916,643 352,645 415,647 249,653 1003,653 771,654 412,657 621,657 555,658 677,659 212,660 1003,663 1002,666 878,667 137,669 1001,671 124,675 850,678 24,679 135,680 406,681 63,682 416,682 438,684 113,685 5,689 428,691 108,697 526,702 339,703 594,703 79,704 268,704 587,707 369,711 477,711 873,714 573,724 405,726 604,726 811,728 706,730 892,731 132,734 417,740 644,740 707,740 376,741 388,741 27,742 427,742 942,742 487,744 385,746 480,746 593,749 609,749 188,750 353,751 934,751 448,754 782,756 919,757 42,758 587,762 891,764 1,765 597,765 705,766 602,769 981,773 500,775 236,776 407,776 668,776 328,777 755,777 347,778 626,778 607,782 92,783 569,786 284,787 996,789 338,790 677,796 177,798 369,798 11,799 489,799 629,799 707,799 511,802 893,807 115,809 174,809 470,810 212,812 759,815 180,821 786,821 142,824 377,828 441,829 91,830 339,830 342,830 783,832 84,834 1000,836 465,838 403,840 231,841 401,843 954,843 1016,847 635,855 801,855 595,858 702,858 10,859 324,863 755,865 313,866 624,868 647,869 264,875 596,875 630,880 1022,881 189,882 662,882 77,886 166,892 680,892 808,894 371,896 169,899 20,902 564,903 134,904 303,904 161,905 937,906 922,909 784,915 110,919 44,922 86,923 527,923 546,923 452,925 812,928 99,932 855,932 196,934 220,936 224,936 504,938 664,943 652,945 374,951 402,952 854,952 116,955 60,957 522,959 535,960 656,966 966,967 69,968 993,971 948,972 970,976 48,982 1009,982 90,984 327,988 190,992 242,992 82,993 242,994 763,994 366,996 647,996 591,998 536,999 711,1000 877,1000 265,1002 596,1002 8,1004 448,1005 822,1005 961,1006 474,1007 475,1009 968,1009 476,1011 1021,1011 478,1013 25,1014 447,1014 479,1015 288,1015 387,1015
AAG6 318,495 321,498 324,500
AAH0 974,3 365,6 768,6 353,10 663,9 484,21 219,24 590,36 587,50 757,54 360,59 374,62 502,62 998,62 511,64 40,74 725,74 874,75 884,93 976,97 678,104 1019,110 507,111 603,117 633,121 870,143 32,145 91,147 861,161 508,160 313,162 503,169 698,173 233,177 807,178 78,193 805,194 664,194 671,195 47,199 407,201 707,199 889,199 439,203 793,204 705,206 41,209 546,210 135,212 91,215 246,228 590,230 773,229 956,229 355,230 609,237 733,238 805,238 919,238 201,242 307,250 558,257 556,277 396,282 208,288 322,289 408,290 830,289 491,292 252,293 487,296 98,297 248,298 859,299 561,308 867,307 631,313 498,322 453,326 674,330 860,333 679,343 434,355 580,355 941,356 852,357 401,360 956,362 932,364 929,368 948,369 926,373 935,375 873,376 906,380 273,393 781,392 626,395 538,405 746,413 127,413 867,417 1016,415 550,417 700,425 490,426 369,446 839,447 744,450 769,451 702,457 887,461 620,463 773,467 421,483 819,486 144,486 100,491 1019,500 998,501 591,505 861,507 696,513 886,512 217,516 845,519 901,522 900,542 921,549 704,553 1000,555 702,559 863,563 769,565 34,574 570,577 963,583 136,588 918,593 356,595 1001,600 899,600 593,603 342,604 492,608 454,611 409,614 614,620 980,624 40,628 476,629 288,633 628,646 687,646 885,652 491,656 848,669 333,672 225,674 374,673 693,675 883,676 130,676 697,678 581,680 860,681 474,687 1008,689 475,694 615,697 419,699 431,701 947,703 736,710 324,722 503,722 264,726 919,726 694,729 1001,733 162,738 317,741 289,748 716,754 551,755 945,756 287,760 139,764 671,768 238,774 617,787 838,791 147,792 678,795 62,799 940,804 284,803 829,803 185,805 959,809 788,814 807,812 72,813 802,814 572,815 766,822 488,824 808,824 830,825 416,830 507,839 422,848 900,847 508,851 265,854 374,854 125,858 454,858 946,862 328,870 852,868 225,874 843,875 534,878 985,891 675,902 266,903 770,919 585,923 434,924 554,925 229,928 78,928 790,931 255,936 250,941 709,947 751,949 4,954 830,958 998,968 184,975 678,983 166,985 987,996 635,1002 929,1003 712,1011 4,1016 282,1016
AAH1 528,1 530,2 365,6 768,6 354,11 663,9 484,21 219,22 218,24 220,23 587,50 757,54 360,59 374,62 502,63 997,62 375,64 511,64 510,65 874,74 40,74 725,74 884,94 976,96 678,104 1019,110 507,111 603,117 602,118 604,118 633,121 870,143 91,146 861,161 508,160 312,162 503,169 698,173 233,177 78,192 79,193 672,194 77,194 664,194 805,194 671,196 889,199 47,199 407,199 1022,200 407,201 440,202 439,204 793,204 794,205 41,209 545,209 547,211 92,215 246,228 590,230 354,231 608,236 805,238 733,238 918,237 610,238 919,239 201,242 203,243 202,244 558,257 396,282 209,286 208,288 830,287 408,288 408,290 491,292 487,296 248,298 860,298 858,299 867,306 560,307 562,307 561,308 498,322 453,325 675,329 674,330 673,331 859,332 679,342 679,344 434,355 579,355 941,357 851,357 401,359 852,358 933,362 932,364 930,364 929,368 947,368 930,369 947,370 935,374 873,376 935,376 782,391 273,392 626,394 538,404 127,414 549,415 867,417 1014,416 700,425 368,446 744,450 769,451 743,451 885,460 620,463 887,461 773,467 421,483 819,486 144,486 862,507 886,512 695,513 216,515 217,516 845,519 901,522 900,542 921,550 705,553 999,555 702,559 1000,556 863,563 770,565 34,574 36,575 569,577 570,578 1001,600 593,603 492,607 455,610 410,615 409,616 615,619 980,623 981,624 980,625 40,628 39,629 41,629 478,629 287,633 628,646 687,646 630,646 491,656 333,671 225,673 374,673 129,675 884,676 696,678 582,680 859,680 860,681 474,686 473,688 475,693 614,696 419,699 433,700 736,710 324,722 325,723 263,726 918,726 265,727 694,728 1000,733 1001,734 162,738 317,741 289,748 550,755 552,755 946,756 286,760 287,761 139,765 670,768 617,787 147,791 839,791 62,799 940,806 829,802 283,803 284,804 788,813 808,813 805,812 72,814 802,814 570,815 487,823 808,824 831,825 418,829 417,831 508,837 508,839 422,848 900,847 899,848 900,849 509,850 264,852 374,853 265,854 374,855 454,858 946,862 851,867 328,870 853,869 224,874 843,874 842,875 535,876 534,877 843,877 986,890 266,902 674,902 265,903 266,904 769,919 585,924 554,925 230,928 78,929 790,930 791,932 255,935 250,940 250,942 751,949 830,957 185,975 678,984 166,985 165,986 988,995 986,996 634,1002 928,1002 929,1003 713,1011 4,1015 282,1015 3,1016 4,1017
AAH2 1019,110 861,161 773,467 819,486 901,522 900,542 702,559 491,656 317,741 940,806 329,870
AAH3 292,87 862,160 514,190 834,195 1009,356 820,486 901,522 900,542 702,558 902,657 329,870 926,876
AAH4 1019,110 861,161 773,467 819,486 901,522 900,542 702,559 491,656 940,806 329,870
AAH5 675,3 885,5 485,7 73,8 236,10 943,11 126,13 680,13 66,14 253,17 702,17 504,23 9,26 225,27 288,29 529,29 711,38 522,39 377,44 442,45 810,46 408,47 788,49 327,51 511,52 208,55 540,55 199,61 661,62 465,63 894,64 327,65 999,65 237,67 763,67 881,67 724,68 388,69 870,72 703,79 928,80 678,83 334,87 199,88 301,90 309,91 234,93 889,93 941,93 748,95 257,98 1,99 637,102 118,105 540,105 180,106 786,106 878,106 422,108 460,110 160,112 701,114 109,123 122,123 430,123 683,125 603,127 777,129 19,138 47,138 629,138 741,138 303,139 918,139 252,141 247,146 336,146 587,147 589,148 855,154 233,155 857,156 630,157 461,158 837,158 859,159 664,160 868,163 80,166 531,166 896,167 127,171 608,172 704,174 561,178 633,178 949,179 261,181 927,181 128,182 653,183 705,185 643,187 316,190 517,190 532,190 880,191 57,192 682,193 234,194 587,196 94,197 1012,198 329,199 630,200 337,208 367,216 453,218 830,221 111,222 593,222 994,224 529,230 528,235 970,235 140,236 600,237 730,237 321,239 612,239 803,241 88,243 386,243 944,243 705,246 737,246 100,253 815,254 820,254 290,255 777,256 859,256 433,257 686,257 635,261 213,262 975,264 282,265 884,265 1017,267 431,270 947,270 847,274 461,276 89,277 964,282 1001,283 364,287 186,289 248,289 734,290 662,292 815,293 312,296 698,296 680,298 301,300 938,300 526,302 413,304 343,305 741,305 265,308 551,309 78,310 725,314 266,316 295,316 425,316 508,322 413,324 989,324 454,327 122,328 923,329 67,332 24,333 454,337 109,342 556,342 775,345 567,348 745,349 155,351 889,353 347,354 885,355 887,356 360,358 426,358 963,360 667,361 85,364 933,369 778,370 596,373 445,374 926,374 293,379 243,381 95,383 1003,386 702,388 814,389 140,391 311,392 24,396 546,399 681,399 32,404 894,404 413,406 568,412 725,416 799,417 834,417 454,419 562,420 952,420 614,422 194,423 10,424 973,425 606,427 379,428 591,434 829,437 263,441 973,442 1014,448 335,450 8,451 334,451 83,452 961,454 402,457 620,458 779,462 628,465 102,466 249,466 383,466 1004,466 109,468 472,475 613,478 287,482 553,483 471,484 667,484 165,486 481,487 479,491 417,493 962,493 374,498 154,499 705,499 838,499 142,501 695,510 897,517 724,518 159,519 900,520 42,521 776,523 902,523 1018,523 377,524 919,524 903,525 906,527 100,530 212,536 207,539 1015,541 139,542 528,542 607,545 668,545 96,547 136,548 633,549 133,550 321,551 698,555 659,556 237,558 703,559 754,559 992,559 1021,559 592,561 703,561 55,562 684,563 239,564 81,565 627,565 14,568 151,569 926,569 280,570 720,570 9,571 719,571 728,571 395,573 263,574 892,578 905,583 232,587 67,588 635,588 326,592 10,595 113,598 719,600 893,602 654,604 206,608 622,608 863,609 117,610 531,613 410,614 953,614 455,615 427,619 164,620 661,620 408,625 713,626 415,628 528,628 581,629 676,629 776,630 564,632 396,634 439,640 935,642 587,643 612,643 42,645 884,651 919,652 637,653 767,655 981,656 674,657 155,658 273,659 698,659 737,665 570,666 575,671 135,673 730,674 436,678 628,678 252,679 751,679 32,684 653,688 208,689 1010,696 500,699 310,703 998,703 313,707 784,707 95,711 203,711 561,714 722,717 57,718 157,719 159,726 372,726 696,727 356,728 1018,728 486,730 674,731 334,740 397,740 68,741 80,741 715,741 91,742 598,742 709,742 133,744 108,746 943,746 275,748 733,753 76,754 580,755 456,756 691,764 291,765 411,766 709,767 303,773 711,773 393,777 374,778 371,782 778,789 457,796 137,798 813,798 257,799 397,799 475,799 233,802 663,806 479,807 709,808 768,808 20,810 740,811 610,820 191,821 692,826 847,827 385,828 567,829 813,829 816,829 552,830 1019,832 539,835 466,836 951,837 897,839 723,840 424,843 655,845 474,847 377,850 795,850 233,855 518,855 24,858 778,862 175,863 304,863 741,864 767,865 56,866 77,868 688,874 676,875 587,881 832,885 252,886 601,886 638,888 36,892 830,892 981,892 182,894 769,895 559,898 974,898 695,899 801,899 986,902 667,903 60,904 587,904 341,906 597,906 59,912 891,912 212,915 882,915 584,921 870,921 258,928 55,929 674,930 529,931 680,931 632,933 834,934 846,935 606,936 38,943 840,946 613,953 286,954 109,956 876,957 6,959 817,962 837,967 351,971 713,971 510,976 668,983 827,985 896,987 226,990 175,991 826,993 321,994 93,997 819,1001 126,1002 990,1004 505,1006 609,1013 890,1014 989,1014 79,1015 631,1017
AAH6
AAI0 1020,5 597,12 822,22 911,23 943,37 478,37 155,42 857,48 370,56 219,61 495,64 183,66 265,68 271,68 808,67 65,77 537,87 665,91 254,94 344,97 386,103 589,103 327,109 804,111 624,114 1018,116 393,123 848,127 1014,133 308,134 462,136 958,141 467,143 75,145 500,148 938,158 169,160 486,173 480,176 219,182 285,181 353,192 218,200 908,204 682,215 475,218 566,234 970,234 675,234 369,237 539,241 793,241 508,242 554,242 288,243 363,249 631,256 613,262 1000,270 522,272 233,285 31,288 3,291 181,293 766,296 1001,299 728,303 604,308 316,320 965,319 111,326 502,325 969,327 872,330 864,334 866,338 746,343 294,343 915,344 357,346 906,352 513,352 792,354 594,355 395,357 108,362 513,363 327,369 489,375 249,377 624,376 771,383 466,385 344,388 783,388 111,389 824,400 335,402 685,403 902,405 41,407 219,412 224,410 467,414 871,415 747,416 101,418 681,435 434,437 394,436 485,440 53,443 513,448 352,448 748,448 525,448 503,449 704,453 508,457 143,462 519,462 530,464 260,466 415,480 665,482 843,485 125,485 345,489 126,490 908,491 365,493 980,501 709,507 1015,508 377,513 999,514 590,523 86,524 630,528 380,531 723,530 325,531 39,534 861,536 130,541 530,540 365,544 860,545 964,556 24,557 82,557 374,563 909,567 864,573 903,574 323,582 458,585 340,590 814,590 238,592 699,594 473,598 515,599 728,601 275,607 237,609 377,615 420,622 683,621 257,622 973,625 68,639 89,650 390,652 359,654 99,659 104,662 142,669 126,671 96,671 862,677 1007,678 244,681 280,684 111,687 568,690 418,699 457,699 449,705 330,716 240,718 870,721 689,723 83,730 3,731 94,731 440,733 294,741 603,745 202,748 143,750 361,751 515,756 680,760 212,764 756,765 829,771 12,778 164,791 730,795 482,796 723,802 405,806 689,809 355,812 343,815 571,822 616,824 297,833 170,836 694,849 805,855 643,870 49,876 418,880 584,881 800,887 26,889 211,893 123,897 293,906 95,909 896,910 329,916 852,923 204,933 599,954 898,957 725,981 435,982 937,997 461,1008 209,1010 751,1012 638,1013
AAI1 1020,5 596,12 822,22 912,23 824,24 941,35 943,37 478,38 155,43 857,48 370,56 218,61 494,63 496,64 183,66 807,66 265,68 271,68 809,68 65,78 537,87 535,88 254,94 344,97 386,103 590,103 624,114 1018,115 1019,116 394,122 849,126 848,127 308,133 307,135 461,137 958,141 466,143 75,145 500,148 169,160 168,161 486,173 479,176 219,182 285,181 218,200 908,204 682,214 475,218 971,233 566,234 675,234 970,234 972,234 370,236 538,240 539,242 552,242 288,243 553,243 363,250 631,257 613,262 522,272 1000,270 233,285 30,288 2,290 181,293 766,297 1001,299 728,303 604,309 316,320 502,324 111,326 109,326 969,327 872,329 864,333 866,338 746,343 293,342 915,344 906,352 512,352 792,354 594,355 394,357 108,362 327,369 624,376 249,377 466,386 344,388 112,390 110,391 824,400 335,402 685,403 902,405 41,407 43,407 219,412 223,410 466,413 748,415 747,416 102,419 681,436 434,437 394,436 485,439 52,443 53,444 513,445 352,448 512,447 514,447 508,448 749,448 526,448 503,449 704,452 706,453 507,457 143,462 519,462 530,463 529,465 414,480 664,481 666,482 126,486 843,486 345,489 908,491 127,490 364,493 979,500 710,507 1015,508 999,514 86,523 589,523 380,531 723,530 325,531 40,534 130,541 365,544 861,545 83,557 374,563 909,566 864,573 902,573 904,574 814,591 238,592 700,593 515,599 728,601 275,608 377,615 256,620 67,639 90,649 390,652 359,654 105,661 102,661 103,662 141,669 126,671 861,677 1008,679 244,681 245,682 280,684 112,686 110,687 567,690 573,691 457,698 417,699 449,705 330,717 870,721 689,723 81,729 83,729 3,731 94,731 294,740 293,741 201,748 603,745 142,748 144,750 362,751 143,751 514,755 515,756 757,764 755,765 829,771 11,777 13,777 12,779 164,791 165,792 730,795 482,796 481,797 405,806 689,809 355,813 343,815 571,822 616,824 297,833 171,836 170,838 692,848 694,849 806,854 805,856 49,875 48,877 800,887 26,889 211,893 122,898 292,906 94,909 897,911 853,922 852,924 204,933 596,954 600,955 898,956 898,958 435,981 936,996 460,1008 210,1009 751,1010 210,1011
AAI2 857,47 958,141 908,204 613,262 746,343 906,352 335,403 219,412 681,435 353,449 380,531 130,541 365,544 200,749 297,833
AAI3 857,48 184,87 4,106 958,141 418,190 764,195 613,262 17,357 219,412 352,448 380,531 130,541 365,544 656,844
AAI4 857,47 958,140 908,204 613,262 746,343 906,352 335,403 219,413 352,448 380,531 130,541 365,544 200,749 297,833
AAI5 823,4 1008,4 489,6 579,7 151,8 336,10 680,13 302,14 324,14 869,14 832,17 652,23 415,24 109,26 392,29 633,29 948,31 939,34 739,38 1,39 788,41 376,43 351,44 679,44 502,45 314,47 730,47 154,52 762,56 183,59 11,61 768,61 606,63 716,64 149,65 813,65 53,67 575,67 534,68 455,70 276,77 497,79 722,80 470,83 738,83 1005,87 513,88 69,90 65,91 1016,92 555,93 472,95 126,97 177,97 983,97 806,98 134,99 694,101 399,103 812,104 890,105 671,107 715,107 43,108 170,110 924,111 459,114 493,119 379,127 83,134 438,134 775,137 353,138 215,142 713,142 743,142 949,142 962,146 137,147 963,147 727,154 28,157 993,157 343,158 642,165 73,166 341,166 691,170 136,172 700,172 263,175 843,179 457,181 171,183 125,187 687,190 368,191 569,191 243,193 742,193 376,195 69,196 601,196 845,198 118,200 849,207 555,208 844,215 653,221 536,224 122,230 636,233 90,235 971,235 170,237 300,237 935,238 34,239 405,241 352,243 556,243 319,246 351,246 943,249 948,254 95,256 51,257 610,259 245,261 612,261 837,261 613,262 614,263 555,264 618,267 757,267 911,269 269,274 915,275 906,279 719,283 491,284 848,286 122,287 263,287 325,292 267,293 334,295 150,296 313,296 790,296 820,296 284,297 347,297 136,298 1000,298 785,299 400,300 909,303 221,305 592,305 43,309 308,310 68,315 784,315 813,315 943,315 954,317 181,319 894,319 199,321 40,322 144,322 527,324 710,327 663,328 488,329 648,331 136,332 759,337 267,340 639,341 746,342 241,343 227,345 993,347 125,349 907,350 892,351 189,353 161,355 249,355 283,359 431,363 1012,364 30,365 79,370 978,372 825,373 151,376 348,379 352,379 543,379 621,380 371,386 471,386 95,388 111,390 486,390 659,391 71,394 380,395 882,398 1017,398 738,403 172,404 679,405 216,410 905,410 218,411 730,411 219,413 222,415 224,415 582,417 704,419 827,421 362,422 182,423 380,427 717,433 905,436 605,439 917,441 938,444 868,447 167,449 844,449 146,450 353,450 903,450 150,456 523,457 643,462 412,464 167,465 796,465 933,466 724,467 188,471 641,474 500,477 17,483 347,483 69,485 533,485 395,486 766,489 423,490 387,491 896,492 791,493 308,497 86,498 637,498 770,498 261,501 419,501 183,518 758,519 96,520 852,522 88,523 471,523 376,526 378,527 378,529 166,529 516,530 383,535 967,535 128,538 468,540 498,541 672,541 778,541 94,547 807,547 565,548 896,552 905,552 296,553 439,554 239,557 11,559 485,559 630,560 101,561 762,562 331,563 175,564 719,564 247,568 380,569 820,569 105,570 315,570 505,572 375,573 317,574 131,576 626,578 526,579 328,586 279,589 284,593 112,594 903,596 193,597 800,607 302,608 651,610 117,614 304,617 974,618 474,621 787,622 645,625 879,625 664,627 723,628 818,628 926,629 531,636 772,638 535,639 19,642 221,650 469,650 954,650 997,651 719,652 659,653 128,656 337,656 271,657 806,658 248,660 5,663 339,663 465,663 857,664 990,664 666,665 640,670 806,673 995,674 546,677 863,678 225,680 98,681 979,682 138,683 837,683 749,687 853,688 778,690 248,693 121,702 40,703 305,704 867,707 8,708 207,710 315,710 185,712 713,712 772,712 731,713 968,713 994,715 906,716 341,720 333,725 546,725 874,726 536,727 423,729 636,729 822,730 40,733 304,737 536,737 735,737 226,738 241,740 317,741 830,741 941,741 197,743 353,743 300,744 217,745 332,745 165,746 400,746 373,748 996,748 616,750 659,750 686,750 188,753 682,754 556,755 862,756 666,757 423,761 721,763 831,763 435,764 557,765 851,766 871,772 396,774 134,775 305,775 566,775 545,776 414,784 727,784 906,785 200,786 765,792 543,798 621,798 463,800 425,801 761,806 420,807 999,807 34,808 8,820 613,820 616,820 1000,822 1018,823 74,826 221,827 688,828 782,828 800,828 603,831 753,838 836,841 1001,844 490,847 767,849 163,850 445,854 638,854 908,854 416,857 856,857 170,862 617,864 175,865 490,865 506,867 539,868 132,875 483,875 141,881 516,881 943,884 746,885 762,890 494,891 256,892 407,892 628,893 181,895 410,897 356,898 79,899 183,899 842,900 360,902 41,903 456,903 737,905 993,905 706,908 431,911 608,914 970,917 960,921 32,930 921,930 14,933 228,935 1014,935 308,937 394,942 668,943 794,945 282,951 736,951 1017,952 696,953 10,954 980,955 427,959 546,965 862,966 989,966 483,968 889,970 884,975 753,978 1002,980 937,981 281,987 753,988 648,989 168,991 220,991 328,995 609,995 500,998 377,1000 225,1001 556,1001 944,1002 475,1004 806,1004 251,1005 972,1008 25,1011 39,1013 461,1013 304,1014 403,1014 552,1015 51,1017 294,1017 538,1020 915,1021 865,1022 965,1022
AAI6 614,263 378,529 383,535
AAJ0 817,8 650,12 299,15 333,32 562,36 16,39 197,46 1000,61 891,88 114,93 762,98 578,108 913,110 425,111 728,118 814,132 428,138 759,140 348,145 887,149 633,154 150,161 17,164 813,165 810,173 98,174 515,177 714,186 675,195 220,195 396,196 759,201 884,210 274,213 743,215 948,238 542,247 954,256 558,258 851,258 225,259 318,263 633,265 832,268 921,278 384,280 956,281 965,282 427,284 880,288 989,289 848,290 466,299 68,304 803,305 706,308 71,310 236,309 750,316 960,317 933,321 897,324 386,339 807,342 213,348 979,350 867,351 256,360 763,363 693,373 392,377 604,387 480,394 715,412 854,413 281,415 981,417 703,421 860,429 938,428 582,435 261,438 820,450 881,458 484,461 1011,475 693,486 625,486 196,495 351,499 1013,500 788,501 405,508 977,515 134,516 634,521 302,523 963,523 292,525 838,526 459,528 335,534 255,537 117,556 404,559 928,558 971,564 317,580 899,581 441,584 936,588 290,607 836,610 599,613 24,623 15,626 691,628 375,632 58,644 504,651 718,655 111,655 456,668 45,671 806,676 40,677 574,682 995,687 191,691 372,694 376,697 240,697 620,702 780,707 631,706 211,712 679,714 1021,718 508,726 26,731 485,746 476,746 858,748 584,751 886,752 155,755 510,767 1009,768 789,776 155,783 637,794 594,797 374,804 910,804 935,804 235,806 88,814 719,817 772,818 510,822 410,827 179,829 268,832 129,834 468,833 720,836 538,837 1015,841 672,842 71,844 416,846 329,848 23,851 621,851 139,862 30,861 502,862 771,865 650,873 118,889 521,903 804,907 897,908 478,909 984,910 29,912 1011,910 814,913 288,917 610,919 532,920 587,922 297,924 476,931 285,934 456,935 304,935 769,937 295,940 733,937 621,940 748,943 304,944 156,946 449,953 883,953 612,955 22,957 981,959 774,959 763,963 315,962 398,964 504,964 766,968 878,976 449,978 769,982 171,982 913,988 359,993 465,992 317,996 783,1002 985,1013 394,1014 248,1018 136,1020 276,1020
AAJ1 818,8 817,9 649,11 651,13 562,37 197,46 1000,61 891,88 114,92 762,97 578,108 912,109 914,110 425,111 729,118 814,132 759,140 348,146 887,148 633,153 150,161 813,165 17,164 810,173 516,178 714,185 714,187 675,195 219,195 396,196 884,210 274,213 949,237 948,238 947,239 543,246 542,247 954,255 558,258 852,258 851,259 225,260 318,263 633,265 833,267 832,268 921,277 965,281 384,281 426,284 989,289 881,288 68,304 803,305 705,307 71,309 72,310 237,310 750,316 959,316 933,320 960,318 897,324 807,341 213,347 979,350 865,351 867,352 256,360 763,363 693,373 393,376 481,393 479,394 482,394 715,412 855,413 281,415 981,417 859,428 861,428 937,429 582,435 261,437 260,438 261,439 820,450 881,458 483,460 484,461 1011,474 1010,475 693,485 625,486 351,499 788,502 403,508 405,508 134,516 303,521 635,521 292,525 837,525 838,526 459,527 335,534 254,536 256,536 255,538 117,555 118,556 404,558 971,564 899,582 441,584 936,588 937,589 290,606 290,608 599,613 26,623 24,624 691,627 375,631 375,633 58,644 504,651 718,655 455,668 45,670 806,676 40,677 574,682 991,687 996,688 191,690 372,694 376,697 240,698 621,702 780,706 632,706 782,708 211,711 679,714 1021,718 508,726 485,745 487,745 477,746 857,747 858,748 584,751 886,752 156,755 155,756 508,766 510,767 789,774 788,776 790,776 155,783 636,795 593,796 594,797 374,803 910,804 88,815 719,816 771,818 510,821 180,829 410,828 268,832 129,834 720,836 538,837 1016,840 673,842 1015,841 71,844 22,850 621,851 23,851 140,862 29,861 770,863 772,865 651,872 117,888 116,889 117,890 521,903 523,903 804,906 897,908 30,911 984,910 985,911 1011,911 813,913 289,916 287,917 587,922 297,924 476,931 456,935 304,934 474,934 305,935 296,936 769,936 733,937 293,940 621,940 295,942 299,942 748,943 157,946 882,953 611,955 22,957 982,957 980,958 774,960 763,962 315,962 398,964 765,968 878,976 449,979 769,981 171,981 172,982 772,982 770,986 913,988 359,993 465,992 318,996 782,1001 784,1002 986,1013 248,1018 276,1020
AAJ2 813,132 884,210 274,213 934,320 763,362 715,412 693,486 336,534 679,714 718,836 139,861 30,912 476,931 477,932 456,935
AAJ3 406,87 702,190 8,196 884,210 715,412 852,524 702,543 434,610 274,658 679,715 410,877 456,935
AAJ4 813,132 884,210 274,213 934,320 763,362 715,412 693,486 336,534 679,714 718,836 139,861 30,912 476,931 477,932 456,935
AAJ5 461,3 825,4 1010,4 569,7 141,8 330,10 278,14 300,14 133,15 383,17 722,18 664,23 973,25 146,26 412,29 653,29 354,34 489,34 654,38 997,38 63,39 486,43 471,44 642,45 202,50 386,52 630,55 778,58 445,59 287,61 12,62 761,62 561,63 251,65 355,67 987,67 836,68 254,71 982,72 981,74 612,77 467,79 978,80 874,81 804,83 48,84 351,88 392,93 977,93 572,97 623,97 433,98 181,99 919,103 940,104 404,106 183,108 227,108 640,108 339,111 424,112 999,114 28,123 995,125 917,127 891,128 811,130 789,131 951,133 920,134 91,135 285,138 466,141 985,141 495,143 727,148 117,154 658,157 599,158 973,158 28,166 180,166 635,166 257,171 363,180 1003,181 204,182 731,183 787,185 68,187 388,187 364,190 565,190 580,190 213,191 918,191 95,192 254,194 385,195 390,196 99,197 1018,198 331,199 630,200 880,205 13,209 268,209 270,210 885,211 277,215 199,216 622,221 927,221 381,223 337,226 307,227 401,227 434,230 952,233 844,235 14,236 474,237 604,237 350,239 731,241 40,243 340,243 910,243 673,246 705,246 615,252 56,253 771,254 776,254 246,255 427,256 301,257 165,262 782,265 109,268 107,271 854,272 711,274 323,276 322,279 288,280 770,282 823,284 990,286 856,287 520,290 695,292 883,293 901,294 736,295 170,296 749,296 210,297 240,297 726,297 789,297 200,299 850,300 635,305 361,306 925,307 125,308 958,309 678,310 394,315 72,316 101,316 231,316 222,318 493,319 164,320 300,322 922,327 733,329 909,331 404,332 866,332 557,340 941,341 364,342 577,343 810,344 191,345 563,349 985,350 355,351 675,353 133,354 677,355 170,358 242,358 787,359 481,361 374,363 917,363 466,365 508,365 521,370 396,373 247,374 97,379 794,379 798,379 989,379 446,380 41,381 935,382 825,386 561,388 622,389 583,390 99,392 88,393 854,395 264,399 470,399 874,403 713,409 717,414 1002,414 433,417 509,417 544,417 642,420 314,422 928,422 744,423 687,425 387,426 318,427 940,427 609,429 279,434 469,435 30,437 287,440 977,440 692,448 900,448 1,450 4,451 544,455 62,457 264,458 338,465 840,465 987,465 97,466 871,467 630,468 272,475 389,478 452,480 341,483 2,484 263,484 459,484 650,490 309,491 198,492 265,492 249,493 701,494 1002,495 948,500 101,502 259,502 939,503 799,506 381,507 584,518 31,519 600,520 875,521 696,523 956,523 96,524 841,524 825,536 31,538 61,539 342,541 911,541 35,542 598,542 704,542 44,547 241,548 579,549 289,551 940,553 949,553 338,554 19,560 398,561 622,561 760,563 741,565 32,570 306,570 438,570 855,571 864,571 80,573 833,573 46,579 118,579 258,579 700,579 604,580 993,582 71,584 825,588 530,592 141,599 979,600 259,601 145,603 946,604 193,610 835,611 895,613 780,614 303,615 198,617 41,618 801,619 536,620 47,627 864,628 917,629 1012,629 926,632 1002,639 551,640 692,640 927,641 441,647 238,652 23,654 825,654 395,657 605,658 729,659 146,660 743,664 869,664 942,667 193,669 15,672 601,673 66,679 710,679 183,680 147,681 571,681 77,682 432,682 450,684 123,685 31,689 139,690 476,691 142,697 834,699 568,702 375,703 286,704 615,707 675,709 678,712 255,713 680,713 771,713 830,713 767,714 996,714 1002,716 568,717 341,719 325,721 367,726 578,726 912,727 805,728 489,730 578,730 884,731 390,738 622,738 821,738 312,739 337,741 7,742 407,742 420,745 353,746 448,746 283,747 649,748 557,749 162,750 917,751 944,751 841,754 862,756 1019,757 974,758 5,765 139,765 733,765 855,766 119,768 296,770 739,773 233,774 510,777 937,777 826,778 752,780 813,782 176,787 494,787 530,790 371,798 563,798 219,799 701,799 841,799 919,799 757,801 197,807 27,808 708,808 626,810 306,821 922,821 296,824 304,825 404,827 559,828 97,829 283,830 262,831 927,832 58,837 533,838 283,841 988,843 684,848 941,850 335,851 811,855 602,858 138,860 274,863 195,865 217,866 544,868 575,869 196,875 528,875 531,876 207,882 147,887 862,891 598,892 808,893 281,896 548,898 968,901 490,903 163,904 580,904 81,905 839,906 67,907 997,907 584,915 192,916 482,918 160,920 878,921 140,922 323,923 342,923 246,925 395,929 992,930 452,932 827,931 541,932 380,933 455,934 900,933 62,935 479,935 40,936 457,937 798,936 458,939 1011,940 230,943 202,945 996,950 18,952 474,952 782,954 728,956 1018,957 208,961 604,967 731,967 637,971 829,971 64,973 596,976 581,982 678,983 270,985 839,985 875,987 309,989 184,990 509,994 808,995 65,996 1013,997 952,998 99,1000 265,1000 817,1000 665,1001 996,1001 404,1003 329,1004 866,1004 915,1004 222,1005 691,1005 369,1006 185,1010 479,1011 483,1013 905,1013 752,1014 851,1014 509,1017 752,1017 1006,1020
AAJ6 270,210 711,407 712,409 714,409 713,410 715,411 716,413 719,416 457,937 458,939
AAK0 701,3 604,8 683,8 698,15 349,18 631,19 690,19 602,21 357,22 401,26 945,27 880,28 166,30 664,44 922,51 867,59 516,61 652,65 795,69 895,70 655,76 736,78 437,79 364,83 375,92 809,101 504,105 680,105 660,106 759,106 910,107 836,113 970,115 108,119 438,121 419,124 525,129 908,131 853,135 941,137 532,140 906,140 572,150 78,151 868,152 46,152 496,163 145,167 799,169 214,170 906,173 402,175 674,175 790,176 832,178 211,182 544,183 907,185 673,189 172,189 750,192 546,199 1012,206 833,210 630,213 45,216 585,216 991,221 413,232 470,236 264,239 706,240 692,242 878,242 873,248 953,248 622,249 100,250 712,258 886,262 248,263 28,264 751,265 472,266 575,268 635,271 650,270 726,273 70,272 753,280 447,281 606,281 92,283 260,283 764,287 782,289 490,297 717,299 557,307 662,308 904,313 120,314 217,316 641,318 415,320 923,323 420,325 390,329 763,335 465,336 99,342 229,342 265,345 803,350 731,356 555,360 566,360 642,363 717,363 261,366 651,365 365,367 731,368 838,370 662,377 649,378 839,385 1005,393 348,401 748,402 967,404 803,405 61,411 264,412 747,415 698,417 708,417 387,418 760,419 265,419 205,421 914,421 1010,426 660,432 438,442 287,443 331,443 394,444 208,444 785,446 468,448 838,448 158,454 919,451 312,454 664,452 744,452 750,456 701,459 206,464 128,466 164,471 1008,473 872,477 504,484 18,484 968,485 496,486 374,491 821,490 487,496 974,510 804,512 953,511 869,513 16,513 223,516 359,516 1013,519 658,523 782,527 634,532 520,537 755,538 166,538 64,548 788,549 532,551 297,554 566,553 845,554 927,554 935,557 317,564 1010,564 807,565 438,567 380,570 129,583 748,584 196,585 826,585 39,588 233,588 797,594 400,603 721,603 728,604 833,606 827,609 798,608 814,609 794,611 51,611 503,612 775,615 904,616 498,623 791,624 921,624 119,628 600,635 439,637 787,639 808,641 527,647 948,648 725,653 910,662 938,663 864,663 859,668 604,670 825,675 569,677 476,678 464,680 662,682 742,682 764,686 802,700 373,705 601,706 914,707 733,711 846,712 956,713 193,714 668,715 793,715 802,716 800,721 851,722 39,726 175,729 162,736 696,746 194,748 710,751 610,752 759,754 31,756 394,757 704,762 77,775 866,777 438,779 680,780 140,782 478,787 809,790 371,793 355,795 944,797 469,806 210,818 158,820 219,820 513,831 122,831 344,831 775,833 475,834 509,839 870,845 466,849 880,855 419,856 675,857 449,858 831,858 900,862 854,862 847,864 567,866 613,867 834,868 256,870 613,874 310,887 428,887 469,893 394,898 645,904 461,905 436,913 672,914 876,914 987,915 114,918 167,924 595,924 819,924 475,925 924,926 460,927 796,932 335,934 814,937 54,938 896,939 393,945 791,947 342,949 812,953 1013,958 460,966 99,971 170,976 282,977 757,977 622,985 673,983 925,985 427,991 705,996 179,1007 640,1007 880,1015 205,1016 369,1018
AAK1 702,3 683,8 604,8 699,16 350,18 602,19 690,19 631,21 945,27 879,28 164,30 166,30 663,43 665,44 921,51 867,58 516,60 516,62 652,65 795,69 895,69 895,71 736,78 437,79 439,80 376,91 809,101 680,104 503,105 759,106 660,106 910,107 661,107 835,112 835,114 108,119 436,120 437,121 439,121 526,129 908,130 906,132 853,135 941,137 531,139 906,140 911,140 531,141 573,149 78,150 572,150 570,151 868,152 46,153 496,164 145,167 144,168 799,168 214,169 800,169 215,171 907,173 402,175 674,175 790,176 401,176 403,176 790,178 544,183 906,184 908,185 673,188 172,189 748,191 751,191 749,192 833,209 832,210 629,214 632,214 45,216 991,221 413,232 469,236 265,239 706,239 692,242 879,242 873,247 954,247 99,249 100,250 623,250 101,251 713,259 751,265 473,265 471,266 472,267 576,268 650,269 635,271 649,270 651,271 726,273 69,272 653,272 753,279 447,280 606,281 261,282 92,283 260,283 765,286 764,287 783,288 662,309 120,314 904,314 217,315 218,316 641,318 416,319 922,322 924,323 420,324 419,326 390,329 391,330 764,333 466,335 763,334 762,336 465,337 99,341 98,343 803,350 555,359 566,360 642,363 717,364 651,365 261,366 365,366 366,367 730,368 838,370 662,378 649,377 647,378 648,379 838,385 1006,394 348,401 747,403 749,402 804,406 61,411 263,412 748,415 708,417 761,419 206,419 205,421 915,421 913,422 914,423 660,431 659,433 438,441 287,442 436,442 394,444 288,444 785,445 468,448 470,447 786,447 839,449 920,449 919,451 312,454 158,454 744,452 750,456 701,459 702,460 204,463 206,465 128,467 164,470 872,477 504,484 968,487 375,491 487,496 804,512 953,511 16,513 869,513 223,516 1013,519 658,522 782,527 634,532 519,535 3,536 520,537 2,538 167,537 755,538 519,539 753,539 64,548 532,551 845,554 298,554 566,553 928,553 567,554 927,554 934,557 936,558 1010,565 807,566 439,567 380,569 379,570 129,582 826,585 195,585 232,587 39,588 233,588 401,603 722,603 833,606 827,609 798,609 502,612 794,611 823,612 828,612 775,614 904,616 905,617 921,624 790,624 120,628 794,629 600,634 788,640 808,641 527,646 526,648 948,648 726,652 724,653 910,661 938,662 864,663 909,663 939,663 938,664 859,668 604,671 824,675 825,676 569,677 570,678 464,680 661,681 662,683 743,682 765,686 803,700 373,705 601,706 914,707 956,712 668,714 846,713 669,715 851,722 38,725 39,726 161,734 160,737 696,746 710,751 393,756 704,762 702,763 866,776 437,779 680,780 140,782 142,783 809,790 371,795 355,796 469,806 158,820 219,819 513,831 345,831 122,832 343,832 775,832 476,834 774,834 509,839 466,849 880,855 419,856 675,856 831,858 448,858 832,859 901,862 853,862 846,864 848,864 566,866 834,868 613,868 256,871 835,870 612,873 612,875 310,886 428,887 468,893 646,902 645,904 461,906 671,914 875,914 987,915 167,923 595,924 168,925 924,926 460,927 924,928 334,933 335,934 813,936 815,937 896,939 54,938 343,949 341,949 813,953 1013,958 460,966 100,970 281,977 757,977 622,985 672,983 925,985 923,986 924,987 705,996 179,1006 180,1007 639,1008 880,1015 205,1016 367,1017 369,1018
AAK2 108,119 726,273 158,454 312,454 872,477 634,532 373,705 695,746 896,939
AAK3 156,87 6,106 108,119 726,273 833,356 158,454 872,477 578,609 356,657 146,844
AAK4 108,119 726,273 158,454 312,454 872,477 634,532 695,746 896,939
AAK5 940,1 787,4 972,4 332,8 286,10 993,11 696,13 722,13 108,14 57,15 726,17 604,18 506,23 273,24 781,25 974,25 196,29 435,29 96,34 398,38 354,39 663,39 220,43 203,44 268,45 634,46 921,47 956,49 153,51 130,52 53,54 356,55 772,56 502,58 481,62 285,63 147,65 813,65 75,67 705,67 548,68 200,69 131,79 640,80 722,80 452,83 720,83 120,87 537,88 95,90 579,93 508,95 7,98 779,98 860,98 188,99 770,101 502,104 298,105 968,105 554,106 646,106 759,107 803,107 131,108 256,110 588,110 939,110 1014,111 541,119 385,120 554,122 250,123 403,127 379,128 581,129 459,133 627,134 813,137 654,139 912,140 489,141 263,142 761,142 791,142 237,144 215,147 560,147 147,148 870,155 146,157 344,160 656,165 810,165 229,178 301,178 919,180 565,181 533,185 590,186 199,187 353,188 886,189 61,190 76,190 428,191 222,193 798,193 938,195 121,196 657,196 550,198 166,200 671,208 89,218 773,220 454,221 759,221 187,223 185,224 624,224 117,226 157,230 344,233 736,233 453,234 194,235 51,236 662,238 170,239 545,241 868,242 502,243 461,246 493,246 339,252 491,254 496,254 127,255 147,256 19,257 360,257 283,261 607,264 781,270 724,271 725,273 212,274 727,274 726,275 947,275 579,276 729,276 954,278 342,282 363,283 1014,286 67,289 261,292 207,293 467,294 303,296 788,296 818,296 126,298 400,300 792,301 893,303 189,305 558,305 525,307 751,307 410,310 748,312 24,315 736,315 765,315 895,315 125,319 838,319 131,321 1007,321 56,322 260,326 626,327 591,328 417,329 566,331 58,332 516,332 773,333 631,337 671,337 665,338 209,340 430,344 841,344 209,345 179,349 615,350 1009,350 323,353 805,353 467,359 451,360 58,363 601,363 148,365 190,365 391,369 226,370 44,373 370,374 247,376 775,378 440,379 444,379 635,379 995,380 543,382 435,386 179,388 820,388 612,390 781,391 1008,398 124,399 316,404 851,405 107,417 183,417 214,417 844,417 866,418 144,419 63,422 79,426 622,427 801,427 882,430 193,435 790,436 1015,443 419,444 408,445 366,448 685,449 158,454 346,450 391,451 80,455 313,456 562,456 158,457 347,457 756,457 997,462 770,464 144,466 275,467 606,474 707,477 761,478 885,478 875,479 617,482 215,483 545,483 741,483 653,490 538,491 605,491 591,492 9,494 506,497 829,498 962,498 264,500 443,501 233,503 691,506 27,518 882,519 976,522 384,523 113,524 306,529 347,531 634,533 93,536 3,540 632,540 171,541 319,541 882,541 988,541 503,545 334,546 513,547 849,548 551,550 160,553 169,553 576,553 255,559 858,560 116,561 938,562 988,562 565,563 949,564 308,567 433,568 466,569 598,569 297,570 505,570 1009,570 1018,570 705,572 573,573 517,574 335,576 166,578 238,578 378,578 97,582 248,584 638,591 322,594 1,598 456,605 489,609 871,612 259,614 789,614 989,616 729,618 464,619 771,625 778,627 10,630 826,631 652,633 892,638 582,639 815,640 329,646 393,650 639,650 96,651 149,652 899,652 677,653 843,653 318,656 527,656 982,656 524,657 10,659 946,665 69,668 895,670 461,672 22,674 205,675 562,678 41,679 9,680 433,680 340,683 9,684 568,687 955,687 783,690 994,690 490,693 104,696 308,696 824,698 552,701 363,702 95,703 60,707 29,708 194,708 467,710 323,712 855,713 62,714 96,716 690,716 383,717 487,718 688,727 179,728 326,728 824,729 1010,730 242,733 410,738 519,739 744,739 807,739 476,740 488,740 508,741 12,742 123,742 693,742 569,743 693,744 568,745 628,746 727,747 641,748 854,749 697,750 916,750 959,750 986,750 845,753 834,755 987,756 114,757 69,764 699,764 85,767 716,768 703,772 197,773 638,774 374,775 545,775 806,775 466,776 891,776 780,777 554,778 242,782 662,784 128,786 19,793 555,797 197,798 713,801 177,806 9,807 257,808 316,808 210,818 925,820 286,823 292,824 81,828 1006,828 76,829 94,829 261,829 240,830 205,835 136,836 111,839 563,839 391,840 198,842 104,843 270,855 780,857 196,858 492,862 907,862 12,863 439,864 762,865 769,867 767,868 708,874 368,875 715,875 750,881 147,885 524,885 970,885 295,886 1018,890 752,891 958,892 890,893 455,895 706,897 654,898 377,899 483,899 118,901 674,902 355,903 409,903 267,904 798,910 906,914 832,917 490,919 214,922 546,924 257,927 878,927 677,928 155,931 730,932 250,933 966,933 240,935 244,935 186,936 894,936 550,942 899,943 179,945 820,951 774,953 86,954 609,955 38,956 44,958 500,958 309,962 984,966 325,967 615,968 1,971 976,971 442,972 1012,975 861,978 1015,981 94,983 706,984 259,985 310,987 639,990 202,991 254,991 897,992 250,993 376,995 657,995 585,996 556,998 731,999 897,999 466,1004 515,1004 307,1005 1009,1005 18,1009 99,1011 529,1013 372,1014 471,1014 360,1017 951,1021 893,1022 993,1022
AAK6 727,274 156,453
AAL0 727,9 956,12 757,18 982,18 168,22 460,22 455,27 930,29 347,36 217,41 45,44 190,49 341,50 500,55 101,55 956,57 821,58 843,61 614,63 203,71 887,83 464,86 250,87 302,94 885,93 250,94 269,96 875,100 100,103 318,116 3,134 530,138 396,143 28,150 121,152 364,156 73,157 128,158 109,170 434,181 843,187 14,194 212,196 867,200 76,202 440,208 56,211 371,213 571,215 228,217 736,216 889,220 428,222 900,229 949,235 627,237 40,237 437,240 820,240 441,256 688,258 241,261 464,260 760,262 936,263 245,265 338,267 456,270 742,272 665,272 827,276 26,277 348,280 216,285 1015,284 1016,292 61,297 807,300 332,302 844,308 273,317 571,319 785,325 131,326 153,327 453,328 637,331 801,332 212,338 20,338 71,339 204,339 319,340 375,344 788,353 522,354 585,361 211,363 100,372 113,379 267,382 1016,389 435,396 264,402 646,403 596,407 171,410 422,411 260,412 548,412 267,426 449,426 721,431 902,434 996,434 735,438 86,444 504,447 14,460 385,461 733,462 257,464 967,475 339,480 205,481 985,482 112,484 235,488 937,492 655,494 167,495 307,500 220,500 395,506 569,517 177,519 291,518 262,524 820,523 156,526 712,532 906,538 868,539 940,540 194,542 305,543 915,545 801,546 370,558 461,574 697,576 656,582 282,602 438,602 402,605 560,609 889,609 615,611 438,612 316,613 1009,620 702,621 7,623 756,626 574,631 949,635 502,638 673,650 116,655 388,659 194,659 879,662 216,667 408,668 143,673 359,674 445,678 682,683 235,687 661,690 398,692 616,701 323,701 832,701 986,710 857,714 511,720 950,723 384,728 231,734 116,739 524,740 753,747 269,754 836,757 870,760 71,766 664,766 744,769 980,770 664,777 723,776 1011,778 735,778 732,784 492,786 4,787 708,791 20,798 907,798 912,797 855,804 28,803 724,806 214,806 290,809 503,812 938,813 193,820 727,821 647,826 327,827 243,829 146,834 258,837 305,848 607,848 68,849 562,855 339,862 155,876 650,884 997,889 469,892 634,895 1000,895 508,899 396,901 185,907 95,912 792,915 809,915 681,922 719,925 35,935 944,934 780,936 239,942 321,943 74,946 796,955 39,961 717,962 90,968 43,969 223,975 660,978 496,981 567,984 20,984 211,989 109,999 6,999 262,1000 323,1000 56,1002 826,1004 879,1006 149,1011 1019,1013 686,1016 486,1019
AAL1 727,9 956,12 725,11 757,18 982,18 169,21 461,22 167,22 455,27 347,36 216,42 44,43 45,46 191,49 341,50 186,52 101,55 500,55 99,55 957,56 499,57 821,57 1021,59 821,60 615,63 202,71 203,72 888,82 887,83 250,87 302,94 885,93 251,94 250,95 270,96 875,99 874,100 318,116 2,134 530,138 396,143 364,156 128,158 73,157 109,171 434,181 843,187 867,199 75,200 440,208 372,213 56,212 571,215 735,215 226,216 228,217 737,217 889,219 891,219 429,222 948,235 40,237 628,237 950,237 820,239 437,240 440,254 441,256 687,257 241,261 688,259 464,261 760,260 936,264 338,267 455,270 742,271 664,272 666,272 26,277 827,276 349,280 216,285 1014,284 1015,285 1015,291 61,297 807,300 333,303 844,306 845,307 844,308 786,324 783,325 131,327 152,327 451,327 155,328 452,328 454,329 638,330 800,332 802,332 801,333 213,338 20,338 71,339 318,339 320,340 375,344 586,361 212,362 210,363 100,372 113,378 266,381 267,383 1016,389 434,396 263,401 264,402 646,404 596,407 422,410 260,412 423,412 549,412 267,426 449,426 721,431 901,433 997,433 995,434 735,438 504,447 505,448 385,461 15,461 734,462 257,464 967,475 339,480 985,482 111,484 340,483 984,483 985,484 235,488 937,492 655,494 220,500 306,500 308,500 569,517 291,517 178,520 156,526 712,532 195,542 304,542 916,543 917,545 914,546 801,547 371,557 370,559 461,574 696,575 698,576 282,602 281,603 401,605 402,606 561,609 889,609 615,611 437,612 317,613 7,623 756,627 574,629 573,630 574,631 947,635 949,635 501,638 503,639 673,650 116,655 388,659 194,659 879,662 214,667 216,666 217,667 408,668 143,673 444,677 445,678 444,679 681,683 682,685 235,688 661,690 398,692 323,701 617,700 986,709 857,714 512,719 511,720 949,722 948,723 950,724 383,728 230,734 385,732 116,739 523,740 525,739 754,748 269,754 836,757 870,760 872,760 71,766 665,765 747,766 664,767 744,769 979,769 981,770 664,777 735,778 1010,779 732,783 493,785 734,785 4,786 491,786 708,791 20,798 906,796 907,798 28,802 855,804 29,803 214,805 723,806 725,806 503,812 938,813 504,813 939,814 727,820 647,825 328,826 146,834 305,848 68,849 338,862 155,876 650,883 997,889 469,892 633,894 635,894 999,896 508,898 396,900 95,912 97,913 792,915 681,923 719,925 718,926 35,935 943,935 781,936 239,942 321,941 74,946 795,954 39,961 716,962 89,968 43,969 223,973 222,975 659,978 496,982 567,984 20,984 211,989 109,997 109,999 6,999 262,1000 7,1000 56,1001 323,1000 826,1005 879,1006 149,1012 1019,1013 686,1015 685,1016
AAL2 956,11 302,94 531,138 129,158 128,159 241,261 215,285 375,344 1016,389 560,609 388,659 997,889 90,968 568,984
AAL3 302,95 129,158 446,190 241,261 54,524 560,609 348,657 80,844 997,890
AAL4 956,11 302,94 531,138 129,158 128,159 241,261 215,285 375,344 1016,389 560,609 388,659 997,889 90,968 567,984
AAL5 399,3 645,3 757,4 942,4 873,5 401,6 67,8 232,10 542,13 46,14 721,14 1017,14 191,17 545,22 416,23 925,25 806,29 342,31 102,34 237,34 531,38 353,39 649,39 206,43 515,44 600,47 855,47 538,49 32,52 221,52 953,53 916,54 1019,57 384,58 49,59 636,61 468,63 871,64 685,65 567,67 404,68 353,70 846,70 519,74 373,79 596,80 1020,86 375,93 294,95 803,97 306,98 626,98 137,102 258,104 752,105 535,107 579,107 931,107 56,110 388,110 820,111 355,114 398,122 297,127 285,128 7,132 360,134 757,137 441,138 594,139 938,140 243,147 586,147 227,148 627,153 125,155 129,157 61,158 128,159 454,163 548,165 778,172 339,175 571,179 917,180 259,183 505,185 195,187 353,188 416,191 617,191 295,193 115,196 651,196 540,198 877,198 152,200 609,208 864,215 983,217 79,224 33,226 115,230 704,233 417,234 588,235 1021,235 216,237 346,237 586,238 989,238 88,239 60,243 426,243 2,244 409,246 441,246 830,252 1020,254 171,256 479,256 561,256 47,257 372,257 826,264 374,265 477,267 873,269 67,271 404,272 237,274 932,275 503,276 854,279 603,283 355,284 216,285 678,286 472,288 944,291 85,293 345,294 180,295 12,296 208,296 660,296 690,296 1012,297 636,298 649,299 654,301 884,301 687,304 57,305 623,307 440,309 154,310 608,312 19,314 894,314 588,315 617,315 747,315 1011,318 700,319 893,321 966,321 158,326 514,327 471,328 298,329 954,329 470,331 802,336 507,337 547,337 543,338 85,340 463,341 910,341 713,344 869,347 855,350 838,351 141,353 141,355 229,355 147,356 656,357 728,357 287,359 912,362 441,363 2,365 44,365 297,369 103,370 1002,372 849,373 699,378 643,380 495,382 453,386 20,388 122,389 73,390 436,390 611,391 716,398 922,398 112,404 350,409 756,411 937,416 1013,416 24,417 694,418 174,420 888,421 609,427 977,436 737,439 1009,439 397,440 320,448 120,450 446,450 1010,454 341,457 754,457 919,461 264,465 407,465 541,465 148,466 311,467 70,468 1019,474 868,477 335,478 824,479 715,482 313,483 376,483 637,483 833,483 711,486 657,491 699,492 224,493 123,494 658,497 426,498 975,498 84,499 581,501 737,501 50,518 237,518 521,518 333,521 152,522 578,523 878,530 869,533 610,535 601,537 916,540 453,541 601,541 988,541 246,542 278,544 614,546 823,547 395,548 165,549 693,549 494,553 503,553 916,553 223,556 352,559 621,559 206,561 492,561 330,563 734,567 869,568 618,569 892,569 419,571 428,571 664,572 105,573 943,574 596,578 668,578 625,583 980,586 56,592 926,593 559,597 873,597 659,598 647,602 886,605 861,606 1020,607 687,609 963,609 353,613 773,614 279,615 972,617 477,620 112,622 501,626 581,627 199,628 350,632 156,634 400,639 975,639 92,640 317,643 342,643 847,646 941,650 693,652 191,654 355,654 537,655 681,655 826,656 11,657 959,657 454,659 916,660 653,663 320,666 200,667 256,671 769,673 976,678 453,679 425,680 849,680 583,683 762,683 1004,687 365,688 806,690 404,691 886,693 694,696 920,701 976,702 440,707 719,712 237,714 466,714 406,717 855,718 869,720 162,730 824,737 32,738 724,738 835,739 38,740 101,740 749,740 776,740 788,740 831,741 320,742 431,742 872,744 920,745 988,746 238,750 813,750 302,751 345,751 372,751 587,753 277,754 412,755 447,757 117,762 507,764 103,765 207,766 640,769 21,773 533,773 948,774 686,775 851,775 88,776 163,777 36,778 832,778 988,779 534,782 225,785 712,786 402,789 57,796 573,797 765,797 397,798 409,808 468,808 752,809 464,811 302,818 400,818 412,820 1021,820 932,824 482,826 637,827 80,829 174,829 192,829 357,829 605,829 608,829 3,832 655,839 425,845 256,847 165,850 911,854 80,855 350,855 879,857 986,857 294,858 608,862 45,865 674,866 962,866 932,867 958,870 560,875 906,879 539,881 902,881 237,885 995,887 997,890 726,891 997,892 1000,892 1001,895 560,897 498,898 964,900 169,903 225,903 578,903 840,908 612,910 373,912 726,914 80,918 338,919 36,921 322,921 80,922 163,927 786,927 585,928 69,931 825,931 662,932 182,933 912,933 374,935 128,936 642,942 824,943 344,946 390,950 430,951 884,951 152,954 671,955 96,956 626,960 980,966 81,967 309,967 581,968 799,970 123,971 372,972 12,981 961,981 32,983 189,985 206,987 532,989 485,990 44,991 96,991 86,993 929,993 218,995 441,997 555,999 721,999 243,1000 836,1002 759,1003 311,1004 640,1004 83,1005 787,1005 579,1009 108,1014 207,1014 94,1017 346,1020 723,1021 679,1022 779,1022 882,1022
AAL6
AAM0 287,6 124,7 351,8 430,10 374,16 302,27 759,27 480,52 52,53 548,54 596,61 528,70 324,71 750,79 763,93 625,94 313,98 759,106 98,115 254,124 687,133 828,134 523,140 176,175 626,175 852,196 299,198 212,203 355,219 591,221 742,224 932,235 307,239 355,244 891,244 323,253 779,255 622,256 603,256 628,257 618,262 278,264 613,263 735,267 779,267 632,269 79,276 626,277 386,280 119,286 648,287 360,291 625,290 250,292 574,292 119,294 636,296 223,305 257,304 387,304 685,304 180,314 690,318 603,351 847,353 646,355 669,357 137,358 148,357 998,357 46,384 133,394 442,398 285,400 488,403 606,405 808,409 839,413 673,419 675,424 1004,439 520,440 240,459 749,467 827,471 327,474 651,479 901,481 249,489 255,491 40,493 960,503 478,505 822,507 336,519 705,524 671,527 532,532 662,535 684,537 296,543 881,545 367,546 975,546 573,551 762,560 690,562 683,570 83,574 638,575 867,576 618,579 611,585 884,586 798,588 921,588 5,589 745,594 404,597 926,596 799,598 823,597 655,600 916,604 781,606 734,621 847,620 857,628 261,631 96,634 887,637 464,639 829,640 844,645 404,647 584,652 884,651 831,658 117,659 850,659 518,659 941,667 765,668 1007,669 260,671 699,671 840,671 915,677 298,680 2,682 11,684 668,685 128,688 64,692 871,694 548,696 811,698 587,698 226,719 559,719 823,720 827,730 407,735 943,748 116,755 719,763 951,766 61,770 13,779 238,780 508,790 299,794 489,800 706,802 525,807 980,811 807,814 957,820 389,823 677,824 147,841 857,851 202,852 367,858 160,861 173,864 23,865 750,864 159,866 150,866 592,869 149,871 824,871 494,882 599,881 1007,883 875,889 951,895 107,897 835,901 82,902 645,904 578,905 995,908 118,913 620,916 113,918 291,926 155,926 680,931 230,933 795,939 344,941 306,948 89,957 542,958 255,962 310,973 153,978 777,979 175,980 540,989 758,991 282,992 116,1000 604,1010
AAM1 807,3 124,7 289,7 351,8 431,10 302,26 759,27 480,52 547,53 549,54 596,61 323,70 528,70 324,71 750,80 763,92 626,94 764,94 313,98 760,106 98,115 688,132 828,134 176,174 626,174 176,176 853,195 852,196 299,199 213,204 355,219 591,220 323,253 621,255 628,257 780,255 604,256 616,258 622,257 613,263 618,263 779,266 632,269 79,276 626,277 386,280 119,286 647,286 625,290 360,291 251,291 250,292 574,293 119,294 387,303 685,304 223,305 690,318 848,353 645,354 647,354 646,355 647,356 669,357 137,357 138,358 997,358 46,384 134,394 441,398 286,400 284,401 488,403 607,405 807,410 838,412 839,413 673,419 674,424 1004,439 520,440 240,457 241,459 749,467 828,469 828,471 327,474 650,480 901,481 250,489 249,490 255,492 40,494 961,502 960,503 477,505 480,506 823,507 337,517 336,519 705,524 671,526 531,533 533,532 663,535 684,537 296,543 975,545 367,546 881,546 690,561 761,561 682,570 637,575 867,576 869,574 83,575 618,579 617,581 612,585 884,586 798,588 921,587 6,588 4,589 405,596 824,596 926,596 799,598 823,597 653,600 916,604 781,606 917,605 734,621 735,624 857,628 94,633 96,634 95,635 887,637 829,640 843,645 404,646 847,646 405,647 405,649 884,649 585,651 884,651 117,658 831,658 851,659 518,659 118,660 519,660 845,662 847,663 941,667 765,668 1007,669 260,671 699,671 841,671 698,672 914,676 915,678 298,680 297,681 128,687 64,692 871,692 871,694 811,698 587,698 548,697 226,719 823,719 824,720 826,730 406,735 944,748 718,763 951,766 59,770 13,779 240,780 299,794 298,795 489,799 488,800 706,802 526,806 525,807 979,812 957,820 958,821 389,822 678,825 146,841 857,851 202,852 367,858 173,864 24,866 159,864 750,864 158,865 751,865 159,866 174,866 592,869 149,871 825,870 494,881 600,881 1008,883 875,889 950,895 835,902 995,908 620,917 114,917 113,919 290,925 156,926 680,931 231,933 795,939 793,940 343,942 306,949 90,957 254,961 256,962 310,973 153,978 175,980 777,980 779,978 539,990 758,991
AAM2 79,276 626,277 360,291 811,698 226,719 310,973
AAM3 360,291 303,357 176,658 811,698 44,845 310,973
AAM4 79,276 626,277 360,291 811,698 226,719 310,973
AAM5 837,4 1022,4 571,7 916,9 208,13 658,13 280,14 302,14 851,14 700,18 429,24 119,26 429,30 447,34 632,38 975,38 41,39 834,41 274,42 454,43 757,44 488,45 856,46 454,47 870,47 101,48 818,49 136,50 527,52 247,54 544,55 812,63 369,65 17,66 921,67 697,70 884,72 508,77 725,79 858,80 680,83 948,83 757,88 319,90 323,91 843,93 766,95 432,97 483,97 21,99 770,104 574,105 236,106 510,108 576,110 215,111 411,111 288,112 863,114 861,125 971,129 669,131 497,134 25,135 263,138 533,139 991,141 775,142 251,143 281,143 487,143 765,144 779,147 100,148 715,148 399,155 720,157 661,158 13,159 884,160 352,166 807,166 51,167 987,175 177,180 985,185 923,187 57,189 443,191 3,194 639,195 644,196 851,196 360,197 597,199 635,208 715,216 453,222 931,222 893,223 889,224 304,225 787,227 881,227 877,230 163,235 928,235 354,236 548,236 1018,237 124,238 769,239 251,242 214,244 420,244 205,247 237,247 797,250 682,252 135,253 798,255 957,256 911,257 199,262 339,265 662,265 335,268 743,270 557,271 250,273 449,273 958,274 722,276 281,277 51,284 430,287 106,288 232,289 857,292 775,293 794,295 232,296 830,296 280,297 238,299 245,300 258,302 490,302 349,304 663,305 10,306 385,306 191,308 477,309 4,310 748,310 643,314 334,316 605,319 491,322 564,322 395,324 135,329 989,329 142,332 510,337 221,338 261,338 265,339 185,342 632,342 384,343 831,343 845,345 221,351 613,351 927,356 228,357 402,358 474,358 17,360 29,370 898,370 732,373 38,375 160,380 164,380 355,380 836,380 431,381 283,383 157,387 909,388 966,389 310,391 479,392 905,394 620,399 826,399 580,404 660,412 833,416 843,417 919,417 954,417 596,419 898,419 686,420 58,421 756,422 348,423 162,424 113,426 837,426 768,427 543,428 763,434 969,435 1001,437 391,441 59,443 87,445 88,449 435,450 191,452 1016,455 542,457 359,458 760,458 204,467 341,468 620,472 993,473 758,475 893,478 955,479 65,480 954,480 499,484 565,486 7,487 901,487 258,491 319,495 151,500 284,500 785,502 943,502 5,508 731,519 551,522 380,524 549,525 120,532 891,539 551,541 703,542 851,542 390,543 496,543 331,546 19,547 27,549 625,549 397,550 742,554 751,554 140,555 471,557 61,559 853,560 438,562 538,564 155,565 73,570 844,570 102,571 234,571 947,571 133,572 856,573 297,574 151,575 911,577 944,579 366,580 639,583 725,584 794,585 439,589 962,594 905,598 675,603 458,605 14,609 442,609 968,609 951,610 307,612 377,614 799,615 305,616 678,617 515,618 970,618 245,620 992,620 76,623 379,624 235,627 135,629 494,631 308,640 1008,640 533,643 661,647 697,651 935,651 396,652 441,653 99,655 515,657 578,657 787,657 770,658 358,660 716,661 471,664 299,666 432,666 24,672 533,674 176,675 892,678 60,679 165,680 131,681 426,681 438,682 704,688 46,689 69,689 650,689 175,690 90,692 809,696 554,694 526,702 335,703 596,703 250,704 507,705 353,713 223,714 893,714 150,717 44,718 485,719 413,726 626,726 950,727 614,728 718,730 356,738 586,738 785,738 276,739 383,740 295,741 344,742 979,742 421,744 380,745 434,746 249,747 160,750 872,751 915,751 942,751 109,754 468,754 981,757 563,758 121,765 751,765 151,768 336,770 785,773 171,774 718,775 454,776 625,776 886,776 863,777 288,783 168,787 486,787 514,790 833,796 329,798 679,802 330,812 861,815 985,817 148,819 246,819 270,821 875,821 792,825 352,827 501,828 970,829 40,830 58,830 212,831 679,833 220,834 167,836 94,837 73,840 112,848 17,851 747,855 915,855 711,858 818,858 394,863 325,865 652,866 388,867 676,867 634,868 658,871 256,876 1008,881 177,882 43,886 864,886 616,892 814,893 754,894 562,898 99,899 651,903 72,904 179,904 89,905 115,907 856,909 626,911 724,915 311,918 95,928 714,928 511,929 156,932 578,933 110,934 834,934 308,935 130,936 134,936 86,937 406,938 341,941 500,943 574,945 876,946 332,951 374,952 89,954 792,954 108,955 637,956 370,958 523,960 592,961 976,967 79,968 308,971 959,971 906,972 308,973 370,973 312,974 310,975 312,977 755,979 980,981 46,983 634,985 238,988 290,989 600,990 557,991 126,992 178,992 20,993 178,994 1017,994 306,996 587,996 507,997 527,998 657,1000 823,1000 345,1001 887,1004 400,1005 449,1005 780,1005 225,1006 929,1006 964,1009 13,1012 539,1013 545,1015
AAM6 809,695 812,700 814,701 815,703 310,975 312,977
AAN0 637,12 609,15 897,17 875,18 837,23 387,32 16,34 649,40 922,45 90,48 46,49 733,50 980,50 100,58 754,62 8,68 167,66 863,69 62,70 898,72 2,81 453,85 523,89 108,93 240,92 663,93 173,103 352,104 191,105 64,118 970,124 635,125 248,128 175,128 240,134 62,139 290,140 1013,139 599,140 91,142 153,145 249,145 360,152 427,151 121,164 454,164 113,166 867,166 101,170 991,173 443,174 637,174 380,192 18,193 777,197 918,199 124,200 233,202 64,204 10,218 474,225 152,230 515,231 760,236 505,240 191,245 384,246 979,246 999,245 959,249 683,253 19,258 340,259 916,261 582,261 803,267 938,269 725,272 307,274 328,273 153,277 621,277 810,278 543,279 835,281 519,290 711,292 194,293 699,300 811,305 185,308 256,309 874,325 378,329 636,330 580,334 174,335 1019,335 533,340 964,350 709,352 464,355 576,357 684,360 658,367 26,368 812,373 369,378 825,378 307,379 854,380 767,384 97,384 615,383 898,384 674,393 471,394 825,403 111,407 761,411 413,412 518,413 755,419 275,422 308,423 422,423 792,425 361,439 846,443 217,446 301,449 387,455 496,466 612,473 764,475 182,477 644,480 379,484 1020,488 949,490 892,494 488,495 966,500 223,502 346,502 236,507 95,508 438,511 636,511 72,517 259,519 89,520 507,522 215,528 674,529 680,529 562,533 838,538 844,538 179,539 864,544 110,568 524,570 605,574 142,579 698,584 750,584 869,594 221,606 235,607 344,611 866,616 682,623 520,626 653,628 961,631 305,637 236,644 511,648 18,648 918,648 981,649 952,653 464,652 783,652 236,656 922,657 9,666 897,669 931,672 664,683 773,687 795,687 856,687 983,689 336,688 389,691 688,691 258,696 818,695 425,696 452,698 42,700 912,701 814,703 829,704 857,708 872,707 991,707 976,708 820,713 838,711 988,712 262,714 621,717 968,717 973,721 1020,722 416,721 994,744 777,746 797,749 912,755 917,759 774,760 46,771 75,772 422,773 1018,779 46,783 1007,790 843,790 954,794 1009,795 321,796 625,801 6,805 680,814 767,815 326,819 747,822 305,826 363,834 994,834 560,837 456,838 854,838 567,850 617,862 588,867 806,867 999,872 123,877 191,882 314,883 407,885 578,884 421,887 762,897 455,901 764,905 837,906 101,909 964,910 973,913 543,918 600,920 638,926 490,931 639,933 117,939 897,938 747,945 876,948 751,952 892,956 620,969 952,969 155,974 599,977 912,991 558,1004 991,1005 281,1008 809,1009 859,1012 147,1018
AAN1 128,1 636,12 898,16 837,23 387,31 16,34 753,62 8,68 453,85 523,89 108,93 351,104 64,119 635,125 248,128 289,139 91,142 153,145 249,145 427,151 113,166 636,173 638,175 380,192 776,196 920,199 918,200 473,224 475,225 979,246 959,249 683,253 339,259 340,260 582,262 803,267 725,272 308,274 153,277 543,280 185,307 874,325 580,334 174,335 965,350 709,352 576,358 658,366 657,367 369,378 824,378 767,384 471,394 413,412 517,412 847,443 497,467 764,475 182,476 1020,487 488,495 893,493 891,494 235,506 236,507 437,510 438,511 637,512 674,530 111,567 109,568 110,569 524,570 750,584 868,595 682,623 520,625 305,637 511,648 981,648 18,649 513,649 980,649 952,653 931,672 773,687 983,689 389,690 258,696 829,704 857,708 976,708 821,712 838,711 988,712 818,716 1020,722 973,721 994,744 777,746 798,749 912,755 46,771 422,773 75,772 1007,789 954,794 320,796 767,816 326,819 560,837 456,838 616,862 806,867 588,868 192,882 314,883 762,897 837,907 964,910 973,913 601,920 638,925 490,931 639,933 898,938 747,945 876,948 892,956 280,1008 808,1009 809,1010 147,1018
AAN2 8,68 380,192 369,378 682,623 952,653 983,689 258,696 821,712 1020,722 422,773 326,818 762,897 490,930 877,947
AAN3 8,68 982,105 380,192 792,195 37,357 369,378 430,524 2,610 681,623 952,653 758,657 983,689 1020,722 762,897
AAN4 8,68 380,192 369,378 682,622 952,652 983,689 258,696 821,711 820,712 1020,722 422,773 326,818 762,897 490,930 877,947
AAN5 962,1 809,4 465,6 553,7 127,8 906,9 1019,11 208,13 764,13 252,14 274,14 560,23 327,24 15,26 949,38 647,44 480,45 768,47 222,52 123,54 94,55 422,55 848,56 391,63 4,65 897,65 735,67 568,68 214,69 974,70 11,71 107,79 68,87 461,88 938,92 611,93 388,95 30,97 81,97 52,99 348,104 742,104 814,105 48,108 440,110 888,111 477,119 932,119 180,123 113,124 213,124 463,133 813,137 519,141 799,142 829,142 11,143 951,145 171,148 623,153 85,158 318,160 754,165 313,175 155,178 545,179 245,183 380,192 487,185 550,186 870,186 846,189 703,190 251,193 362,195 509,208 880,215 691,220 157,222 149,223 101,226 139,227 123,230 298,233 140,235 584,238 459,241 766,242 40,243 404,243 1006,243 291,252 453,254 458,254 61,257 255,261 423,261 468,265 173,271 224,274 1014,275 938,278 543,280 161,281 390,282 417,283 459,284 74,287 217,287 149,289 259,293 314,295 776,295 824,298 831,307 103,309 374,310 146,315 1020,315 8,318 293,319 181,322 254,322 69,324 458,326 826,327 618,329 793,331 112,337 881,338 821,341 244,342 8,343 455,343 401,349 833,350 541,353 621,355 20,358 351,361 474,370 292,373 123,374 779,379 238,380 372,382 669,382 611,386 182,388 870,388 2,399 137,399 914,403 873,405 131,417 207,417 242,417 190,419 1016,419 101,422 478,423 409,425 107,426 664,427 827,429 1003,439 259,440 387,444 388,445 602,448 728,450 347,454 806,456 155,458 671,467 924,471 192,480 395,483 759,483 65,484 261,484 817,485 139,487 159,491 44,492 111,492 75,493 832,495 18,498 464,499 790,500 161,507 782,523 683,524 763,536 1009,537 21,539 709,540 322,541 572,542 678,542 507,545 568,545 583,549 932,553 473,555 271,558 806,559 662,561 137,562 767,565 152,568 404,570 34,573 503,573 789,573 379,574 527,574 640,579 346,587 761,588 297,590 460,592 324,606 305,607 418,609 403,610 783,611 744,614 126,617 428,618 680,621 568,622 644,625 689,626 526,628 934,630 511,637 287,640 125,647 247,647 391,651 870,651 951,652 952,653 383,654 549,654 871,655 949,656 1004,656 189,657 170,658 800,659 793,665 592,671 738,674 440,678 707,680 103,681 980,684 988,683 981,687 126,688 511,688 56,689 607,689 928,690 981,690 985,692 987,693 186,699 934,701 749,702 666,703 416,707 383,708 548,708 818,709 603,712 81,714 300,716 186,717 1016,718 1020,725 744,727 227,728 374,728 470,738 863,739 530,740 542,740 169,741 569,741 56,742 167,742 652,745 722,746 330,749 970,749 967,753 262,757 827,761 237,764 171,773 605,775 945,776 146,786 464,786 152,789 297,797 489,797 749,798 95,806 791,820 248,826 963,827 868,828 962,828 980,828 121,829 369,829 53,835 1016,835 477,837 50,842 990,842 30,847 959,849 355,850 654,857 908,862 769,864 321,865 368,866 654,866 236,874 568,874 565,875 223,881 592,881 1007,884 761,896 844,890 338,892 472,897 3,898 233,899 844,900 41,903 458,903 709,905 869,906 849,907 676,908 448,910 385,911 508,914 131,917 480,917 162,919 868,920 948,929 958,930 92,935 113,940 34,951 879,952 241,955 1002,956 140,958 147,959 210,960 971,966 497,970 661,970 668,975 434,984 1011,984 63,987 855,993 148,995 349,996 318,998 493,999 719,1003 232,1004 761,1005 774,1008 541,1009 189,1013 28,1014 127,1014 24,1017 272,1020 687,1022 790,1022
AAN6 4,65 380,192 980,683 761,896
AAO0 386,2 575,4 185,6 576,9 918,9 550,14 584,16 344,18 434,20 517,20 821,20 902,20 973,25 407,26 415,28 245,48 558,50 995,53 188,68 994,67 540,67 217,69 615,70 689,82 632,83 859,84 449,85 45,88 467,88 442,89 803,95 511,99 752,98 620,110 656,110 133,110 507,112 886,119 611,121 272,131 453,149 827,156 247,165 424,175 208,189 1014,191 710,193 54,194 689,194 394,195 820,197 261,197 894,201 74,202 15,207 572,217 676,218 818,222 472,237 859,237 819,241 241,244 963,249 266,250 674,253 380,256 267,258 434,264 934,268 465,271 896,282 860,294 312,297 1019,296 506,298 289,298 627,312 288,313 197,316 501,318 806,320 745,320 132,321 368,322 390,324 942,324 35,327 434,327 467,329 953,334 598,337 690,347 4,350 818,353 356,358 877,362 679,363 36,368 510,368 728,371 402,376 654,378 459,385 637,389 761,391 906,391 947,399 465,408 45,412 588,413 459,414 429,416 639,416 725,417 570,417 743,418 560,419 209,422 854,422 915,426 750,428 416,431 531,434 17,440 571,447 385,452 181,453 38,456 783,457 474,462 60,468 691,473 625,478 820,494 267,508 108,513 307,514 89,519 452,521 274,524 744,529 881,531 259,531 204,534 932,535 187,537 241,536 880,537 554,555 529,554 543,555 784,560 545,577 920,580 406,582 760,583 1006,585 703,600 796,603 303,617 799,618 554,621 525,635 147,655 277,654 652,659 263,661 399,662 895,664 437,672 789,676 948,675 694,678 382,678 616,680 76,684 814,685 281,689 645,689 422,693 874,692 969,695 764,694 676,699 744,698 748,703 340,705 555,705 132,707 535,708 476,711 697,710 333,713 967,713 169,721 266,721 984,724 1021,726 998,735 912,737 1019,739 393,747 492,748 609,751 501,763 560,771 459,775 631,790 914,802 930,808 770,809 794,819 673,819 681,821 106,829 930,836 306,839 672,841 32,848 829,849 992,849 636,849 212,850 835,851 336,851 306,862 570,867 598,867 176,875 940,877 333,881 887,881 820,884 661,886 328,893 223,896 285,901 650,904 422,908 530,909 608,911 236,928 509,932 846,933 650,935 840,938 919,944 272,954 791,955 859,956 928,963 772,966 930,974 83,975 659,977 698,976 945,984 259,991 246,996 64,1001 121,1002 728,1008 491,1011 44,1014 263,1021 852,1021
AAO1 550,14 434,19 343,18 345,18 407,27 414,28 245,48 558,50 189,68 616,70 689,82 632,82 634,82 859,83 858,84 860,84 45,88 511,99 620,109 132,110 507,111 272,130 273,131 247,163 246,165 1015,190 710,192 819,197 894,201 895,202 676,218 241,244 964,249 266,250 380,256 267,258 934,269 859,294 312,297 1018,297 506,298 627,312 807,320 367,322 806,321 390,325 467,329 953,334 598,337 818,353 356,359 509,367 654,377 637,390 45,412 588,412 590,412 639,415 725,417 209,421 854,422 572,446 571,447 570,448 181,454 38,456 784,457 691,473 267,508 108,513 452,521 882,530 882,532 204,535 933,535 240,536 187,537 554,555 784,560 759,583 1006,585 796,604 302,617 554,622 525,635 147,656 652,659 263,660 437,672 789,676 948,674 814,686 281,689 645,689 422,693 874,692 969,695 677,697 744,697 678,699 674,702 747,703 340,704 748,704 339,705 475,711 697,710 967,713 169,721 1021,726 998,735 912,736 1018,739 609,752 502,763 914,802 794,818 681,821 930,836 31,847 829,849 32,848 992,849 570,866 332,881 820,884 661,886 285,901 422,908 530,909 235,928 918,944 272,953 271,954 273,954 771,966 931,973 659,978 945,984 259,990 260,992 727,1009
AAO2 550,14 434,20 189,68 819,197 963,249 266,250 598,336 554,555 437,671 790,676 422,693 169,720 681,822 829,849 821,884 422,908
AAO3 550,14 434,20 794,195 819,197 964,249 266,250 598,336 554,554 789,675 681,822 552,876 422,908
AAO4 550,14 434,20 189,68 819,197 963,249 266,250 598,336 554,555 437,671 790,676 422,693 168,720 169,721 681,822 829,849 821,884 422,908
AAO5 445,3 825,4 1010,4 955,5 547,12 310,10 188,13 732,13 222,14 244,14 53,15 430,16 233,17 552,17 534,18 432,19 434,19 437,23 657,25 854,25 86,29 327,29 119,30 481,38 292,39 601,39 143,44 465,44 200,45 152,47 522,49 39,51 14,52 957,53 926,54 512,55 931,60 664,61 502,63 608,64 893,64 691,65 517,67 189,68 342,68 4,69 379,74 867,78 426,80 230,81 434,83 788,86 169,88 765,89 757,90 678,92 363,93 844,96 895,96 450,101 170,104 990,104 825,107 595,110 668,111 57,120 234,122 641,122 654,122 962,122 282,123 187,125 31,131 219,133 389,134 637,137 195,138 307,138 317,141 815,145 904,145 137,147 143,148 118,157 59,158 435,158 282,160 530,163 604,165 828,172 245,178 317,178 621,179 963,180 627,185 501,188 10,190 211,190 226,190 869,190 548,191 820,197 340,193 892,193 528,195 729,196 606,198 931,198 196,200 895,207 963,215 49,218 422,221 725,221 192,230 306,233 700,233 594,235 788,235 110,239 963,248 30,243 598,243 992,243 319,246 351,246 265,249 612,252 270,254 917,254 173,256 255,256 757,256 64,257 603,261 333,264 664,264 242,265 603,267 799,269 947,269 615,270 346,272 545,272 203,274 837,275 856,278 828,279 329,283 369,284 720,286 1016,286 135,287 61,289 76,290 233,292 183,293 397,293 433,294 241,296 198,297 261,297 704,298 705,299 330,300 704,301 936,301 759,304 473,307 131,314 1002,314 852,315 848,317 91,319 804,319 962,321 40,322 529,328 359,329 547,331 739,333 597,334 483,341 924,341 668,342 91,343 897,347 47,349 471,350 167,355 255,355 171,356 746,357 1015,360 910,362 439,363 1012,364 30,365 259,369 96,370 932,372 779,373 107,376 623,378 493,379 855,380 415,382 389,386 13,388 650,388 59,390 595,391 588,392 1017,393 318,395 770,398 976,398 760,403 725,405 454,409 858,411 993,416 45,417 712,417 736,418 16,419 308,423 249,425 906,426 681,427 754,430 65,435 654,436 111,437 271,442 893,443 508,448 619,449 298,450 144,455 483,457 7,458 173,463 456,465 352,466 115,473 185,475 50,478 45,479 179,479 693,481 975,482 646,483 907,483 79,484 15,491 983,492 508,493 407,494 940,497 716,500 545,518 831,518 736,520 659,521 480,523 748,523 651,524 872,529 939,531 244,536 971,537 1007,538 965,541 508,542 614,542 666,544 477,545 538,545 157,546 62,548 795,548 549,549 565,549 69,550 251,551 115,558 557,558 598,559 867,559 442,561 722,561 925,561 510,563 127,564 952,567 65,569 202,570 642,570 651,571 660,571 347,573 633,573 171,575 1005,576 830,578 902,578 20,579 888,584 561,588 97,590 286,592 1014,594 5,601 692,604 103,607 202,609 545,611 924,611 496,614 529,615 920,616 208,618 507,619 242,620 739,620 388,622 484,625 791,626 477,628 584,628 641,629 736,629 840,630 600,632 434,634 662,639 213,640 354,640 532,640 581,641 431,651 697,653 473,654 817,655 963,655 88,657 293,657 742,657 896,659 228,661 837,665 970,665 518,667 791,668 565,671 786,671 7,674 330,678 792,678 565,680 856,680 691,683 868,683 545,684 54,688 416,688 539,689 894,693 132,699 864,701 926,702 586,703 831,704 779,710 147,714 310,717 669,717 687,725 900,725 381,728 528,728 670,737 902,737 965,739 587,740 638,741 720,745 790,746 909,747 823,748 426,749 32,750 605,750 367,753 736,753 210,755 404,757 855,757 216,758 989,761 277,764 411,764 1003,764 85,766 369,767 990,768 963,772 451,773 15,777 900,784 189,785 368,786 756,789 53,796 575,797 767,797 897,798 911,801 399,806 501,808 560,808 606,811 530,820 101,821 506,824 682,824 1018,824 562,826 227,828 407,829 655,829 658,829 57,832 341,835 268,836 747,837 243,839 693,839 691,842 890,847 529,850 948,854 700,857 400,862 823,862 952,862 363,864 692,865 436,866 702,867 721,868 718,870 308,875 285,881 12,890 596,891 358,892 509,892 804,892 736,893 103,898 514,898 235,899 984,900 76,903 245,903 588,903 288,904 809,905 41,906 955,906 738,908 522,910 465,911 598,914 958,921 991,926 373,928 883,930 990,932 694,933 1006,934 1010,934 656,937 440,942 612,943 736,945 164,950 648,951 925,952 600,953 419,955 872,955 880,957 310,958 390,960 446,965 758,966 885,966 103,967 389,968 803,970 995,970 752,971 222,972 764,975 631,978 844,980 926,981 9,985 64,987 527,988 424,989 381,990 966,990 1018,990 627,992 1006,992 823,993 369,995 319,997 258,998 125,1000 173,1004 504,1004 971,1004 645,1005 658,1008 439,1009 727,1010 209,1012 95,1014 258,1015 771,1016 1012,1016 250,1020 571,1022 671,1022 774,1022
AAO6 546,12 549,14 816,194 820,198 964,249 270,254
AAP0 488,4 122,13 355,14 914,18 647,28 423,30 369,38 103,40 628,47 381,67 96,82 994,81 664,83 829,94 702,108 78,133 751,144 517,150 733,151 999,160 204,163 348,166 108,176 127,177 135,189 265,191 326,199 785,199 674,200 479,209 594,213 613,220 989,241 785,242 960,244 972,247 101,257 733,258 539,262 27,272 811,277 699,280 254,282 205,286 691,290 263,291 709,294 371,306 662,306 673,309 231,321 705,325 85,330 553,336 724,337 885,344 693,346 407,354 593,356 498,360 890,362 731,363 767,364 383,373 221,382 93,387 146,388 235,389 141,391 157,394 182,396 139,398 139,404 159,404 439,404 127,405 180,410 167,414 528,419 698,420 736,420 585,421 727,423 594,424 1018,430 247,431 777,431 462,432 593,436 846,440 229,446 558,445 540,450 131,451 382,454 764,457 652,463 294,473 195,473 299,475 596,479 969,485 641,488 603,491 569,493 557,494 524,495 922,499 501,506 236,510 456,511 508,512 571,514 997,515 709,517 585,520 558,521 391,525 726,525 501,530 624,530 321,531 572,532 587,535 775,536 868,540 468,547 385,550 920,550 368,551 766,558 368,563 407,563 842,567 480,574 586,574 407,573 609,581 618,585 533,585 148,592 851,593 198,596 379,609 409,614 813,614 110,622 368,625 490,633 367,635 316,638 722,648 273,654 662,658 958,657 760,662 478,665 214,672 928,673 567,684 713,685 925,691 741,698 395,701 585,720 430,732 659,732 740,753 353,754 581,756 401,758 80,760 425,767 910,767 300,779 162,783 119,787 226,792 756,793 751,815 37,827 262,829 657,828 32,830 106,834 615,835 553,848 567,852 463,853 438,854 606,861 432,875 569,884 328,890 894,900 781,913 840,916 1013,922 144,924 494,929 764,930 823,930 208,931 791,931 660,938 850,942 677,945 581,947 897,951 173,954 783,955 757,960 378,965 602,971 806,983 387,1006 759,1008 183,1014 292,1013 766,1017 826,1020
AAP1 488,4 121,13 355,13 913,18 912,19 646,28 423,30 421,30 369,38 103,39 627,48 381,67 96,82 994,81 664,82 664,84 829,94 702,109 77,132 751,144 752,146 517,150 733,151 999,160 203,163 349,166 108,176 127,177 129,178 134,190 265,190 266,191 674,200 784,199 325,200 786,200 675,201 479,207 479,209 613,220 784,241 990,241 961,244 960,245 972,247 100,256 732,256 101,257 732,258 539,262 27,271 26,273 811,277 254,283 204,286 690,290 692,291 263,292 709,294 371,306 662,306 673,307 673,309 231,321 85,331 724,337 693,346 593,355 592,356 497,360 730,363 890,362 382,372 383,373 146,388 92,387 142,391 139,392 141,392 157,394 182,396 138,398 144,399 137,402 159,404 139,404 128,405 439,405 179,410 168,414 164,416 529,418 698,419 697,420 585,421 584,422 594,424 247,430 778,430 248,431 461,432 593,436 846,439 558,445 540,450 131,452 383,455 764,457 652,461 652,463 294,473 299,476 596,478 968,485 642,487 603,490 602,491 569,493 524,495 922,499 501,506 237,509 235,510 509,512 455,512 571,514 507,513 709,517 585,519 558,521 587,520 586,523 392,525 587,524 727,526 726,527 501,530 624,530 320,531 571,532 587,534 775,536 869,540 468,547 920,548 385,550 367,550 920,550 368,552 767,557 369,563 407,562 406,563 368,565 586,574 480,574 609,580 620,583 533,585 617,586 619,586 147,591 149,592 851,593 853,594 198,596 379,609 408,614 814,614 813,616 110,622 368,625 365,625 489,633 367,635 490,634 316,638 722,648 271,652 273,654 959,657 663,658 958,659 760,662 477,664 214,672 713,685 925,691 741,699 394,700 585,720 430,732 659,732 739,753 580,757 402,758 910,767 119,787 226,791 756,793 225,793 3,815 751,815 658,829 261,828 262,829 31,830 107,834 615,835 553,848 463,853 439,853 606,861 433,875 432,876 327,890 782,913 781,914 1013,921 145,923 144,924 494,930 823,930 764,930 208,931 209,932 661,937 849,940 675,945 581,948 898,950 897,951 173,953 781,954 784,955 173,955 757,960 378,965 602,971 806,983 387,1007 759,1008 183,1014 292,1012 291,1013 765,1017 827,1020
AAP2 158,404 586,574 184,1014
AAP3 888,190 158,404 744,524 568,543 586,574 210,610 48,658
AAP4 158,404 586,574 184,1014
AAP5 461,3 388,8 958,9 55,12 276,13 832,13 326,14 348,14 893,14 179,15 718,18 771,22 939,25 112,26 364,29 765,38 731,44 566,45 816,49 357,51 545,52 277,54 584,55 756,58 551,63 411,65 861,67 476,69 739,70 917,74 383,79 982,80 994,83 345,90 347,91 877,93 816,95 486,97 537,97 347,98 180,99 532,99 108,102 230,105 914,106 1006,106 576,108 654,110 293,111 489,111 366,112 921,114 381,123 394,123 702,123 22,124 629,124 729,124 953,125 871,127 857,128 93,135 343,138 923,138 11,139 178,140 534,141 849,142 325,143 355,143 561,143 835,144 725,148 771,148 147,154 720,157 659,158 19,159 803,166 47,167 150,168 423,171 892,172 430,173 185,180 527,181 975,185 189,186 592,187 43,189 331,192 5,194 857,196 369,197 280,199 621,199 637,208 686,216 823,218 172,222 477,222 959,222 923,224 338,225 885,226 855,227 949,227 982,230 82,234 195,235 960,235 821,236 782,238 944,239 620,243 918,243 258,244 227,247 259,247 702,252 636,253 977,255 993,256 275,257 357,257 861,257 299,262 731,262 457,268 883,270 373,271 71,272 408,273 607,273 130,275 891,276 523,277 896,280 403,284 116,288 349,293 517,294 553,295 370,296 828,296 383,297 868,297 898,297 850,299 867,300 492,301 898,302 106,303 1001,304 671,305 931,305 690,306 45,307 621,308 125,310 524,311 884,313 309,315 166,316 16,317 1022,320 162,323 266,323 659,325 492,327 655,330 276,331 825,332 320,333 782,333 9,335 172,338 907,338 947,338 943,339 479,341 875,342 298,343 746,345 131,346 527,346 487,350 286,353 617,356 705,356 623,357 948,357 745,360 731,361 332,364 883,364 701,370 499,371 704,375 595,377 464,381 59,382 146,385 817,387 515,389 132,390 572,390 535,391 29,393 276,400 159,403 954,404 895,406 950,412 169,418 198,418 824,418 848,419 326,421 53,423 616,423 432,424 367,426 618,428 783,430 858,431 937,434 698,437 149,438 211,441 623,441 356,446 667,450 158,456 688,457 491,458 892,458 485,468 242,469 79,474 846,475 14,479 11,480 145,480 661,482 947,483 869,484 605,486 961,487 897,493 418,494 919,495 822,498 588,499 107,500 240,500 725,502 883,502 513,504 461,514 469,519 1018,520 58,524 312,524 478,524 683,524 412,530 778,531 459,532 489,538 523,539 814,541 355,542 503,542 890,542 705,548 269,549 13,550 559,550 751,551 905,555 703,558 430,560 830,561 56,562 326,562 537,562 128,564 769,564 581,569 587,575 788,570 519,571 199,572 208,572 125,574 721,574 661,575 447,577 244,579 316,579 456,579 898,579 792,580 151,583 243,584 507,590 542,594 155,598 469,598 257,599 67,601 371,601 257,603 514,606 578,609 301,610 573,610 286,612 393,615 913,615 576,618 865,619 594,620 1019,623 885,626 908,628 803,640 271,643 953,643 978,643 416,645 537,651 785,651 297,653 25,654 827,654 466,657 675,657 619,658 741,659 134,660 604,661 357,664 693,664 2,667 159,669 984,671 477,674 700,679 179,680 454,681 111,682 466,682 315,684 183,685 718,688 79,689 662,689 935,691 122,692 626,694 224,697 666,702 728,703 213,704 763,707 216,708 203,709 368,709 569,711 677,711 37,715 266,715 316,717 230,718 695,719 695,721 97,729 528,729 789,730 878,730 156,732 414,734 687,740 914,740 977,740 648,741 660,741 686,742 761,744 724,745 764,746 625,747 991,748 120,751 697,751 447,754 814,754 286,756 921,758 282,759 463,765 65,766 175,767 68,770 473,774 1012,775 145,778 930,779 115,783 616,783 856,790 353,794 173,797 693,798 3,800 143,800 221,800 25,803 559,807 393,808 639,809 698,809 748,812 263,816 310,822 710,825 208,826 786,827 658,828 931,828 467,829 366,830 460,830 478,830 893,830 896,830 75,834 648,834 19,839 995,840 1005,843 536,844 588,848 501,851 237,856 430,856 694,856 208,859 654,859 357,864 486,864 891,865 923,866 214,867 980,867 244,868 221,869 239,870 238,872 858,876 208,881 885,882 653,886 811,887 688,891 514,892 250,893 22,894 173,894 468,894 967,896 783,899 903,900 1009,900 136,904 841,904 234,905 507,907 763,907 386,916 1022,916 985,918 310,919 748,919 1004,920 510,921 960,922 123,924 142,924 60,926 805,928 406,929 205,930 449,933 532,935 10,937 788,937 82,939 184,944 871,946 992,947 44,953 785,954 458,955 720,957 149,961 212,962 975,968 663,972 620,973 90,974 824,983 382,986 366,991 333,992 984,994 481,995 255,998 277,999 222,1000 397,1001 563,1001 79,1002 680,1004 102,1006 151,1006 759,1010 417,1011 713,1014 169,1016 190,1017 146,1022
AAP6 585,573
AAQ0 589,8 503,10 750,16 611,19 379,21 11,30 70,47 260,53 827,54 228,59 156,69 646,72 47,75 517,75 529,77 323,79 229,79 77,81 585,82 856,83 165,94 318,94 208,98 517,97 99,103 237,107 181,110 379,113 391,117 942,117 399,120 443,124 378,130 519,134 398,137 70,140 458,141 170,145 590,148 521,160 193,161 109,167 602,176 775,178 118,185 857,189 537,196 116,197 662,203 863,210 692,212 130,214 52,217 160,218 201,221 395,221 842,225 153,237 993,248 102,249 50,249 92,254 505,254 515,257 735,257 630,262 613,265 948,270 767,278 922,277 367,280 418,281 456,284 753,283 540,296 269,296 715,296 490,303 300,304 315,308 937,309 522,314 229,316 341,317 985,317 86,317 45,319 550,324 721,323 177,329 328,332 527,337 17,338 544,347 689,351 502,355 474,359 294,360 222,362 243,365 791,371 495,375 433,376 149,393 930,393 84,394 1021,399 225,401 806,404 618,412 460,416 190,423 842,425 937,427 625,433 737,433 243,439 658,458 356,459 260,463 979,473 163,490 356,489 1005,490 924,492 352,499 773,498 715,501 685,505 55,506 328,510 347,513 320,519 984,523 884,530 512,533 850,537 727,537 860,536 987,543 32,543 998,544 688,545 200,548 291,557 919,559 938,561 904,565 982,566 930,574 911,574 914,577 953,584 874,588 943,592 424,597 148,598 536,604 914,611 667,613 993,615 97,617 927,618 543,621 363,623 979,628 9,629 180,632 318,633 882,634 1021,636 736,638 41,641 366,644 807,643 788,645 526,649 646,650 225,653 953,655 739,661 34,661 885,661 968,664 87,665 959,666 104,668 667,668 15,678 361,681 54,682 256,683 292,686 659,704 270,710 119,710 155,718 422,721 610,722 868,723 790,724 997,726 355,729 299,734 336,736 841,735 834,742 793,754 218,755 146,758 255,760 635,766 304,765 294,780 348,780 729,780 261,783 913,786 565,788 870,790 396,795 603,801 122,804 962,807 837,808 951,809 96,809 356,809 890,810 913,811 204,815 264,815 379,821 156,825 502,824 109,829 175,829 177,835 945,835 927,841 168,842 268,845 207,849 248,849 943,848 176,852 171,854 85,855 94,857 112,858 377,857 279,860 250,864 354,863 10,864 255,866 732,870 590,872 369,873 427,878 460,879 26,880 745,883 531,885 89,885 925,885 539,886 487,890 125,891 278,900 845,907 446,907 1010,908 224,910 364,913 519,913 310,917 175,920 169,923 887,926 106,929 79,931 97,942 495,943 89,960 329,962 910,964 77,964 322,967 62,969 4,974 79,978 67,976 452,981 984,983 41,984 410,998 971,998 637,1000 158,1002 28,1004 734,1008 361,1011 722,1011 426,1013 95,1019 203,1021
AAQ1 588,6 589,7 504,9 503,10 504,11 11,30 70,47 827,54 229,59 645,72 323,79 585,81 584,82 585,83 318,95 208,98 379,112 391,116 941,117 390,118 399,121 378,130 70,140 169,145 521,160 194,161 603,174 602,175 603,176 775,178 858,189 116,197 663,203 160,217 201,221 843,224 842,225 103,249 93,254 504,254 515,258 735,257 613,265 614,266 948,270 766,277 767,279 418,281 456,285 540,296 716,296 489,303 300,304 316,308 936,309 341,316 45,320 550,324 327,332 329,332 544,347 689,351 502,355 475,359 294,361 495,375 149,393 1020,399 806,403 617,412 190,423 625,432 624,433 626,433 737,433 658,458 356,459 261,463 979,473 163,490 357,490 1005,490 352,499 716,501 715,502 56,506 328,510 347,513 984,523 884,530 512,533 850,536 727,537 849,540 988,542 31,543 688,545 987,543 997,544 199,547 200,549 919,559 938,561 903,564 929,575 914,577 874,588 943,591 423,597 148,598 536,604 666,613 993,615 927,618 979,629 318,633 736,639 40,641 366,644 807,643 788,645 526,649 647,650 225,653 646,652 954,655 953,656 739,660 35,661 885,661 969,663 87,666 105,668 14,678 15,679 53,682 255,683 659,704 657,705 270,710 156,718 610,721 790,724 997,727 355,729 299,734 337,736 834,742 792,753 147,758 635,765 294,779 347,779 729,780 294,781 912,785 870,790 396,796 603,801 123,803 122,804 121,805 951,809 203,815 156,825 109,829 945,836 177,836 926,841 168,843 208,848 943,848 176,851 113,858 377,857 94,858 279,859 280,862 10,863 250,864 249,865 531,885 926,885 538,886 487,890 446,906 224,910 1011,909 363,912 364,913 79,931 80,932 98,942 494,943 88,960 322,967 78,976 80,981 984,983 971,998 637,999 27,1004 722,1011 361,1012
AAQ2 11,30 521,160 163,490 884,530 366,644 635,766 204,815 156,825 109,829 79,975 78,976
AAQ3 11,30 163,489 884,530 836,609 366,644 526,657 204,815 156,825 108,829 946,843
AAQ4 11,30 521,160 163,489 884,530 366,644 635,766 204,815 156,825 109,829 79,975 78,976
AAQ5 415,3 661,3 895,5 423,6 509,7 304,8 276,10 730,13 116,14 791,14 721,22 363,24 883,25 33,26 8,28 9,29 11,30 906,29 297,30 10,31 13,31 130,34 265,34 412,38 755,38 845,38 614,41 54,42 234,43 215,44 278,45 234,47 650,47 905,47 936,49 116,52 43,54 352,55 33,61 790,61 333,63 197,65 873,65 765,67 614,68 26,71 730,72 725,74 762,80 574,81 486,83 754,83 1005,87 515,88 105,91 733,93 198,97 249,97 807,98 220,99 521,103 940,104 266,108 991,110 163,111 40,112 589,114 391,115 597,119 28,120 626,122 9,123 22,123 330,123 674,123 257,124 357,124 531,127 711,129 995,137 591,138 703,138 525,142 1,143 31,143 421,148 83,155 472,157 517,158 679,158 516,160 522,161 884,165 317,166 585,166 710,167 396,172 964,172 525,175 87,180 723,181 948,181 479,185 780,186 76,187 529,193 8,194 668,195 152,196 359,196 895,196 788,198 105,208 837,208 195,216 634,221 937,221 345,224 782,224 245,227 339,227 331,230 918,233 810,235 1004,235 225,236 462,237 592,237 213,239 1022,242 298,243 664,243 242,244 80,252 4,253 725,254 730,254 357,255 319,257 517,261 148,265 889,267 83,268 279,270 95,271 844,272 19,273 580,274 967,276 332,279 300,280 776,282 67,284 202,287 24,289 557,289 570,290 516,292 911,293 184,296 586,296 782,296 210,297 240,297 722,297 785,297 854,300 452,302 327,304 1020,305 969,307 1008,309 728,310 142,313 599,314 456,315 146,316 175,316 303,316 553,321 386,322 863,324 17,329 870,329 13,332 528,332 990,332 223,334 382,337 139,339 727,343 952,344 339,345 488,352 831,353 289,354 823,355 911,355 831,356 943,359 631,361 530,363 61,364 717,370 299,379 988,379 992,379 159,380 640,380 235,381 77,387 747,388 804,389 757,390 269,392 252,393 699,394 998,395 458,399 593,399 996,403 372,404 333,406 48,410 474,412 649,416 653,417 729,417 764,417 374,418 404,419 704,419 498,420 894,420 617,422 990,423 164,428 343,428 310,437 791,437 244,438 225,441 527,444 957,444 966,445 968,448 291,450 47,452 937,454 878,455 763,462 873,463 656,465 134,466 147,468 787,473 867,475 734,478 912,479 722,480 345,482 621,483 219,484 163,490 599,491 517,493 402,495 731,499 331,502 121,504 348,515 85,522 928,523 543,524 881,524 885,531 632,531 300,536 261,538 564,541 85,542 233,542 622,542 882,544 726,545 188,548 911,548 647,549 163,550 341,551 990,553 999,553 705,556 32,560 434,561 686,561 954,561 135,562 756,563 379,564 277,569 408,570 848,570 845,571 854,571 519,573 379,574 484,580 972,584 171,590 330,592 4,595 115,598 923,598 925,602 714,604 174,606 155,607 742,608 987,609 239,610 643,613 522,614 31,615 561,615 779,617 505,619 226,620 723,620 358,622 563,626 576,628 828,630 596,632 402,634 328,640 379,640 363,641 362,642 365,642 859,642 503,643 528,643 366,644 367,646 369,647 368,648 1013,650 647,652 433,654 775,655 839,656 902,656 87,657 25,658 76,658 133,659 692,659 22,661 211,664 587,665 555,668 366,671 524,674 705,675 250,678 442,678 64,679 567,679 834,680 856,683 535,684 44,688 429,688 543,689 886,690 558,696 762,696 250,699 1018,701 58,703 567,703 756,703 1011,704 556,707 702,708 851,712 365,714 198,717 788,718 1017,718 991,725 520,727 180,728 697,728 83,730 172,730 726,733 977,739 180,740 243,740 918,740 930,740 965,741 990,744 24,746 861,746 205,748 935,750 434,751 477,751 504,751 417,754 552,755 144,756 738,757 165,758 548,758 591,764 693,764 299,765 635,765 421,766 312,769 291,773 699,773 224,775 373,777 61,778 338,778 110,779 208,785 682,786 1002,786 56,790 713,798 221,801 183,802 671,806 172,808 810,811 200,812 202,812 674,820 249,821 153,823 155,823 154,824 604,824 156,825 157,826 632,826 106,828 765,827 159,828 293,828 459,829 707,829 710,829 110,830 111,831 112,833 384,833 256,836 737,837 168,839 221,839 673,839 501,840 671,842 200,843 930,847 52,855 314,855 819,857 926,857 490,862 20,863 443,864 506,866 794,866 765,867 775,868 768,870 702,874 360,875 48,881 323,881 694,881 73,885 452,885 632,891 545,892 550,897 956,900 496,902 74,903 243,903 604,903 105,904 854,908 634,910 577,911 692,914 332,915 648,917 62,918 832,919 262,921 328,924 77,927 808,933 108,935 112,935 608,942 778,943 596,944 362,950 404,951 123,953 142,954 94,956 550,958 559,959 622,960 359,962 684,965 341,967 633,968 5,971 193,971 974,971 436,972 974,975 787,978 913,981 228,987 709,988 594,989 98,991 150,991 1014,991 799,992 156,993 677,993 991,993 567,995 503,997 442,998 785,999 307,1000 157,1001 480,1001 330,1004 379,1004 708,1004 849,1005 864,1008 423,1012 957,1012 355,1013 417,1014 464,1015 448,1020 761,1022 861,1022 964,1022
AAQ6 11,30 163,490 881,526 882,528 884,530 886,532 887,534 888,535 152,823 111,831
AAR0 842,2 215,7 650,8 345,9 352,12 63,14 669,14 76,16 559,18 691,20 454,22 654,23 422,22 566,24 665,33 420,36 395,37 416,38 173,42 435,42 454,44 713,43 210,44 448,46 409,51 842,49 634,52 337,61 401,65 421,73 266,73 520,74 823,78 199,80 1001,81 749,84 534,86 850,89 692,95 345,96 810,105 366,105 1018,105 264,108 13,109 468,109 428,111 462,113 552,117 512,121 928,121 641,122 330,122 539,129 53,129 197,129 399,129 717,137 387,141 39,145 283,146 395,145 392,149 438,152 296,155 645,154 440,163 288,164 640,165 503,165 747,169 343,171 40,175 260,175 79,181 542,181 847,181 27,187 73,189 775,189 7,192 712,210 742,210 382,218 440,220 946,220 972,228 896,228 127,230 20,232 612,237 10,242 172,243 636,248 171,249 236,249 339,250 628,253 507,257 4,263 20,265 905,270 866,283 195,286 426,285 386,288 141,294 399,297 432,297 966,297 386,298 406,297 219,302 449,308 563,333 918,344 358,346 334,348 413,349 568,350 154,357 349,356 325,360 959,360 204,367 344,371 454,371 932,372 556,373 514,375 425,377 44,380 286,380 166,382 71,387 232,386 130,389 903,395 791,399 5,403 37,407 561,410 633,412 558,414 131,415 591,416 140,417 526,419 439,425 996,423 140,430 988,432 969,434 608,439 655,441 391,442 103,444 672,446 537,447 253,451 746,457 903,456 432,459 573,459 626,462 273,462 367,465 377,466 352,470 389,472 412,472 422,476 287,477 222,477 737,478 955,478 392,481 446,492 545,494 393,495 263,499 485,501 338,504 351,509 270,510 586,511 383,514 845,513 858,514 673,519 210,524 441,527 235,529 569,529 9,530 172,535 445,540 374,542 634,543 512,544 724,546 838,548 877,548 64,551 999,552 543,556 356,558 522,562 292,565 312,565 599,564 583,566 530,567 230,572 434,573 505,575 381,582 723,582 445,584 482,587 293,592 373,592 524,601 341,604 735,602 267,604 430,605 823,605 986,609 430,613 273,615 54,622 276,623 241,629 661,629 31,638 635,638 926,638 963,639 298,650 374,656 614,658 215,659 666,663 169,665 340,665 317,670 438,674 764,674 341,683 113,692 557,695 206,698 142,700 538,703 511,704 158,707 973,711 766,719 588,725 361,728 320,734 253,734 992,736 327,741 817,740 310,743 452,748 2,749 721,766 768,767 773,770 149,771 827,772 322,783 591,784 549,794 998,795 817,797 712,800 699,804 33,805 842,806 642,808 682,810 190,818 681,817 476,828 806,827 535,829 83,832 8,836 36,839 194,838 364,839 822,839 210,848 319,853 586,854 626,861 439,863 860,863 1012,871 282,880 229,892 90,896 24,897 143,898 329,921 675,924 9,927 883,929 397,937 309,941 807,946 59,948 320,951 48,959 703,959 499,961 564,979 262,981 126,992 592,993 821,994 512,997 744,998 785,1004 586,1006 84,1007 404,1010 250,1016 589,1019 513,1021 545,1021
AAR1 651,8 559,18 690,20 453,21 654,23 665,34 415,38 210,44 448,45 444,48 408,50 411,51 634,52 412,55 337,61 266,72 265,73 520,74 266,74 823,78 198,79 200,80 199,81 749,84 534,86 1018,106 264,107 469,109 462,112 927,120 642,121 929,121 399,129 539,129 400,130 283,146 396,145 392,150 645,154 297,155 295,155 441,163 287,163 640,165 502,165 504,166 259,176 79,181 541,181 382,218 972,228 20,231 21,232 10,242 636,246 636,248 171,249 628,254 5,263 4,264 866,282 196,286 385,287 387,288 141,294 386,298 398,297 449,307 563,333 918,344 358,346 569,350 154,357 350,356 454,371 932,372 513,375 425,377 44,380 167,381 166,382 71,386 903,395 791,399 5,402 37,406 633,412 557,413 559,412 131,414 131,416 140,417 590,416 526,419 439,424 441,424 439,426 989,432 968,434 391,441 656,441 254,451 746,457 573,459 432,460 626,463 352,469 390,472 287,477 423,476 736,477 221,477 422,477 738,477 956,477 955,479 392,481 393,495 485,501 351,509 845,513 858,515 441,527 9,531 445,540 374,543 724,546 877,547 839,547 879,549 1000,553 544,556 522,562 522,564 583,566 313,566 229,572 445,584 293,592 294,593 524,601 341,604 823,605 272,615 55,622 661,629 635,638 926,638 962,639 297,651 374,656 614,657 170,666 437,674 764,675 113,692 142,700 205,699 538,703 512,704 973,711 319,735 992,736 993,737 327,740 311,743 722,766 773,769 774,771 322,782 591,783 590,784 592,785 549,794 817,796 699,804 681,810 190,818 477,827 476,828 534,828 535,830 8,836 364,839 36,839 822,838 210,848 319,853 320,854 586,855 439,863 625,862 860,864 282,880 229,892 90,896 143,897 329,921 883,929 398,936 397,937 399,937 398,938 308,940 309,941 807,946 59,947 58,948 59,949 320,951 47,958 262,981 821,994 512,997 513,998 744,999 786,1004 404,1010 249,1017
AAR2 283,146 425,377 791,399 656,441 254,451 351,509 282,880 90,896
AAR3 52,87 425,377 254,452 351,509 142,524 1016,542 342,657 340,876 282,880 90,897
AAR4 283,146 425,377 791,399 656,441 253,451 351,509 282,880 90,896
AAR5 405,3 419,6 302,8 282,10 1007,11 628,13 750,13 238,14 260,14 83,15 713,22 592,23 59,26 668,38 701,38 993,38 827,39 728,41 168,42 625,44 454,45 696,47 964,49 319,52 9,54 310,55 576,55 746,56 494,58 473,62 275,63 574,63 801,65 683,67 954,70 382,83 910,92 471,93 398,95 58,97 109,97 943,97 414,104 218,105 721,107 116,108 186,110 508,110 45,111 948,111 533,119 264,123 193,124 293,124 919,137 477,138 589,138 151,139 595,141 99,143 5,146 303,147 235,148 214,157 478,163 698,165 129,166 494,167 933,179 778,181 319,185 555,185 622,186 942,186 81,190 96,190 753,190 436,191 637,191 319,193 822,193 582,198 198,200 981,207 313,222 710,224 261,227 245,230 810,233 322,237 452,237 565,241 882,242 520,243 417,252 886,252 52,255 225,256 195,257 397,261 567,261 175,270 393,271 583,274 197,276 220,279 192,280 690,282 731,283 1021,283 130,287 428,287 836,287 471,289 392,292 777,293 612,295 50,296 632,296 60,297 90,297 57,300 74,302 111,305 61,308 896,309 614,310 71,316 201,316 357,322 430,322 640,326 1000,327 773,329 938,331 284,337 29,339 589,340 140,343 193,345 537,349 324,352 629,353 87,354 619,355 707,355 88,358 499,370 536,370 356,373 189,374 513,376 725,382 695,386 319,388 960,388 361,390 889,391 876,392 297,394 622,395 10,399 216,399 710,414 167,417 243,417 278,417 208,419 12,420 82,422 510,423 167,426 893,427 863,429 371,442 385,444 249,447 324,448 250,449 667,449 252,451 395,451 225,454 257,455 666,456 105,463 285,465 651,465 654,471 1015,472 433,481 977,482 386,483 825,483 353,485 705,486 64,490 636,491 703,491 675,492 557,501 349,503 348,507 350,508 351,510 353,511 894,517 59,518 345,518 914,519 553,538 198,544 701,545 735,547 53,549 581,549 119,556 476,559 985,559 202,563 657,568 406,569 814,569 513,570 719,570 891,572 717,574 125,588 317,597 233,600 395,602 342,604 602,605 581,606 722,607 118,608 638,608 326,611 1021,612 101,620 965,625 877,627 19,629 218,630 841,636 38,639 613,639 829,653 165,655 307,655 460,656 669,656 601,657 140,659 256,659 387,663 849,663 999,670 559,672 128,674 56,678 171,679 430,680 553,680 155,684 698,687 40,688 646,688 171,689 514,690 912,698 640,701 696,702 364,703 147,708 965,712 1022,712 172,714 597,718 806,725 810,727 303,728 848,737 604,744 654,745 471,746 867,747 2,750 45,754 366,757 939,761 349,764 496,769 943,772 431,773 1015,776 1000,777 878,784 167,785 340,786 658,786 334,789 197,793 537,797 891,801 365,806 522,808 838,809 546,811 65,815 392,818 490,818 73,821 1002,824 560,826 421,829 849,832 363,835 727,839 711,842 240,843 215,850 633,850 892,857 590,862 5,865 581,865 894,865 936,866 282,880 528,875 884,879 523,881 446,888 116,891 630,892 52,893 89,894 90,896 91,897 93,899 505,899 337,903 754,903 3,906 259,906 743,911 898,914 544,915 505,917 854,917 268,918 528,919 224,921 270,922 699,922 718,922 353,927 580,934 582,935 595,940 836,942 50,946 241,953 252,954 500,957 702,957 668,958 667,959 820,965 116,967 243,967 761,968 143,971 455,985 269,994 793,997 107,1004 644,1004 693,1004 141,1006 406,1011 251,1013 669,1013 733,1014 768,1015 259,1017 502,1017 115,1022
AAR6 252,451 258,455 282,880
AAS0 419,3 1012,14 569,20 625,22 181,27 789,26 134,30 1013,30 184,43 989,44 553,45 837,46 467,62 913,66 865,78 710,80 242,82 484,99 786,100 827,109 744,112 110,121 550,121 761,127 411,134 215,146 375,147 948,152 251,153 580,155 979,155 681,158 852,159 671,164 148,165 621,176 448,196 557,203 990,207 575,210 683,208 704,213 745,223 722,227 703,225 709,224 323,226 680,230 422,236 1011,238 669,241 65,243 413,245 1009,250 560,256 938,263 827,264 132,269 504,268 376,279 886,282 579,289 828,292 780,297 443,299 548,307 488,309 12,319 186,320 796,327 946,326 319,330 752,337 626,343 603,344 635,357 389,358 231,360 145,363 596,366 990,368 427,373 869,373 501,376 783,376 787,380 315,382 192,384 398,386 477,395 900,395 395,396 1012,403 114,409 786,409 1012,409 572,414 553,417 509,418 845,421 987,437 141,438 470,438 4,439 249,441 854,449 599,457 541,458 116,464 310,466 559,469 997,467 18,468 305,469 872,470 690,472 115,474 176,474 976,486 555,488 440,487 460,489 754,492 1016,491 750,498 890,501 567,501 607,503 191,509 405,511 589,510 111,514 625,540 750,538 556,550 47,551 665,568 427,567 853,568 598,573 667,584 690,590 255,590 733,592 565,596 815,604 388,616 41,616 257,621 493,622 521,623 728,624 481,625 501,626 680,626 494,633 471,630 229,632 552,634 351,635 484,639 642,639 73,647 568,657 876,665 939,668 795,670 555,679 886,680 274,688 164,691 350,694 299,698 543,702 732,709 549,712 833,719 734,722 574,727 132,734 334,740 363,741 773,750 982,754 152,755 11,756 99,757 481,756 1018,757 445,757 156,763 98,766 300,770 379,770 842,770 909,772 956,779 588,782 200,795 320,795 658,799 617,799 915,800 501,800 841,802 910,803 58,807 593,818 834,822 580,825 996,826 143,828 780,829 679,837 319,837 1007,837 575,840 307,840 797,841 520,844 675,843 7,851 266,854 364,855 708,856 508,859 716,859 53,863 77,862 218,869 678,871 837,871 318,873 44,877 401,877 31,879 198,896 485,903 374,905 944,906 977,916 490,923 872,924 267,930 865,931 271,932 731,938 226,942 267,940 684,943 760,949 222,954 51,961 631,961 384,967 596,972 855,980 187,1001 195,1004 577,1015 762,1019
AAS1 748,1 1012,13 568,21 624,22 181,27 790,24 789,26 1013,30 134,30 2,38 553,45 837,45 467,62 913,66 865,78 711,79 242,82 711,81 484,99 786,100 745,112 761,127 411,135 581,154 979,156 680,159 448,195 575,210 683,208 722,223 745,223 702,225 721,227 680,230 1011,238 413,244 1009,250 560,256 504,269 131,270 376,278 580,289 443,299 445,298 796,327 752,337 625,342 626,343 389,358 595,367 869,372 868,373 870,373 783,376 193,384 899,394 477,396 1012,403 786,408 114,409 788,409 785,410 787,410 510,419 845,420 987,437 141,438 4,439 249,441 310,466 559,469 996,467 18,468 305,469 872,470 115,474 977,486 555,488 754,492 1016,490 607,503 590,510 111,512 111,514 625,540 751,538 556,549 666,567 666,584 565,596 814,604 816,603 388,616 41,617 257,621 493,623 728,624 481,625 228,631 494,633 552,635 568,657 796,670 887,678 886,680 349,694 300,699 543,702 548,711 834,718 833,720 133,734 334,740 363,741 982,754 1018,757 10,756 151,756 300,770 842,770 909,772 955,778 588,782 658,799 914,800 916,801 910,804 59,807 593,818 834,822 579,825 143,827 142,828 144,828 143,829 679,836 520,844 797,842 266,853 364,855 708,856 53,863 78,862 76,863 677,871 678,872 44,877 43,878 485,903 375,905 373,906 943,906 977,915 976,916 491,922 872,923 864,930 866,931 731,937 226,942 684,943 760,949 50,960 51,961 596,972 855,980 187,1001 195,1004
AAS2 181,27 242,82 243,83 449,196 575,208 702,226 987,437 559,469 555,488 754,492 625,540 665,567 363,741 588,782 520,844 364,855 225,942
AAS3 181,27 112,87 430,190 449,195 702,226 53,357 555,489 754,492 520,843 478,844 676,876
AAS4 181,27 243,83 449,195 575,208 702,226 987,437 559,469 555,488 754,492 625,540 363,741 588,782 520,844 364,855 225,942
AAS5 968,1 813,4 998,4 941,5 557,7 135,8 322,10 21,12 240,13 796,13 178,14 853,14 808,17 690,18 769,22 179,26 632,23 69,26 268,29 509,29 291,30 186,31 156,34 287,34 595,38 630,41 255,44 318,45 686,46 973,47 680,49 1014,49 213,51 186,52 430,55 700,55 842,56 570,58 75,61 541,62 341,63 768,64 27,65 869,65 133,67 763,67 260,69 2,71 728,72 169,79 668,80 746,80 542,81 446,83 716,83 58,87 955,87 21,90 509,93 438,95 951,97 786,98 114,99 285,102 452,106 544,106 671,107 715,107 114,108 920,111 475,119 311,120 915,122 928,122 210,123 465,125 399,127 387,128 585,129 462,134 657,134 899,137 457,138 569,138 387,144 55,146 144,146 291,148 985,154 284,157 609,158 466,160 688,163 760,165 722,167 763,179 761,181 986,181 555,185 493,187 698,191 899,191 446,192 541,193 135,195 136,196 343,196 865,196 746,198 354,200 1013,215 67,218 430,221 205,222 177,223 171,224 752,227 126,230 230,233 132,237 262,237 907,238 381,241 700,242 1000,242 944,243 313,246 345,246 269,252 425,254 430,254 73,256 971,256 286,257 413,261 849,261 575,264 480,265 615,267 841,267 541,270 865,270 596,272 795,272 453,274 85,276 741,276 601,283 657,284 1006,286 830,288 896,288 341,289 352,290 286,292 447,293 514,295 972,295 562,296 490,297 553,297 986,298 995,299 614,300 1002,301 210,302 35,305 781,307 283,309 560,310 1014,312 1008,315 140,316 148,318 425,319 276,322 171,324 751,324 578,326 744,329 920,331 412,332 103,334 749,335 895,341 318,342 62,343 509,343 732,344 119,345 515,345 289,348 473,349 683,355 940,356 92,358 164,358 749,359 733,360 445,361 897,363 597,366 541,370 267,374 756,374 848,379 852,379 19,380 95,381 387,381 959,382 941,386 510,388 186,389 626,389 131,392 569,394 310,399 517,399 762,404 998,409 60,415 541,416 537,417 613,417 648,417 254,418 284,419 489,422 513,426 217,428 304,431 130,437 573,440 629,442 217,444 647,444 650,445 528,455 409,458 933,465 41,466 803,467 950,471 335,475 131,478 376,479 184,480 798,483 33,484 229,484 551,484 773,485 211,486 551,486 553,487 555,489 751,489 753,490 1007,490 557,491 874,491 941,491 559,492 754,492 420,493 558,493 293,494 754,494 568,495 522,498 35,499 168,499 486,500 659,501 449,503 82,518 472,520 224,523 656,523 385,524 1018,530 699,531 515,536 24,541 593,541 727,541 92,542 871,545 714,546 915,547 481,548 231,549 771,549 676,559 163,560 76,561 328,561 598,561 807,561 1015,563 863,568 982,569 398,570 915,570 626,572 61,573 917,574 737,576 568,578 778,578 200,579 507,582 605,583 787,587 333,588 883,589 892,593 716,594 487,597 369,598 553,602 818,605 799,606 962,607 366,608 619,609 895,609 255,611 309,613 209,615 594,616 433,617 902,617 165,619 285,623 11,628 270,629 987,639 143,641 147,643 172,643 624,644 699,646 555,652 287,653 59,654 659,656 928,657 999,658 534,659 906,660 513,665 646,665 324,666 481,668 289,671 801,673 456,674 948,674 358,678 487,679 453,680 877,680 405,681 788,683 18,688 405,688 515,689 245,691 452,691 540,696 744,696 228,699 28,703 712,703 507,708 869,710 977,710 845,712 349,713 408,713 355,714 632,716 544,717 905,717 1007,718 1011,720 995,725 184,726 520,727 180,728 695,728 842,728 194,730 776,733 988,737 196,738 379,738 894,738 985,739 188,740 251,740 879,740 521,741 921,741 951,743 946,745 755,746 1010,746 95,748 3,749 559,753 251,754 266,756 411,757 564,757 1013,757 99,762 409,764 543,764 117,765 138,769 698,769 515,773 778,775 945,775 850,776 141,777 4,780 5,786 730,786 261,793 795,797 907,798 413,806 241,807 852,809 588,811 154,821 546,824 186,829 280,829 298,829 715,829 718,829 123,832 899,832 442,833 405,835 336,836 813,837 301,839 739,839 517,840 559,840 518,842 709,842 228,843 521,846 252,847 522,847 914,847 541,850 941,854 702,857 806,857 795,862 924,862 311,865 626,865 354,866 642,866 613,867 218,875 561,875 582,879 956,880 125,881 1001,884 600,891 370,892 521,892 756,893 574,897 119,898 239,899 345,899 492,902 173,903 597,911 405,912 778,914 386,915 337,917 112,918 372,919 80,922 762,927 565,928 168,930 41,931 616,932 344,934 346,935 102,936 420,937 574,942 228,944 97,945 808,945 708,951 666,953 1000,953 497,955 232,957 962,957 389,959 512,965 840,966 967,966 695,970 33,971 810,971 280,972 897,981 173,985 255,987 729,988 624,989 591,990 218,993 739,993 346,995 627,995 581,997 405,1000 933,1003 446,1004 495,1004 826,1004 269,1005 973,1005 783,1009 69,1011 348,1014 447,1014 604,1020 983,1021
AAS6 178,25 181,27 183,29 186,31 551,484 517,840
AAT0 205,6 79,7 400,7 971,9 681,15 322,21 210,35 724,43 953,44 921,53 888,60 400,67 181,73 467,76 896,77 947,83 872,87 431,87 591,93 425,94 324,100 278,101 356,104 53,107 202,113 769,112 101,123 126,124 368,124 676,126 775,127 345,138 38,147 759,147 393,155 464,156 313,160 139,160 528,166 189,172 147,176 47,191 527,192 699,192 573,200 624,200 211,208 180,213 661,219 913,223 424,229 202,244 792,248 74,251 422,253 762,257 637,260 597,267 43,269 371,272 26,273 521,275 988,279 821,290 563,292 905,292 939,296 678,296 584,299 142,300 365,299 227,309 63,312 851,311 948,312 855,322 877,333 292,344 114,347 523,355 795,358 516,364 389,368 321,372 429,388 604,391 474,393 755,395 564,397 543,400 585,403 694,400 572,405 567,408 15,415 826,413 548,421 706,424 23,428 265,430 541,434 882,435 444,440 425,440 91,443 972,442 959,443 664,446 236,454 915,459 918,465 690,467 322,472 774,483 447,487 653,492 810,492 906,499 124,504 87,511 476,511 697,517 312,519 399,519 701,519 927,523 999,525 307,530 770,535 454,538 953,538 539,543 712,546 216,546 915,548 30,553 518,553 553,553 789,558 399,562 354,569 814,571 284,575 520,576 842,593 435,619 515,629 713,635 499,639 646,640 712,641 249,644 324,644 365,643 420,646 51,655 458,656 556,658 1013,661 343,667 834,668 343,677 727,679 503,681 120,683 524,685 428,688 264,693 581,698 527,705 176,704 543,712 567,712 813,716 611,727 952,731 660,738 731,736 95,739 438,740 148,741 419,745 691,749 893,751 667,753 908,761 551,762 739,768 599,768 222,774 288,775 285,779 394,781 820,786 696,787 82,794 577,802 118,812 665,814 874,818 436,827 1012,829 164,832 965,840 578,843 546,845 104,846 775,847 519,855 106,856 528,855 602,859 782,859 524,864 191,861 508,862 903,864 982,865 979,870 501,870 830,870 517,874 599,885 11,887 416,888 116,896 914,895 596,912 280,914 915,916 605,919 389,921 635,925 294,944 867,945 889,949 68,956 741,962 938,963 271,965 669,972 409,978 703,977 558,988 775,990 811,998 819,997 775,998 991,1000 334,1002 363,1002 523,1003 687,1005 988,1010 439,1019 677,1017
AAT1 25,3 205,5 211,35 724,43 954,44 921,53 888,61 399,68 181,73 468,76 466,77 896,77 947,81 591,94 278,102 356,104 202,113 769,112 368,125 676,127 775,127 38,147 760,147 464,156 312,158 313,160 312,164 313,165 529,166 189,173 699,192 527,192 699,194 573,200 211,209 660,219 913,223 202,245 792,248 74,252 422,253 762,257 597,266 42,267 599,267 372,271 370,272 25,274 520,275 987,280 939,296 142,299 144,299 365,299 585,299 143,300 852,310 63,312 948,311 292,344 523,355 522,356 515,364 390,368 320,372 474,393 754,395 543,400 583,400 585,404 567,408 15,415 706,424 23,428 882,436 444,440 91,443 972,443 914,459 690,467 322,472 774,482 653,493 810,493 811,494 906,499 124,504 697,516 698,517 312,519 999,525 307,530 768,536 953,538 539,544 216,545 712,546 914,547 916,548 400,562 354,568 356,569 813,569 814,571 521,574 284,575 520,576 842,594 713,635 498,637 712,641 364,644 420,646 53,653 52,654 50,656 1013,661 344,667 727,679 503,681 524,685 581,698 527,705 177,705 811,716 813,716 812,717 814,717 813,718 611,726 952,731 660,738 732,736 731,737 437,740 149,742 440,741 691,749 667,753 551,761 907,762 739,768 222,774 288,775 284,779 394,781 696,787 82,794 577,802 118,812 874,818 873,819 966,840 546,844 106,856 603,859 782,859 526,860 602,860 904,863 903,864 982,865 524,866 501,869 979,869 517,873 599,885 417,886 11,887 416,888 116,895 914,895 605,920 294,944 888,949 742,962 937,963 669,972 408,976 409,978 776,990 810,997 811,998 991,1000 687,1004 677,1016 439,1019
AAT2 356,105 15,415 444,439 91,443 322,472 906,499 712,633 713,635 524,685 527,705 611,726 659,738 118,812 669,972 439,1019
AAT3 272,87 104,106 796,195 15,415 322,472 378,524 246,543 924,609 713,635 526,705 782,876
AAT4 356,105 15,415 444,439 91,443 322,472 906,499 712,633 713,635 524,685 527,705 611,726 659,738 118,812 669,972 439,1019
AAT5 952,1 417,3 663,3 779,4 964,4 901,5 421,6 95,8 300,8 862,9 632,13 150,14 823,14 662,18 403,24 939,25 112,26 388,29 629,29 421,30 342,34 477,34 931,39 572,45 426,47 77,48 335,51 314,52 211,54 178,55 790,55 948,56 680,58 459,63 155,65 997,65 249,67 881,67 651,70 832,72 805,74 420,77 762,80 662,81 866,83 212,87 75,88 605,88 165,90 98,93 683,93 313,97 968,98 296,99 465,102 557,103 590,104 382,105 44,106 632,106 724,106 284,108 772,109 328,110 658,110 68,112 631,114 663,119 499,120 654,122 31,123 44,123 350,123 525,127 511,128 701,129 397,131 581,133 201,134 556,134 751,134 973,137 251,139 864,139 198,141 513,142 503,144 157,146 246,146 391,148 829,153 31,155 376,157 301,158 554,160 796,163 317,164 880,165 731,166 832,167 92,173 655,175 859,181 60,182 571,183 894,186 190,187 708,191 909,191 575,193 46,194 915,196 133,199 187,214 232,216 383,218 39,221 754,221 511,223 954,224 397,227 485,230 694,233 976,235 146,236 990,238 498,239 12,244 410,244 381,250 256,252 180,253 899,254 904,254 533,255 843,256 925,256 752,257 705,261 283,262 922,265 31,268 957,270 259,271 1010,272 855,274 481,276 103,277 486,279 470,280 970,282 263,284 424,287 102,288 935,292 881,293 115,295 776,296 382,297 412,297 957,297 746,298 942,299 998,300 358,302 797,305 144,306 523,306 321,308 609,309 452,316 456,318 735,319 424,320 757,321 627,322 700,322 250,328 34,330 686,330 209,332 728,332 166,333 429,334 610,337 319,338 359,338 929,340 148,345 713,348 693,351 7,354 489,354 87,356 344,357 518,358 588,358 895,361 800,363 331,364 1020,370 850,373 695,374 43,377 817,381 373,383 249,387 936,388 612,389 30,390 400,391 589,392 780,399 915,399 634,404 70,405 304,410 13,413 692,412 322,415 706,422 763,422 124,424 65,426 716,427 487,428 481,430 572,431 875,435 430,437 611,440 471,444 880,445 757,454 438,458 593,462 711,463 976,465 99,466 233,466 862,466 1013,467 579,473 323,474 635,475 409,478 471,479 605,479 470,480 119,482 777,482 1,484 523,484 547,486 415,487 746,490 407,491 286,492 353,492 759,494 216,495 1022,498 680,499 119,502 925,503 572,518 598,520 704,523 968,523 110,524 315,524 62,530 162,536 714,542 818,542 917,544 309,546 933,548 705,549 203,550 389,551 426,554 561,555 345,558 92,560 500,561 752,561 215,562 806,563 856,563 431,564 283,565 414,570 546,570 952,570 449,571 481,574 427,575 249,577 294,579 740,579 642,580 17,583 117,584 905,588 484,594 324,595 97,598 411,598 201,599 1022,604 478,606 459,607 626,608 30,609 560,609 905,611 965,613 858,614 232,617 75,618 538,618 841,619 572,620 708,622 1013,623 800,625 95,627 797,628 955,629 26,630 711,631 916,632 712,634 714,634 715,635 714,636 715,637 683,640 829,641 145,643 817,643 842,643 331,647 399,651 94,652 145,653 899,653 841,654 153,656 237,657 510,658 587,659 118,660 488,661 245,664 581,664 707,664 55,666 188,666 738,667 825,671 381,673 674,678 327,681 186,682 3,684 879,684 326,688 699,688 511,691 720,691 190,694 798,696 1002,696 498,699 524,701 525,703 743,703 153,705 526,705 529,707 481,714 342,717 694,717 29,718 608,723 268,728 613,728 165,730 254,730 546,731 206,738 405,738 914,738 913,740 971,741 458,742 569,742 1,744 968,744 1018,745 835,746 66,747 189,748 101,749 416,751 459,751 486,751 697,753 38,754 530,755 416,756 149,758 534,758 683,764 281,765 689,767 265,773 948,775 95,776 346,776 319,777 419,777 11,778 56,779 200,780 453,785 944,786 497,793 683,798 699,808 758,808 760,811 261,821 666,823 461,828 643,829 891,829 894,829 624,830 305,832 61,833 587,835 503,839 941,842 462,843 695,845 160,848 429,850 847,850 271,855 566,855 58,858 742,862 264,863 726,866 1001,867 1000,870 584,875 168,886 511,886 544,888 374,890 198,891 950,891 718,892 869,892 639,895 421,898 836,898 995,902 410,903 579,903 437,904 763,912 62,915 732,915 701,917 26,918 714,919 398,921 684,921 760,924 497,927 409,931 1010,932 758,935 520,936 948,942 320,946 782,950 824,951 250,952 536,954 472,956 768,957 472,958 928,958 919,959 26,966 338,967 465,967 965,968 169,971 531,971 278,972 135,979 311,982 466,982 28,985 605,985 676,987 4,990 552,991 446,992 227,993 435,994 742,995 1019,995 886,998 611,1001 938,1001 271,1004 855,1004 949,1012 885,1013 724,1014 823,1014 962,1015 431,1017 439,1018 227,1022
AAT6 12,412 14,414 16,415 15,416 18,417 714,636 525,703
AAU0 970,8 570,14 814,16 444,20 332,21 992,37 370,50 969,50 80,51 112,55 364,56 591,60 769,60 875,67 334,73 221,97 47,105 826,108 822,128 225,133 477,155 765,159 478,173 353,174 177,181 284,185 11,207 703,207 886,210 458,215 646,216 640,220 727,238 920,251 705,258 144,267 202,269 825,270 587,290 458,290 708,294 174,298 1020,301 351,306 62,312 471,322 344,336 821,348 380,366 20,372 250,374 790,381 534,388 316,390 263,397 516,406 275,425 551,441 869,440 712,452 994,459 589,465 638,499 408,505 620,506 878,514 96,518 241,520 19,531 26,543 157,545 672,553 218,553 563,553 371,562 485,565 504,573 928,589 871,592 673,594 843,595 855,598 622,609 430,614 997,625 699,628 589,632 144,635 94,639 581,642 152,644 599,645 925,647 553,657 262,658 564,660 120,674 596,676 444,687 614,688 774,694 584,697 297,707 484,707 780,712 389,712 622,713 658,714 273,726 108,736 30,743 122,743 25,746 42,748 67,750 21,752 27,754 330,756 43,759 23,758 10,760 65,765 51,769 420,771 590,771 629,771 477,773 620,774 486,776 908,778 992,778 670,782 133,786 352,785 485,788 738,790 962,792 969,797 450,798 114,801 432,803 12,808 271,809 658,809 1012,815 545,816 180,829 78,830 185,831 488,832 862,834 534,841 495,845 461,847 449,848 415,849 816,850 392,861 400,867 891,866 966,866 120,868 346,867 463,869 603,871 478,875 450,876 621,878 280,882 517,885 392,886 464,887 207,889 671,890 480,890 764,892 816,902 358,904 273,908 256,909 662,912 738,920 255,921 295,921 479,931 370,932 296,932 503,937 512,942 425,943 748,947 25,955 77,959 266,970 711,970 296,975 254,988 381,995 253,998 200,1002 993,1003 619,1007 859,1013 558,1018 154,1020
AAU1 970,8 570,14 814,16 815,17 332,21 331,22 370,50 969,50 80,50 81,51 80,52 113,53 112,55 363,55 769,60 591,60 875,66 334,72 220,97 47,105 826,109 822,128 821,130 225,133 478,155 478,174 353,175 11,207 703,207 887,210 646,216 640,218 641,219 728,236 727,238 920,251 706,258 704,259 144,267 825,270 588,290 458,290 709,294 708,295 173,298 1020,301 351,306 344,337 820,348 822,348 382,366 251,375 248,375 789,381 791,380 533,387 316,389 317,390 316,391 318,391 263,398 516,406 275,425 552,439 551,440 553,440 711,451 712,453 994,459 590,466 637,499 618,503 408,505 620,505 619,509 877,514 241,520 18,530 20,533 672,553 219,553 563,553 504,573 928,589 870,592 871,593 673,595 843,595 622,609 430,614 997,625 700,628 590,630 144,635 143,636 582,640 581,642 599,645 152,645 925,646 262,658 263,659 563,660 445,687 443,688 615,689 774,694 584,696 298,706 297,707 484,707 389,711 779,711 622,713 624,714 658,714 273,725 108,737 30,742 121,743 122,744 25,746 42,748 66,749 67,750 21,752 68,751 27,754 26,756 43,759 23,759 65,765 52,769 629,771 590,772 477,774 620,775 486,776 908,778 907,779 670,781 132,784 352,785 133,786 485,789 738,790 963,791 962,792 969,797 451,797 450,798 451,799 113,801 432,803 13,808 658,809 271,809 1012,815 545,815 180,828 78,829 488,831 78,831 185,832 486,833 861,834 533,840 534,842 495,845 462,848 816,850 415,850 449,849 392,861 400,867 345,866 891,866 966,866 346,867 464,869 120,868 347,869 603,871 478,873 479,875 450,876 478,878 480,878 620,878 479,879 279,882 517,885 392,886 515,885 464,888 670,888 207,889 480,890 671,890 764,890 764,892 816,902 357,904 273,908 256,909 255,910 661,911 662,912 738,919 296,920 739,920 256,922 294,921 737,921 479,931 370,932 295,933 514,940 512,941 424,943 511,943 748,947 25,954 24,956 78,959 266,970 710,970 712,971 297,976 254,988 380,995 252,997 253,998 252,999 994,1003 619,1007 859,1012 860,1015 558,1018 560,1018 153,1019
AAU2 370,50 43,758 816,850 479,931
AAU3 371,49 630,190 948,543 966,844 816,850 479,931
AAU4 370,50 43,758 816,850 479,931
AAU5 1004,1 481,3 727,3 843,4 4,5 973,5 501,6 404,8 972,9 53,12 702,13 218,14 419,17 742,18 690,23 995,25 168,26 48,30 479,30 360,34 495,34 678,38 1019,38 85,39 904,41 837,44 664,45 470,47 886,47 111,48 800,49 276,52 374,53 826,56 221,59 772,61 489,62 596,63 716,64 1003,64 821,65 81,67 713,67 552,68 676,72 314,77 678,80 574,81 784,83 581,88 167,91 817,93 290,97 341,97 151,98 923,98 334,99 525,102 627,103 666,104 46,105 468,105 740,106 313,108 444,110 776,110 196,112 840,122 880,123 463,124 563,124 703,127 891,129 775,133 139,138 415,139 6,140 364,141 681,142 157,143 187,143 393,143 655,148 49,154 287,155 604,157 525,158 901,158 972,163 204,166 14,168 302,173 389,181 248,182 755,183 1011,185 46,187 366,187 362,190 563,190 578,190 211,191 918,191 95,192 714,193 266,194 408,196 615,196 127,197 371,199 387,208 95,209 399,216 505,218 165,221 866,221 147,222 587,224 591,230 774,233 887,234 628,235 52,236 246,236 459,239 955,241 262,243 562,243 926,243 506,244 917,246 507,250 380,252 859,252 306,253 651,255 989,256 47,257 645,257 900,257 855,261 175,265 506,265 82,266 423,268 423,271 160,273 17,275 748,276 702,279 674,280 487,284 922,287 41,288 454,289 985,289 115,293 319,295 142,296 980,296 119,297 90,298 153,298 603,300 630,302 862,302 725,304 13,306 313,308 535,308 815,309 62,311 840,315 690,316 818,322 104,327 464,328 248,330 900,330 430,332 388,333 766,337 409,342 843,348 7,350 837,351 149,354 631,354 504,357 682,358 754,358 11,362 28,366 70,366 109,371 861,374 322,375 731,379 404,380 408,380 599,380 967,381 525,383 389,387 60,389 168,390 534,391 712,393 135,395 460,396 982,399 93,400 486,404 322,405 590,410 732,415 201,418 277,418 312,418 982,419 448,421 274,422 171,423 734,423 550,424 732,428 1002,431 77,435 862,437 305,438 377,441 855,450 858,451 607,452 461,455 394,456 743,458 269,459 391,464 556,467 693,468 972,472 401,476 197,479 446,480 189,484 886,484 123,485 319,485 596,491 140,493 207,493 738,494 934,496 53,503 211,503 877,504 528,519 717,519 642,524 896,524 255,525 887,537 113,539 139,540 103,543 666,543 772,543 597,546 658,546 106,548 156,549 287,549 641,550 145,551 325,552 499,556 297,559 32,561 692,562 962,562 734,564 355,565 136,569 271,570 406,571 139,572 349,572 863,572 872,572 851,574 221,578 64,580 136,580 276,580 722,580 626,581 136,586 444,588 281,589 15,599 329,599 119,600 133,604 940,605 506,609 934,609 157,611 795,612 720,615 739,616 408,619 953,621 907,624 779,627 1007,627 800,629 855,630 950,630 38,632 914,640 465,641 671,641 851,642 175,644 845,644 870,644 357,648 435,652 683,652 142,653 191,654 705,655 281,658 489,659 6,661 241,665 573,665 699,665 33,670 868,672 439,674 365,675 762,679 290,682 961,682 292,683 139,685 7,686 937,689 456,695 476,703 194,705 453,706 543,708 1016,708 389,710 323,712 791,714 850,714 797,715 2,716 622,718 411,720 421,727 634,727 970,728 863,729 557,731 646,731 950,732 422,739 654,739 853,739 334,740 31,741 341,742 3,743 389,743 904,743 1015,743 435,745 438,747 241,748 597,749 501,750 786,752 829,752 856,752 11,755 703,755 816,756 678,757 964,758 377,759 762,759 871,765 463,766 575,767 909,774 60,777 231,777 142,778 330,786 110,788 798,790 140,791 657,794 971,798 815,799 261,800 401,800 475,800 549,808 200,809 783,809 842,809 844,812 351,816 670,819 768,819 796,821 377,822 282,826 856,827 1001,828 422,830 699,830 668,831 323,833 75,834 638,834 573,836 751,841 675,846 478,848 116,849 791,851 33,856 226,856 993,858 76,859 119,864 248,864 623,866 938,866 966,867 917,868 882,871 466,875 794,875 787,876 347,882 435,882 808,882 171,886 542,886 980,886 305,887 984,891 718,892 385,896 191,899 606,899 325,900 431,900 48,902 761,903 281,904 698,904 969,906 201,907 105,908 712,911 828,915 436,916 424,920 958,920 384,922 144,923 585,923 604,923 478,929 193,928 587,929 204,932 787,932 112,934 308,935 510,935 114,936 118,936 283,941 424,945 99,946 220,947 750,948 278,951 314,952 772,952 722,954 1010,956 282,958 440,959 506,961 245,963 249,968 515,969 905,971 852,972 318,973 872,976 737,979 50,983 2,984 175,986 247,988 715,989 608,990 571,991 196,994 17,995 617,996 667,1000 833,1000 359,1001 887,1004 398,1005 447,1005 778,1005 225,1006 919,1006 944,1009 725,1010 7,1012 21,1014 443,1014 286,1015 385,1015 29,1018 272,1018 512,1021 875,1022
AAU6 477,928 479,928 482,933 481,934 482,935
AAV0 695,8 397,15 959,22 653,29 187,36 702,38 157,44 139,44 285,47 726,48 786,48 804,49 574,54 483,59 39,66 885,70 274,72 584,72 101,76 724,76 857,87 152,88 434,88 645,103 430,111 548,114 114,117 717,127 359,132 933,137 303,139 413,140 856,142 603,144 699,145 108,157 17,158 653,163 45,166 80,180 581,182 88,186 937,188 98,193 439,198 704,202 730,202 148,203 617,205 219,207 816,211 82,217 748,227 868,227 32,231 484,233 192,236 98,241 426,240 433,242 508,243 168,244 519,245 552,248 80,251 324,252 398,252 10,258 645,259 819,263 8,271 768,273 1013,273 147,278 405,278 44,280 206,283 159,284 301,283 380,286 505,289 316,292 308,294 597,303 37,303 329,313 609,314 150,316 76,321 90,318 193,322 482,322 551,322 170,323 44,334 303,338 840,345 1012,345 701,348 646,350 326,353 46,355 97,356 493,357 521,363 480,364 809,365 564,365 55,367 246,367 86,368 279,369 62,373 77,373 499,378 900,382 762,383 535,384 753,384 41,386 949,386 30,388 496,391 838,395 368,400 202,400 1018,400 77,402 31,408 554,410 631,411 952,417 525,417 512,431 300,433 328,434 157,439 179,438 44,442 799,442 833,445 411,446 632,447 507,448 366,452 160,454 178,453 474,453 618,454 822,455 368,458 473,462 159,467 522,471 810,474 82,476 313,486 559,487 519,492 109,494 608,495 60,497 160,523 4,526 979,528 149,531 165,532 908,533 143,535 643,537 226,539 998,546 99,549 120,549 132,556 330,560 405,565 914,578 313,584 205,589 565,589 988,591 310,596 325,596 554,594 850,597 426,606 813,605 263,608 360,618 155,619 601,622 465,623 75,624 893,633 515,639 435,640 299,641 649,642 376,646 233,652 550,653 741,654 242,655 232,657 763,657 184,666 548,665 679,668 299,671 847,671 237,672 449,673 192,674 277,674 624,688 954,690 324,694 918,696 129,699 222,703 87,707 929,711 715,713 880,716 192,720 189,726 269,726 248,730 539,732 885,736 269,741 343,740 506,741 145,741 555,742 709,742 336,741 287,745 118,749 270,756 895,757 781,759 267,759 809,762 239,767 252,763 113,767 322,767 599,772 235,772 273,772 766,775 8,777 838,778 447,782 145,782 163,784 594,784 842,785 10,788 247,790 587,789 705,794 427,799 271,803 664,810 633,813 31,813 294,813 329,814 721,816 764,821 238,826 860,828 306,833 1014,835 899,842 150,850 159,852 862,851 289,854 758,860 919,865 76,867 442,870 226,874 404,874 279,881 453,888 358,893 365,895 58,900 74,902 146,901 746,905 233,910 125,909 85,912 888,911 327,913 419,914 65,918 411,918 719,919 11,920 671,922 726,923 42,926 577,927 275,927 906,926 565,930 138,931 359,933 373,932 479,938 467,943 376,945 79,947 195,950 491,951 482,951 899,956 103,956 322,959 64,962 659,969 707,972 417,974 403,974 209,978 1007,977 591,980 406,985 293,990 506,995 687,994 971,996 114,1003 298,1006 756,1010 971,1009 162,1012 488,1012 338,1014 382,1017
AAV1 695,8 694,10 652,29 187,37 157,43 726,48 285,48 787,48 804,49 573,55 38,66 275,71 724,76 857,86 858,88 645,103 430,111 933,137 413,141 856,142 602,144 699,145 108,156 653,163 44,166 582,181 88,185 88,188 704,202 731,202 617,205 816,211 81,217 749,226 32,231 484,233 98,241 433,242 552,248 79,251 324,251 397,253 10,258 645,259 769,273 1013,273 404,278 205,283 208,284 379,286 316,292 37,303 597,302 598,303 609,313 150,316 76,321 193,321 45,334 302,338 840,345 701,349 646,349 326,353 46,355 96,357 494,356 493,357 809,365 55,368 245,367 77,373 500,378 535,385 752,384 30,388 31,389 496,391 368,399 77,401 369,400 1018,400 952,417 328,434 43,442 833,445 411,446 160,454 473,462 522,471 82,476 313,486 60,497 160,523 159,524 4,526 149,531 166,531 643,537 226,538 99,549 121,549 913,577 313,584 989,592 311,595 325,596 309,597 426,606 813,606 360,617 515,639 435,641 650,642 376,645 375,646 377,647 763,657 549,665 184,666 547,666 678,667 678,669 449,672 237,673 954,690 323,695 129,698 128,699 222,702 87,707 929,710 880,715 192,721 248,730 539,732 884,736 145,741 270,741 506,741 556,742 709,742 554,743 118,749 117,750 119,750 271,755 269,756 781,759 895,757 809,762 251,763 239,768 599,772 234,772 235,773 767,775 8,777 447,782 145,782 164,784 594,783 842,785 10,789 586,788 587,789 247,790 705,794 663,809 664,811 633,813 330,813 763,821 238,826 859,828 861,829 306,832 1013,835 151,850 160,851 289,854 919,864 227,874 452,888 358,892 58,900 73,902 75,903 233,910 85,912 719,920 670,922 726,922 725,923 577,926 276,927 578,927 566,930 358,932 360,932 480,939 467,943 375,944 79,947 376,946 195,950 491,951 481,951 482,952 899,957 64,962 659,968 707,971 418,974 403,975 209,978 506,995 687,994 114,1003 298,1006 755,1009 488,1012 338,1014 383,1015 381,1017 551,1021
AAV2 726,48 413,140 76,321 193,321 82,476 325,596 929,710 780,759 233,910
AAV3 104,87 76,321 193,321 831,356 220,524 20,543 650,609 558,657 929,710 1006,843 248,876 233,910
AAV4 726,48 413,140 76,321 193,321 82,476 325,596 929,710 233,910
AAV5 383,3 393,3 639,3 747,4 932,4 879,5 407,6 296,8 254,10 973,11 166,13 216,14 238,14 787,14 281,17 885,25 58,26 944,29 242,34 377,34 681,38 883,38 973,38 726,41 160,42 291,44 426,45 660,46 676,47 917,47 594,49 261,52 957,53 908,54 496,55 654,56 386,58 913,60 642,61 189,63 492,63 614,64 899,64 997,66 609,67 460,68 118,69 387,70 882,70 576,72 49,79 634,80 36,87 921,87 431,88 1007,89 995,90 511,93 114,97 165,97 840,98 168,99 355,102 496,104 298,105 568,106 656,106 220,108 292,110 624,110 161,111 38,112 431,120 557,125 391,131 199,134 544,134 739,134 919,137 513,138 625,138 185,139 788,139 944,139 94,141 875,142 905,142 361,144 1007,145 72,146 319,147 235,148 691,153 925,154 316,157 728,165 918,172 321,178 393,178 719,179 31,181 707,181 932,181 421,183 732,186 28,187 497,188 4,190 203,190 218,190 875,190 366,193 55,195 802,196 31,199 68,216 907,220 590,221 893,221 329,224 768,224 275,226 306,230 208,235 65,236 25,239 150,239 513,241 447,242 826,242 452,243 656,243 862,251 467,254 472,254 89,255 99,256 413,256 495,256 320,257 457,261 889,270 271,271 610,272 807,272 108,276 705,276 78,279 528,282 847,283 615,284 303,289 433,293 653,293 488,295 304,296 469,296 958,296 988,296 454,297 517,297 600,300 982,301 808,305 779,307 832,309 670,310 429,314 262,315 978,315 1007,315 98,316 71,317 187,317 70,318 190,318 74,319 189,319 191,320 265,319 980,319 76,321 60,322 78,322 152,322 194,323 197,324 433,324 555,328 385,329 559,331 779,333 655,337 695,337 625,341 48,342 267,345 63,348 245,349 793,353 303,355 389,355 630,356 790,357 862,357 397,359 391,360 93,361 297,369 252,374 139,376 629,378 302,379 306,379 497,379 974,379 565,380 387,386 19,388 666,388 82,389 57,390 1017,393 822,398 957,398 314,403 677,405 971,416 23,417 58,417 688,417 828,419 902,421 494,422 308,423 906,426 681,427 867,433 618,436 235,444 234,445 529,449 279,451 141,454 68,455 818,457 894,464 266,466 427,467 188,468 666,471 764,474 63,475 845,477 891,478 1,479 880,479 801,482 474,483 735,483 931,483 469,485 819,486 857,490 805,492 225,494 696,494 526,495 514,498 41,499 172,499 905,506 168,518 357,518 643,518 562,520 288,523 542,523 925,523 449,524 24,531 729,531 738,535 485,536 643,536 645,537 709,537 735,538 559,541 240,542 346,542 179,545 240,545 883,545 706,546 909,547 235,549 763,549 548,553 557,553 970,553 897,557 624,559 111,560 26,561 278,561 765,561 410,563 855,564 377,565 943,568 54,570 807,570 1017,570 177,573 686,578 758,578 898,578 607,582 770,584 1007,589 142,592 984,593 519,597 835,597 607,598 387,600 691,600 352,604 814,605 791,606 346,608 878,608 591,609 867,609 552,616 121,619 78,625 147,626 73,628 239,629 334,629 444,630 218,632 42,634 69,637 45,640 221,641 737,646 520,651 307,653 77,654 241,654 433,655 726,656 935,656 362,657 875,657 390,659 609,663 939,663 41,664 423,665 120,667 167,671 2,678 834,678 576,680 233,681 588,681 622,683 196,688 808,688 335,689 390,696 594,696 854,701 920,702 578,703 929,711 911,706 354,707 329,708 494,708 675,710 783,710 121,714 380,716 721,718 721,725 934,725 242,727 127,728 415,728 819,729 6,730 446,733 700,737 932,737 107,738 954,739 1017,739 639,740 697,741 289,742 692,744 623,745 738,745 796,746 901,747 801,748 10,750 573,750 309,753 8,756 143,757 294,757 195,764 783,764 139,767 766,768 294,769 707,772 99,773 642,774 380,775 551,775 468,776 10,777 485,777 760,777 528,778 654,779 695,781 186,782 576,784 885,784 615,785 14,786 996,788 861,792 663,795 151,797 343,797 503,801 863,806 436,809 168,811 720,820 68,823 596,824 871,827 772,828 864,828 882,828 273,829 276,829 12,830 695,831 983,834 906,835 375,837 895,838 153,840 972,841 331,842 886,842 115,845 976,846 299,850 755,854 780,854 26,855 531,857 638,857 970,857 266,862 239,864 572,865 574,867 589,868 202,875 547,875 920,880 89,881 562,881 989,884 790,885 115,886 154,888 1016,889 844,890 574,891 344,892 780,892 716,893 273,895 512,897 163,899 269,899 900,900 567,902 1004,902 145,903 3,904 230,906 931,906 231,907 234,910 237,914 496,914 144,915 85,917 638,919 74,921 263,922 282,922 186,924 933,926 323,928 974,930 557,931 378,932 630,933 936,934 940,934 886,935 542,943 939,944 34,946 72,951 474,953 283,955 16,957 183,959 997,961 612,966 737,966 639,970 829,970 582,971 54,972 429,978 664,980 762,981 716,982 979,986 445,988 344,989 1022,994 279,995 211,997 323,999 489,999 689,999 7,1000 174,1001 602,1002 517,1003 143,1012 671,1012 381,1013 944,1013 135,1014 912,1016 132,1020 392,1020 455,1022 658,1022
AAV6 192,320 77,321 197,324 925,705 927,707 929,710 930,712 931,714 933,715 934,716
AAW0 137,5 383,5 244,6 606,8 905,9 37,17 450,18 303,19 876,18 332,20 206,24 232,26 39,30 606,30 428,41 406,44 93,45 1002,49 814,56 996,65 25,69 541,70 826,72 324,77 485,77 251,82 378,83 516,84 217,88 262,89 533,88 771,88 487,91 134,95 414,98 576,100 379,126 178,127 819,130 572,132 11,143 179,146 975,149 836,151 473,169 900,170 33,178 407,195 104,193 805,195 985,200 26,202 259,204 215,211 143,215 938,218 411,228 104,230 55,233 334,233 637,234 23,238 896,240 89,242 476,241 463,247 996,249 790,255 200,264 406,267 264,271 531,275 350,279 938,285 297,295 63,299 400,303 719,307 506,307 318,308 179,310 541,314 336,315 468,319 644,348 135,357 849,356 920,359 399,361 860,364 433,366 511,365 993,368 678,378 847,380 1009,379 800,387 832,386 243,388 618,390 623,394 773,396 815,397 144,398 109,407 234,407 371,415 90,416 27,420 12,422 17,423 559,426 128,430 249,430 441,432 945,435 741,438 133,443 510,443 280,447 9,449 409,452 813,455 45,458 469,458 458,460 757,468 883,470 370,475 448,476 51,481 871,482 907,483 601,487 379,492 948,493 645,497 659,501 556,509 310,515 724,517 611,520 381,520 66,522 200,521 76,531 483,530 706,535 383,541 998,541 929,541 1018,541 319,551 408,551 36,556 711,566 23,571 880,573 876,578 601,577 24,579 712,584 705,585 458,591 382,595 834,595 83,596 958,600 984,599 904,601 960,608 816,612 378,613 242,616 170,619 666,620 375,623 405,625 257,630 696,632 92,634 198,641 677,645 306,645 631,649 375,655 954,659 252,665 177,666 654,669 96,670 955,681 494,690 633,691 234,694 1012,695 789,696 298,698 489,700 783,703 322,704 509,708 1006,708 145,711 324,711 482,713 802,713 374,719 554,720 739,727 694,729 211,733 975,739 312,739 837,744 263,746 794,749 198,752 553,752 934,752 629,757 319,758 849,762 417,767 876,775 622,777 225,780 690,783 918,787 981,789 149,792 793,792 34,793 324,796 837,803 85,812 139,813 92,815 780,817 152,821 599,832 657,832 67,833 639,834 951,837 451,837 995,845 546,849 988,852 559,873 801,873 649,877 520,880 344,896 527,903 812,903 111,907 594,924 318,931 336,932 213,945 435,948 336,949 531,954 876,955 536,964 332,968 84,970 753,971 229,985 456,989 313,1001 491,1002 456,1006 307,1019 886,1019
AAW1 905,10 450,18 876,18 449,19 205,24 232,26 39,29 605,30 2,39 428,41 407,44 406,46 1002,49 995,64 997,65 996,66 541,71 826,71 324,77 515,83 532,88 770,88 134,95 135,96 415,97 415,99 576,101 379,126 571,132 819,130 573,133 11,143 179,147 975,149 474,169 33,177 34,179 407,195 215,211 214,212 142,215 411,229 334,232 23,238 89,242 93,241 477,242 200,264 406,267 350,278 938,285 297,295 400,304 719,307 506,307 179,310 336,315 541,315 643,348 135,357 848,356 850,356 849,357 399,360 860,364 433,366 993,368 847,380 1009,379 800,387 244,388 832,387 618,390 774,397 108,406 110,407 109,408 371,415 89,416 28,418 17,422 17,424 128,429 249,430 441,432 945,435 133,443 9,449 813,454 45,457 458,459 758,467 371,475 448,476 871,482 908,483 906,483 601,488 948,493 645,497 555,509 310,515 725,517 611,519 66,522 382,520 610,520 199,521 381,521 482,530 484,530 76,531 706,535 385,541 929,541 998,541 319,551 408,552 36,556 711,565 876,578 601,577 459,592 382,594 834,595 83,596 904,601 958,600 984,599 960,607 816,611 242,616 170,620 405,624 406,626 257,629 696,632 306,644 676,644 307,645 631,649 679,649 374,655 252,666 654,668 653,670 494,690 789,696 1013,694 1012,695 489,699 1006,708 145,710 144,712 481,713 803,713 482,714 554,720 374,721 739,727 693,729 693,731 211,733 974,739 264,746 553,752 933,752 198,752 319,759 876,775 623,777 225,780 690,783 918,787 148,792 85,812 92,816 781,817 67,833 599,832 657,833 639,834 451,837 951,837 995,845 546,849 988,852 559,873 801,873 812,903 594,924 319,931 317,932 213,946 434,947 337,948 433,948 435,948 531,954 753,971 84,971 228,985 229,987 312,1001 491,1002 456,1005
AAW2 324,76 323,77 407,195 297,295 9,449 706,535 319,551 876,577 877,578 904,600 904,602 494,690 789,696 84,812 546,849 753,971
AAW3 134,87 344,190 407,195 297,295 987,356 9,449 138,524 706,535 1002,542 319,551 789,696 84,812 752,972
AAW4 324,76 323,77 407,195 297,295 9,449 706,535 319,551 876,577 877,578 904,600 904,602 494,690 789,696 84,812 753,971
AAW5 964,1 443,3 815,4 998,4 137,8 342,8 916,9 306,10 760,13 148,14 111,15 806,17 660,18 361,24 68,26 318,29 559,29 928,29 250,34 385,34 715,38 516,45 356,47 17,48 44,50 224,52 462,55 898,56 628,58 299,59 423,63 726,63 105,65 951,65 819,67 650,68 601,70 68,71 788,72 585,79 714,80 606,81 808,83 172,87 33,88 559,88 22,93 607,93 182,97 233,97 571,97 39,98 815,98 419,102 523,103 562,104 956,104 614,106 706,106 823,107 867,107 195,108 340,110 672,110 96,112 729,119 160,120 581,120 141,123 154,123 452,123 796,123 377,124 475,124 705,125 627,127 613,128 797,129 673,133 575,134 837,134 29,138 655,138 767,138 787,141 293,143 573,144 235,146 324,146 581,147 924,147 513,148 963,153 175,155 582,157 664,160 918,163 124,166 579,166 847,166 954,167 181,171 202,173 623,178 695,178 997,179 989,181 190,182 783,185 719,187 867,188 409,196 920,191 97,192 712,193 258,194 377,195 569,196 74,197 988,198 305,199 333,208 360,216 862,221 631,222 623,223 579,226 690,230 168,234 646,235 70,236 262,236 509,236 744,237 874,237 624,239 276,243 574,243 940,243 118,244 506,244 903,246 935,246 643,255 965,256 23,257 621,257 878,257 821,261 153,265 484,265 62,266 193,268 411,268 815,271 335,273 900,274 694,276 269,277 638,279 628,280 102,283 419,284 191,285 554,287 234,288 358,289 906,290 297,295 820,292 971,293 197,295 16,296 466,296 21,297 500,297 530,297 70,301 713,303 707,309 230,310 722,310 62,311 406,313 398,316 427,316 553,316 709,322 782,322 331,329 161,330 338,332 706,337 417,338 457,338 461,339 381,342 828,342 580,343 383,351 71,354 143,356 65,357 390,357 203,360 191,361 915,361 818,363 347,364 944,365 957,370 994,370 808,373 653,374 505,379 845,379 174,380 178,380 369,380 848,380 735,381 795,382 275,383 213,387 814,388 863,388 883,390 378,393 612,399 747,399 120,404 982,404 503,406 680,412 368,415 869,416 877,417 953,417 988,417 590,418 614,419 835,422 188,424 135,426 778,427 35,430 521,430 580,431 741,435 881,435 675,440 621,444 5,446 19,445 10,449 13,449 186,449 311,450 1014,450 302,451 49,452 838,455 717,458 827,463 622,465 96,466 243,466 377,466 1010,466 117,468 769,473 639,478 676,480 317,482 248,484 509,484 701,484 699,486 910,490 967,494 410,495 450,498 216,499 367,502 525,502 161,504 609,507 848,520 91,522 928,523 148,524 312,524 523,524 266,530 305,532 291,538 313,539 975,540 586,541 117,542 265,542 964,544 779,545 840,545 451,546 308,548 783,549 319,550 320,551 453,551 52,554 61,554 456,554 323,555 765,556 355,558 880,559 94,560 605,560 764,561 10,562 862,563 285,565 831,565 238,568 375,569 114,570 388,570 520,570 927,571 936,571 124,573 935,582 40,585 173,588 739,588 98,595 779,600 43,601 710,604 906,606 119,607 274,608 702,608 206,609 941,609 195,610 559,611 938,611 607,613 13,615 541,615 481,619 328,622 416,625 497,626 411,628 620,639 383,640 557,641 901,642 791,652 291,654 459,654 686,654 879,656 116,658 610,659 72,661 671,665 804,665 601,668 440,671 3,673 775,675 524,678 645,679 914,680 571,681 926,681 958,683 631,684 490,687 64,689 601,689 924,690 323,691 514,691 536,696 789,698 753,702 1000,702 485,703 672,703 472,707 799,710 731,712 231,713 290,713 245,714 474,714 514,716 422,717 779,717 885,718 893,720 895,725 84,726 303,728 744,728 1019,729 84,730 382,731 233,738 855,739 810,740 822,740 455,741 855,741 897,743 908,745 739,746 996,746 9,749 628,749 236,750 529,753 357,757 959,757 634,758 523,764 93,765 525,767 708,769 145,773 657,773 70,775 828,775 916,776 317,777 939,777 194,778 994,778 120,780 670,782 914,782 40,785 351,785 528,786 842,786 339,793 863,797 5,802 619,808 678,808 85,812 86,814 506,818 604,818 224,821 618,823 728,826 598,827 869,827 589,829 823,829 826,829 199,832 785,839 613,840 998,841 787,842 543,846 354,847 655,850 927,854 94,855 364,855 883,857 990,857 296,858 590,862 1,865 583,865 632,866 920,866 870,867 889,868 870,870 424,875 761,875 86,881 279,881 750,881 532,885 978,885 303,886 342,888 184,890 10,891 770,891 976,892 445,895 708,897 654,898 365,899 471,899 84,901 642,902 218,903 387,903 744,903 1015,905 163,907 1000,908 774,910 723,911 531,912 878,914 524,915 683,922 702,922 942,927 733,928 342,930 213,931 368,931 979,931 28,934 352,935 356,935 642,937 571,940 728,942 387,945 86,946 564,950 612,951 327,953 348,954 857,955 280,956 586,957 292,958 747,959 561,962 749,966 549,967 31,971 191,971 755,975 987,978 198,981 131,982 862,984 480,987 955,988 850,989 432,993 261,994 578,995 859,995 777,996 605,1000 630,1004 679,1004 1010,1004 455,1005 127,1006 494,1006 146,1009 229,1011 749,1014 782,1015 518,1017 137,1022
AAW6 407,194 296,294 5,446 8,448 10,449 11,450 12,451 13,452
AAX0 96,6 967,23 668,30 454,34 661,39 94,50 892,50 480,54 38,60 473,61 270,75 298,76 355,79 281,80 451,85 119,91 10,95 846,95 920,94 591,119 417,124 4,128 775,131 1013,132 506,134 890,136 345,137 24,142 500,145 873,153 601,155 965,167 190,168 30,170 68,175 194,186 606,187 909,189 686,193 868,193 872,200 640,211 944,213 757,221 763,226 32,231 941,233 23,232 968,240 75,245 524,247 601,250 915,250 980,250 486,258 145,261 431,263 313,266 529,268 761,269 60,272 630,273 647,274 767,275 394,273 364,284 574,284 369,289 631,291 695,296 408,310 929,310 263,316 737,320 450,320 872,320 216,327 425,335 807,337 15,338 582,341 574,342 288,349 791,352 67,354 451,353 359,355 520,361 161,364 703,364 56,375 212,377 965,387 566,387 133,389 495,390 479,398 729,403 804,405 501,406 140,415 806,419 582,419 786,424 459,426 101,435 936,436 431,438 909,437 630,440 560,450 471,449 582,459 674,459 680,460 778,465 585,463 4,464 561,469 831,472 762,474 787,473 579,476 462,477 773,477 43,480 810,480 786,481 746,484 369,484 967,483 242,485 733,490 548,494 611,499 941,499 212,499 754,502 505,507 834,509 698,509 638,513 490,514 428,515 643,514 21,516 208,517 448,519 534,523 639,525 597,528 628,526 626,532 723,534 476,542 691,543 939,542 527,544 640,545 397,551 705,553 711,560 889,560 679,568 553,569 17,571 770,571 373,579 487,577 655,581 457,585 984,586 298,586 978,588 188,590 679,591 774,593 363,598 613,605 485,607 31,612 407,615 584,633 25,634 823,635 817,637 797,638 493,649 609,659 917,670 519,691 386,693 789,695 316,699 599,701 303,709 341,710 330,712 611,713 719,713 294,714 647,717 738,717 164,719 946,721 908,726 849,728 943,730 51,732 110,735 526,736 277,740 675,742 651,745 32,749 92,749 577,748 60,750 457,751 947,758 635,758 885,759 119,760 165,769 1017,771 50,773 24,779 894,783 908,784 654,785 360,790 865,790 72,801 823,801 455,819 361,819 22,826 29,835 90,837 590,844 656,849 866,850 934,849 773,853 274,859 122,860 355,862 396,862 552,863 228,865 208,871 945,876 920,881 724,882 320,883 956,884 728,884 165,889 226,892 336,896 1010,901 237,905 414,909 826,923 106,925 850,925 258,929 628,929 303,932 712,942 468,943 1008,946 814,949 355,949 609,954 573,956 796,958 751,961 3,962 778,964 729,977 674,981 548,982 6,985 870,985 751,991 650,997 54,999 716,999 932,1003 423,1009 732,1011 43,1013 67,1016
AAX1 97,5 96,7 967,24 661,39 473,61 38,61 299,75 354,79 451,85 10,95 846,94 591,119 774,131 1013,132 506,134 344,137 600,155 29,170 31,170 606,187 909,189 686,193 867,194 872,200 641,211 757,221 758,222 763,226 941,233 524,247 914,250 980,250 144,261 60,272 631,272 647,274 630,273 767,275 364,284 363,285 370,289 631,290 632,292 695,296 408,311 263,316 737,320 451,320 873,320 216,327 16,338 15,339 582,340 791,352 67,353 66,355 161,364 57,373 56,374 211,376 212,378 565,387 133,389 479,398 140,415 806,419 787,424 101,435 431,437 430,439 433,439 630,440 560,451 582,459 681,460 680,461 779,462 585,463 3,463 4,464 778,467 560,469 562,469 831,472 788,472 762,474 760,475 462,478 43,480 810,480 744,482 746,484 369,483 368,484 242,485 941,499 612,499 505,506 504,507 506,508 833,508 698,509 638,513 637,515 208,517 448,519 597,528 628,526 476,542 691,543 640,545 527,544 889,560 679,568 17,571 373,579 487,577 655,581 456,585 983,586 297,586 188,591 363,599 613,604 485,607 32,610 31,612 407,615 585,632 584,633 25,634 493,649 609,659 386,693 789,693 789,695 316,700 303,709 330,712 294,713 611,714 329,714 646,717 850,727 944,730 943,732 111,735 277,740 674,742 32,748 31,750 456,751 947,758 884,760 119,761 165,769 1017,770 51,774 25,778 24,779 909,784 866,791 455,819 22,826 28,835 90,836 90,838 590,844 656,849 866,850 773,853 774,854 274,859 122,860 552,862 229,865 208,870 209,871 319,882 956,884 164,888 1010,902 414,909 827,922 826,923 106,925 849,925 105,926 303,933 1009,946 814,949 609,954 574,956 796,958 778,964 870,985 650,997 717,1000 67,1016 47,1021
AAX2 647,274 767,275 777,467 941,499 597,528 640,545 679,568 373,579 455,819
AAX3 282,87 850,195 647,274 767,275 941,499 200,524 596,528 10,543 640,546 679,567 373,579 528,609 404,657 455,819
AAX4 647,274 767,276 777,467 941,499 597,528 640,545 679,568 373,579 455,819
AAX5 933,5 541,7 115,8 894,9 1011,11 204,13 760,13 146,14 821,14 109,15 610,23 383,24 905,25 63,26 328,29 377,30 264,34 399,34 709,38 520,39 752,41 192,42 372,43 677,44 412,45 780,46 90,50 270,52 178,55 788,55 149,61 609,62 702,63 259,65 927,65 171,67 695,67 72,71 796,72 269,79 635,79 854,80 668,81 588,83 234,87 97,88 193,90 96,93 815,93 248,97 299,97 101,98 873,98 280,99 858,101 569,103 610,104 414,105 76,106 895,107 939,107 267,108 412,110 744,110 168,112 782,122 820,123 403,124 803,129 579,138 691,138 174,141 693,141 475,142 151,146 240,146 483,147 475,148 430,157 743,158 610,160 876,163 960,165 88,166 914,167 600,172 545,178 617,178 929,181 130,182 713,185 947,185 643,187 157,191 866,191 43,192 658,193 326,196 533,196 36,197 281,199 584,200 366,216 898,221 179,222 617,224 565,226 527,227 621,227 593,230 881,234 216,236 696,237 826,237 449,239 943,241 242,243 542,243 908,243 88,244 298,252 777,252 220,253 923,254 928,254 953,256 487,257 517,257 717,261 293,262 13,265 340,265 938,265 41,268 261,268 767,276 907,270 203,271 611,271 902,272 606,274 705,274 378,276 256,279 212,280 690,282 1007,283 402,287 545,287 942,288 619,292 549,293 609,296 570,297 633,297 46,299 704,300 72,302 304,302 187,304 117,305 515,305 886,305 831,307 37,308 706,310 166,316 152,318 403,319 383,321 239,322 312,322 95,324 657,324 452,326 783,328 591,329 743,331 698,332 957,333 859,338 385,340 968,342 391,343 614,344 399,345 451,353 437,355 525,355 445,356 774,356 563,359 569,360 282,365 324,365 430,370 254,373 584,374 692,379 696,379 887,379 340,380 959,380 697,386 431,388 486,389 240,399 375,399 756,403 132,404 109,406 258,412 429,416 423,417 499,417 534,417 142,418 145,418 468,419 352,422 968,422 463,426 396,427 1018,427 685,429 151,430 224,431 90,437 553,437 303,440 983,440 694,445 670,448 1015,449 759,451 605,454 546,455 425,458 435,462 304,465 927,465 33,466 767,467 950,471 289,473 18,475 119,478 171,479 305,479 795,481 671,483 742,483 161,484 709,485 374,490 37,491 997,492 522,493 900,494 716,495 912,497 660,498 175,499 308,499 630,500 943,501 963,506 208,520 570,520 592,523 302,523 919,523 645,531 682,535 699,538 351,540 964,540 636,541 1018,541 637,542 280,544 77,545 138,545 642,547 327,548 79,549 611,549 643,549 804,553 115,556 466,559 967,559 880,560 82,561 581,561 216,563 663,564 171,565 676,565 566,567 684,569 778,569 192,570 185,571 194,571 416,572 683,572 875,572 370,577 482,578 373,579 374,580 376,583 225,583 536,586 365,587 632,591 472,593 306,594 399,597 999,597 439,606 6,608 532,608 255,609 226,611 321,614 845,614 55,617 27,620 706,621 1011,622 883,625 910,627 963,628 34,629 138,630 942,631 754,633 765,636 759,639 921,642 946,642 445,646 535,650 783,650 244,651 21,653 993,653 468,656 677,656 106,657 670,657 741,658 276,659 648,660 403,663 249,665 382,665 207,668 160,674 345,675 904,677 74,678 720,678 161,680 585,680 488,683 93,688 674,688 201,689 186,696 386,696 393,702 656,702 569,704 643,706 96,707 69,708 234,708 721,712 843,713 48,714 84,716 359,717 461,718 453,720 435,725 648,725 978,726 642,727 131,728 278,728 770,729 150,733 640,737 326,738 419,739 644,739 705,739 347,740 11,741 411,741 928,741 15,742 481,743 484,745 303,746 564,746 174,749 343,750 99,753 952,754 944,755 98,757 920,757 945,763 33,764 663,764 779,765 680,768 218,769 598,774 328,775 499,775 760,775 410,776 837,776 166,782 897,784 641,785 40,786 358,786 243,797 435,797 77,798 555,798 695,798 773,798 623,800 593,801 53,806 598,807 161,808 220,808 520,809 456,820 112,818 210,818 212,820 815,820 176,823 182,824 242,826 379,827 842,828 936,828 954,828 88,830 96,833 51,835 54,842 22,847 694,847 859,854 126,855 627,857 734,857 342,862 765,862 894,862 291,864 357,864 777,864 640,865 378,866 651,867 665,868 298,875 727,879 14,881 207,881 680,881 442,885 888,885 642,891 402,892 553,892 784,893 131,898 544,898 265,899 371,899 701,902 116,903 141,904 157,906 59,907 890,908 627,911 431,912 766,914 412,915 375,917 724,917 90,921 374,921 581,922 600,922 510,924 241,927 268,930 141,931 306,935 310,935 596,937 780,942 954,943 552,951 942,953 252,954 190,956 490,957 634,958 635,959 80,967 207,967 115,971 72,972 566,972 128,976 1005,978 234,981 330,982 481,985 534,987 839,990 402,991 454,991 298,992 460,993 981,993 277,994 761,996 650,997 777,997 901,999 595,1000 168,1003 89,1004 626,1004 675,1004 1008,1004 453,1005 955,1009 227,1011 233,1013 494,1014 593,1014 760,1015 111,1022
AAX6 767,276 370,576 456,820
AAY0 888,8 830,10 724,21 159,31 92,49 424,50 852,49 686,55 130,55 857,60 127,65 892,64 653,65 700,67 532,68 837,83 508,87 956,86 357,88 399,91 254,92 575,96 66,101 611,103 841,104 309,107 189,108 33,110 619,112 644,114 86,116 263,117 121,135 70,138 394,139 862,152 446,156 923,159 359,161 578,169 48,171 50,176 825,175 772,179 760,185 181,193 360,196 338,198 291,198 687,207 628,208 727,216 892,215 190,216 555,219 731,220 885,231 828,245 502,247 149,254 734,257 522,265 761,271 325,273 415,274 791,274 155,282 322,283 644,288 402,293 607,293 380,295 760,298 391,300 492,302 387,305 362,307 524,311 375,324 295,327 206,338 374,339 251,340 624,343 29,346 500,349 105,354 550,355 554,355 650,357 677,359 891,364 958,366 143,368 711,368 575,375 286,383 268,390 308,425 344,436 732,440 415,441 115,444 431,444 863,451 610,456 979,458 400,458 185,461 612,463 334,470 276,474 98,478 410,478 952,481 552,487 640,491 732,492 817,492 834,496 195,509 294,513 952,516 195,521 1012,521 427,529 254,537 476,540 666,541 915,544 416,544 350,552 764,552 939,560 825,560 515,566 938,566 685,567 635,569 12,570 192,571 601,571 116,571 457,576 385,576 553,580 346,583 436,582 614,582 507,585 868,590 467,594 485,594 295,602 653,602 890,613 371,618 257,618 558,623 748,625 805,624 899,632 283,632 758,633 512,636 636,638 288,641 187,648 400,661 551,662 936,665 887,672 385,673 866,676 997,678 997,687 221,688 568,699 596,704 539,713 376,716 603,728 527,730 519,733 144,733 527,739 6,739 83,736 760,741 432,741 843,742 511,743 836,745 651,750 276,752 524,751 801,753 508,754 610,753 621,756 274,757 803,760 731,770 938,775 133,778 699,778 825,778 215,778 910,788 82,797 728,801 439,803 724,815 989,823 881,825 731,829 605,837 995,837 427,844 93,853 134,854 185,854 650,854 579,864 220,869 695,872 857,875 324,881 467,887 1002,891 134,891 698,891 140,899 946,898 348,902 840,909 510,911 956,913 1019,916 542,921 970,922 434,927 166,931 336,931 489,932 408,938 1005,939 713,940 731,950 34,955 858,954 65,966 486,978 1014,979 518,982 635,982 592,993 145,1005 548,1013 331,1021
AAY1 889,8 831,11 724,20 723,22 159,30 161,31 92,49 424,51 852,50 686,55 129,56 857,61 891,64 653,65 702,65 700,67 532,67 699,68 532,69 837,83 956,86 508,88 399,91 255,92 254,93 66,101 611,103 841,103 310,107 189,108 190,109 34,110 618,112 619,113 85,116 264,116 87,117 263,118 121,135 70,137 393,140 862,153 922,159 359,160 48,171 579,170 578,171 50,176 52,176 825,176 772,179 760,184 761,185 181,193 361,195 359,196 338,198 291,199 627,207 686,207 687,208 727,216 894,215 189,216 893,216 188,217 191,217 731,220 828,245 501,247 149,255 734,257 762,270 325,272 415,274 155,282 321,282 154,283 156,283 323,283 322,284 644,287 644,289 399,291 402,294 404,292 608,293 760,299 762,298 387,304 361,305 360,306 362,307 524,309 524,311 373,323 294,326 296,328 206,337 251,339 373,339 250,340 623,343 30,346 500,349 105,353 550,354 650,357 677,359 891,364 958,365 142,368 711,368 576,374 575,375 286,382 269,390 268,391 307,424 344,436 342,437 732,440 414,441 416,441 114,444 432,444 862,450 610,456 979,458 399,458 977,458 185,461 611,462 612,463 334,470 276,472 277,473 275,474 410,478 953,479 953,482 552,486 551,488 731,492 640,493 834,496 194,508 294,513 951,516 953,516 194,520 1011,520 1012,521 1013,523 427,529 254,537 665,541 915,544 416,544 350,551 349,552 765,552 350,553 825,560 939,560 938,565 515,567 686,567 684,567 12,569 193,569 601,571 635,569 192,571 116,571 11,572 457,576 384,575 385,576 553,580 614,582 436,582 346,583 612,584 867,590 467,593 869,591 485,595 295,601 294,602 653,602 889,613 371,617 259,618 747,624 805,625 283,632 758,631 899,632 758,633 513,635 512,636 511,637 637,638 287,640 288,641 187,648 551,662 400,662 936,665 887,672 867,676 997,677 998,687 221,689 997,689 596,704 597,705 539,713 376,715 603,729 519,731 144,732 519,733 8,735 526,735 83,736 6,739 528,739 759,740 761,740 527,741 760,741 762,741 843,742 511,743 837,746 835,745 651,749 525,750 276,753 800,752 610,754 801,753 509,754 621,757 731,769 938,775 940,774 699,778 133,778 824,777 826,778 215,778 910,787 82,797 728,800 439,803 729,802 438,804 439,805 724,815 989,823 880,825 605,837 996,837 427,844 92,853 134,855 184,854 579,863 220,869 695,872 466,888 134,891 1002,891 1004,891 140,900 946,899 348,902 840,909 510,911 507,911 956,913 1020,916 541,920 543,920 970,921 541,922 969,922 434,927 165,931 489,932 409,937 408,938 1006,939 713,939 731,951 858,953 33,955 65,965 64,966 65,967 486,978 1014,978 1012,979 484,980 635,983 592,993 595,995 548,1013
AAY2 836,83 733,257 285,382 610,456 185,461 601,572 456,576 457,577 553,580 467,594 551,663 134,854 695,872 511,912 593,993
AAY3 156,106 84,196 610,456 185,461 553,580 467,593 208,658 1018,844 695,872
AAY4 836,83 733,257 285,382 610,456 185,461 601,572 456,576 457,577 553,580 467,594 551,663 134,854 695,872 593,993
AAY5 435,3 681,3 982,4 927,5 455,6 141,8 324,10 25,12 680,13 300,14 322,14 155,15 367,17 797,22 439,24 135,26 420,29 661,29 356,34 491,34 660,38 1003,38 69,39 862,41 302,42 479,44 540,45 894,46 488,47 904,47 135,48 166,50 223,54 516,55 650,58 309,59 589,62 794,64 127,67 649,67 767,67 557,70 30,71 739,74 571,79 700,80 61,90 994,92 553,93 673,93 118,97 169,97 995,97 830,98 710,101 393,103 418,104 470,106 562,106 51,108 821,110 908,111 863,122 876,122 160,123 504,123 87,124 187,124 411,125 529,129 235,131 433,133 55,134 815,137 403,138 515,138 14,141 539,141 323,142 337,144 11,146 100,146 359,147 704,147 361,148 785,153 314,157 400,157 498,160 575,165 938,165 631,166 748,167 426,172 992,172 119,180 79,181 964,181 467,183 711,185 413,187 495,193 113,195 640,195 327,196 863,196 752,198 875,208 184,216 223,216 327,218 1005,220 461,222 423,224 862,224 311,227 405,227 411,230 604,233 717,234 890,235 60,236 283,239 773,241 322,244 303,250 411,255 415,256 733,256 277,257 618,257 551,261 123,262 855,264 162,265 905,267 105,271 513,271 852,272 27,273 586,274 347,276 316,280 806,282 839,283 889,284 504,287 555,289 546,290 609,293 831,293 402,294 627,296 90,297 120,297 604,297 80,299 114,302 346,302 229,304 145,305 916,305 271,306 843,307 345,309 524,310 614,310 218,316 473,319 164,320 355,322 428,322 255,324 808,329 981,331 476,332 938,332 177,334 332,337 436,342 186,343 870,344 257,345 409,348 573,349 354,352 735,355 781,360 719,369 515,370 388,373 235,374 587,376 742,379 746,379 937,379 378,380 265,381 825,382 287,384 655,386 290,388 306,388 788,390 957,391 946,392 684,395 114,399 320,399 724,403 562,404 81,406 966,414 435,417 511,417 546,417 192,419 298,420 376,422 992,422 812,423 1006,427 681,429 141,430 561,435 132,437 611,437 627,440 721,442 759,444 752,445 756,448 756,450 58,451 607,454 74,457 181,457 246,458 612,458 183,459 663,467 464,468 956,471 46,475 371,475 240,478 227,479 361,479 153,483 787,483 303,486 181,491 674,493 856,498 383,499 516,499 842,500 1017,501 151,502 261,507 969,518 514,520 819,521 644,523 898,523 799,524 382,531 94,536 85,538 115,539 787,540 392,541 612,542 217,546 36,547 225,548 813,548 563,549 63,550 253,551 886,553 895,553 611,556 201,558 989,559 584,561 257,564 842,569 92,570 186,570 220,570 599,571 245,573 753,576 592,578 726,578 148,579 32,580 483,580 377,582 488,584 748,586 583,587 463,589 655,589 465,590 463,591 467,593 464,593 632,593 468,595 471,596 225,597 470,597 529,597 105,598 321,598 471,599 109,600 411,600 82,604 531,606 698,607 102,608 632,608 355,609 633,609 1017,610 51,613 989,614 684,619 810,621 87,623 189,626 893,627 35,629 130,629 240,630 54,639 766,639 989,640 997,642 1022,642 561,650 809,650 270,651 51,653 1,654 189,655 335,655 490,656 688,657 156,659 870,666 113,668 958,670 531,672 830,677 1020,677 111,679 81,680 505,680 225,683 996,687 454,690 540,693 852,698 676,702 161,703 697,706 150,707 137,708 302,708 501,710 609,710 457,712 1009,713 260,716 174,717 631,718 878,727 371,728 518,728 996,729 158,731 588,737 820,737 814,739 513,740 554,741 598,745 741,748 342,749 976,749 8,751 51,751 78,751 988,755 254,757 703,757 62,758 233,764 867,764 892,768 430,769 377,773 532,775 606,776 890,777 664,778 843,781 328,782 720,784 9,785 787,785 190,786 508,786 558,789 67,793 395,797 587,797 239,798 717,798 857,798 935,798 743,801 245,806 79,807 327,808 386,808 694,809 438,811 985,814 1006,820 376,823 486,826 633,827 165,828 343,829 591,829 594,829 7,832 324,833 281,835 207,839 493,840 298,842 447,845 282,847 956,847 203,850 623,850 31,855 308,855 816,857 969,862 74,863 981,864 537,865 853,867 692,868 693,870 695,872 696,873 768,874 424,875 740,879 90,881 283,881 373,881 145,885 332,888 164,890 734,891 504,892 655,892 431,895 648,897 295,899 10,901 550,902 128,903 233,903 135,906 527,911 337,912 650,914 250,915 193,917 986,917 734,919 906,920 164,921 351,922 370,922 266,924 630,927 44,930 64,931 665,931 728,933 202,934 986,935 215,940 670,943 59,945 784,945 234,950 724,951 1007,952 507,955 956,955 966,957 398,958 409,959 484,960 533,968 949,970 904,971 374,972 950,975 144,982 487,982 98,983 712,984 345,987 805,988 690,989 210,991 262,991 873,992 47,994 350,995 531,996 480,998 643,999 809,999 197,1001 528,1001 960,1002 885,1003 958,1008 739,1009 25,1011 551,1012 63,1013 485,1013 332,1014 431,1014 598,1015 85,1017 328,1017 584,1020 959,1021 913,1022 1013,1022
AAY6 464,590 469,595
AAZ0 467,3 257,4 9,4 212,5 441,13 204,14 241,16 774,15 551,22 927,27 794,30 352,39 696,41 438,45 788,47 362,48 995,49 952,50 983,51 178,51 978,53 973,56 555,59 897,59 406,62 979,63 1004,64 992,65 404,68 855,68 89,77 678,81 135,84 673,85 564,86 814,91 885,108 411,109 560,117 501,119 66,126 110,126 724,129 181,134 815,134 836,134 3,139 1018,144 229,147 84,147 77,149 279,151 609,151 520,152 852,151 434,165 859,169 274,169 597,178 803,181 599,183 846,186 343,186 296,196 858,203 950,207 1013,209 351,210 967,218 37,221 345,220 568,224 418,226 67,229 471,229 613,232 810,233 829,238 243,239 526,243 917,253 871,255 353,257 571,257 727,261 767,268 517,269 38,270 730,278 30,282 752,286 892,290 860,298 344,307 13,307 126,313 370,322 969,323 962,331 3,332 929,332 96,336 574,340 596,345 787,343 751,346 61,348 123,352 156,353 455,354 607,353 613,354 649,354 635,359 958,361 180,363 607,364 843,365 151,370 624,377 754,384 881,394 811,396 297,400 273,403 92,404 459,407 369,411 1012,416 267,417 722,419 523,418 415,420 104,420 606,423 617,422 492,432 667,431 735,433 49,435 533,438 935,440 885,455 427,459 874,459 695,467 341,472 99,476 550,480 832,485 251,496 462,495 116,497 709,509 962,510 180,516 488,532 86,540 262,544 469,549 376,554 759,556 841,555 879,559 218,562 603,565 676,573 585,580 178,583 652,589 275,591 759,595 72,599 507,602 996,606 220,627 316,629 449,653 555,652 779,665 490,670 973,672 481,670 304,688 551,690 576,697 134,699 205,700 613,705 146,707 276,707 489,706 545,712 293,717 887,720 133,724 750,727 392,729 118,731 1010,730 85,732 832,732 564,737 101,742 58,743 1006,746 718,745 348,746 448,746 743,763 596,769 232,775 896,781 707,784 25,787 375,789 511,790 100,801 739,811 844,813 172,814 443,813 657,814 1001,816 43,818 400,818 879,824 160,826 197,826 505,827 734,827 420,831 894,833 237,833 643,855 597,859 430,859 717,860 979,861 332,870 9,872 819,872 371,874 288,878 308,878 734,878 318,880 580,882 221,883 1008,889 926,890 399,892 576,904 413,906 794,907 172,920 169,925 755,923 396,924 459,924 982,929 920,931 276,938 1010,938 251,941 439,945 126,946 197,947 254,949 958,950 597,953 894,956 1002,958 417,959 839,960 449,966 107,966 666,969 331,970 875,975 584,983 932,984 782,998 902,1002 249,1003 895,1007 700,1009 871,1016 1008,1018 414,1017
AAZ1 466,3 257,3 212,5 440,13 241,16 774,15 551,23 927,28 794,29 351,40 695,42 438,45 788,47 984,51 178,52 978,53 973,56 897,59 555,59 405,62 978,62 403,68 673,85 135,84 814,91 561,117 502,119 66,126 725,129 181,134 815,134 1017,146 84,147 229,147 77,150 609,151 279,151 520,152 435,164 859,169 274,169 599,182 847,183 846,186 295,195 1014,209 37,221 568,224 613,232 242,239 244,239 918,253 517,268 731,278 30,282 892,291 860,298 344,306 14,307 127,313 369,322 929,331 962,331 4,333 3,335 787,342 592,343 597,345 62,348 123,352 455,353 612,353 156,354 613,355 635,359 958,362 843,365 151,370 152,371 624,377 754,385 880,394 811,397 298,400 272,402 297,401 369,411 267,418 722,420 415,419 523,419 605,422 492,431 491,432 735,433 49,434 533,438 934,439 935,440 695,466 695,468 341,471 342,472 341,473 549,479 832,485 462,495 251,496 116,496 488,532 87,539 86,541 377,554 759,556 840,555 376,556 219,562 677,574 177,584 652,588 759,595 996,606 219,626 317,630 450,652 554,652 449,653 450,654 490,670 973,672 302,687 304,688 550,689 549,690 551,690 135,699 205,699 206,701 616,701 613,705 276,707 146,707 545,712 292,717 886,720 133,724 750,727 118,730 85,732 831,733 58,743 1006,746 719,744 348,746 717,745 743,763 596,769 233,775 894,780 896,781 706,783 375,789 511,791 101,801 739,811 845,812 657,814 843,813 442,814 1001,816 43,818 400,819 879,824 160,826 197,825 505,826 506,828 894,833 643,855 597,859 717,860 979,861 332,871 9,872 370,874 369,875 288,878 735,878 286,879 318,879 734,879 579,881 1009,889 926,890 925,891 399,892 576,904 794,907 577,906 172,920 169,925 460,923 459,925 920,931 1010,937 1011,938 252,942 439,945 126,946 197,947 894,956 1002,957 1002,959 449,966 667,969 875,975 874,976 931,984 932,985 895,1007 700,1009 871,1016 1008,1018
AAZ2 788,47 673,85 814,91 859,169 846,186 832,485 973,671 1006,746 374,789 375,790 1001,817 168,925 197,947 894,956 1008,1018
AAZ3 673,85 1014,86 814,91 859,169 927,356 832,485 358,543 1006,745 375,790 1008,1019
AAZ4 788,47 673,85 814,91 858,169 846,186 832,485 1006,746 374,789 375,790 1001,817 168,925 197,947 894,956 1008,1018
AAZ5 401,3 647,3 763,4 948,4 489,7 63,8 262,8 624,13 114,14 136,14 657,14 155,17 580,17 505,22 149,24 863,25 748,29 378,38 330,39 639,39 93,44 238,45 448,46 709,47 812,51 711,53 676,54 1004,54 402,56 985,58 354,61 67,62 286,64 741,64 379,65 249,67 92,68 33,70 528,70 213,74 707,78 182,80 668,80 58,81 670,81 671,82 674,86 677,89 501,89 489,90 678,90 939,92 817,95 339,97 79,98 86,101 817,102 858,103 105,107 149,107 501,107 640,109 970,109 394,111 692,122 707,130 869,132 479,133 832,133 3,134 181,137 869,137 413,138 340,140 661,143 545,147 854,164 1000,164 585,165 962,166 857,168 859,169 183,170 861,171 630,171 864,173 723,174 539,177 609,177 255,179 883,180 84,181 587,182 894,185 190,186 845,186 126,189 327,189 342,189 991,189 873,190 529,192 137,194 668,194 148,195 886,195 778,197 179,207 273,215 357,217 27,220 505,221 495,222 499,223 395,226 489,226 608,228 644,232 749,233 337,235 562,236 928,237 305,238 795,240 330,243 745,245 777,245 196,251 675,251 118,252 841,253 846,253 316,254 479,254 491,255 461,256 831,260 1011,263 318,264 916,264 15,267 235,267 643,270 986,271 40,272 457,275 85,276 1011,283 654,286 797,286 40,287 717,288 881,291 27,293 51,294 912,294 728,295 850,296 710,297 336,298 988,299 487,303 421,304 174,305 139,307 942,309 28,310 704,314 552,315 564,317 706,321 8,326 388,327 355,328 185,329 350,331 720,336 453,338 615,344 1013,344 969,348 365,350 763,350 531,353 37,355 125,355 41,356 151,360 879,360 176,361 1016,369 860,372 711,373 166,374 49,376 936,379 531,380 823,380 379,382 269,386 1017,387 634,388 48,389 400,390 576,392 968,398 716,403 360,409 800,411 470,414 909,416 985,416 1020,416 723,417 644,418 803,421 338,422 142,423 43,425 759,425 461,427 969,428 429,429 504,430 609,433 352,436 827,436 551,443 988,444 982,447 925,453 731,457 640,464 116,465 263,465 397,465 6,466 141,467 440,471 540,474 724,477 851,478 215,483 247,485 711,485 577,486 910,489 444,491 507,491 214,498 761,498 894,498 200,500 641,506 894,517 59,518 343,518 920,519 28,523 460,523 189,524 412,529 790,530 471,531 524,535 275,536 545,538 205,540 842,540 62,542 166,542 733,545 630,547 339,548 107,549 633,549 817,550 440,553 449,553 141,556 753,557 254,559 492,559 995,559 900,560 128,561 178,563 226,563 823,563 604,567 496,569 768,569 900,569 599,570 293,571 302,571 540,572 1007,572 879,573 823,574 639,576 476,578 548,578 24,580 777,589 816,593 654,594 753,597 327,598 343,600 645,600 764,605 314,608 575,609 853,609 578,611 251,613 677,614 183,615 890,617 169,619 407,620 361,623 233,626 258,628 408,629 318,632 173,637 406,639 981,639 98,640 845,646 634,651 679,652 399,653 165,654 562,654 2,655 812,656 1021,656 949,657 478,659 594,659 960,660 721,663 33,664 159,664 539,665 672,665 346,666 204,667 475,668 240,671 821,672 539,675 266,678 912,678 638,680 501,683 251,688 830,688 85,691 296,691 598,696 908,702 383,703 572,703 819,704 879,706 326,707 305,708 470,708 719,710 553,712 57,713 116,713 61,714 671,718 176,727 69,728 842,729 350,733 488,738 577,739 804,739 867,739 1001,739 1003,742 524,740 536,740 157,741 540,741 42,742 558,745 1004,745 1009,750 351,746 606,746 617,748 856,749 407,750 934,750 977,750 1004,750 159,753 887,753 11,757 617,757 1002,757 145,764 771,764 173,767 352,769 195,773 293,773 446,775 617,775 878,775 845,776 945,776 820,777 584,778 732,779 700,784 747,785 106,789 452,789 947,792 649,800 617,801 973,806 197,808 256,808 562,809 270,811 759,814 1002,819 1004,819 716,820 34,824 548,824 108,826 682,828 940,829 373,832 934,832 810,835 799,838 229,839 55,840 502,847 783,849 179,850 655,854 440,857 593,862 111,864 182,866 440,867 457,868 14,874 1022,874 895,880 346,881 747,884 100,885 736,889 294,891 68,892 219,892 448,893 839,897 670,900 357,902 901,902 294,903 559,905 723,906 414,907 364,914 330,917 514,919 282,927 760,927 722,930 146,932 400,933 900,933 720,934 724,934 929,939 60,942 312,943 697,944 374,945 790,945 200,950 218,951 486,953 412,955 410,957 920,959 625,961 908,964 563,966 197,970 389,970 638,971 168,975 209,981 505,984 575,986 25,988 462,990 514,990 133,992 19,993 632,994 913,994 859,996 804,997 531,1000 254,1002 694,1003 199,1005 212,1008 1009,1008 287,1010 791,1011 767,1013 1007,1016 714,1019 1005,1021
AAZ6 677,89 860,171 861,172 1001,739 1003,743 1005,744 1006,746 1007,747 1008,749 1010,751
ABA0 103,3 22,4 341,5 949,7 762,13 176,17 250,17 435,20 429,29 704,36 825,42 432,45 125,49 1006,53 605,57 765,60 266,65 589,69 976,73 413,81 991,85 358,85 318,90 612,91 82,99 386,100 714,102 971,103 368,108 540,110 763,109 300,118 322,117 489,118 814,118 661,126 453,130 404,142 333,144 129,145 433,144 538,158 881,165 441,172 893,176 134,177 98,188 884,200 501,204 706,213 798,212 404,225 232,236 586,242 435,244 306,259 521,258 255,259 844,264 556,265 325,272 553,274 953,283 339,297 775,300 927,301 673,302 816,304 493,307 996,311 462,314 609,316 214,317 726,317 511,321 681,326 166,331 421,332 98,335 325,340 543,340 495,342 110,349 809,350 118,356 861,368 357,370 773,370 473,373 56,384 997,385 597,397 772,405 292,405 704,405 750,406 145,410 270,414 222,415 604,420 364,427 315,434 971,434 327,445 395,453 222,456 562,455 914,460 369,468 158,476 733,480 934,479 97,482 567,483 824,484 399,489 730,490 243,493 809,502 131,502 787,504 96,507 798,509 794,514 768,514 98,515 902,515 74,524 141,526 934,526 701,532 781,532 57,534 286,538 613,539 443,539 657,543 779,547 103,548 514,550 153,559 363,559 908,564 550,565 264,565 959,571 964,572 250,575 187,580 123,585 689,587 671,593 985,594 295,598 46,602 352,613 133,615 101,620 708,630 115,636 518,638 193,639 744,643 816,652 158,653 833,656 585,659 799,668 500,671 225,676 674,677 733,676 18,683 27,683 1021,686 809,689 183,701 285,708 592,707 956,707 363,709 689,718 297,718 591,719 67,725 84,737 649,739 253,741 7,742 824,742 186,747 413,756 812,757 875,757 744,760 512,764 585,769 63,773 382,774 914,787 779,788 738,791 853,793 831,797 1006,799 954,804 905,806 686,807 82,810 863,812 1019,811 882,813 647,821 290,824 162,830 762,829 343,832 673,837 576,846 676,847 957,850 908,860 51,863 790,877 773,888 607,889 948,891 174,907 396,922 167,927 469,927 529,929 18,932 763,931 965,931 995,938 933,943 330,946 659,960 920,959 819,962 911,962 657,965 919,965 1001,965 919,970 515,973 902,973 104,975 596,981 916,982 898,983 240,989 465,988 1008,993 1020,997
ABA1 949,7 251,18 429,29 703,36 432,46 124,48 126,48 1006,54 606,58 764,61 589,69 413,81 991,84 317,90 612,91 81,98 82,99 386,100 971,102 540,110 322,116 300,118 489,118 814,119 453,130 333,143 130,145 537,159 881,165 880,167 440,172 440,174 893,176 98,188 884,201 706,213 798,213 404,225 585,242 306,260 844,264 325,271 339,297 927,301 816,304 493,307 995,312 461,314 608,316 510,322 680,326 681,327 166,331 99,333 98,335 325,340 543,339 495,342 111,349 109,351 356,369 860,369 773,371 472,373 473,377 597,397 292,405 704,405 604,419 328,447 396,453 563,455 222,456 734,480 97,482 567,482 398,489 729,489 807,501 810,504 96,507 794,513 768,515 73,523 141,526 935,526 700,531 701,532 57,533 58,534 286,539 612,538 779,548 515,550 153,559 362,559 907,563 550,565 264,565 550,567 960,571 250,575 187,580 186,581 689,587 985,594 296,596 295,598 46,602 353,613 100,620 707,630 708,631 115,636 519,639 744,642 817,652 585,659 225,675 674,677 732,677 1020,679 18,683 26,683 183,701 285,708 591,706 363,709 591,719 649,739 253,740 647,740 7,743 254,742 186,746 185,748 512,764 585,769 382,774 913,787 739,792 853,793 1006,799 954,805 686,807 81,808 82,810 863,812 1019,811 161,830 164,831 673,837 672,838 908,860 51,863 948,891 397,920 396,923 167,927 18,932 762,931 995,938 933,943 331,945 330,946 658,960 910,961 656,964 919,964 1001,966 920,970 902,971 515,973 919,972 902,973 104,974 595,980 594,981 596,981 916,981 917,982 1020,997
ABA2 489,118 140,526 142,526 908,563 46,602 585,659 225,675 1020,679 285,708 363,709 853,793 954,804 863,812
ABA3 278,87 618,190 566,543 1016,657 585,659 1020,679 285,708 954,804 863,812 828,876
ABA4 489,118 140,526 142,526 908,563 46,602 585,659 225,675 1020,679 285,708 363,709 853,793 954,804 863,812
ABA5 958,1 803,4 988,4 929,5 328,8 975,11 710,13 100,14 255,17 708,17 588,18 311,24 859,25 32,26 553,29 554,38 893,38 983,38 738,41 178,42 480,45 326,47 1007,47 365,52 61,54 362,55 634,55 514,58 33,61 786,61 319,63 616,63 169,65 727,67 572,68 222,69 495,70 984,70 662,72 127,79 636,80 536,81 746,83 77,90 994,92 677,93 476,95 1005,97 830,98 347,102 872,104 952,105 536,106 626,106 200,108 262,110 919,110 93,111 990,111 421,119 862,119 259,120 388,122 80,123 317,125 269,128 1005,133 336,134 717,137 427,138 944,140 221,142 719,142 749,142 955,142 905,145 994,145 195,147 183,148 603,153 136,157 77,158 453,158 298,160 786,165 217,166 485,166 292,172 858,172 140,173 221,178 293,178 983,179 947,180 369,185 672,186 992,186 275,187 429,188 946,189 119,190 134,190 791,190 294,193 870,193 1003,194 510,195 728,196 632,198 971,198 254,200 113,216 879,220 572,221 877,221 329,223 279,226 245,227 339,227 384,230 514,233 627,234 804,235 998,235 812,238 687,241 1020,242 296,243 658,243 238,244 44,252 1000,252 211,257 297,257 520,258 479,261 657,261 65,262 803,264 686,265 9,268 15,271 423,271 774,272 973,272 502,274 615,274 227,276 877,276 702,282 1019,283 152,287 856,287 511,289 693,292 895,294 148,296 536,296 693,296 658,297 796,300 404,302 263,304 179,305 573,305 940,305 295,306 504,307 57,308 878,309 504,310 710,310 32,313 613,313 475,314 334,315 182,316 437,319 128,320 459,321 325,322 398,322 761,324 572,326 944,327 735,329 350,330 882,331 493,340 885,341 308,342 513,343 497,345 253,348 845,350 203,351 529,353 1009,353 525,355 613,355 30,358 102,358 402,365 444,365 669,369 465,370 498,370 304,373 624,374 525,376 5,379 805,386 423,388 856,390 726,395 166,399 372,399 742,403 576,404 968,414 439,417 515,417 550,417 288,420 682,420 413,422 788,423 723,425 974,427 653,429 113,430 299,434 503,435 74,437 311,440 693,442 740,445 936,448 730,450 32,451 667,454 598,455 104,457 929,457 455,458 766,466 897,467 933,467 555,473 296,475 405,478 467,479 646,479 733,479 89,482 359,483 993,483 299,484 495,484 27,486 489,486 359,487 718,490 383,491 260,492 327,492 240,495 64,496 274,498 587,499 720,499 20,501 803,506 365,507 526,518 715,518 1001,518 550,520 630,523 36,524 775,524 272,531 1020,535 773,536 1003,537 293,541 855,541 1003,541 366,542 491,545 548,545 169,546 6,547 781,548 248,554 387,555 569,556 139,558 658,559 921,559 514,561 560,563 179,564 956,567 55,569 818,569 64,570 196,570 917,570 565,573 155,574 939,576 978,578 686,581 427,588 102,592 950,593 559,597 873,597 643,598 425,600 729,600 43,601 45,601 585,602 751,606 914,607 562,611 233,613 347,617 818,617 89,619 846,619 319,620 56,625 129,626 41,628 209,629 304,629 28,634 55,637 284,639 45,640 227,641 575,642 865,650 89,651 297,654 627,655 768,656 977,656 966,657 584,658 11,659 570,659 587,661 655,663 991,663 93,664 467,665 270,666 251,671 815,672 222,673 727,673 350,674 230,676 1010,677 1018,677 798,678 621,680 139,681 492,681 478,683 1022,683 125,684 646,687 7,688 123,689 466,690 891,690 78,691 598,693 186,696 390,696 896,698 640,701 457,702 718,702 187,703 281,704 286,709 647,706 100,707 65,708 230,708 469,710 815,713 44,716 638,716 982,716 423,718 624,727 742,729 666,737 865,737 338,738 453,739 676,739 739,739 371,740 421,741 932,741 408,744 450,745 520,746 541,748 780,749 69,753 797,753 932,754 802,755 953,756 535,757 665,761 77,764 707,764 823,765 697,772 79,773 368,775 808,775 468,776 895,776 487,777 766,777 548,778 240,782 650,784 709,785 104,786 422,786 86,789 691,795 991,797 433,798 573,798 651,798 425,800 953,803 747,805 541,806 860,807 176,807 763,807 822,807 862,811 864,814 865,815 866,816 502,817 600,817 612,819 179,820 564,822 582,823 823,826 545,828 793,828 796,828 526,829 197,831 975,831 473,834 408,835 895,836 387,838 849,841 380,842 619,844 363,849 91,854 284,854 554,854 82,857 263,862 392,862 827,863 283,864 865,864 65,865 918,865 158,867 184,870 832,873 140,874 828,874 170,879 548,880 741,880 190,881 619,884 994,884 416,885 784,887 422,890 152,891 69,892 853,894 52,897 1020,897 743,898 849,898 155,902 594,902 763,902 553,906 148,910 240,914 662,917 920,918 618,920 904,920 65,922 84,922 1014,923 798,930 379,931 458,933 766,934 942,934 6,937 930,938 969,939 98,942 370,943 496,945 982,949 422,953 243,955 692,955 994,956 931,961 546,966 671,966 905,966 373,970 733,970 486,971 570,980 660,981 608,982 777,984 845,986 115,990 602,991 760,992 579,993 135,995 34,998 209,999 375,999 84,1001 299,1009 609,1010 111,1012 647,1012 45,1013 916,1013 1015,1013 160,1015 673,1016 916,1016 150,1020 527,1021 477,1022 577,1022 680,1022
ABA6 286,708
ABB0 349,7 777,18 533,24 763,27 636,34 739,49 766,69 645,74 253,75 511,77 519,78 918,79 187,82 9,83 896,83 348,91 45,94 158,98 949,100 656,124 15,126 590,126 822,134 801,138 576,139 779,139 167,143 51,143 972,154 210,156 715,160 745,165 489,165 945,164 144,169 830,169 826,172 284,180 130,183 863,182 631,193 748,212 602,215 491,215 45,227 67,238 812,238 430,241 450,242 594,243 798,245 651,248 735,251 911,255 71,260 891,260 754,268 353,272 807,274 856,283 671,288 765,292 893,293 747,296 767,300 678,303 916,308 798,310 574,317 689,315 151,319 404,321 856,324 506,327 52,331 546,332 811,344 662,361 882,368 993,370 376,378 118,380 970,380 316,381 876,381 533,386 989,385 664,385 903,388 493,398 312,400 788,400 742,403 812,416 128,422 519,433 683,434 588,436 955,451 808,455 816,456 550,461 334,469 285,484 156,486 287,505 322,505 799,507 300,517 799,519 1002,518 251,519 57,520 991,524 125,525 246,531 343,534 762,533 987,540 760,541 765,541 234,543 645,543 302,545 351,547 965,547 70,551 840,553 452,555 221,563 352,563 56,575 45,579 176,583 830,583 282,592 1002,592 672,596 915,598 446,600 280,606 735,609 790,611 558,614 196,622 416,621 205,623 53,626 67,628 656,629 569,630 756,636 698,639 745,642 979,642 872,646 372,652 981,651 925,663 204,669 299,669 931,669 330,671 561,678 758,682 957,683 554,696 785,700 206,717 503,716 397,717 710,723 202,725 6,731 503,731 585,731 943,734 762,738 365,740 372,740 492,742 407,743 734,746 406,750 652,756 105,764 138,764 247,764 475,767 616,767 810,767 838,770 507,775 436,779 292,781 312,787 763,787 51,797 262,810 901,811 536,823 877,830 565,831 261,831 574,838 780,845 95,847 195,851 108,855 191,855 890,860 18,861 268,862 340,861 569,865 752,875 385,876 204,881 650,882 666,887 157,889 390,889 563,890 642,891 658,895 638,900 647,901 586,908 619,909 290,909 138,920 982,921 103,928 496,931 729,936 339,947 585,950 1010,953 463,955 249,965 417,972 262,976 559,983 770,987 200,992 489,993 608,993 464,995 884,998 880,1002 422,1005 495,1010 949,1009 338,1019
ABB1 349,7 348,9 777,18 533,24 635,35 765,69 646,73 512,77 519,78 919,79 187,82 895,82 897,84 348,90 46,93 655,124 657,124 590,126 656,125 15,126 589,128 778,137 576,139 801,139 578,140 779,140 51,142 52,143 168,143 50,144 972,154 974,155 745,165 488,165 945,164 143,168 145,168 144,169 830,169 826,172 283,179 131,183 748,212 602,215 491,215 44,227 67,237 813,238 811,238 68,239 429,241 431,241 450,241 449,243 797,245 650,248 735,251 754,269 353,273 807,274 856,283 672,287 671,288 765,292 746,296 767,300 797,310 574,317 404,321 405,322 855,324 52,330 51,331 53,332 546,332 52,333 810,343 812,344 810,346 662,361 882,368 992,369 994,370 375,379 876,381 533,386 989,385 664,385 664,387 902,388 494,397 311,400 493,399 788,401 811,417 129,423 683,434 519,433 588,435 587,437 955,451 817,455 815,456 334,470 285,483 156,486 287,505 322,504 799,519 251,518 1002,519 250,519 57,520 125,524 991,524 246,531 247,533 344,533 987,540 764,541 233,542 760,542 766,542 234,543 302,543 301,544 302,545 351,547 965,547 70,551 70,553 221,563 352,563 56,575 45,580 176,582 176,584 671,595 673,596 914,598 446,600 280,606 735,609 790,611 558,613 557,614 559,614 196,622 416,621 197,624 53,626 67,628 655,629 66,629 569,630 657,630 698,639 980,641 979,642 872,646 372,652 926,663 205,667 204,669 299,669 932,668 329,671 331,671 560,678 559,679 958,683 758,683 554,696 785,700 207,715 397,717 503,716 206,718 710,722 709,723 711,723 202,725 587,730 503,731 585,731 943,733 761,736 762,738 764,737 372,740 364,740 493,742 734,746 652,755 651,756 653,756 104,761 105,764 138,764 247,764 474,767 617,767 507,775 436,777 436,779 293,781 762,787 263,811 877,829 566,829 261,830 573,838 780,844 94,847 195,851 108,854 191,855 107,855 268,862 339,862 569,865 384,876 751,876 753,877 204,881 650,882 665,886 157,888 390,889 642,889 643,891 642,892 657,895 638,900 646,902 648,901 586,908 619,908 290,910 619,910 138,921 982,920 983,922 103,929 496,931 729,936 338,947 585,950 1009,953 464,954 249,965 418,972 262,977 559,983 770,986 201,992 489,993 608,993 463,995 885,997 883,998 880,1002 495,1009 949,1009 338,1019 742,1022
ABB2 746,164 574,316 662,362 533,385 532,386 799,519 698,638 697,639 554,696 734,746 506,775
ABB3 210,87 110,106 746,164 922,195 231,357 662,362 799,520 722,524 102,610 902,657 554,696 756,844 44,877
ABB4 746,164 574,316 662,362 533,385 532,386 799,519 698,638 697,639 554,696 734,746 506,775
ABB5 447,3 693,3 809,4 994,4 348,8 918,9 650,13 780,13 166,14 125,15 802,17 365,24 63,26 320,29 561,29 928,29 335,30 250,34 385,34 562,38 705,38 516,39 823,39 695,44 428,45 792,49 333,51 519,52 538,55 808,55 377,59 209,61 365,65 285,67 915,67 768,68 900,72 883,74 349,79 926,80 730,81 328,87 291,90 299,91 925,93 724,95 66,99 625,102 735,103 776,104 580,105 242,106 37,108 81,108 433,108 578,110 910,110 334,112 963,119 394,120 992,122 55,130 971,133 593,134 944,134 115,135 335,138 953,138 41,139 625,139 208,140 855,142 841,144 509,146 598,146 855,147 847,148 259,154 493,155 826,157 127,159 368,166 809,166 377,171 386,173 969,175 167,180 887,183 901,185 186,187 506,187 902,193 454,194 596,196 803,196 315,197 569,199 639,216 733,218 88,222 393,222 831,224 735,227 829,227 872,230 994,233 77,235 842,235 268,236 460,236 932,237 38,238 677,239 724,243 264,244 15,247 47,247 611,250 474,252 953,252 741,255 761,256 45,257 127,257 725,257 978,257 517,262 247,265 578,265 156,266 517,268 217,271 541,271 278,273 129,275 767,276 395,277 782,280 254,283 571,284 327,285 708,287 382,288 516,289 203,293 159,294 684,296 52,297 250,297 702,297 732,297 184,298 247,298 34,299 730,302 962,302 765,305 487,308 715,308 542,310 378,311 718,313 137,315 709,316 838,316 764,320 63,322 926,322 833,324 212,327 373,330 1014,330 527,332 16,333 880,337 633,339 817,342 199,344 149,350 968,352 273,354 753,354 267,356 355,356 596,357 387,360 363,361 662,361 982,363 513,364 667,366 307,370 150,371 1018,373 871,374 225,377 408,380 412,380 601,380 945,381 405,387 535,387 536,389 36,390 13,391 539,392 680,399 746,399 880,399 86,405 625,406 989,417 41,418 76,418 744,419 24,420 234,421 938,422 944,427 538,428 211,430 687,430 752,431 835,434 1,436 596,437 803,440 469,441 165,443 797,444 208,446 406,449 549,450 143,455 419,458 971,458 1005,462 91,464 260,467 397,468 23,474 818,475 4,479 133,480 182,480 1022,480 669,482 955,483 628,484 889,484 61,485 1007,491 943,493 468,494 367,495 660,499 187,500 817,502 975,502 200,519 387,519 673,519 198,521 990,522 268,524 522,524 248,534 738,536 487,537 731,538 749,539 2,542 68,543 248,543 352,543 972,544 348,545 141,546 202,546 837,546 724,548 857,548 419,549 191,550 909,551 940,554 57,556 239,557 841,558 334,560 601,560 182,562 464,562 294,564 739,565 668,568 805,569 940,570 671,571 881,571 359,572 368,572 602,573 327,574 697,577 54,581 447,583 884,587 723,588 835,590 1018,592 694,595 481,598 795,598 369,599 701,601 569,603 354,605 787,607 885,610 235,612 618,612 283,614 707,615 584,617 427,618 892,618 163,620 916,620 190,629 448,631 1013,637 698,638 202,640 973,640 115,642 451,643 574,645 719,651 965,651 165,655 660,657 869,657 805,658 937,659 472,660 425,666 558,666 385,669 187,672 693,674 350,675 284,679 922,679 773,681 293,682 648,682 680,684 265,689 844,689 369,690 550,691 552,694 554,695 562,697 557,699 756,702 472,704 841,707 294,708 281,709 446,709 101,715 328,715 340,717 695,719 693,721 896,726 194,728 79,729 371,729 418,734 658,738 566,739 600,741 612,741 231,742 627,742 647,744 529,746 624,746 473,747 728,747 328,750 269,754 628,754 108,756 133,758 205,765 827,765 943,766 836,769 173,774 506,775 438,776 870,776 518,777 531,778 810,778 706,780 769,782 254,783 721,786 124,787 13,794 867,796 215,799 693,799 833,799 911,799 715,802 87,808 333,809 392,809 266,811 442,812 979,815 1009,821 370,824 382,825 902,825 621,828 157,829 320,831 881,831 1009,832 767,833 314,834 202,837 687,838 457,841 627,843 158,844 401,846 910,848 173,851 903,855 72,856 855,858 962,858 569,866 884,866 911,868 929,869 926,871 506,876 832,880 461,882 834,882 18,887 367,887 390,889 192,891 780,892 552,893 982,893 451,896 247,899 660,899 90,902 632,903 313,904 728,904 1001,906 233,907 519,913 858,915 504,916 471,918 820,918 234,919 164,922 450,922 190,923 629,923 648,923 267,928 890,928 683,929 163,932 919,932 260,934 282,936 286,936 238,937 566,938 495,941 666,943 752,943 6,947 894,952 157,954 164,955 104,957 408,958 585,960 387,963 716,966 375,968 649,969 883,971 221,972 1002,972 16,977 913,979 130,982 224,983 170,984 363,986 499,987 412,988 867,989 756,990 256,992 308,992 152,993 300,994 388,996 546,999 413,1001 1008,1003 913,1004 463,1005 908,1009 385,1014 441,1015 488,1016 1003,1017 222,1018 486,1021 748,1021
ABB6
ABC0 31,4 270,7 985,10 493,12 505,14 13,21 638,21 316,22 529,29 707,39 195,54 31,55 149,55 893,69 516,68 329,70 506,75 709,76 561,83 527,88 460,91 386,105 687,105 629,109 946,116 793,119 457,123 268,131 413,134 693,136 107,138 626,138 499,145 586,159 781,162 163,164 568,164 195,177 392,179 483,180 190,182 908,182 594,184 570,191 629,192 29,194 948,206 734,210 505,210 591,210 454,212 1000,214 863,215 365,227 572,229 267,231 331,239 666,240 661,242 82,245 566,246 782,250 816,253 380,257 324,259 884,263 866,264 561,265 815,274 501,283 365,287 839,289 39,290 571,291 145,292 314,293 801,295 654,296 947,297 909,299 556,307 176,311 452,318 1019,317 238,325 32,333 948,338 60,346 793,347 220,359 777,359 598,367 251,367 661,367 235,376 97,379 316,381 544,386 937,388 298,395 975,400 913,399 995,399 999,404 641,405 446,408 532,408 519,410 760,412 930,415 991,414 557,417 1002,421 997,424 629,431 696,435 475,438 619,440 651,440 941,441 923,445 914,445 49,446 42,448 796,456 257,466 228,467 845,469 962,470 784,472 926,471 310,473 782,477 660,478 865,480 494,482 613,486 1018,486 1013,490 101,494 220,493 635,501 507,502 97,506 953,509 640,509 328,510 84,512 461,513 140,516 510,516 928,516 186,518 695,521 948,522 561,526 372,526 166,532 101,539 945,541 934,547 327,548 155,552 560,552 922,554 940,559 928,560 869,570 906,572 586,574 793,575 459,579 555,578 514,585 147,588 898,593 966,593 251,598 430,609 955,612 714,619 968,620 773,623 555,624 712,625 13,631 655,633 496,637 1018,647 516,651 432,651 803,653 681,653 377,659 221,661 636,661 1018,669 381,672 870,673 432,678 44,680 798,682 483,684 292,690 355,694 854,693 147,701 11,703 297,703 728,706 270,710 95,712 545,725 985,729 674,731 871,747 470,754 198,761 510,762 288,769 586,767 244,772 953,776 642,779 694,781 610,785 339,786 72,795 746,807 1009,808 518,820 413,824 504,824 764,824 205,833 334,833 1004,838 606,839 342,849 455,852 964,853 979,851 1017,855 142,861 534,865 178,867 335,869 42,869 750,871 194,873 181,877 509,884 558,884 789,900 240,911 431,911 135,912 90,919 562,923 777,926 473,928 125,929 15,930 347,932 149,936 10,938 495,945 798,944 926,953 759,958 459,959 851,960 155,964 262,968 665,969 55,980 988,980 90,985 308,984 42,985 317,999 233,999 159,1002 962,1009 735,1009 158,1011 194,1014 545,1015 276,1017 675,1018 50,1021 954,1021
ABC1 31,4 985,10 638,21 195,53 32,56 893,69 629,109 945,116 413,134 586,159 781,161 190,182 908,183 28,194 1000,214 998,215 567,246 817,254 866,264 561,265 502,284 654,296 801,296 946,297 556,307 176,311 453,317 238,326 32,333 220,359 598,367 235,377 1020,379 937,387 976,400 999,404 1000,405 445,408 519,411 760,412 930,415 629,429 475,437 474,438 941,441 783,472 310,473 494,482 865,481 613,486 634,499 635,500 633,501 328,510 462,514 695,521 949,522 946,522 101,540 944,541 326,548 939,558 928,561 941,562 792,575 898,593 251,598 955,612 713,625 13,631 496,637 1018,647 432,650 516,651 803,653 431,652 681,653 221,662 432,677 355,694 147,701 11,703 297,703 270,709 545,725 985,729 198,761 288,769 245,772 694,781 611,786 1009,808 505,823 764,825 504,824 334,833 205,834 1004,838 606,839 455,852 964,853 1016,854 178,867 335,869 195,873 240,911 474,928 851,960 459,959 154,964 90,985 317,999 319,1000 962,1008 158,1011 674,1018 338,1021 127,1022
ABC2 893,69 1020,379 975,400 930,415 939,557 803,653 288,769 455,852 850,960
ABC3 893,69 466,190 1020,378 976,400 930,415 264,524 138,543 803,654 612,657 288,769 455,852 548,876
ABC4 893,69 1020,379 975,400 930,415 939,557 803,653 288,769 455,852 850,960
ABC5 960,1 435,3 681,3 457,6 15,12 770,13 258,14 280,14 768,17 648,18 369,24 897,25 70,26 340,29 723,38 843,39 397,44 729,44 564,45 136,50 314,52 216,55 828,55 986,56 714,58 954,61 679,62 782,63 893,69 979,65 733,67 80,71 743,74 573,88 129,90 68,93 777,93 874,101 577,103 614,104 416,105 68,106 678,106 336,108 400,110 235,111 110,112 553,120 784,123 465,124 835,129 727,133 694,134 75,138 681,138 793,138 343,139 813,141 559,148 1013,153 638,157 477,158 1012,165 980,167 668,172 212,173 959,179 142,182 984,186 599,187 266,190 467,190 482,190 820,191 1021,191 703,193 180,194 844,195 416,216 679,223 633,226 701,227 689,230 248,234 734,235 840,237 970,237 714,239 390,243 684,243 26,244 234,244 318,252 947,252 392,253 69,255 74,255 719,255 11,257 691,257 873,261 167,265 419,268 615,270 839,271 369,273 934,274 758,276 706,279 698,280 166,283 203,284 243,285 294,288 959,289 870,292 5,294 80,296 934,296 106,297 30,298 550,302 995,305 299,308 340,310 176,311 824,315 545,316 675,316 806,322 727,324 277,330 34,332 460,332 414,333 549,338 593,339 137,341 167,344 165,346 985,348 575,351 283,354 765,354 135,362 44,364 198,366 268,371 62,374 931,374 599,380 659,381 497,383 477,387 66,389 544,391 713,392 85,395 971,395 974,398 852,399 975,400 649,404 112,405 981,406 330,415 807,416 931,416 811,417 887,417 922,417 932,417 518,418 528,419 600,420 656,422 719,426 650,427 248,428 815,435 853,437 245,441 553,444 984,445 968,448 35,452 923,454 846,455 197,458 598,458 891,463 414,472 724,478 845,479 708,480 270,484 721,484 506,492 573,492 290,496 520,498 1022,498 290,499 841,499 974,499 278,501 453,502 241,504 697,507 890,518 902,520 978,523 208,524 374,524 99,525 381,530 438,536 183,537 121,541 758,541 120,545 1008,545 631,546 470,547 1,550 324,554 867,555 322,560 833,560 194,562 1001,565 660,570 389,571 302,573 29,574 464,579 33,589 762,592 537,598 111,599 319,599 119,601 558,606 541,607 106,609 636,609 316,612 1009,613 900,614 628,618 800,622 914,625 985,626 210,631 861,637 68,640 855,640 777,651 224,652 802,653 927,654 805,655 233,656 804,656 297,657 562,658 28,660 484,661 247,664 59,669 889,671 570,679 11,681 306,681 326,684 7,685 926,688 512,689 39,690 364,691 442,694 472,702 529,707 1004,707 126,709 793,713 852,713 4,715 58,717 996,717 676,726 660,728 968,731 761,740 476,745 409,746 504,746 614,747 274,750 916,750 205,754 954,756 683,758 44,759 803,762 288,769 197,765 789,765 735,773 223,774 891,777 758,778 532,779 943,785 695,786 410,787 991,793 325,798 517,798 159,799 777,799 665,802 131,807 586,810 324,812 869,815 198,819 296,819 896,821 510,823 244,824 461,828 908,829 1002,829 1020,829 405,830 140,831 569,833 112,834 449,840 78,843 463,843 1012,843 239,846 452,847 455,850 933,850 329,851 457,855 599,855 792,855 549,858 656,858 304,863 743,865 332,867 186,875 514,875 185,882 1006,890 832,891 774,893 710,894 77,899 946,901 52,904 221,904 77,905 734,915 321,918 670,918 84,919 338,920 60,923 507,923 526,923 426,925 163,928 188,931 210,932 220,936 224,936 404,936 433,941 698,943 878,944 694,945 384,947 858,953 171,954 695,956 542,959 537,960 975,967 471,969 879,971 588,985 129,986 179,988 765,993 647,994 252,996 445,997 131,1002 886,1003 801,1004 841,1006 903,1011 126,1015 372,1016 90,1018
ABC6 889,65 893,69 897,73 288,769
ABD0 651,7 948,7 607,23 941,24 784,29 1016,29 651,35 838,46 93,49 628,53 731,62 977,61 220,84 661,85 785,85 829,90 517,91 904,92 275,97 293,114 543,117 961,120 913,125 608,126 1003,129 374,132 726,132 407,136 915,136 325,144 713,149 777,150 252,160 539,160 914,163 66,166 549,166 421,170 532,189 654,193 216,201 609,201 942,208 664,210 942,216 897,219 378,222 988,222 227,225 752,231 9,238 965,239 1005,243 818,261 852,265 796,266 158,275 992,309 310,320 863,319 742,325 680,328 7,337 730,337 52,344 361,344 653,347 737,348 48,354 355,365 891,369 477,371 74,372 376,373 493,377 538,381 322,387 548,388 256,395 588,397 665,399 246,404 580,407 811,416 838,418 985,424 215,425 26,429 654,435 171,436 716,436 457,445 516,448 73,451 672,456 266,461 661,463 338,468 638,475 722,482 11,488 151,487 424,487 1006,490 384,493 515,494 71,500 837,508 400,513 66,522 897,523 854,532 116,533 159,534 383,535 1015,539 710,542 977,542 193,544 208,546 861,548 937,548 673,549 1012,551 167,552 604,557 83,558 91,561 1009,560 691,569 414,570 904,572 155,579 814,590 728,593 601,594 1008,596 648,604 391,611 620,617 200,620 1010,624 545,628 404,631 916,630 3,640 11,641 694,645 815,652 1021,651 158,659 642,663 628,663 271,664 448,666 805,669 969,675 955,676 34,677 42,680 531,678 498,678 731,680 970,685 810,688 1006,698 550,701 112,709 938,713 457,718 275,719 624,721 106,730 399,731 41,734 797,732 255,735 661,737 326,741 583,750 845,759 890,765 315,768 148,768 158,778 934,785 37,791 434,794 143,794 479,795 337,804 636,804 209,808 82,809 397,815 455,818 765,820 394,820 685,820 853,822 825,823 196,827 160,833 597,830 172,835 232,837 735,837 827,837 176,842 162,846 681,847 307,848 614,848 151,850 553,848 737,851 977,856 143,868 135,881 161,879 895,882 72,887 66,890 674,890 511,893 542,894 586,897 14,901 639,915 116,919 533,921 391,923 152,925 214,928 853,940 230,944 526,947 444,948 295,950 129,952 147,952 157,954 292,955 447,957 70,958 64,960 32,964 575,968 73,969 276,969 958,972 767,975 417,975 465,977 63,977 133,981 624,982 65,984 575,984 85,987 717,988 35,999 146,1002 584,1007 120,1008 945,1009 370,1012 760,1014 417,1017
ABD1 651,7 607,23 784,29 627,53 628,54 731,62 661,84 785,84 663,85 786,86 829,90 904,92 274,97 374,131 375,132 374,133 777,150 252,159 253,160 914,164 549,165 548,166 550,166 549,167 2,191 942,208 943,217 379,222 227,225 8,238 1005,243 852,266 158,275 1,305 3,305 992,309 310,320 680,328 7,338 736,349 355,365 74,372 493,377 538,381 811,416 838,418 171,436 654,435 515,448 661,464 338,468 639,475 11,488 837,507 836,508 838,508 837,509 65,521 897,523 855,532 116,533 208,546 1012,552 166,552 604,557 83,559 90,561 690,569 154,579 155,580 1008,596 649,604 391,611 545,628 11,641 694,645 815,652 158,659 642,662 448,666 968,674 956,676 42,680 531,678 498,679 970,685 810,688 938,713 624,721 106,730 41,734 798,732 583,750 845,759 315,768 149,768 158,778 934,785 434,793 433,794 209,808 396,815 765,821 854,822 159,831 161,835 171,835 827,838 176,843 307,847 614,847 681,847 307,849 151,850 976,856 143,868 161,879 895,882 14,901 392,923 853,940 129,952 447,957 64,961 31,965 33,964 73,969 465,978 63,977 62,978 64,978 133,981 623,982 575,983 85,987 717,988 35,999 584,1007 119,1008 944,1009 370,1012 760,1014 759,1015
ABD2 651,7 227,225 851,265 171,436 338,468 694,645 42,680 845,759 315,768 161,835 133,981 85,987 35,999
ABD3 512,190 842,195 111,357 338,468 716,524 695,646 42,680 845,759 315,768 778,876 133,981 85,987 35,999 36,1000
ABD4 651,7 227,225 851,265 171,436 338,468 695,645 42,680 845,759 315,768 161,835 133,981 85,987 35,999
ABD5 968,1 435,3 667,3 779,4 485,7 45,8 790,9 190,10 52,13 608,13 94,14 116,14 973,14 606,17 460,18 553,22 197,24 937,25 186,29 535,38 823,38 590,41 26,42 189,44 354,45 642,47 100,52 1002,54 310,55 273,63 799,65 43,67 675,67 174,69 950,70 653,74 143,79 464,83 99,91 631,93 206,97 257,97 230,99 940,104 602,106 264,108 155,111 32,112 593,125 383,131 910,133 939,137 533,138 645,138 965,142 995,142 177,143 117,146 206,146 766,147 409,148 809,153 430,157 265,158 702,163 770,165 960,172 89,180 960,181 447,183 501,185 731,185 429,187 676,195 440,200 866,224 383,227 416,230 538,233 448,237 578,237 816,238 326,239 703,241 300,243 666,243 82,253 805,254 810,254 431,255 755,256 409,257 799,261 834,265 153,271 557,271 65,273 620,274 414,276 1013,276 372,279 820,282 113,284 580,287 723,287 651,289 606,292 1001,293 276,296 820,297 296,299 313,300 819,305 139,308 188,310 26,311 366,313 486,316 488,318 616,322 720,322 513,324 908,326 50,330 224,332 174,333 319,338 921,340 299,342 740,342 953,343 961,345 737,348 907,349 315,351 690,352 501,354 119,356 41,357 540,358 161,360 866,365 863,370 900,370 708,373 82,380 86,380 277,380 183,383 157,387 780,388 894,389 246,391 432,393 881,394 618,399 824,399 190,404 592,404 30,405 302,410 416,415 899,417 975,417 1010,417 650,419 950,419 754,420 824,422 238,424 856,427 450,428 176,438 113,443 739,444 145,445 511,445 104,449 517,449 408,451 954,455 470,457 847,458 983,463 469,466 338,468 777,473 751,479 885,479 752,480 381,482 265,484 795,486 663,487 1014,490 436,491 673,491 554,492 621,492 318,496 536,498 287,504 729,507 948,518 111,519 397,519 233,522 44,524 300,524 207,525 197,541 832,541 34,546 1003,549 288,554 344,560 855,560 768,561 475,562 108,564 496,568 812,570 511,571 721,571 448,573 177,574 789,574 197,589 747,590 407,598 721,598 297,599 331,601 635,601 543,603 328,605 794,606 850,609 155,612 86,615 478,617 321,618 786,618 24,626 339,627 413,628 19,629 187,630 6,635 7,638 224,640 789,640 696,646 593,647 707,647 697,650 377,653 49,655 245,656 391,656 544,657 683,658 316,660 413,664 193,669 11,672 601,673 41,679 174,675 341,676 886,678 69,681 493,681 11,682 356,682 372,684 922,688 37,690 368,691 472,694 274,697 238,704 499,705 208,709 383,713 933,714 138,715 579,719 283,722 830,726 832,728 313,729 72,732 284,734 408,739 458,741 470,741 99,742 499,742 451,746 546,746 407,747 771,748 924,750 972,751 18,752 845,759 201,754 206,758 309,764 97,765 311,765 19,768 315,768 316,769 1003,773 425,776 671,777 638,778 414,779 526,785 839,785 43,799 65,807 214,809 514,810 90,811 785,815 785,821 132,824 666,825 206,827 353,828 921,828 822,829 77,830 317,830 56,831 451,833 269,840 97,841 814,843 163,851 453,855 646,855 413,858 520,858 852,858 579,863 708,863 428,866 168,867 456,867 30,875 20,876 37,882 829,885 987,886 712,891 214,893 660,893 551,894 141,900 748,901 858,903 3,904 354,904 635,906 891,906 398,911 480,915 122,916 426,918 850,922 540,928 333,929 1002,931 172,935 178,936 600,944 96,947 879,953 550,954 92,958 236,959 308,961 680,967 807,967 307,969 533,971 695,971 626,976 131,979 132,980 654,981 82,984 136,985 83,986 85,986 87,989 245,989 341,993 539,994 1005,996 34,997 35,999 103,1000 38,1002 311,1004 844,1004 893,1004 200,1005 943,1012 817,1014 291,1022
ABD6 43,680 845,759 132,980 86,989
ABE0 510,4 983,6 661,9 813,24 206,31 4,42 556,49 769,50 323,59 744,58 943,59 451,60 333,62 434,64 589,69 576,75 538,91 760,91 235,93 274,93 183,94 808,95 914,99 361,100 311,110 82,117 546,118 345,120 115,124 131,127 373,129 159,134 871,133 43,140 876,142 351,144 516,148 147,150 369,153 876,163 619,163 327,164 299,170 758,176 847,176 114,182 322,185 39,189 258,190 61,190 973,193 637,194 913,195 919,205 767,210 872,210 449,215 673,214 906,217 879,219 46,228 570,228 289,229 457,236 915,241 810,253 12,253 492,259 68,267 836,269 758,276 187,280 88,290 609,292 866,292 964,296 552,299 817,303 522,304 189,311 720,316 186,321 822,322 832,322 687,326 697,324 163,334 566,334 182,335 756,342 155,343 528,344 775,343 351,345 818,345 742,349 767,357 750,358 908,361 790,365 1012,365 781,373 944,372 714,374 34,381 129,384 831,393 754,394 1002,395 767,401 818,407 859,412 512,414 267,414 381,414 724,419 389,431 651,433 581,433 794,435 633,437 809,442 919,443 208,445 729,446 800,445 494,452 586,456 162,459 374,460 212,466 21,468 516,468 70,486 886,495 840,501 210,504 510,505 715,507 104,514 640,514 141,514 689,522 463,525 684,529 276,539 121,539 644,543 941,549 209,551 4,557 153,561 190,561 490,566 762,566 721,573 584,573 810,582 800,585 72,589 763,589 110,591 741,590 160,592 691,592 423,594 205,603 462,604 151,607 795,610 118,613 255,614 778,617 922,621 794,623 901,625 216,631 363,634 241,641 124,645 63,649 779,660 592,660 15,663 35,665 38,671 606,672 131,673 454,674 861,675 242,676 29,679 111,679 69,682 219,684 143,687 703,687 38,688 33,690 396,691 325,691 404,692 114,693 235,693 293,693 119,695 353,699 745,702 314,719 387,719 145,726 232,732 769,736 92,741 179,741 840,748 365,750 43,755 37,758 828,763 890,766 937,767 989,777 201,782 195,789 325,790 508,793 602,793 591,796 983,803 581,809 285,811 302,824 238,827 33,837 536,843 792,845 461,849 81,850 188,860 200,873 238,872 617,880 186,883 384,887 132,898 387,899 459,901 82,908 16,919 995,921 275,925 232,929 457,934 12,942 488,942 665,941 456,943 298,946 765,950 86,964 95,965 329,967 206,973 886,983 552,990 757,996 121,1000 129,1000 910,1014 991,1014 988,1020
ABE1 510,4 982,5 984,6 812,24 813,25 206,31 4,42 452,60 333,62 335,63 589,68 590,70 576,75 760,91 538,91 235,93 275,93 182,94 362,99 361,100 310,110 311,111 82,116 546,119 114,124 131,126 374,127 373,128 373,130 159,134 872,133 43,141 877,142 516,148 517,149 146,151 876,162 328,164 300,169 759,175 113,182 40,189 257,191 636,194 638,194 912,195 919,206 450,214 449,215 448,216 905,217 878,218 570,228 457,236 915,241 810,253 12,253 493,259 68,267 836,269 87,290 609,291 964,296 552,299 817,303 189,310 720,316 186,321 822,322 832,323 687,324 698,324 687,328 163,334 566,334 182,335 180,336 757,342 774,342 528,344 776,343 351,345 742,349 767,357 749,356 750,357 748,358 752,360 781,373 944,373 714,375 34,380 33,381 129,383 831,392 767,400 768,401 767,402 818,407 819,408 859,411 512,414 381,414 651,433 580,433 794,435 632,436 809,443 918,443 730,445 800,445 728,446 494,452 586,454 586,456 162,459 373,459 374,460 212,466 515,467 68,484 70,486 840,501 510,504 509,506 640,514 104,515 141,514 463,524 464,525 463,526 275,539 644,543 941,549 5,556 6,557 153,561 191,561 490,566 721,572 810,582 799,583 799,585 462,604 152,607 796,610 118,612 255,615 778,617 901,625 125,645 63,649 779,659 592,661 15,663 778,661 38,671 453,675 862,676 859,676 69,682 219,684 143,687 703,687 38,688 396,691 324,691 404,692 114,694 353,699 355,700 315,720 233,731 769,735 92,741 179,740 840,748 365,751 828,763 827,764 830,764 936,767 988,777 202,782 508,792 591,796 983,802 985,803 581,808 580,809 582,809 536,844 791,844 792,846 461,849 188,860 187,861 201,873 618,880 186,883 383,886 387,899 132,899 459,901 82,908 16,919 997,920 994,921 995,922 276,923 275,925 458,934 11,941 12,942 489,942 299,945 297,947 86,964 329,966 206,973 552,989 757,996 121,1000 909,1014 911,1014 991,1014 988,1021
ABE2 720,316 767,358 212,466 214,465 490,567 63,649 15,663 185,883 86,964
ABE3 720,316 971,356 212,466 856,609 63,649 662,657 15,663 518,844 850,876 86,964
ABE4 720,316 767,358 212,466 214,465 490,567 63,649 15,663 185,883 86,964
ABE5 962,1 433,3 679,3 911,5 103,8 989,11 620,13 742,13 126,14 91,15 323,17 642,18 79,26 364,29 605,29 976,29 294,34 429,34 598,38 941,38 5,39 2,40 816,41 252,42 428,43 558,45 804,46 832,47 63,48 792,49 306,52 203,54 510,55 936,56 670,58 169,61 866,64 297,65 233,67 759,67 706,68 364,69 647,70 691,79 912,80 940,83 703,88 263,90 247,91 873,93 310,97 919,98 629,103 22,105 440,105 77,111 273,111 154,112 727,114 609,120 824,123 641,127 607,128 697,133 309,134 643,138 755,138 234,141 753,141 47,143 529,144 187,146 276,146 497,148 524,157 365,158 741,158 804,163 20,166 475,166 743,166 76,173 189,181 863,181 64,182 835,185 902,186 196,187 679,188 538,193 88,194 221,195 752,195 447,196 979,196 878,198 217,208 951,208 274,216 431,218 800,221 77,222 557,222 533,223 968,224 479,226 525,230 694,233 803,234 538,235 994,235 164,236 628,237 758,237 990,238 492,239 877,241 172,243 472,243 838,243 416,244 395,250 813,256 889,256 461,257 712,257 645,261 223,262 957,264 262,265 187,268 897,270 195,271 484,276 59,277 448,279 418,280 910,282 981,284 308,287 128,289 661,289 674,290 604,292 765,293 852,295 290,296 688,296 843,296 306,297 336,297 276,299 926,300 308,302 540,302 363,305 761,305 489,306 53,308 722,318 936,310 566,315 406,316 272,320 581,321 415,322 488,322 245,324 819,324 956,327 933,328 757,329 898,331 382,332 69,334 192,337 459,343 666,344 47,345 437,345 219,348 389,349 805,350 991,353 497,355 585,355 812,356 976,357 24,358 571,359 549,360 772,360 253,361 136,363 691,363 248,365 290,365 531,369 335,370 198,373 43,374 403,376 691,386 309,388 946,388 333,390 869,391 598,395 54,399 189,399 576,403 412,404 951,405 828,414 287,416 293,417 369,417 344,419 267,422 646,423 601,425 3,428 525,429 151,434 926,436 403,440 817,440 521,444 716,448 822,450 354,455 890,456 221,462 208,463 210,465 94,465 588,465 735,465 869,465 212,467 460,466 609,467 215,468 960,474 59,478 127,479 261,479 126,480 801,481 685,483 183,484 729,485 414,490 990,491 33,492 964,494 796,495 1016,497 315,499 448,499 784,500 179,507 110,515 418,518 607,518 731,521 562,523 822,523 181,524 336,531 17,532 54,536 77,539 418,542 704,542 211,546 98,548 231,548 569,549 173,558 700,559 938,559 419,560 566,561 23,562 600,563 127,569 250,570 689,571 698,571 363,573 651,573 235,574 173,575 382,580 777,582 855,583 914,584 182,587 591,588 998,594 801,597 91,598 715,600 1019,600 891,602 662,604 106,606 218,608 895,609 424,614 443,615 661,617 100,618 389,619 623,620 557,623 356,625 437,626 436,628 491,629 586,629 484,632 248,640 805,642 944,644 253,651 738,651 66,652 261,654 609,655 755,655 906,656 74,658 141,659 11,660 18,665 51,664 177,664 503,668 302,671 879,672 364,678 485,679 451,680 746,683 419,684 958,687 311,688 890,688 399,689 724,690 322,691 770,693 746,701 557,702 818,702 303,703 488,703 291,708 456,708 657,710 765,710 125,714 354,714 978,716 781,720 215,728 509,728 656,728 939,729 4,730 308,731 185,738 700,738 740,740 752,740 762,741 785,741 768,744 695,745 790,745 631,746 888,746 1007,747 134,750 473,753 173,754 306,755 178,756 478,757 931,757 292,758 463,764 71,765 193,766 481,767 646,769 491,773 8,775 186,776 870,776 273,777 889,777 144,778 337,785 878,789 375,793 709,797 901,797 543,798 3,799 143,799 221,799 543,806 381,807 40,808 359,821 776,824 276,825 468,829 562,829 580,829 730,830 165,833 730,833 701,835 628,836 87,838 597,839 672,842 815,845 529,850 959,850 245,855 438,855 708,855 222,858 972,862 375,863 504,863 937,864 395,865 977,865 280,868 948,874 259,876 256,880 913,881 1016,885 187,886 794,888 632,890 456,891 192,892 687,898 78,899 817,899 923,899 522,901 743,903 134,904 659,904 655,906 551,907 346,909 128,911 244,915 150,918 588,918 844,919 995,922 1012,922 908,924 665,927 457,928 57,929 565,931 370,934 866,934 684,935 688,935 640,936 960,937 883,940 2,943 665,945 366,946 804,950 270,952 545,953 220,954 43,956 802,957 86,963 951,959 725,962 451,967 145,971 305,971 497,971 250,972 300,976 426,981 361,982 466,983 70,985 700,987 145,989 46,990 592,991 644,991 465,994 766,995 23,996 971,997 906,998 122,1000 765,1000 257,1004 794,1004 843,1004 150,1005 619,1005 931,1012 443,1013 865,1013 706,1014 805,1014 954,1015 924,1020 265,1022
ABE6 715,310 716,312 718,313 719,315 721,318 724,321 208,463 17,664 19,666 86,963
ABF0 713,4 548,19 313,20 562,25 472,27 420,28 467,31 484,33 508,34 772,34 469,38 118,41 485,44 466,43 454,45 865,48 507,49 925,49 494,54 935,52 96,53 795,64 934,65 575,69 897,76 877,81 556,85 712,90 997,92 459,93 51,98 77,102 936,110 622,111 523,114 627,114 124,118 984,119 943,123 907,127 894,128 859,129 835,141 136,145 909,148 843,147 788,148 565,151 924,154 894,156 721,163 965,164 835,167 909,168 925,170 650,171 800,185 715,189 698,191 253,201 698,203 737,202 114,207 923,211 812,212 738,213 948,218 271,219 957,222 318,222 868,224 200,227 479,235 336,239 528,239 308,249 256,248 709,250 235,250 739,255 443,266 698,266 822,274 697,276 646,280 232,288 144,293 602,296 1002,297 98,299 810,306 2,312 545,315 901,325 233,329 247,332 725,343 225,357 919,362 760,373 996,374 335,380 202,394 683,395 915,398 731,400 417,401 755,408 140,417 631,420 146,423 496,423 455,427 558,433 106,439 211,447 346,452 204,455 380,465 374,467 594,468 992,471 445,472 948,477 227,482 884,490 768,494 793,494 898,494 938,503 762,515 899,525 658,528 161,537 483,557 543,566 823,568 992,580 511,586 126,586 911,587 1009,587 143,591 708,601 931,611 235,615 138,620 717,640 321,641 521,642 624,643 217,667 968,668 372,673 404,676 572,675 154,683 432,688 12,691 962,698 256,699 279,705 758,713 873,728 391,734 176,739 710,739 470,742 737,744 597,749 1017,752 930,755 756,759 350,765 342,770 586,777 231,778 551,780 574,784 997,784 673,786 577,788 710,788 443,790 750,790 874,790 975,792 574,797 984,801 306,806 845,809 818,811 886,813 193,815 297,816 861,817 22,823 417,827 313,831 616,831 563,844 582,847 221,849 582,854 667,854 780,856 960,862 549,864 255,865 651,868 738,870 778,874 484,878 37,880 385,886 372,889 717,895 592,896 700,904 640,907 357,908 998,917 366,923 857,922 299,924 339,929 876,935 945,948 147,950 425,952 252,960 194,966 843,976 374,977 726,980 902,991 430,995 749,1000 361,1003 173,1004 672,1013
ABF1 472,27 420,28 467,32 484,32 508,33 509,35 464,37 470,39 119,41 485,44 465,43 466,44 453,45 926,49 495,53 497,54 492,56 795,65 935,66 575,69 897,74 897,76 877,81 557,84 713,90 712,91 997,92 460,93 461,94 77,102 935,110 937,111 622,111 627,113 523,114 628,114 627,115 124,119 984,119 943,123 907,127 859,129 835,141 136,146 843,147 909,148 565,152 895,156 925,158 924,159 722,164 964,163 966,164 835,166 965,165 909,168 649,171 800,185 715,190 253,201 698,202 737,202 697,204 923,211 812,212 948,218 959,220 956,222 957,223 955,224 956,225 198,226 200,227 478,235 480,235 337,239 308,249 255,248 712,248 709,250 739,256 698,266 442,266 696,276 144,293 602,295 603,296 1002,297 810,307 2,312 545,315 234,329 725,343 225,357 920,362 760,373 996,374 202,394 558,431 558,433 106,439 211,446 346,452 203,455 380,464 379,465 374,468 595,468 992,471 948,478 884,490 899,494 939,503 898,525 160,537 162,537 823,568 144,591 931,610 521,642 217,667 968,668 969,669 371,673 404,676 402,676 432,688 12,690 11,692 257,699 758,713 872,727 874,727 872,729 392,733 391,734 710,738 176,739 711,739 736,745 598,749 756,759 930,756 350,764 586,777 231,777 552,779 550,780 576,788 672,787 710,788 750,790 573,798 306,806 886,812 298,817 22,823 417,827 313,831 418,829 221,849 582,848 667,854 581,855 959,862 962,862 961,863 550,864 738,870 482,878 485,879 37,880 384,886 718,894 699,904 701,905 358,908 998,917 299,922 857,922 300,923 366,923 299,924 339,929 876,935 945,947 148,948 944,948 945,949 194,966 374,977 725,980 671,1012
ABF2 485,44 923,211 309,249 106,439 522,642 756,758 221,849 194,966
ABF3 98,87 923,211 226,524 104,543 836,657 757,759 726,844 934,876 194,966
ABF4 485,44 923,211 106,439 522,642 756,758 221,849 194,966
ABF5 970,1 447,3 693,3 929,5 457,6 541,7 332,8 304,10 650,13 272,14 294,14 129,15 694,18 389,24 83,26 306,29 537,29 904,29 311,30 402,38 529,38 631,39 98,43 100,45 450,46 707,47 400,49 734,49 89,52 768,54 352,55 769,60 205,62 9,63 899,64 823,66 325,67 282,68 726,70 422,72 405,74 44,77 257,79 470,80 476,83 831,89 305,93 228,95 918,96 969,96 590,98 942,98 616,104 12,105 276,106 368,106 499,107 543,107 962,107 653,110 849,110 734,111 283,114 289,119 725,122 738,122 971,123 47,124 195,127 177,128 369,129 273,133 689,137 949,138 540,139 371,141 149,142 649,142 679,142 883,142 795,145 876,145 398,147 29,148 357,153 577,154 831,157 50,160 368,165 316,167 573,170 4,172 109,175 339,179 679,180 333,181 558,181 313,185 724,186 734,189 933,189 948,189 581,190 153,193 794,195 1001,195 513,196 404,198 741,198 920,208 687,207 381,208 926,213 637,215 813,215 311,220 791,221 767,222 771,223 184,224 697,225 657,226 751,226 784,229 894,232 734,234 352,235 166,238 696,238 662,242 4,243 606,243 309,249 779,251 527,254 405,256 697,260 875,260 930,264 31,267 425,269 937,269 639,270 724,273 538,275 490,278 249,283 408,286 88,287 947,291 782,295 980,295 392,298 668,301 873,304 220,305 599,305 403,307 968,309 56,310 420,312 561,315 564,317 857,320 700,321 613,323 1012,325 149,329 329,331 848,331 688,336 349,341 794,341 546,342 196,344 607,344 1001,344 807,347 993,348 397,350 791,350 95,355 183,355 430,356 884,362 415,363 998,364 16,365 265,369 67,370 958,372 803,373 264,374 171,376 681,378 8,380 491,382 475,386 125,388 766,388 151,390 404,395 914,398 25,399 404,403 802,403 238,404 779,405 504,409 938,411 642,414 109,417 892,418 162,419 984,419 356,420 79,422 93,426 815,427 297,429 983,433 135,435 712,436 157,437 921,439 571,440 109,441 235,442 859,443 274,445 270,448 480,448 619,449 296,450 620,450 680,456 489,457 890,457 930,464 406,465 553,465 687,465 433,467 194,468 984,477 983,478 91,479 974,479 623,481 917,482 523,483 951,486 967,490 327,494 794,494 137,499 270,499 775,501 933,501 585,503 7,507 672,520 416,523 682,523 583,524 816,529 932,535 683,536 464,542 570,542 622,544 433,545 494,545 113,546 18,548 751,548 523,549 27,550 221,551 876,553 885,553 274,554 415,555 613,556 215,558 750,559 1021,559 626,561 896,561 682,563 301,564 143,565 221,569 994,569 244,570 376,570 795,571 804,571 826,571 475,573 347,574 127,577 534,580 139,588 715,588 408,592 240,594 74,595 775,598 232,606 211,607 376,608 804,608 41,610 319,610 693,611 755,613 648,614 159,615 336,618 378,620 825,623 624,625 943,626 631,628 799,629 894,629 1002,630 602,634 818,639 369,640 510,640 565,640 523,642 689,643 714,643 138,645 249,651 497,651 982,651 763,653 713,654 901,655 23,656 178,657 387,657 840,657 382,658 453,659 1012,659 459,664 585,664 64,666 638,667 716,671 866,674 21,676 875,679 853,680 805,681 136,682 1013,683 174,684 757,688 863,689 586,699 336,702 151,703 408,703 917,703 82,704 443,707 920,707 257,711 365,711 217,713 745,713 804,713 763,714 20,717 958,717 295,718 397,719 401,721 407,726 620,726 845,728 115,729 262,729 760,730 170,734 436,738 865,738 354,739 737,740 392,741 404,741 422,742 958,742 45,743 519,744 536,746 359,747 618,747 637,749 244,750 415,751 932,751 975,751 1002,751 752,754 520,754 877,754 994,755 754,756 756,757 860,756 1005,757 128,758 758,761 681,762 759,763 761,763 33,765 661,765 760,765 228,770 75,774 616,775 352,776 523,776 780,776 440,777 757,777 443,778 720,778 550,785 8,787 326,787 1012,789 877,793 45,799 523,799 510,808 154,812 705,815 851,817 2,819 100,819 116,821 723,821 780,829 874,829 892,829 10,831 986,833 295,840 123,841 842,843 518,848 667,849 153,851 555,855 846,855 351,858 458,858 545,863 670,863 61,865 545,865 97,866 425,868 437,869 432,871 31,882 410,882 823,885 614,886 963,886 374,892 580,893 1001,899 83,900 256,903 417,903 856,903 1,904 362,904 887,906 612,909 143,913 486,915 132,916 442,918 880,918 632,920 816,921 946,930 807,931 960,931 545,932 372,933 114,936 388,943 973,945 76,947 120,951 150,952 606,952 558,954 836,956 852,958 280,959 194,966 21,968 289,969 677,971 654,976 519,979 852,982 55,988 523,989 868,992 649,993 6,994 849,994 132,996 413,996 331,997 171,1001 31,1006 774,1009 337,1015
ABF6 918,206 920,207 921,209 925,214 928,216 756,757 194,966
ABG0 749,5 356,6 518,8 139,15 516,21 763,24 808,24 476,25 104,29 472,34 771,33 477,35 52,50 768,51 942,53 253,57 2,59 547,65 372,67 710,70 699,73 261,78 691,88 668,90 530,93 431,96 737,96 348,97 834,99 485,112 387,117 65,124 241,124 607,128 445,129 433,132 231,140 27,140 35,142 691,143 175,149 846,151 71,153 68,160 171,164 555,166 158,172 437,174 901,181 255,183 657,186 741,190 601,194 136,194 657,195 93,196 459,198 605,201 381,204 167,208 800,209 626,220 316,223 278,226 428,230 399,232 954,244 187,263 600,266 1002,266 466,269 214,277 417,278 493,278 23,281 221,286 26,295 691,301 211,310 724,329 542,329 946,331 940,332 200,333 421,336 516,342 287,344 278,351 301,352 220,355 292,358 386,359 126,359 271,359 280,362 251,363 521,373 88,375 39,381 209,395 725,393 352,411 81,413 37,414 107,416 178,421 109,433 667,435 223,440 590,447 861,454 154,458 379,466 25,471 760,471 667,474 608,481 194,483 666,484 891,488 217,491 836,491 176,493 326,492 346,493 943,493 776,498 478,501 231,502 1007,507 645,512 28,512 26,518 540,519 228,522 248,531 94,532 674,538 189,539 322,545 973,554 284,568 600,570 240,574 221,579 400,579 911,581 481,584 648,586 319,588 398,589 565,597 371,605 296,609 778,615 410,616 816,622 201,629 612,632 3,636 481,636 874,638 7,639 162,643 1018,646 197,652 173,656 44,675 316,675 669,677 953,676 857,679 361,680 256,684 430,693 735,695 226,705 831,711 304,717 18,719 1000,726 396,730 248,736 488,739 389,740 140,763 129,775 663,779 238,783 86,784 367,783 106,783 100,785 257,788 63,790 106,795 128,798 935,798 859,802 564,802 600,805 843,814 703,817 195,823 444,823 238,839 410,839 145,841 135,848 272,869 580,870 340,883 985,883 813,885 56,889 75,901 639,901 688,908 644,916 361,917 33,919 922,922 113,930 749,942 276,944 868,949 534,958 414,969 263,971 206,977 677,980 726,983 865,991 38,994 494,999 198,1001 573,1006 828,1010 82,1014
ABG1 749,5 139,15 516,20 807,24 808,25 52,50 942,53 253,57 2,59 698,73 700,74 260,77 691,88 669,89 668,90 348,98 834,99 484,112 387,117 65,124 64,125 66,125 607,128 445,129 231,140 35,142 176,148 67,160 69,160 68,161 171,164 158,173 658,195 94,196 458,198 604,200 381,204 167,208 799,209 626,220 428,230 399,232 599,266 215,276 417,278 23,281 26,295 691,302 725,328 723,329 946,330 940,331 516,342 287,344 277,351 302,353 275,354 281,354 219,356 386,359 293,359 39,381 38,382 210,395 80,413 82,413 81,414 107,416 109,433 667,435 223,441 154,457 760,471 667,474 607,480 890,488 176,493 326,492 483,497 776,498 480,499 231,502 478,501 1007,507 643,510 645,512 25,518 540,518 540,520 228,522 675,537 188,538 673,538 973,554 600,570 241,574 221,579 481,583 320,587 398,588 371,606 1,606 816,621 202,630 6,639 196,652 44,675 670,677 667,678 361,680 430,692 397,730 248,736 129,776 238,783 87,783 367,783 83,783 107,783 106,784 364,785 128,798 935,799 858,802 195,823 145,841 135,848 580,870 273,869 341,883 985,884 813,885 55,889 639,902 689,908 644,917 361,918 33,919 922,922 113,929 749,942 276,945 867,947 869,949 534,958 263,971 206,977 677,980 726,983 865,990 865,992 494,999 198,1002 572,1006 574,1006 573,1007 82,1014
ABG2 516,20 387,117 231,140 398,232 110,433 154,457 231,502 646,512 25,518 228,522 974,554 366,783 238,784 580,870 579,871 644,917 676,979
ABG3 231,140 416,190 154,457 231,502 25,518 158,524 90,543 974,554 724,657 366,783 602,844 644,917
ABG4 516,20 387,117 231,140 398,232 110,433 154,457 231,502 646,512 25,518 228,522 974,554 366,783 238,784 580,870 579,871 644,916 676,979
ABG5 805,4 990,4 929,5 340,8 886,9 979,11 606,13 228,14 250,14 83,15 732,17 514,18 287,24 803,25 1000,25 495,29 285,30 823,38 913,38 682,41 122,42 302,43 605,44 444,45 987,47 696,49 672,55 223,59 325,63 191,65 859,65 113,67 637,67 700,72 547,79 770,80 13,88 547,88 97,90 103,91 613,93 731,93 196,97 247,97 43,98 829,98 898,98 226,99 810,101 513,103 534,104 338,105 608,106 700,106 266,108 656,110 64,112 607,114 977,122 990,122 272,123 612,123 281,124 507,125 427,128 141,134 693,134 909,137 228,138 230,140 740,139 58,141 231,141 563,141 233,142 327,142 827,142 857,142 235,143 297,144 973,145 38,146 243,148 210,157 398,160 854,165 899,170 279,178 351,178 987,180 339,183 389,185 702,186 1022,186 311,187 469,188 179,190 194,190 530,191 729,191 399,193 898,193 9,195 219,196 646,198 989,198 266,200 655,208 944,215 440,221 213,222 193,223 129,226 85,227 179,227 137,230 280,233 377,234 969,235 528,238 720,242 568,243 343,246 375,246 756,252 73,255 397,256 479,256 53,257 273,261 875,261 490,265 609,267 3,270 519,270 302,274 108,276 701,276 74,279 520,282 545,283 638,287 780,288 287,289 471,292 417,293 491,296 456,297 519,297 572,300 962,301 170,302 393,305 764,305 119,306 947,307 766,309 602,310 966,312 972,315 1001,315 107,316 393,321 263,322 336,322 161,324 883,328 697,329 310,330 857,331 342,332 15,334 881,337 921,337 447,340 8,343 455,343 294,347 213,348 503,353 985,353 824,356 603,359 180,363 575,369 379,370 572,374 991,378 652,379 656,379 847,379 304,380 923,380 663,386 356,388 468,389 429,390 790,390 967,391 351,394 660,395 136,399 266,399 52,404 764,409 868,414 96,419 396,419 188,420 264,422 880,422 657,425 357,426 910,427 581,429 185,434 125,440 491,442 91,444 521,444 524,445 738,448 536,450 611,451 457,454 912,456 86,458 319,463 110,465 887,465 494,466 657,467 422,468 912,471 243,473 1008,474 307,475 109,478 171,479 305,479 168,480 725,483 35,484 793,485 237,486 113,487 462,490 980,494 804,495 1006,497 227,498 227,500 230,501 21,502 232,503 233,505 234,506 33,507 647,514 25,517 351,518 635,518 146,520 29,521 227,521 391,521 30,522 182,523 813,523 231,526 528,529 912,530 589,531 673,538 345,540 513,541 661,541 202,542 308,542 322,544 137,545 198,545 841,545 668,546 883,547 449,548 191,549 731,549 969,549 913,550 807,557 524,559 116,561 615,561 232,563 683,564 205,565 610,567 768,569 900,569 286,570 809,570 291,571 300,571 1013,572 273,573 887,573 845,574 659,576 144,579 431,582 523,583 878,586 974,591 824,593 658,594 555,598 830,605 811,606 235,611 608,611 193,615 574,616 910,619 337,623 134,625 441,626 238,628 291,629 386,629 106,634 109,637 46,640 281,641 776,644 915,650 165,654 527,655 673,655 826,656 11,657 464,657 6,658 516,659 994,660 755,663 67,664 193,664 551,668 342,671 843,673 470,674 641,675 350,678 990,678 722,680 375,681 726,681 333,688 908,688 768,690 172,699 1016,702 678,703 937,704 482,707 469,708 634,708 827,710 289,714 570,716 357,728 649,728 796,728 35,730 124,730 856,738 963,739 166,740 229,740 924,740 936,740 962,741 581,742 19,744 941,745 12,746 897,746 241,748 400,750 965,750 723,753 427,754 562,755 748,757 607,764 741,764 313,765 423,766 711,767 318,769 301,773 813,773 976,775 384,776 44,777 320,778 363,778 90,779 364,781 366,783 1016,784 273,785 9,786 410,786 728,786 369,787 358,789 31,796 549,797 741,797 871,798 937,798 1011,798 65,799 885,801 924,807 125,815 460,818 558,818 168,821 60,825 644,826 242,829 336,829 354,829 525,829 773,829 776,829 512,830 979,832 426,836 917,837 415,839 875,842 406,843 643,845 466,847 247,855 58,858 846,862 267,865 833,865 124,866 125,868 578,868 579,869 1009,875 8,880 817,880 681,881 26,882 417,885 342,887 402,890 224,891 978,891 168,893 340,901 892,902 573,903 986,903 235,906 491,906 645,919 955,911 753,912 38,915 700,915 410,918 318,921 602,921 348,922 783,922 802,922 690,924 413,927 480,931 67,932 930,932 166,934 666,934 488,935 492,935 432,936 752,937 669,940 894,942 38,944 596,946 634,950 374,954 885,955 328,958 782,958 789,959 852,960 593,962 232,967 359,967 597,967 885,968 261,971 382,982 332,983 501,985 546,987 853,990 462,993 983,993 279,994 481,1001 214,1003 275,1011 797,1012 307,1013 729,1013 578,1014 677,1014 321,1017 564,1017 822,1020 175,1022
ABG6 235,143 642,914 645,918 647,922
ABH0 918,3 924,11 305,12 760,16 708,19 792,21 97,25 589,24 274,25 972,27 359,28 811,30 355,31 389,32 861,33 81,41 1016,46 653,52 194,53 312,59 826,70 45,72 469,75 196,78 475,79 516,84 731,85 812,87 192,91 181,94 193,97 568,108 123,112 174,115 600,116 929,120 196,121 699,122 127,122 685,122 999,126 206,134 1012,134 443,138 914,149 561,151 833,155 830,162 596,165 536,174 553,175 135,175 320,181 305,189 807,190 841,195 813,195 913,197 605,205 767,207 503,212 304,213 1008,214 110,214 326,222 166,226 464,226 417,229 246,231 73,242 157,243 534,243 470,245 211,246 761,248 372,252 924,252 261,264 459,266 426,271 373,272 741,276 777,275 445,277 553,279 507,283 615,282 686,284 931,288 413,288 783,289 797,296 590,296 635,297 218,305 45,306 667,307 656,312 971,313 369,316 6,319 326,319 258,325 576,326 343,346 576,346 794,351 582,354 140,352 572,354 385,357 588,364 808,364 749,365 573,366 243,369 435,372 577,376 703,380 74,384 178,384 869,389 186,393 316,393 431,392 848,392 510,414 699,416 84,421 327,423 335,427 297,429 451,430 217,434 1019,445 554,458 813,472 159,481 705,483 674,495 263,496 569,496 898,498 837,502 626,504 314,505 787,506 397,520 670,524 723,543 80,544 8,546 764,548 799,553 625,554 695,560 765,560 366,576 612,577 985,581 70,580 285,586 513,586 545,587 773,602 851,605 848,609 858,610 552,616 305,626 240,626 427,640 82,647 855,650 989,649 783,650 391,651 866,654 708,660 184,673 278,670 807,671 36,680 353,682 603,684 911,685 907,692 971,692 672,699 665,702 321,705 946,707 376,708 385,710 424,718 734,718 642,719 153,735 1015,738 660,753 669,755 550,767 951,780 454,783 760,785 1014,787 961,791 223,794 517,795 704,797 933,801 370,803 757,807 340,813 770,818 852,819 10,820 117,828 771,830 209,830 649,837 19,838 1003,850 740,850 144,860 911,864 335,875 899,879 826,879 181,885 778,889 911,889 805,889 619,892 795,895 366,906 884,913 6,916 327,930 231,932 796,934 719,946 666,948 126,957 312,980 826,987 66,995 627,997 245,1000 472,1008 471,1014 937,1015 945,1015 1017,1020
ABH1 918,3 924,11 305,12 760,16 708,18 707,20 792,20 587,23 589,24 972,27 811,29 355,30 389,32 860,33 862,32 1021,38 81,41 80,42 1016,45 652,52 194,53 312,59 826,70 46,72 44,73 469,75 47,73 197,78 196,74 192,77 516,84 731,84 812,88 193,96 122,112 174,115 599,116 601,118 929,120 128,122 196,121 699,121 685,122 999,126 207,134 442,138 914,148 913,149 560,151 833,154 833,156 830,163 536,174 553,175 136,174 135,175 136,176 305,190 806,190 813,194 840,195 913,197 767,208 503,212 109,213 1008,213 303,214 109,215 111,215 325,221 326,222 325,223 166,226 464,226 418,228 417,229 246,232 75,242 157,243 534,243 471,245 211,246 761,249 924,251 922,252 261,262 262,264 458,266 426,271 373,271 777,273 741,276 445,278 778,275 554,278 506,282 615,282 507,283 616,283 414,287 930,288 413,288 782,288 783,289 781,289 590,296 796,296 588,297 635,297 637,298 45,306 218,304 668,306 656,311 971,312 657,313 6,319 576,325 577,346 794,351 796,348 580,350 140,352 583,352 572,354 583,354 580,356 384,357 587,364 748,364 808,364 573,366 749,366 243,368 571,367 436,373 577,375 576,376 703,378 704,380 75,383 179,383 74,384 869,388 431,392 849,393 187,393 316,393 512,413 700,417 327,423 298,428 451,430 217,434 553,458 813,472 159,481 706,482 705,484 674,495 262,496 838,502 626,504 787,507 397,519 671,524 400,525 722,543 8,546 80,544 79,545 800,553 695,560 765,560 366,577 612,577 985,581 283,586 545,587 773,602 848,608 858,610 553,616 305,626 427,641 82,647 855,650 784,649 782,650 989,651 708,660 183,671 278,671 807,672 184,674 186,674 353,682 37,681 603,685 907,691 971,691 972,694 673,699 664,701 665,702 321,705 946,705 375,708 945,708 947,708 383,709 385,710 424,717 734,716 641,718 643,718 735,718 642,720 154,734 153,736 1015,737 659,755 669,756 951,780 760,785 961,793 517,795 703,797 370,802 369,804 758,807 340,813 770,817 768,818 852,819 769,819 10,820 770,820 117,829 771,829 210,830 18,836 19,837 649,837 18,839 1002,849 1003,850 912,863 334,875 898,878 825,879 899,879 826,880 901,880 911,889 619,893 795,895 367,907 6,916 327,930 231,932 796,934 719,946 826,987 66,994 627,996 244,1000 472,1008 472,1014 945,1015 935,1015 937,1016 944,1016 1018,1020 1017,1021 53,1022
ABH2 469,75 536,174 503,212 168,227 445,278 553,279 794,351 140,353 675,495 787,507 8,546 985,581 855,650 244,1000
ABH3 470,74 469,75 106,87 22,106 422,190 772,195 503,212 444,278 794,351 140,352 8,546 906,609 244,999
ABH4 469,75 536,174 503,212 168,227 445,278 553,279 794,351 140,353 675,495 787,507 8,546 855,650 244,1000
ABH5 980,1 457,3 703,3 821,4 943,5 471,6 159,8 366,8 918,9 7,12 224,13 674,13 294,14 359,17 810,17 427,24 937,25 108,26 352,29 566,38 909,38 999,38 382,43 685,44 416,45 780,46 88,50 497,52 211,54 944,56 902,61 433,63 295,65 953,65 710,72 470,76 248,77 473,78 546,80 434,81 628,83 389,88 993,89 987,90 908,92 457,93 386,95 54,97 105,97 756,98 84,99 676,101 383,103 424,104 492,106 584,106 978,111 529,114 545,119 978,119 373,120 550,122 957,122 970,122 238,123 582,123 161,124 261,124 391,128 581,129 91,134 817,137 95,139 710,139 44,141 361,142 81,143 361,144 31,146 120,146 678,147 337,148 721,153 344,157 440,160 664,163 742,165 589,166 933,170 938,172 540,177 641,179 427,185 38,187 517,188 913,190 388,193 70,196 277,196 314,200 723,208 1007,215 81,218 755,220 162,221 430,221 733,221 173,222 554,224 37,226 68,230 171,230 1018,234 444,235 638,235 466,238 873,238 654,242 954,242 290,243 490,243 886,243 1001,254 301,256 383,256 210,257 169,261 341,261 523,264 854,264 107,271 416,272 440,273 78,274 403,276 443,276 446,277 702,278 644,279 449,282 60,282 361,283 103,284 440,286 871,286 112,287 781,288 772,289 879,292 390,295 782,295 949,295 908,296 971,296 756,297 4,300 455,304 204,305 583,305 355,307 166,309 348,312 324,315 353,315 483,315 476,317 757,320 611,321 684,321 49,324 902,325 234,327 215,328 35,329 210,331 726,331 164,332 427,333 925,339 752,341 502,342 571,344 961,344 729,347 791,348 793,350 649,350 610,351 796,353 911,352 353,353 861,354 949,354 853,355 146,356 634,364 676,364 711,369 576,372 910,373 998,378 1002,378 255,380 103,382 11,386 720,387 384,388 789,389 869,389 130,390 293,391 719,393 430,398 636,398 16,403 878,403 397,405 146,409 288,414 779,416 855,416 890,416 761,421 773,425 700,426 298,427 473,427 457,429 625,433 853,436 931,439 15,442 647,443 60,445 264,448 17,454 474,456 835,457 746,464 224,465 371,465 505,465 257,467 16,468 502,471 650,474 979,474 781,477 842,477 833,478 967,478 828,479 343,483 88,490 769,490 656,491 711,491 81,494 564,494 384,495 362,498 897,498 483,501 792,512 802,517 991,517 253,518 804,519 882,522 290,523 497,523 618,530 299,531 368,535 359,537 944,541 376,546 402,547 849,548 353,549 539,550 148,553 157,553 570,553 487,557 1008,558 255,559 632,560 884,560 130,561 932,562 553,563 228,569 502,569 634,569 333,570 543,570 262,572 1017,572 607,573 384,578 830,578 722,579 131,583 198,584 299,587 865,587 393,589 258,594 965,597 993,599 273,600 153,602 367,606 952,607 458,608 175,609 453,609 899,612 299,614 829,614 192,616 35,617 536,619 654,621 740,624 31,626 733,627 899,628 994,628 912,631 753,636 537,639 678,639 911,640 241,642 421,646 451,650 699,650 201,652 947,652 265,656 539,656 534,657 599,658 132,659 486,660 29,668 886,670 379,673 964,677 568,678 1021,679 963,680 310,683 881,687 990,695 170,696 688,698 233,702 488,702 985,702 399,704 489,706 960,706 939,707 203,712 725,712 784,712 721,713 950,713 992,715 785,727 676,729 266,738 316,740 328,740 352,741 384,744 442,745 510,746 623,747 527,748 836,750 879,750 906,750 85,753 813,753 828,755 977,756 559,757 944,757 133,764 731,764 843,765 296,769 753,772 241,773 416,775 587,775 848,775 508,776 935,776 809,781 294,782 706,784 164,786 482,786 142,789 857,795 355,797 831,798 909,798 259,808 318,808 334,811 857,814 849,820 852,820 212,823 760,824 328,826 11,828 936,828 6,829 24,829 439,829 442,829 188,830 147,835 569,837 20,839 71,839 156,842 62,843 778,847 17,850 437,850 745,854 938,854 184,855 726,857 919,862 24,863 439,864 919,864 477,865 792,865 536,866 824,866 801,867 808,870 412,874 744,874 400,875 766,879 831,879 126,881 319,881 792,881 578,885 192,890 778,891 988,892 734,897 283,898 698,898 144,901 688,902 849,902 264,903 433,903 291,904 43,906 299,906 213,907 18,909 818,910 549,912 882,914 906,914 518,915 508,919 16,920 196,921 482,921 671,922 690,922 356,930 382,931 350,933 558,935 756,942 122,946 644,951 74,952 34,954 887,955 338,958 794,958 862,960 252,967 379,967 897,968 279,971 414,981 353,982 456,983 639,985 708,987 167,989 62,990 29,991 668,993 161,994 906,998 243,999 45,1000 245,1000 597,1001 928,1001 245,1002 318,1003 768,1004 817,1004 124,1005 471,1012 612,1014 711,1014 872,1015 355,1017 856,1020
ABH6
ABI0 315,3 33,8 457,12 507,12 1010,14 627,15 674,17 989,24 388,26 599,29 376,30 747,31 1003,36 664,39 340,42 378,44 773,48 338,49 458,57 84,58 719,60 802,61 859,64 696,67 688,69 57,78 362,79 407,79 579,82 187,82 658,83 586,84 263,88 648,88 841,88 189,89 454,98 570,100 702,100 217,101 440,105 142,107 285,110 40,117 732,118 901,119 309,124 267,124 854,128 381,130 29,132 336,131 42,133 122,135 530,136 91,139 200,139 823,147 260,148 229,151 854,152 607,155 213,155 199,158 217,157 129,158 528,158 183,160 369,173 223,173 851,174 250,175 836,175 287,179 643,179 190,181 62,181 228,185 334,185 234,189 436,189 744,189 793,191 822,191 664,192 115,197 684,197 133,199 411,205 112,206 118,206 830,207 674,208 166,210 654,215 472,230 640,233 738,234 978,234 816,238 188,238 194,241 52,242 142,245 575,247 560,249 594,249 725,252 869,251 134,253 321,253 255,258 495,259 369,260 321,262 399,263 652,265 679,268 527,270 255,276 468,276 379,278 215,281 538,281 91,289 425,293 531,296 176,303 642,304 226,307 244,310 7,312 886,314 386,316 925,315 419,317 721,316 913,320 30,320 656,323 530,323 378,328 435,329 345,331 25,333 394,334 856,334 781,336 816,339 189,343 377,343 495,342 864,347 28,354 403,354 961,357 591,359 788,360 801,364 998,364 550,365 108,366 921,368 299,380 400,384 461,388 890,388 635,393 567,394 790,395 350,401 793,403 849,403 277,404 826,404 267,407 542,408 488,414 194,433 395,437 579,444 336,447 20,449 509,452 193,456 202,458 88,459 874,470 78,475 932,475 51,480 888,481 477,482 543,483 914,482 1020,482 445,487 333,490 280,491 418,494 856,499 965,501 20,509 581,509 26,509 300,513 454,513 796,518 596,522 336,524 42,536 74,566 36,566 388,571 480,590 30,595 785,597 67,603 906,606 858,607 863,609 551,615 75,619 698,624 385,637 545,643 327,651 610,655 422,667 18,671 361,671 538,672 192,675 117,682 573,684 955,684 95,689 433,691 782,697 808,704 848,718 32,728 605,728 316,730 381,732 481,737 661,740 3,753 269,754 305,759 933,765 648,768 609,770 331,771 817,783 749,790 999,792 141,795 224,797 150,805 404,810 541,810 110,814 283,828 863,839 137,842 298,841 309,840 1002,842 55,843 242,849 856,858 643,862 432,873 468,888 313,892 795,893 896,894 887,904 370,905 820,916 768,923 216,933 101,943 243,948 164,965 989,964 125,970 526,973 807,976 628,981 772,981 482,995
ABI1 315,3 34,6 32,8 35,7 456,12 507,12 1010,14 508,13 626,14 628,15 674,17 989,24 388,25 992,25 390,27 599,28 375,29 376,30 600,30 747,31 1004,35 664,39 340,40 339,42 662,41 378,44 773,48 339,49 774,49 773,50 84,56 458,57 83,58 85,58 718,60 802,61 860,63 859,64 696,67 859,66 688,69 689,74 57,78 362,80 364,79 407,79 579,80 187,82 579,82 659,83 586,83 656,83 585,85 263,88 648,88 840,88 190,89 842,89 454,98 570,99 702,100 217,100 440,105 143,107 141,108 285,110 40,117 731,118 901,119 732,119 731,120 308,124 267,123 268,124 854,128 381,130 336,130 29,132 42,133 335,131 45,135 121,135 44,136 122,136 530,136 199,137 200,138 199,140 823,147 260,149 229,151 855,151 854,152 212,155 607,155 199,157 217,157 528,158 129,158 197,162 369,173 223,172 851,174 250,175 224,174 836,175 287,179 644,179 61,181 189,180 191,180 192,181 334,182 224,183 229,185 333,184 335,185 332,185 436,189 234,189 744,189 746,188 793,191 820,190 823,191 663,192 821,192 683,195 683,197 133,200 118,206 410,205 830,207 413,206 113,207 166,208 673,209 165,209 167,211 654,214 653,215 655,215 654,216 472,229 471,231 979,232 640,233 740,233 978,234 738,235 189,238 816,237 188,240 193,240 51,242 195,241 141,244 142,245 574,246 575,247 595,247 573,248 560,250 594,250 869,251 135,252 725,252 321,253 320,254 255,258 495,257 253,258 370,260 320,261 399,263 652,265 525,269 680,269 526,271 256,274 255,276 254,278 380,278 538,281 540,280 536,281 215,282 90,288 92,288 90,290 92,290 425,294 530,296 177,302 176,303 642,304 228,305 227,307 243,310 7,312 386,316 887,314 926,316 419,317 722,316 923,316 721,317 913,320 30,320 530,322 657,322 655,323 657,325 378,328 434,329 344,330 346,330 25,332 394,334 856,334 781,336 816,338 818,337 378,342 189,341 816,341 189,343 494,342 497,343 864,347 28,354 402,354 404,353 960,357 591,359 786,359 788,360 801,365 550,365 997,365 106,366 108,366 921,367 922,369 299,380 300,382 400,384 461,386 462,388 889,387 891,389 634,392 567,393 635,393 788,395 790,396 350,401 793,403 349,402 351,402 849,403 277,404 826,404 268,406 542,408 266,407 490,414 488,415 194,433 193,434 394,437 396,435 579,442 579,444 335,447 337,447 20,449 336,448 87,456 193,456 88,459 200,457 202,458 204,460 90,461 874,470 78,475 932,474 931,475 933,475 930,476 932,476 51,480 888,480 543,483 1020,481 1019,482 1018,483 1021,484 444,487 446,486 333,488 332,490 419,495 856,499 965,501 964,502 582,508 20,510 22,508 26,509 24,510 27,510 454,513 300,514 454,515 796,518 337,524 336,525 43,537 35,565 74,566 480,590 30,593 31,594 30,595 66,599 65,600 67,603 906,607 858,607 67,607 860,608 864,608 863,609 865,609 551,616 77,619 699,624 698,625 699,626 387,636 545,642 544,645 327,651 326,652 328,652 327,653 610,655 422,667 538,673 17,671 361,671 360,672 192,675 117,682 573,684 119,683 955,684 95,689 433,691 782,697 808,703 809,704 849,718 606,726 31,728 33,727 605,728 317,730 382,731 381,732 482,736 481,738 660,741 3,753 269,754 305,759 933,765 648,768 608,770 330,771 816,781 817,783 749,790 999,791 999,793 141,795 222,796 224,796 223,797 150,805 404,810 542,810 112,813 110,814 283,827 284,828 864,837 862,838 310,839 137,842 1003,842 55,843 242,850 856,859 644,862 433,872 432,873 433,874 468,887 313,892 896,892 796,893 896,895 794,894 887,904 369,905 820,915 819,916 819,918 768,922 766,924 770,925 216,933 100,943 99,944 101,944 243,949 164,964 988,964 124,968 125,970 525,972 527,973 806,976 628,981 772,982 482,995
ABI2 40,117 369,173 793,191 192,675 887,904
ABI3 896,105 369,174 793,191 792,192 394,523 864,656 958,875 887,904
ABI4 40,117 369,173 793,191 192,675 887,904
ABI5 437,3 683,3 978,4 441,6 527,7 314,8 880,9 977,11 618,13 228,14 250,14 79,15 742,17 705,22 584,23 355,24 879,25 39,26 304,29 932,29 518,38 853,38 943,38 472,39 290,43 599,44 332,45 981,47 1016,49 176,52 516,58 809,61 463,62 271,63 979,64 793,65 39,67 671,67 441,70 932,70 75,79 584,80 670,80 897,87 991,89 457,93 581,93 384,95 36,97 87,97 675,98 754,98 82,99 158,105 830,105 504,106 1019,107 450,110 886,111 907,118 349,119 802,119 185,120 310,120 320,122 18,123 963,123 39,124 261,125 189,127 167,128 851,133 373,134 553,137 784,140 579,142 609,142 815,142 767,145 414,147 5,148 445,153 44,157 891,157 82,160 544,165 999,165 356,167 557,170 1012,171 368,172 853,177 923,177 197,179 376,181 863,182 142,186 895,187 567,189 582,189 791,190 753,192 216,193 320,195 527,195 795,195 19,196 131,198 241,198 536,199 241,207 278,215 101,220 593,221 557,223 996,223 549,229 738,232 106,233 592,234 204,235 674,236 542,238 458,243 885,245 204,252 872,253 915,253 920,253 384,254 551,254 728,255 935,255 867,260 285,261 926,264 21,267 275,270 8,272 207,272 770,273 529,275 584,275 159,276 29,283 73,284 428,286 108,287 252,288 789,288 782,289 718,291 883,292 384,295 957,295 442,296 780,297 431,299 44,300 561,303 240,305 619,305 177,307 204,309 948,309 354,312 646,314 332,315 361,315 487,315 699,320 534,321 792,325 93,328 943,328 566,329 78,331 592,331 26,332 269,333 133,337 173,337 731,339 729,342 329,344 487,350 474,351 813,352 271,353 899,354 817,355 114,356 294,357 366,357 945,358 927,359 624,364 666,364 732,369 411,373 797,375 23,386 740,387 404,388 844,388 809,389 478,398 685,398 38,403 438,403 886,403 393,405 522,411 180,414 422,417 556,419 634,421 226,422 5,425 729,425 662,426 437,427 893,436 663,439 329,440 11,442 647,443 54,445 244,448 350,450 896,454 400,456 777,457 787,461 893,462 662,464 26,466 187,467 444,471 821,472 895,474 750,477 727,478 861,478 910,478 239,483 565,483 761,483 289,485 747,485 615,486 506,491 573,491 999,493 442,494 274,495 270,498 954,498 270,500 451,501 609,501 243,503 673,506 914,519 167,521 1018,522 248,523 151,524 772,530 453,531 500,535 251,536 495,537 525,538 177,540 814,540 359,541 507,541 896,541 520,546 717,547 31,549 394,553 403,553 816,553 959,554 757,557 268,559 539,559 140,561 410,561 208,563 853,563 705,564 654,567 773,568 516,569 790,569 922,569 546,572 275,573 881,573 825,574 643,576 474,578 546,578 686,578 108,579 12,580 826,586 659,587 205,588 767,589 966,591 822,593 445,597 759,597 549,598 67,602 531,602 284,604 699,606 788,608 511,609 789,609 510,611 173,613 601,614 482,616 63,619 231,623 331,626 29,628 400,630 33,637 268,639 27,640 205,641 547,642 199,643 224,643 684,644 749,646 538,651 323,653 271,654 703,656 974,657 21,659 580,659 551,665 684,665 533,668 284,671 849,672 192,675 228,678 872,678 299,680 598,680 253,681 630,683 197,688 776,688 295,689 622,690 25,691 736,693 326,696 528,696 569,702 828,702 313,703 749,704 839,706 292,707 649,710 757,710 609,712 121,714 350,714 984,716 823,725 12,726 10,728 925,729 1014,729 100,730 288,731 712,740 724,740 748,741 838,745 906,746 947,748 160,750 725,750 282,751 840,753 190,756 488,757 15,762 431,764 23,765 133,766 16,769 584,769 427,773 710,775 881,775 118,776 800,776 203,777 870,778 4,780 69,782 578,782 35,786 774,786 448,789 810,789 615,797 807,797 455,798 933,798 979,800 399,806 239,807 916,807 479,808 538,808 840,809 576,811 103,815 550,820 140,821 532,823 46,825 634,826 230,829 507,829 755,829 758,829 163,832 943,832 484,833 437,835 863,837 367,839 426,842 326,843 366,847 8,848 277,850 697,850 137,855 963,857 46,858 378,858 645,864 663,865 978,865 722,866 1010,866 966,867 990,870 608,874 940,874 945,875 1002,879 356,881 549,881 1022,881 423,885 579,886 284,891 20,892 224,893 158,894 751,895 1016,897 561,898 416,901 956,902 637,903 489,907 296,909 68,911 843,912 164,915 834,915 826,919 336,920 514,921 798,921 987,922 1006,922 647,927 246,928 561,931 293,932 362,934 862,934 684,935 688,935 644,936 970,937 44,943 130,943 430,946 898,950 940,951 657,953 340,954 622,956 926,957 879,962 637,967 511,971 464,972 958,972 620,981 549,982 704,982 266,985 841,985 911,987 361,989 256,990 858,993 355,994 167,998 295,1000 461,1000 1011,1000 588,1003 513,1004 26,1005 75,1005 406,1005 875,1005 555,1006 594,1009 159,1015
ABI6
ABJ0 175,10 35,28 399,31 176,35 508,39 393,44 485,48 420,52 503,54 540,55 257,59 305,58 918,63 328,76 20,78 630,79 934,85 95,85 195,88 54,110 323,116 331,118 468,119 533,120 594,126 727,127 551,136 897,142 560,142 561,159 312,169 313,182 511,189 635,192 275,194 500,194 154,201 273,203 278,204 882,206 496,210 541,209 474,217 352,218 658,239 342,248 717,256 183,256 508,262 424,266 63,271 246,271 302,275 75,289 165,290 566,297 208,301 267,300 627,303 781,304 256,305 484,311 381,312 832,315 486,320 933,321 860,324 432,330 438,336 65,338 268,345 462,350 935,351 58,356 295,364 5,376 219,386 793,388 788,391 4,391 91,392 447,399 271,401 243,409 543,414 159,418 920,428 123,429 317,431 581,433 345,433 9,436 271,450 999,451 404,473 929,480 40,484 381,491 70,492 596,496 79,500 287,506 393,520 740,525 74,526 258,536 157,542 826,544 891,545 173,548 549,549 149,551 68,551 776,551 165,555 144,560 153,561 647,563 725,566 92,569 125,569 477,577 668,586 557,587 235,594 870,597 559,596 501,606 90,610 545,628 816,636 274,642 64,642 578,647 383,650 113,651 379,654 444,659 247,676 934,677 227,680 48,684 514,695 735,697 697,699 564,700 794,700 93,701 118,703 134,711 77,715 879,720 485,729 135,732 234,733 157,736 399,736 787,744 319,749 539,753 99,757 319,759 935,758 963,758 201,764 2,772 240,776 158,780 295,782 769,781 337,783 605,784 412,787 673,787 140,790 222,803 890,844 131,845 373,855 303,859 256,864 817,865 95,867 131,869 109,878 805,880 198,887 441,887 622,887 348,900 253,909 343,912 173,915 670,915 957,916 566,927 530,933 201,941 792,958 330,961 906,968 416,982 201,991 221,992 97,995 561,998 386,1007 861,1008 676,1009 89,1009 626,1015
ABJ1 329,1 175,10 35,28 400,30 399,31 177,35 509,39 507,40 393,43 420,52 503,53 304,58 918,63 328,77 20,77 21,78 630,79 22,79 933,84 95,85 196,88 933,86 323,115 331,118 469,118 468,120 534,120 593,127 595,128 551,134 897,142 560,142 561,160 313,182 510,189 635,192 500,195 155,201 881,206 882,207 496,210 540,208 543,209 474,216 476,217 658,238 343,249 182,255 716,255 183,256 424,266 63,271 245,271 63,273 302,275 75,289 165,290 208,301 256,306 485,319 933,321 860,324 438,336 65,338 462,349 464,350 463,351 934,352 58,356 295,364 4,375 219,386 793,388 5,391 788,391 91,392 271,401 243,409 920,427 919,428 123,429 581,433 345,433 9,436 579,434 271,450 269,451 404,473 929,480 381,491 596,496 288,507 393,520 739,524 258,536 157,542 891,545 173,547 549,548 150,549 149,550 776,551 67,551 69,551 147,551 68,552 152,552 147,555 166,555 165,556 153,561 646,563 124,568 126,569 477,577 668,585 557,587 870,597 501,606 90,609 545,628 817,635 815,636 273,641 64,642 578,647 113,651 383,651 379,654 443,658 444,659 443,660 226,679 227,680 48,684 514,694 93,701 134,711 76,715 486,729 135,732 485,730 787,744 319,748 320,749 99,757 935,759 964,758 319,759 201,765 3,772 158,780 295,782 770,781 605,782 769,782 336,784 606,784 602,785 412,786 673,786 411,787 413,787 672,787 673,788 140,789 222,802 890,844 888,844 131,845 373,855 372,856 303,858 255,864 817,865 94,867 131,868 109,877 108,879 197,887 348,900 350,900 253,907 253,910 957,916 174,915 669,915 530,933 202,941 793,957 330,961 906,968 201,992 96,994 561,998 861,1006 861,1008 89,1009 385,1008 676,1009 627,1014
ABJ2 175,10 35,28 313,182 208,300 58,356 243,409 9,436 870,597 90,609 47,684 134,711 136,732 330,961 201,992 561,997
ABJ3 174,10 35,28 262,87 152,106 58,356 269,357 854,524 748,543 260,610 138,658 134,711 226,845 330,960 201,991
ABJ4 175,10 35,28 313,182 208,300 58,356 243,409 870,597 90,609 47,684 134,711 136,732 330,961 201,991 202,992 201,993 561,997
ABJ5 986,1 459,3 705,3 172,6 457,6 173,7 328,8 580,13 186,14 208,14 43,15 582,18 657,22 31,24 807,25 1004,25 443,29 39,31 717,38 807,38 653,39 590,41 30,42 258,45 614,46 212,47 934,49 127,51 102,52 772,56 7,61 483,62 582,63 702,64 987,64 65,67 697,67 548,68 204,69 471,70 290,77 141,79 716,80 726,83 19,91 505,93 434,95 802,98 130,99 317,102 836,104 498,106 590,106 717,107 761,107 89,108 234,110 566,110 1012,111 555,114 415,120 997,122 1010,122 294,123 477,128 673,129 389,131 205,134 560,134 755,134 967,137 562,138 569,138 681,138 150,141 461,142 957,142 987,142 169,143 443,144 97,146 186,146 429,147 349,148 817,153 368,157 307,158 683,158 530,160 848,165 812,167 69,171 546,172 673,175 491,178 563,178 207,180 159,181 827,181 28,182 773,185 830,186 126,187 431,187 104,190 305,190 320,190 969,190 650,191 851,191 440,193 125,195 132,196 868,196 93,199 398,200 105,208 845,208 154,216 295,218 433,223 389,226 359,227 453,227 486,230 610,233 723,234 464,235 327,236 688,237 934,238 442,239 110,243 410,243 980,243 341,250 501,255 387,257 667,261 245,262 999,264 306,265 904,265 937,270 633,271 974,272 819,274 484,276 59,277 434,279 890,282 961,284 612,287 755,287 144,289 696,290 871,292 823,293 45,295 904,295 332,296 911,296 700,298 311,300 298,302 530,302 319,305 557,309 84,310 946,310 270,316 299,316 429,316 518,322 985,324 138,328 99,329 947,329 570,330 92,332 604,332 42,333 454,337 165,338 205,338 207,339 121,342 568,342 779,345 567,348 123,351 517,351 54,353 492,352 787,356 60,357 907,359 885,360 602,365 644,365 681,370 556,373 886,374 287,379 976,379 980,379 525,381 79,383 971,386 660,388 318,389 719,390 797,390 228,393 972,395 454,399 589,399 996,403 366,404 1012,409 604,419 400,420 478,422 70,423 488,427 84,428 263,428 595,435 323,440 1013,440 299,444 729,444 736,445 714,448 42,451 669,454 104,457 949,457 326,458 505,462 416,465 918,465 41,466 175,466 955,467 178,472 520,478 513,479 647,479 35,484 93,486 433,487 782,490 415,492 936,493 134,496 681,499 814,499 109,504 565,507 866,518 31,519 317,519 246,521 161,522 1012,523 412,524 143,525 768,531 491,538 199,541 830,541 888,542 1003,545 40,546 681,546 538,548 667,548 1007,549 703,551 316,554 325,554 738,554 25,557 641,558 146,560 415,560 790,561 18,562 286,562 132,564 506,568 637,569 388,570 662,570 794,570 493,571 703,571 183,572 192,572 163,574 737,575 541,577 372,579 444,579 428,585 555,588 866,591 529,598 97,599 311,599 97,601 401,601 500,606 622,608 26,609 544,609 877,611 323,615 853,615 210,617 53,618 554,620 666,622 748,625 819,626 731,628 885,629 980,629 676,634 644,640 177,643 165,653 855,654 9,656 300,657 1006,659 567,664 693,664 27,669 853,671 345,674 183,676 750,678 550,679 44,681 284,681 965,681 46,683 292,684 430,688 796,688 380,689 931,689 244,691 946,696 126,697 436,703 943,703 106,704 131,707 445,707 922,707 132,709 134,711 149,713 677,713 736,713 667,714 137,715 902,716 810,717 243,719 291,726 840,727 496,728 1013,728 585,738 179,740 89,741 775,741 136,742 217,744 107,746 202,746 310,747 323,749 622,751 665,751 692,751 885,753 569,754 564,756 717,757 299,758 415,762 709,764 843,764 423,765 545,766 458,769 879,773 388,775 226,777 651,777 422,780 479,782 990,782 697,785 858,786 152,787 367,799 507,799 585,799 869,806 392,808 322,810 100,821 714,821 82,824 100,825 353,828 915,828 77,830 325,830 328,830 64,831 531,833 72,834 952,843 157,846 664,848 937,850 333,851 639,855 832,855 78,856 301,856 607,858 714,858 729,865 283,866 598,866 334,867 622,867 578,868 596,871 230,875 562,875 565,876 940,881 109,882 582,882 127,887 856,891 600,892 358,893 726,894 289,896 107,899 520,899 243,900 994,901 691,903 106,904 638,904 57,908 621,912 764,915 402,916 353,918 702,918 114,919 374,920 60,922 346,922 533,923 552,923 446,925 609,929 256,932 710,933 962,934 438,935 274,936 278,936 660,943 746,945 16,947 536,952 260,955 745,956 168,957 166,959 329,960 601,960 654,961 650,966 321,968 199,972 869,979 19,983 752,985 332,988 791,989 668,990 607,991 202,993 180,994 671,994 461,998 561,1000 723,1000 95,1002 426,1002 745,1004 258,1005 307,1005 636,1005 861,1011 357,1013 887,1013 124,1015 223,1015 897,1017 382,1021 755,1022
ABJ6 134,710 137,713
ABK0 735,3 941,11 718,13 491,15 1011,17 694,23 506,26 90,30 895,30 158,31 441,31 380,33 655,34 578,37 839,37 52,56 328,60 188,65 339,66 181,68 887,77 907,81 610,83 975,95 273,97 538,99 931,98 326,102 361,101 275,107 949,109 498,115 734,126 633,129 804,134 527,138 350,140 992,146 743,146 339,148 771,148 878,153 9,153 527,157 279,157 409,158 134,161 447,162 1004,161 253,164 914,169 1011,170 501,178 7,181 461,181 253,183 642,193 65,206 486,206 203,211 680,212 555,213 104,222 231,223 349,237 327,238 979,241 373,243 665,244 694,244 811,245 708,248 134,251 197,253 330,255 51,265 661,265 934,270 913,273 392,277 1017,282 415,283 959,297 267,303 213,304 335,309 47,311 625,315 357,317 525,320 359,321 903,323 623,324 665,325 339,327 619,327 868,331 970,330 687,334 594,337 416,339 637,346 280,346 301,346 740,347 12,347 727,348 464,351 495,352 406,353 308,356 230,357 909,355 132,357 479,363 551,363 405,366 628,368 131,370 985,372 654,373 498,376 795,382 131,384 457,389 540,389 734,392 991,394 438,395 386,397 829,399 390,402 923,408 738,410 617,412 129,414 419,415 745,415 860,419 477,426 322,428 569,436 622,434 7,437 134,436 319,437 52,437 279,439 411,444 686,447 455,448 373,449 448,450 989,456 523,458 701,461 111,465 286,467 702,469 32,472 652,473 1014,472 433,476 530,475 998,477 87,479 343,480 408,482 462,482 519,484 604,485 232,485 689,496 441,502 969,513 962,516 420,518 429,526 719,528 318,533 397,539 472,543 914,540 966,542 434,543 349,548 32,554 318,553 848,553 435,557 609,558 889,565 446,571 451,578 312,580 280,581 594,587 432,589 927,591 635,592 47,600 600,603 783,606 424,607 568,607 5,608 136,609 480,625 812,624 118,626 338,637 204,638 239,641 355,642 226,649 823,650 155,650 233,651 240,658 102,659 406,668 768,673 426,681 98,684 318,685 344,684 882,686 191,688 151,696 651,706 990,710 427,711 525,713 351,715 447,716 626,724 428,725 377,726 990,731 321,738 41,746 85,745 313,746 252,747 342,750 255,760 274,760 383,761 359,761 1018,762 337,765 6,768 577,771 895,772 325,775 630,778 340,783 801,787 210,794 311,792 191,793 327,795 145,803 417,804 336,804 179,806 92,810 152,809 333,811 395,813 318,826 76,828 585,827 765,831 409,834 234,837 299,838 330,837 933,838 23,843 222,844 351,847 367,848 812,849 292,850 899,854 173,855 809,859 181,860 17,866 320,869 814,868 300,870 72,876 238,879 8,882 407,888 7,894 253,900 608,904 616,909 149,910 571,912 671,912 685,929 328,932 959,932 317,937 22,940 138,942 375,947 228,947 585,950 83,953 650,953 229,962 343,965 417,964 129,979 326,979 8,986 79,989 785,989 842,991 163,992 690,998 141,1001 922,1007 188,1009 11,1019
ABK1 940,10 941,11 491,15 694,23 578,37 52,56 339,66 181,68 976,96 931,97 932,98 538,99 326,101 948,109 949,110 498,115 735,127 633,128 632,129 803,134 804,135 992,146 339,148 530,153 879,153 278,157 530,155 409,158 527,158 447,161 254,164 914,169 1011,171 501,179 8,182 254,184 643,193 65,207 203,211 103,222 231,223 233,222 980,241 373,243 665,244 694,244 708,248 134,251 330,255 50,265 934,269 912,273 415,284 958,297 267,303 46,312 626,315 625,316 359,322 524,321 666,323 665,325 903,324 339,327 341,327 868,330 593,337 637,346 727,348 739,347 741,347 13,348 406,353 230,357 308,356 229,359 551,364 405,365 627,367 628,369 984,372 498,376 131,384 456,387 457,389 734,393 991,394 386,397 922,407 923,408 924,409 617,412 418,415 859,418 477,426 321,429 622,434 567,434 569,436 135,435 319,437 7,437 134,437 686,448 456,447 373,449 448,450 455,448 989,456 523,459 701,462 112,465 32,472 652,472 433,475 86,478 343,480 407,482 461,482 604,485 689,497 969,513 962,516 970,514 430,527 718,528 318,533 398,539 966,542 472,543 433,542 435,542 434,543 349,548 32,554 318,552 848,553 847,554 435,556 888,563 889,565 446,571 312,579 634,591 927,592 47,600 600,603 783,606 424,608 569,607 480,624 118,626 481,626 480,627 483,627 338,637 204,637 234,638 238,639 356,643 239,643 240,644 227,649 822,650 233,652 822,654 824,654 240,658 102,659 406,668 769,673 97,683 98,685 343,684 883,686 191,688 991,709 427,711 526,713 524,714 626,723 990,730 42,746 252,747 313,746 341,751 383,761 1018,762 577,771 895,772 630,778 340,783 312,791 209,793 310,792 312,793 327,796 326,797 417,804 333,810 93,810 332,811 333,812 317,826 76,828 586,827 764,831 766,832 408,833 299,837 932,836 235,837 933,838 222,843 24,844 352,848 367,847 812,849 899,854 809,859 810,860 181,861 17,866 320,869 815,868 72,876 7,882 407,888 253,900 149,909 150,911 685,929 328,932 959,931 317,936 375,947 585,949 586,950 83,953 417,964 343,965 129,979 8,986 785,989 842,991 691,998 690,999 141,1001 922,1006 922,1008 189,1009
ABK2 695,23 914,169 373,243 330,255 637,346 727,349 498,376 686,448 962,516 32,554 822,650 227,650 42,746 210,793 8,986
ABK3 694,23 914,169 324,190 678,195 637,346 737,356 498,376 686,447 962,516 838,523 62,609 822,649 548,843 784,875
ABK4 694,22 914,169 373,243 330,255 637,346 498,376 686,448 962,516 32,554 822,650 227,650 42,746 210,793 8,986
ABK5 799,4 982,4 927,5 545,7 117,8 896,9 985,11 214,14 236,14 783,14 267,17 695,23 247,24 745,25 929,25 391,29 185,30 80,34 537,38 731,38 821,38 671,39 24,42 517,44 252,45 948,49 153,51 134,52 41,54 618,55 33,61 317,63 748,64 9,65 179,65 629,67 582,68 238,69 324,77 545,79 760,80 572,81 504,83 772,83 144,87 547,88 111,90 725,93 898,98 224,99 505,103 514,104 1004,105 588,106 680,106 181,108 24,112 601,114 637,119 68,120 489,120 670,122 710,123 293,124 393,124 559,127 545,128 738,130 641,133 263,134 815,134 13,138 623,138 735,138 295,139 910,139 753,141 11,143 41,143 247,143 195,146 284,146 527,147 523,148 915,153 502,157 331,158 701,158 528,160 828,165 401,166 778,167 1017,170 915,171 456,172 917,172 916,173 11,178 19,181 385,183 669,185 50,187 357,187 18,190 219,190 234,190 885,190 568,191 370,193 785,196 680,198 296,200 761,208 905,220 584,221 889,221 341,222 185,227 275,227 273,230 476,233 591,234 189,236 768,238 274,239 621,241 345,252 810,252 99,255 79,256 951,256 268,257 177,261 777,261 808,264 384,265 735,267 423,270 482,272 681,272 222,274 635,276 12,279 486,282 803,283 952,286 226,287 369,287 297,289 236,292 631,293 930,295 483,296 308,298 977,299 598,300 65,304 731,307 612,310 353,314 916,315 945,315 51,316 303,321 165,322 238,322 49,324 619,324 410,326 634,327 764,327 553,329 176,330 712,331 668,332 769,337 809,337 343,340 634,343 134,342 900,342 331,343 534,344 299,345 638,346 35,348 638,348 640,349 207,349 619,350 999,350 730,351 962,351 730,357 802,357 329,360 978,362 58,365 100,365 170,370 494,372 497,372 984,372 495,374 500,378 276,379 280,379 471,379 509,380 365,382 229,386 920,387 2,389 991,389 334,390 490,392 909,393 196,395 642,398 842,398 571,405 684,411 847,415 578,417 600,418 698,419 70,420 815,421 853,425 551,427 911,439 571,443 681,443 683,445 984,444 124,448 686,448 259,449 946,449 248,450 1007,450 688,451 690,451 807,453 51,457 452,457 490,464 992,464 882,465 17,467 611,472 372,474 689,474 465,477 536,478 716,478 70,483 325,483 517,483 25,485 483,485 339,486 607,489 321,490 259,492 808,492 705,493 1000,494 206,497 523,498 656,498 984,499 393,506 17,518 963,518 580,519 656,522 910,522 40,523 53,531 98,535 867,535 81,538 737,539 340,540 889,540 9,541 558,541 664,541 672,543 986,545 153,547 731,547 473,548 133,550 756,552 765,552 39,557 802,558 406,560 686,560 518,562 134,569 574,569 579,570 588,570 816,571 543,572 75,574 398,578 302,579 467,579 679,581 771,582 838,583 108,586 529,587 222,591 922,593 623,597 827,601 600,603 44,605 19,606 176,607 604,607 114,608 851,608 105,609 842,610 398,613 929,613 435,614 118,617 421,618 150,619 274,621 455,625 371,627 488,627 539,628 634,628 748,629 358,633 355,636 347,639 519,640 818,645 999,645 983,649 207,650 227,650 397,652 499,654 645,654 705,655 386,656 946,656 3,658 438,658 109,662 198,666 281,670 619,674 360,677 726,679 730,680 579,682 445,683 345,687 926,687 451,688 784,689 183,690 884,692 938,700 753,701 674,702 933,703 488,706 473,707 423,708 751,711 255,712 314,712 275,713 506,713 540,715 450,716 903,724 92,725 90,727 198,729 634,732 912,736 120,737 319,737 931,738 134,739 197,739 890,739 902,739 924,740 430,741 541,741 995,742 829,744 924,744 998,745 1001,747 713,749 802,752 276,754 148,755 301,756 903,756 1017,760 295,763 421,763 1017,763 91,765 375,766 534,768 485,772 908,773 123,776 1022,776 794,777 486,781 892,783 181,784 949,784 660,785 354,788 208,793 1013,794 471,796 663,796 297,797 827,799 402,807 997,813 290,817 388,817 404,819 1018,819 376,822 914,823 478,825 143,827 48,828 134,828 152,828 304,829 268,832 407,833 227,834 138,835 609,836 154,841 531,841 100,846 417,849 727,853 893,853 918,853 164,854 686,856 102,857 843,861 972,861 377,863 859,863 440,865 728,865 686,866 705,867 698,869 634,873 623,874 295,880 224,887 58,889 642,890 842,891 768,892 327,894 576,896 115,897 528,897 675,901 90,902 620,902 905,904 137,905 53,906 882,907 746,913 352,914 660,916 342,918 82,921 430,923 191,926 816,926 77,930 835,930 648,931 180,932 904,932 378,934 138,935 385,939 548,941 207,944 928,944 388,950 105,952 120,953 623,954 48,955 589,955 348,956 507,958 295,961 946,965 49,966 571,967 973,969 926,970 962,974 993,980 116,981 66,982 674,983 7,984 255,986 591,989 36,991 723,992 19,993 521,995 545,996 661,998 827,998 353,999 869,1002 380,1003 429,1003 758,1003 199,1004 928,1007 1015,1009 1,1012 270,1013 369,1013 530,1014 514,1019 841,1021 941,1021 18,1022 1012,1022
ABK6 691,19 695,23 700,28 633,342 636,344 640,349 642,350 500,378 502,379 686,448 688,451
ABL0 214,3 45,6 117,8 941,30 997,34 841,37 249,45 723,47 750,47 923,48 462,51 780,53 927,54 794,56 843,68 958,71 168,74 1007,79 308,90 306,96 358,99 728,105 208,111 642,125 181,132 752,133 975,140 341,144 121,145 685,154 783,153 217,157 424,157 746,165 675,171 218,172 620,186 980,190 756,195 557,197 738,197 64,201 497,204 607,209 24,220 754,221 106,224 310,227 205,230 55,231 895,236 993,238 974,240 229,241 361,242 87,244 177,246 157,248 288,253 160,255 108,258 379,262 955,270 610,275 376,280 391,292 13,293 425,296 547,296 321,300 403,304 422,309 981,311 749,321 733,322 580,326 949,326 961,327 653,334 35,335 759,343 916,346 521,350 865,355 448,361 611,361 176,362 318,363 76,366 85,369 333,370 199,372 860,385 75,388 572,389 37,394 330,397 969,397 232,404 237,406 705,409 387,412 774,415 464,430 61,431 221,437 336,436 286,438 550,440 460,448 491,449 985,449 49,449 5,454 781,461 640,471 859,477 47,479 243,485 748,486 236,490 311,498 808,499 187,504 963,506 991,506 253,507 452,510 168,513 318,516 53,521 93,521 320,526 726,531 333,536 796,538 482,545 421,549 121,553 993,554 677,556 820,563 177,568 162,568 242,568 699,568 21,569 342,573 572,572 77,577 805,579 402,581 914,585 485,602 334,605 397,605 917,608 23,607 566,608 640,610 771,610 31,611 305,613 570,617 421,620 913,621 327,623 375,623 902,625 914,627 536,628 184,637 279,644 845,644 895,646 917,651 849,654 299,660 226,660 927,663 324,672 608,672 283,676 465,676 687,677 572,681 549,682 429,683 82,684 130,686 708,689 66,699 858,705 574,707 531,709 69,725 113,743 579,745 702,744 833,744 513,750 889,755 971,759 724,761 403,771 798,772 880,772 380,774 935,774 11,779 429,780 987,792 311,807 113,808 177,810 342,810 448,822 491,822 201,831 944,834 770,836 22,839 733,849 985,855 576,858 535,860 182,863 351,881 864,883 604,883 567,888 41,890 672,891 10,893 467,894 504,899 521,900 971,901 799,915 456,916 904,916 324,925 913,926 422,950 809,953 627,963 945,969 76,971 276,974 295,977 35,977 304,977 449,982 101,985 14,989 491,996 361,1000 554,1001 656,1013 85,1015 886,1019
ABL1 117,9 941,30 997,34 840,36 841,38 250,46 723,47 750,46 751,47 923,47 462,49 922,49 462,51 780,52 779,53 928,54 842,68 957,70 168,73 169,74 1008,78 1007,79 1008,80 308,90 306,96 358,100 208,110 642,126 181,132 751,134 975,140 121,144 342,144 121,146 783,153 217,157 424,157 745,165 675,170 217,172 620,186 980,190 756,195 556,196 738,197 557,198 64,201 497,204 606,209 754,220 106,223 204,230 55,231 993,237 992,239 994,238 974,240 87,243 228,241 85,248 157,249 288,253 160,253 161,254 159,255 161,256 108,258 379,262 611,275 377,279 12,292 391,292 14,293 425,296 426,297 547,297 321,300 402,302 403,304 422,309 749,321 731,321 733,322 949,326 961,328 580,327 653,334 760,343 759,344 865,355 446,360 448,361 176,362 318,363 85,369 332,369 334,369 199,372 860,383 859,385 572,388 571,389 330,397 969,397 232,404 238,405 237,406 387,412 706,409 774,415 465,430 61,431 221,437 337,435 336,436 224,437 286,438 461,448 491,448 986,448 48,449 985,449 492,450 4,454 5,455 781,460 779,461 782,461 780,462 641,471 46,479 243,484 242,486 237,489 311,498 187,504 992,505 990,506 251,508 452,510 318,515 53,521 320,526 725,531 333,536 796,538 482,544 421,548 121,553 677,556 678,557 822,562 820,564 162,567 177,567 241,567 699,568 21,569 698,569 572,572 342,573 805,579 803,580 486,603 334,605 22,607 917,609 917,607 640,608 771,610 31,611 770,611 916,611 304,612 571,617 420,619 421,621 915,622 375,623 903,625 915,626 914,628 279,643 844,643 846,643 843,644 280,645 845,645 895,645 896,647 917,651 848,653 850,654 848,655 299,660 225,660 928,662 324,670 325,672 283,675 325,674 687,675 572,680 549,682 428,683 430,682 81,684 429,684 708,689 66,699 858,706 531,708 111,742 113,742 578,744 702,744 834,745 579,746 583,747 513,749 888,755 724,761 402,771 880,772 380,775 934,773 430,780 987,793 112,808 311,808 177,811 448,822 491,822 201,830 945,833 770,836 944,834 945,835 22,838 733,849 576,859 536,859 181,864 184,865 351,880 864,883 603,882 567,887 40,890 10,893 521,900 971,901 520,901 799,915 455,916 324,925 913,925 912,926 422,950 809,952 808,953 627,962 626,963 76,970 945,969 276,974 295,977 34,977 305,977 305,979 450,982 447,981 101,984 100,986 14,989 492,995 361,999 554,999 554,1001 656,1012
ABL2 204,230 85,369 231,403 232,404 421,549 864,883 295,977
ABL3 368,87 292,106 748,190 205,230 84,369 421,548 772,609 566,657 572,876 864,883
ABL4 204,230 85,369 231,403 232,404 421,549 864,883 295,977
ABL5 447,3 693,3 473,6 163,8 242,13 798,13 286,14 308,14 143,15 690,18 401,24 923,25 94,26 340,29 581,29 532,38 484,39 793,39 148,42 309,44 368,45 476,45 710,49 127,54 422,55 692,55 590,58 858,61 698,63 818,64 79,65 711,67 810,72 444,77 661,79 882,80 632,83 263,91 779,93 710,95 993,98 400,99 982,101 581,102 685,103 714,104 786,106 878,106 1007,107 27,108 373,108 504,110 834,110 355,111 242,112 839,119 270,120 689,120 245,123 258,123 566,123 737,128 939,129 639,131 155,138 356,141 143,143 173,143 651,144 960,147 559,148 215,155 512,157 437,158 928,165 107,171 570,172 112,173 693,175 269,180 241,181 919,185 619,187 636,193 188,194 324,196 531,196 40,197 950,198 255,199 247,208 304,216 767,217 433,218 806,221 529,224 968,224 114,228 202,228 204,229 415,230 570,233 209,234 663,234 828,235 235,236 462,237 592,237 824,238 203,239 326,239 675,241 632,243 587,246 619,246 16,252 972,252 657,254 662,254 130,255 295,255 315,256 619,256 701,256 273,257 526,257 465,261 43,262 654,265 995,267 179,270 1021,270 494,274 306,276 905,276 809,283 502,287 645,287 44,289 577,289 745,292 687,293 939,294 594,296 792,296 220,297 250,297 20,298 186,299 203,300 460,302 353,304 275,305 669,305 205,308 483,309 8,310 868,310 669,314 528,315 378,316 617,321 475,322 548,322 341,324 56,328 15,329 870,329 498,330 19,332 538,332 994,332 227,334 394,337 105,338 145,338 61,342 508,342 260,343 707,343 805,353 372,358 939,359 921,360 621,361 594,370 386,373 225,374 704,374 363,381 853,386 951,386 625,390 132,393 346,399 481,399 196,404 133,406 353,416 106,419 400,419 596,420 278,422 894,422 661,425 290,427 61,428 569,429 29,430 216,433 213,434 117,440 795,440 461,442 57,444 488,445 484,448 692,448 825,449 579,451 433,454 374,455 912,456 731,457 118,458 277,462 574,466 699,467 494,468 315,473 64,475 256,478 438,479 915,481 886,483 865,485 305,486 179,487 540,490 149,493 698,493 597,494 52,495 920,498 71,502 893,503 325,507 580,520 678,523 82,524 117,532 132,536 889,536 781,540 378,541 624,542 730,542 48,547 233,548 813,548 569,549 71,550 260,554 393,555 587,556 169,558 698,559 936,559 318,561 570,561 840,561 638,563 255,564 111,565 181,569 954,569 202,570 294,570 728,570 229,571 721,571 730,571 956,572 263,574 203,575 410,580 809,582 895,583 242,587 79,588 649,588 173,590 336,592 182,594 759,600 718,604 132,606 670,608 905,609 854,611 481,613 919,614 788,616 627,617 66,618 112,620 242,622 531,623 324,625 393,626 623,626 311,628 580,629 704,630 484,632 302,634 558,639 107,640 248,640 311,640 469,643 494,643 944,644 75,651 323,651 808,651 867,652 365,654 12,657 221,657 210,658 704,659 926,660 154,661 925,663 235,664 594,666 737,668 538,671 13,674 526,678 579,680 870,680 407,688 986,688 237,691 448,691 966,693 548,696 752,696 234,699 1004,701 819,702 565,703 754,703 75,707 552,707 539,708 895,710 1003,710 359,714 636,716 550,717 911,717 37,726 582,727 469,728 163,730 252,730 558,731 806,733 980,738 59,740 284,740 347,740 999,740 657,741 16,742 655,742 85,744 993,745 64,746 913,746 249,748 155,749 780,749 444,751 487,751 514,751 701,753 892,753 32,754 682,757 721,757 163,762 591,764 195,765 717,773 130,775 886,775 974,776 267,777 983,777 238,778 8,779 144,780 201,782 592,786 910,786 944,789 263,796 615,798 69,799 209,799 287,799 125,801 721,808 780,808 56,810 788,811 317,815 341,821 448,821 736,824 983,827 709,829 688,830 347,832 660,833 611,835 9,838 525,839 981,839 574,847 903,850 335,855 630,855 129,858 236,858 568,858 886,862 285,863 414,863 849,865 140,866 904,866 168,867 138,868 169,869 174,871 802,875 104,880 769,881 511,885 865,885 300,886 645,886 1014,891 780,892 931,892 204,893 499,898 621,899 727,899 555,903 972,903 391,907 965,911 773,912 72,915 742,915 713,917 38,918 476,918 740,919 784,924 501,927 102,928 522,930 536,931 123,932 488,933 194,934 694,934 516,935 520,935 796,937 725,940 986,942 972,944 242,946 758,951 190,952 142,954 993,955 734,957 442,958 886,958 962,960 310,967 437,967 671,967 963,968 167,971 327,971 280,972 398,982 970,984 511,985 550,987 1007,988 16,992 274,992 432,993 951,993 247,994 805,995 577,1000 742,1001 117,1006 148,1009 229,1011 512,1014 611,1014 729,1014 770,1020
ABL6 202,228 209,234
ABM0 440,4 113,11 362,13 530,14 523,18 292,19 188,22 154,35 249,42 1006,46 187,63 325,63 909,73 544,96 463,99 570,101 723,118 676,121 754,127 290,128 131,141 621,148 397,165 277,166 570,170 626,172 710,171 962,172 848,173 259,176 950,178 986,181 427,185 933,192 94,195 924,199 1002,205 859,210 597,218 360,227 983,236 862,247 481,250 476,259 466,261 860,263 38,268 124,276 292,279 51,280 187,286 97,288 104,292 651,293 37,298 419,300 475,309 149,322 831,323 596,330 183,332 291,347 634,349 589,350 793,354 273,369 891,371 193,373 730,376 27,379 999,378 338,382 972,394 614,398 272,403 663,404 614,407 828,409 68,429 639,434 1000,447 497,449 561,464 65,465 425,466 452,480 862,489 236,496 517,498 878,497 68,504 985,511 870,513 891,525 869,528 122,531 334,537 223,538 759,539 122,539 959,540 975,541 192,541 899,543 186,545 107,551 361,562 181,566 63,569 493,571 351,575 318,576 934,577 72,580 221,582 765,584 700,585 381,587 902,589 796,602 816,609 654,611 256,618 625,619 79,622 202,628 777,631 131,631 644,632 905,636 536,637 786,637 688,640 184,644 82,647 553,649 975,649 441,654 695,653 542,656 140,657 115,660 1009,660 606,669 728,669 909,670 516,673 230,674 696,676 30,682 102,684 9,688 739,685 93,687 107,686 666,688 673,687 284,688 618,690 580,692 693,692 298,693 960,693 647,695 515,696 663,700 851,700 713,703 129,703 726,702 273,703 373,704 415,704 632,707 839,709 617,710 788,711 411,711 454,712 910,711 647,712 434,714 668,715 583,721 203,723 174,727 404,729 618,735 777,734 392,737 629,737 909,741 560,743 326,744 381,749 353,752 519,754 927,755 745,759 268,760 378,762 574,764 660,764 756,765 213,768 299,767 408,770 523,771 149,773 304,773 334,773 971,774 915,777 669,781 193,783 660,789 880,788 353,791 211,791 791,793 849,795 245,797 721,802 791,802 36,803 441,808 318,808 208,811 261,810 949,814 288,817 730,819 747,822 486,824 917,829 460,833 341,839 443,843 763,844 590,846 291,849 384,850 504,852 577,855 761,853 251,855 289,855 588,856 1007,857 222,859 590,862 239,861 577,861 65,868 32,870 641,873 981,876 859,878 1011,885 591,888 937,888 172,890 994,892 358,893 794,895 349,896 817,900 55,904 668,904 401,906 178,914 235,920 232,924 626,924 907,924 44,927 380,927 896,930 879,931 250,934 743,935 857,937 445,944 292,946 236,947 157,949 903,954 685,956 286,958 601,962 60,964 662,966 625,969 1003,970 766,973 164,974 937,977 297,977 190,981 803,992 176,993 266,1012 833,1012 333,1015
ABM1 440,4 439,6 113,11 292,19 523,18 524,19 189,23 153,36 1007,45 1006,46 325,63 909,73 545,96 463,100 570,100 724,116 723,118 725,117 675,121 754,127 131,140 621,148 397,165 570,169 962,172 627,172 848,173 260,176 949,178 986,181 427,185 428,187 95,195 924,199 1002,205 981,235 984,236 481,250 481,252 476,257 477,258 466,261 860,262 860,264 39,268 124,276 292,278 96,288 104,293 651,293 37,298 474,310 831,323 595,329 183,331 597,330 290,348 633,349 793,354 273,369 193,372 730,376 26,378 998,378 338,382 971,393 272,403 614,406 69,428 639,434 497,450 560,464 66,465 452,480 861,489 236,496 877,496 517,498 879,497 877,498 67,503 68,504 985,510 869,512 891,525 334,537 223,538 759,539 974,541 186,544 108,551 360,562 181,566 63,570 493,571 494,572 318,577 72,580 220,582 765,583 701,585 381,586 382,587 795,603 797,602 816,608 655,609 653,610 256,618 625,619 777,631 644,632 905,636 786,637 82,647 552,649 976,649 441,653 694,653 541,656 140,657 115,660 141,659 606,669 728,669 230,674 103,684 6,685 94,686 102,686 93,687 672,687 9,689 91,688 674,688 961,693 646,695 515,697 663,700 713,703 129,703 373,704 415,704 839,709 412,711 453,712 668,715 583,721 204,724 404,729 406,730 617,734 777,735 392,737 627,736 629,737 326,743 325,744 381,749 354,752 519,754 268,759 213,768 756,765 299,767 297,768 408,770 523,771 304,772 149,772 971,774 335,773 915,777 660,789 353,791 791,792 848,795 245,797 721,802 37,802 318,808 441,808 948,814 288,817 747,822 486,823 487,824 485,825 917,829 1021,830 460,833 341,839 341,841 443,843 590,846 588,847 384,849 288,854 579,854 290,855 576,857 589,856 1006,857 590,862 237,861 577,861 576,862 65,867 66,868 32,871 641,873 981,876 859,878 1011,885 592,888 591,889 172,891 358,893 993,892 994,893 349,896 793,895 817,900 669,904 402,906 179,914 235,920 626,924 44,927 897,929 250,934 444,944 292,946 157,950 902,954 684,956 686,957 602,962 59,963 60,964 662,966 625,969 1002,969 766,973 164,974 937,977 190,981 334,1016
ABM2 104,293 290,348 730,376 181,566 255,618 115,661 213,768 408,770 590,861 981,876 158,949 766,972 767,973 190,981
ABM3 390,87 250,106 718,190 290,347 125,357 722,524 502,543 181,565 118,610 115,660 213,768 590,861 856,875 981,876 766,972 190,981
ABM4 104,293 290,348 730,376 181,566 255,618 115,661 213,768 590,861 981,876 158,949 766,972 767,973 190,981
ABM5 803,4 988,4 451,6 143,8 302,10 9,12 230,13 678,13 194,14 363,17 192,18 757,22 397,24 943,25 116,26 1020,29 610,38 953,38 19,39 568,39 877,39 422,43 405,44 468,45 420,47 836,47 67,48 106,50 323,51 511,52 524,55 964,56 696,58 790,63 343,65 255,67 885,67 730,68 390,69 655,70 124,71 833,74 470,77 323,79 832,80 728,81 938,83 735,88 291,90 295,91 220,93 793,93 54,99 406,99 552,100 687,103 726,104 1003,107 23,108 375,108 520,110 852,110 276,112 861,119 292,120 890,122 288,123 596,123 525,124 625,124 843,125 757,128 681,131 858,134 29,135 279,138 861,138 973,138 535,139 126,140 991,141 467,146 556,146 795,147 116,148 729,148 423,155 744,157 928,160 224,166 374,166 829,166 75,167 392,173 719,174 497,180 461,181 103,182 328,182 89,186 164,187 484,187 967,188 474,190 675,190 690,190 321,191 4,192 205,192 822,193 372,194 511,195 16,196 235,197 136,199 774,200 245,209 599,216 349,221 839,222 819,223 773,226 743,227 837,227 371,230 837,230 396,234 286,236 480,236 60,238 705,239 340,244 107,247 139,247 598,252 53,253 716,255 891,256 765,257 13,262 613,262 327,265 224,266 585,268 261,271 987,271 757,276 381,277 196,283 233,284 942,287 61,288 100,289 450,289 970,290 886,292 83,293 15,294 32,294 251,295 108,296 510,296 892,296 1004,297 39,298 846,298 477,300 98,301 547,305 691,306 495,308 312,310 32,311 971,314 830,315 680,316 833,322 713,324 104,327 241,330 411,332 364,333 621,334 784,337 495,338 535,338 539,339 73,341 280,345 803,348 741,351 501,354 31,357 538,358 610,358 137,361 10,371 665,374 100,375 449,379 100,380 104,380 295,380 353,381 189,387 863,388 478,389 887,390 967,390 230,391 397,392 835,394 110,396 778,399 126,404 520,404 978,404 491,406 212,410 638,412 332,415 829,416 564,418 594,419 700,420 778,422 370,423 192,424 400,428 672,431 1021,435 592,437 83,441 819,444 225,445 226,446 228,449 547,450 224,451 88,456 850,458 1007,462 93,464 368,466 515,466 647,466 248,467 391,468 154,469 93,476 907,478 969,479 79,480 964,480 544,484 805,484 535,486 1001,486 889,491 865,492 839,493 362,494 742,495 766,498 240,499 51,500 184,500 506,501 671,502 829,502 933,507 170,519 359,519 645,519 552,521 296,524 728,524 937,524 44,532 747,532 543,537 785,538 817,539 483,541 649,542 162,543 336,543 442,543 269,546 330,546 848,548 979,548 307,550 835,550 5,552 646,554 655,554 44,555 169,556 367,557 991,558 716,560 106,562 177,563 350,562 620,562 180,565 452,564 889,565 183,566 182,567 185,569 788,568 905,569 646,570 920,570 28,571 739,571 949,571 427,572 436,572 670,573 395,574 602,579 674,579 943,579 248,580 505,583 650,585 305,589 863,590 36,593 906,594 545,598 857,598 433,599 889,607 26,609 454,609 982,609 691,610 678,612 210,615 405,618 888,620 347,621 1018,622 297,624 74,626 153,627 164,629 902,630 408,631 174,633 977,637 170,640 947,640 427,643 603,647 653,651 899,651 358,652 125,654 903,654 197,656 343,656 111,657 405,657 115,661 593,658 685,659 84,660 536,661 119,664 703,664 41,666 120,666 170,666 742,667 1009,668 757,671 215,674 886,674 25,676 786,678 909,679 879,680 148,681 277,681 146,682 156,684 859,684 358,688 722,688 837,689 138,691 559,691 842,696 22,697 502,699 15,703 755,703 643,708 806,708 462,713 407,714 590,717 947,717 35,721 566,727 230,728 455,728 890,728 358,730 34,738 266,738 463,738 977,740 635,741 9,742 629,742 61,744 18,745 979,745 50,746 929,746 502,751 110,754 490,756 639,757 788,757 215,758 600,758 347,762 211,765 321,765 214,768 252,769 796,769 217,771 113,773 497,773 603,773 1000,774 124,776 87,777 189,777 868,778 974,778 1014,779 49,782 558,782 921,782 984,784 394,789 748,789 1007,795 485,797 800,798 941,798 1019,798 333,808 392,808 706,809 937,814 336,818 958,820 314,823 318,824 848,824 551,827 81,828 1006,828 76,829 94,829 228,833 102,836 79,839 529,839 355,840 521,842 772,847 1017,849 874,854 120,855 619,857 726,857 280,862 695,862 824,862 661,864 248,866 536,866 499,867 501,868 478,870 978,871 24,875 367,875 982,876 344,879 340,881 985,882 709,884 872,887 692,889 516,890 244,891 357,893 797,898 901,898 496,900 2,902 163,902 771,902 365,905 621,905 338,908 112,910 55,911 887,911 222,914 864,914 856,918 586,921 657,926 254,927 53,928 676,929 265,931 78,932 326,933 822,933 832,934 914,936 80,942 62,944 360,945 238,951 164,952 503,952 176,953 510,953 454,955 766,956 691,961 941,967 127,970 289,970 669,973 238,975 214,980 298,981 858,983 401,984 457,986 332,990 384,990 668,997 843,998 1009,998 118,1002 43,1003 580,1003 629,1003 960,1003 405,1004 85,1005 915,1008 723,1011 498,1013 597,1013 746,1014 476,1016 91,1021
ABM6 182,567 113,659 210,764 211,766 213,767 215,769
ABN0 205,7 956,9 895,11 1020,13 756,14 668,15 626,18 953,21 158,26 23,37 310,50 180,63 858,68 960,69 218,71 641,72 835,83 312,84 187,87 598,87 1018,92 831,94 601,96 587,97 556,103 355,103 769,103 592,105 344,109 600,109 939,112 558,111 920,111 776,121 914,129 1007,128 183,129 850,131 148,132 697,135 861,134 937,144 585,146 677,147 70,149 798,155 520,156 844,167 521,170 946,172 892,173 755,177 756,184 339,186 692,188 832,190 310,190 782,198 250,202 572,208 304,212 812,222 842,223 527,223 238,228 542,235 988,236 75,237 911,241 950,242 479,245 105,251 979,250 993,253 637,253 261,258 793,258 163,264 96,267 242,268 598,272 974,275 859,279 147,282 733,282 723,289 445,291 808,294 131,294 211,301 595,304 552,306 206,307 743,309 47,315 592,316 905,321 481,335 784,339 359,339 204,340 104,342 314,347 433,349 747,349 800,349 383,351 782,351 789,354 611,352 569,354 725,354 873,354 830,355 277,357 461,357 383,359 719,364 213,366 559,367 904,368 33,369 234,373 999,374 857,377 701,387 451,391 999,391 291,397 939,397 56,399 405,399 715,400 573,406 277,420 127,424 771,423 529,434 605,437 229,437 661,443 199,444 133,445 488,447 309,451 651,452 574,455 962,455 766,458 815,459 540,465 325,477 567,479 449,481 456,489 578,489 803,491 899,493 173,496 626,501 870,504 700,509 637,509 537,515 812,518 997,522 302,524 315,524 559,524 628,526 737,527 323,528 749,529 880,531 162,534 215,537 911,538 942,538 808,545 626,546 506,547 989,549 510,554 602,557 649,559 764,558 500,562 806,567 864,567 509,570 640,570 295,577 743,581 846,581 1018,581 66,584 642,583 839,586 164,586 292,595 653,598 556,601 468,606 570,606 816,609 864,609 996,608 562,614 607,615 898,614 228,616 809,616 216,620 315,622 456,623 504,624 1020,630 511,631 149,634 743,635 750,634 41,636 159,642 549,650 1013,650 623,654 741,654 377,657 476,655 217,658 539,658 985,660 400,668 546,670 938,675 510,681 55,684 512,688 795,692 584,692 633,693 839,701 716,701 278,703 884,703 622,704 863,706 543,707 225,710 878,718 950,719 77,720 722,722 56,727 254,730 862,731 945,741 576,747 455,748 2,749 40,751 226,754 856,753 22,755 482,761 535,763 508,766 385,769 907,773 389,775 69,777 417,776 880,779 60,780 470,780 285,781 647,783 818,784 579,791 799,789 197,792 785,796 967,804 471,805 351,807 629,807 695,808 266,809 551,813 413,817 443,818 885,820 505,824 429,828 434,828 727,828 761,828 470,833 417,835 906,833 776,835 341,840 444,841 81,842 404,842 453,850 261,851 775,851 459,852 313,854 707,855 353,859 416,859 225,864 267,865 637,865 255,868 609,873 112,876 784,878 107,881 561,884 673,886 624,887 857,891 563,892 403,895 369,896 352,900 299,903 56,904 357,908 758,909 352,909 500,911 675,911 913,910 820,912 163,915 432,914 438,915 695,917 644,921 107,926 506,928 640,936 847,935 657,937 391,937 386,947 470,947 609,950 645,951 673,953 118,953 828,958 507,965 307,965 742,966 29,967 489,968 251,970 440,982 878,981 778,983 682,984 24,997 356,997 66,1004 812,1014 466,1016 582,1016 639,1019
ABN1 204,6 895,11 957,9 1020,13 756,12 756,14 668,15 627,18 953,21 859,69 960,69 218,70 641,73 836,83 598,87 1018,92 831,93 601,95 355,103 939,112 919,111 777,120 776,122 914,129 1006,128 184,129 850,131 148,132 697,135 861,134 68,149 70,150 799,155 521,171 947,172 757,183 756,184 339,185 755,185 339,187 692,187 832,190 250,203 812,222 842,223 542,236 988,236 911,242 950,242 105,251 993,253 637,252 637,254 162,264 242,269 858,278 859,279 808,294 130,293 131,295 211,301 595,304 551,306 592,315 591,318 785,339 204,340 104,342 800,349 788,352 569,354 724,354 790,356 873,354 461,357 276,357 382,359 460,359 213,366 905,368 903,369 235,373 999,373 999,391 56,398 715,399 406,400 714,401 277,420 128,424 528,434 605,436 229,437 198,443 133,444 308,450 309,451 651,451 308,452 650,452 652,452 653,453 766,458 815,459 540,465 324,477 326,477 567,479 449,481 578,489 899,493 174,496 626,501 870,504 699,509 537,515 812,518 302,524 315,524 628,526 324,527 737,528 323,528 880,532 910,538 942,538 808,544 626,546 506,546 990,548 650,557 649,559 500,562 805,567 864,567 509,570 295,577 66,584 643,583 839,586 842,590 294,594 292,595 654,598 556,601 468,606 996,608 816,608 864,608 815,609 227,616 607,615 898,615 504,625 743,633 742,635 41,636 549,649 622,653 623,654 377,657 539,658 985,660 546,670 795,692 633,693 838,701 278,704 224,709 225,710 950,718 722,721 723,722 57,727 254,730 945,741 946,742 576,747 456,748 455,749 3,750 226,754 508,766 69,777 879,779 286,780 285,781 647,783 817,784 579,791 197,792 352,806 629,807 630,808 265,809 694,809 551,813 552,815 505,824 728,827 429,828 417,833 470,833 907,833 776,835 418,840 404,842 261,851 453,850 460,852 416,860 267,865 269,864 254,867 255,868 112,876 856,891 858,892 403,895 55,904 56,906 675,910 914,910 501,911 162,916 695,917 644,921 106,926 506,928 640,936 386,947 470,947 645,950 672,953 674,953 673,954 828,958 307,965 29,967 490,968 441,981 440,982 778,983 23,997 357,997 466,1016 582,1015
ABN2 939,111 697,135 105,251 993,252 992,253 808,294 626,546 378,656 985,660 579,791 260,851
ABN3 939,112 698,135 182,190 105,251 808,294 633,356 950,523 724,542 626,547 28,609 794,656 985,660 579,791
ABN4 939,111 697,135 105,251 993,252 992,253 808,294 626,546 378,656 985,660 579,791 260,851
ABN5 655,3 777,4 960,4 513,7 79,8 284,8 927,11 108,13 664,13 146,14 168,14 713,14 1021,14 648,17 275,24 809,25 1006,25 878,29 216,34 351,34 661,38 472,39 781,39 708,41 148,42 328,43 631,44 360,45 728,46 32,50 255,51 226,52 141,54 112,55 724,55 620,58 886,61 611,62 417,63 109,65 279,65 829,67 674,68 326,69 597,70 784,72 773,74 396,77 609,79 748,80 640,81 169,91 797,93 1017,94 602,95 99,98 954,98 441,102 954,104 6,106 614,106 706,106 179,108 280,110 608,110 951,110 123,111 1016,111 539,114 327,120 498,122 188,123 532,123 908,123 105,124 205,124 419,125 329,127 481,129 157,131 307,133 937,133 697,134 671,137 700,138 702,138 929,138 520,139 701,139 702,140 343,141 127,142 865,142 815,145 904,145 123,147 468,147 105,148 521,153 759,154 58,157 256,160 588,165 175,166 443,166 558,167 797,170 222,172 786,172 309,175 521,179 895,179 511,181 736,181 271,185 195,187 353,188 751,190 432,191 633,191 305,193 810,193 640,196 881,198 903,207 977,215 207,222 167,224 606,224 107,226 61,227 155,227 188,230 318,233 429,234 168,235 80,243 446,243 24,244 100,246 103,250 960,247 989,248 776,251 973,254 905,256 998,258 51,261 219,261 651,261 359,264 690,264 164,266 381,267 283,270 605,270 338,272 537,272 68,274 853,275 908,275 483,276 846,279 312,282 341,283 383,284 414,287 43,289 22,290 964,291 807,292 343,294 808,294 1000,295 622,296 652,296 108,297 811,297 976,297 604,298 822,298 607,299 214,300 1019,304 364,305 741,305 307,307 348,309 64,310 983,313 834,314 526,315 555,315 680,315 690,317 626,319 951,320 821,321 894,321 263,324 86,326 439,328 269,329 446,331 960,331 398,332 661,333 810,336 479,341 674,342 889,347 43,349 457,350 843,350 93,353 35,356 354,356 508,357 833,357 805,360 694,362 776,364 818,364 905,365 1001,368 781,369 835,375 281,380 151,382 23,386 718,387 824,388 32,395 542,398 677,398 886,403 132,409 566,411 262,414 747,415 512,418 610,419 690,421 96,423 126,423 51,425 465,427 937,436 965,439 661,443 67,444 48,448 258,448 369,449 370,450 117,451 999,453 932,454 265,457 188,465 335,465 469,465 217,467 996,467 460,471 891,474 746,477 926,478 730,479 365,481 645,482 318,483 793,485 665,486 583,491 556,494 386,495 919,498 28,499 329,503 97,518 383,518 950,519 28,523 282,523 444,523 445,531 233,536 465,537 497,538 824,541 623,543 624,544 585,545 410,546 626,546 432,547 561,547 115,548 628,549 877,548 391,549 565,550 630,550 629,551 156,553 165,553 707,554 905,555 491,557 1010,558 257,559 741,559 878,560 124,561 972,562 921,564 544,569 275,570 485,570 973,570 982,570 929,572 473,574 289,576 213,587 275,589 298,593 955,596 245,597 27,598 23,602 270,605 328,608 307,609 24,611 699,612 91,614 992,615 270,617 569,618 727,622 585,625 458,626 862,629 446,633 684,638 229,639 370,639 599,640 941,641 50,644 103,646 165,650 931,651 419,653 583,653 885,654 1010,655 152,657 197,658 622,658 984,659 38,660 777,662 79,663 205,663 264,666 358,670 444,677 64,678 822,679 854,682 527,683 457,687 14,688 565,688 876,689 952,692 765,701 1020,701 929,703 1005,705 462,706 612,707 867,707 797,709 747,711 271,713 500,713 544,715 116,716 939,717 937,724 124,725 452,726 343,727 230,729 668,732 865,739 525,740 925,740 414,741 1008,744 821,745 73,748 352,750 395,750 422,750 589,752 958,752 455,756 604,756 29,757 133,761 449,763 553,763 159,764 145,772 657,772 834,774 922,775 990,777 98,779 151,781 48,784 534,785 844,785 512,788 577,788 578,791 580,792 581,794 637,796 829,796 945,797 61,798 139,798 1,800 989,800 1016,806 579,807 636,807 946,808 668,810 169,814 632,819 220,820 608,822 118,824 549,828 508,829 197,831 512,832 388,835 343,838 789,838 789,841 320,842 382,846 16,847 663,849 261,850 3,854 286,854 769,856 897,861 2,862 437,864 752,864 484,865 752,866 771,867 754,869 686,873 340,874 78,880 271,880 738,880 125,884 1012,889 744,890 512,891 661,891 950,891 872,892 437,894 698,896 646,897 357,898 463,898 604,901 283,902 981,904 728,909 477,911 816,913 136,917 912,918 98,921 543,921 562,921 611,927 220,929 244,930 948,932 236,934 240,934 422,934 678,941 962,944 424,950 880,950 139,952 838,952 96,957 537,958 598,959 319,961 622,964 45,966 569,967 37,969 787,969 906,970 807,977 979,980 245,984 317,986 649,989 120,991 929,991 113,993 657,996 483,999 329,1000 660,1000 70,1002 1019,1002 532,1003 581,1003 912,1003 64,1008 865,1008 663,1011 175,1012 442,1013 706,1014 189,1016 432,1016 666,1019
ABN6 104,251 577,788
ABO0 472,2 324,4 988,7 164,9 109,11 691,14 766,17 862,17 892,19 512,23 714,24 868,27 679,33 102,35 649,35 607,40 871,45 574,48 110,47 527,55 729,58 126,63 481,63 880,66 820,70 133,71 464,73 957,83 310,88 438,89 738,89 470,94 455,95 643,96 9,99 431,105 653,107 846,110 939,115 1008,119 188,129 204,129 1003,129 843,134 152,136 556,140 751,146 355,148 742,147 116,151 268,153 924,154 660,158 551,161 685,166 587,167 795,170 805,171 582,177 889,181 718,184 303,188 776,188 536,193 713,197 492,204 774,205 639,209 758,216 658,220 624,222 660,234 915,237 332,249 79,249 635,253 651,255 612,257 544,258 927,259 864,259 599,266 742,270 1008,274 648,275 677,277 751,278 74,282 726,281 649,282 662,284 836,289 129,290 933,296 889,298 675,299 574,302 659,301 596,310 367,313 672,315 702,315 928,320 701,326 82,329 677,329 584,330 656,330 399,335 257,337 856,337 830,341 814,342 637,345 824,344 314,349 825,355 690,362 366,363 374,363 734,367 662,368 138,373 115,381 714,383 299,388 320,393 188,398 621,399 437,410 630,410 746,417 612,418 729,423 828,428 142,430 673,432 649,433 73,436 802,448 475,450 71,463 550,466 813,473 429,475 925,477 825,489 694,492 791,495 638,510 232,510 292,511 698,511 241,515 463,516 244,524 892,524 756,531 690,531 698,534 716,539 83,543 914,543 453,545 837,547 724,550 738,560 751,562 288,567 883,568 173,570 694,572 577,577 886,577 1006,581 782,584 744,587 831,591 554,599 155,603 766,604 568,608 738,615 802,617 971,620 532,628 942,628 768,634 953,633 221,634 764,640 378,640 573,640 846,639 851,641 814,646 690,647 1008,648 8,653 687,662 933,671 703,671 760,671 810,673 855,678 948,684 62,684 920,687 348,690 798,690 862,689 925,690 280,695 620,697 405,702 371,705 862,706 130,712 678,717 21,722 169,722 772,725 796,724 815,725 985,726 502,729 588,735 544,737 181,738 998,738 729,739 789,743 920,744 635,749 897,752 981,752 957,761 49,762 653,765 736,766 550,768 555,773 575,776 383,783 783,787 343,798 298,798 670,807 716,813 646,819 76,821 36,824 676,832 338,832 547,837 555,837 702,836 701,841 569,850 704,851 980,855 52,857 885,859 295,861 665,866 921,866 160,869 641,870 945,874 313,880 600,882 309,887 591,891 890,892 525,894 823,895 32,899 217,899 487,900 451,901 705,913 881,925 713,933 306,933 893,941 326,945 931,944 296,946 406,947 690,950 676,955 10,957 764,963 721,969 496,980 908,981 448,982 359,998 164,998 471,1006 122,1012 377,1012 811,1012 593,1018 2,1019
ABO1 324,4 163,8 165,8 766,17 892,19 513,23 714,24 102,35 870,45 575,47 880,67 820,70 465,72 464,73 739,89 437,89 469,95 431,105 846,109 205,129 1002,129 204,130 844,134 751,145 742,147 268,153 923,154 661,158 551,161 685,165 587,166 582,177 303,188 776,189 535,193 537,193 713,198 492,204 758,216 625,222 660,234 914,236 916,237 332,249 652,254 612,257 544,258 863,259 927,260 1009,274 649,275 648,276 676,276 751,278 676,278 74,282 650,283 662,284 837,289 128,290 932,295 934,296 889,299 658,300 573,301 659,301 702,315 82,329 677,328 584,330 256,337 856,337 855,338 830,341 813,342 815,342 637,345 814,343 825,343 822,353 826,355 830,354 365,364 735,367 733,368 300,388 320,393 437,409 630,410 438,410 746,417 729,423 673,432 648,433 475,450 72,462 550,467 428,474 825,489 695,492 790,495 231,509 638,510 232,510 292,510 639,512 241,515 463,516 244,524 756,531 698,534 715,538 716,539 913,543 84,544 837,546 724,549 725,551 738,560 752,562 883,568 173,570 694,572 577,577 887,577 1006,581 782,583 744,587 831,591 155,601 155,603 766,604 738,615 803,616 971,620 533,628 942,628 222,633 769,634 764,640 851,641 814,645 1008,647 933,671 760,671 759,672 947,683 62,684 919,687 348,690 798,690 862,689 620,697 281,696 405,703 861,706 130,712 678,717 22,721 772,725 985,726 501,729 588,736 182,738 729,739 920,743 636,750 981,751 957,761 653,765 555,774 575,776 383,784 783,787 344,798 670,807 717,813 676,831 547,838 701,841 704,848 568,850 702,850 705,851 980,855 295,861 665,866 160,869 945,874 313,880 600,882 309,887 525,893 32,899 217,899 704,913 880,925 881,929 306,932 713,933 326,943 326,945 406,947 690,950 676,954 763,963 164,997 359,998 165,998 164,999 471,1006 121,1012 811,1012 377,1013 2,1019
ABO2 332,249 829,341 348,690 620,697 772,725 986,726 957,761 575,776 676,832 313,880
ABO3 740,195 92,524 938,542 349,690 348,691 772,725 957,761 575,776 676,832 313,880
ABO4 332,249 829,341 348,690 620,697 772,725 986,726 957,761 576,776 676,832 313,880
ABO5 958,1 985,1 423,3 669,3 783,4 968,4 905,5 435,6 111,8 314,8 288,10 1009,11 638,13 768,13 833,14 115,15 648,18 689,22 313,24 855,25 17,26 296,29 218,34 353,34 520,38 708,41 144,42 625,44 360,45 706,46 306,47 672,49 150,52 642,55 816,56 215,59 622,63 3,65 495,65 91,67 725,67 234,69 501,70 684,72 151,79 736,80 548,81 1007,87 513,88 79,90 61,91 1020,92 571,93 494,95 148,97 199,97 775,98 385,102 292,105 771,107 815,107 141,108 264,110 596,110 933,110 105,111 1004,111 1017,122 6,123 497,127 483,128 677,129 173,134 528,134 723,134 971,137 142,141 669,141 453,142 953,142 983,142 165,143 117,146 206,146 764,147 979,154 256,157 340,157 177,158 598,163 694,165 846,165 277,166 545,166 654,167 881,170 892,172 447,175 279,178 351,178 17,180 993,180 355,183 379,185 303,187 526,191 395,193 735,196 977,198 256,200 13,208 745,208 57,216 490,221 787,221 223,224 660,224 111,227 205,227 173,230 352,233 658,233 196,235 652,238 29,239 513,241 846,242 688,243 431,246 463,246 991,249 334,251 437,254 442,254 922,254 75,256 393,256 475,256 981,256 298,257 543,257 393,261 825,261 545,264 549,267 767,267 793,270 713,272 355,274 26,276 986,278 942,279 366,282 379,283 762,286 169,287 564,288 255,292 195,293 451,294 280,295 283,296 762,296 792,296 252,297 315,297 98,298 755,299 366,300 766,301 576,305 955,305 749,307 566,309 906,315 906,317 842,319 9,322 82,322 481,324 649,328 457,329 82,330 612,331 100,332 560,332 663,337 703,337 687,338 177,340 710,342 330,344 735,344 93,345 9,349 431,350 802,351 583,353 113,356 696,357 249,359 403,363 45,370 932,372 779,373 238,374 151,376 643,378 320,379 324,379 515,379 883,380 313,386 694,388 370,395 896,398 7,399 236,404 777,405 914,411 81,416 836,417 858,418 960,419 65,422 628,422 109,426 841,427 823,429 898,430 237,437 15,440 291,440 1017,443 423,444 612,448 722,450 469,451 216,455 89,458 121,462 24,465 522,465 567,467 830,471 183,473 263,475 120,478 300,479 104,480 775,481 663,483 719,485 159,486 31,487 402,490 972,491 15,492 1009,492 534,493 990,497 768,498 293,499 426,499 754,500 729,503 163,507 519,518 805,518 470,523 724,523 892,523 756,531 843,531 617,536 861,538 126,541 372,542 476,542 86,544 17,548 373,549 63,551 223,555 542,559 782,559 269,560 178,561 430,561 700,561 548,563 1003,564 926,567 15,569 36,570 168,570 572,570 211,573 13,575 825,576 644,578 577,582 655,583 1002,586 948,593 881,597 477,600 657,602 863,606 970,608 955,609 309,611 285,615 658,616 1022,619 110,622 279,626 205,628 360,632 168,634 161,637 141,640 309,641 758,644 615,652 275,654 705,656 406,657 972,657 19,659 578,659 948,660 254,667 358,671 512,674 695,675 432,678 553,679 810,680 830,683 1002,687 361,688 780,690 349,692 352,694 326,696 526,696 694,701 400,703 659,704 193,708 358,708 551,710 659,710 19,714 864,716 194,717 555,717 665,718 768,720 770,722 772,724 507,725 720,725 775,728 1016,726 153,728 300,728 987,728 549,729 638,729 912,730 100,733 377,739 600,739 663,739 291,740 345,741 389,743 346,744 281,745 376,745 488,746 138,749 305,750 824,750 867,750 894,750 428,753 920,754 547,757 47,764 71,764 665,764 783,765 672,768 214,769 574,773 651,772 43,773 572,774 575,774 304,775 475,775 726,775 386,776 576,776 703,776 409,777 578,779 100,782 823,784 1000,785 294,786 1020,788 705,795 373,797 15,798 489,798 629,798 707,798 531,800 497,801 979,805 813,806 400,809 1002,817 700,820 68,823 608,824 672,825 319,827 673,827 674,829 772,828 866,828 884,828 6,830 678,834 689,831 445,832 675,832 1002,832 955,834 870,835 680,837 259,839 85,840 255,842 882,846 177,850 652,854 414,857 299,863 39,864 521,864 378,865 122,866 385,867 393,868 1022,874 339,875 310,877 314,881 667,884 454,885 802,887 188,891 980,891 107,892 404,892 340,893 913,894 126,897 693,897 76,898 817,898 923,898 548,900 231,902 773,902 695,903 457,905 713,905 619,906 216,910 987,911 310,914 980,914 959,916 284,917 656,920 708,921 753,926 350,927 641,930 792,930 734,932 440,933 918,934 678,935 937,939 170,942 156,944 745,944 864,945 906,950 612,953 532,955 538,957 32,960 55,968 471,970 442,975 287,978 544,980 636,981 588,982 188,984 833,986 281,988 712,990 764,990 604,991 772,992 269,993 589,993 900,994 157,995 71,996 99,997 225,999 939,999 779,1000 86,1001 459,1003 813,1004 491,1005 526,1008 307,1009 581,1010 75,1012 603,1016 88,1020 465,1021
ABO6 768,720 770,721 773,727 776,729 675,830 677,834 679,835 314,881
ABP0 4,3 522,2 58,8 43,8 17,21 495,20 697,28 854,28 840,31 575,39 856,39 421,43 993,44 260,49 689,47 892,47 11,51 524,65 697,65 278,68 510,67 616,70 826,72 66,88 329,97 414,98 381,103 688,113 437,118 958,118 148,122 515,127 738,133 783,132 32,134 554,138 829,146 347,149 477,163 291,171 164,178 219,192 753,194 146,197 726,199 929,201 667,205 537,209 876,210 729,213 1012,216 588,218 213,221 381,223 639,226 336,229 978,237 643,240 502,240 587,244 46,246 799,246 361,250 242,254 57,255 522,255 303,255 301,261 462,265 46,273 115,277 586,287 1005,288 106,298 220,301 143,302 71,309 501,307 764,308 84,309 459,311 428,314 89,315 555,316 76,321 868,324 66,327 453,338 61,345 81,353 686,354 56,359 316,361 858,360 450,363 639,373 910,376 370,376 500,376 845,379 549,382 375,385 503,391 683,392 143,392 825,393 871,397 46,398 82,398 227,400 396,401 926,403 162,405 224,406 349,406 913,409 515,411 789,415 211,421 907,421 83,425 65,428 93,426 698,430 750,440 780,440 8,442 3,445 356,445 388,446 310,447 14,452 75,454 378,455 532,457 6,461 29,467 9,467 246,467 963,470 92,471 956,472 449,473 364,480 68,481 486,481 473,483 559,488 460,504 705,509 342,517 226,518 405,520 686,522 54,530 210,529 767,531 1012,534 904,536 750,539 781,549 54,570 92,571 938,570 547,577 199,581 761,581 444,582 161,584 965,585 345,587 427,597 821,598 185,600 133,607 497,608 115,608 683,609 632,612 1003,615 850,619 183,621 437,623 216,626 955,626 336,640 615,640 431,641 671,642 332,642 134,657 424,658 49,660 663,661 262,668 909,668 628,671 725,672 404,676 490,680 540,681 88,686 365,691 424,696 400,702 510,711 213,713 599,717 958,721 424,722 799,724 406,726 793,729 300,743 366,744 491,744 825,744 48,749 200,754 576,760 532,768 719,770 361,772 878,772 303,773 601,790 98,798 460,799 528,799 281,801 427,801 481,812 471,818 655,826 281,837 786,849 6,850 831,850 947,856 456,856 348,858 29,869 87,872 479,871 198,872 665,873 491,874 407,884 135,890 709,890 962,890 420,897 660,898 56,904 943,905 275,908 951,911 320,915 745,922 741,927 253,934 368,934 1013,940 68,942 517,944 46,945 214,948 622,950 613,959 505,960 121,962 558,969 340,973 581,974 690,978 776,977 400,980 977,989 447,990 71,991 985,991 338,999 792,999 948,1003 264,1005 223,1013 354,1013 410,1015 864,1015 750,1016 214,1021
ABP1 59,7 17,21 697,28 853,28 840,31 575,39 857,39 421,43 261,49 11,52 525,64 696,65 510,66 616,69 329,97 414,98 738,133 783,133 829,146 478,162 291,171 753,194 726,198 666,205 668,205 876,210 213,221 638,226 335,229 978,237 643,240 502,241 588,244 800,246 58,255 304,256 522,255 114,277 1006,288 105,298 220,301 219,302 70,307 765,308 72,310 457,310 67,325 66,327 61,345 686,354 56,359 859,360 315,361 450,363 375,385 683,392 396,401 515,411 907,421 65,428 310,447 75,454 6,461 5,462 29,467 246,466 486,480 67,481 364,481 486,482 559,488 404,520 767,531 54,570 53,571 55,571 199,581 761,581 821,599 133,608 497,608 437,622 431,641 662,661 628,671 799,724 406,726 793,729 491,745 576,760 361,772 362,773 98,798 528,799 427,801 471,818 786,849 5,850 348,858 408,885 134,890 951,911 517,944 400,980 977,989 447,991 71,991 792,998 223,1012 864,1016
ABP2 575,39 329,97 738,133 213,221 72,310 75,454 29,467 98,798 977,989
ABP3 574,38 72,87 738,133 422,190 760,195 213,221 75,454 29,467 858,542 98,798 978,989
ABP4 575,39 329,97 738,133 213,221 72,310 75,454 29,467 98,798 978,989
ABP5 677,3 421,6 515,7 103,8 1017,11 210,13 766,13 337,17 676,18 747,22 618,23 89,26 340,29 571,34 498,38 622,41 195,44 240,45 574,46 866,49 235,52 951,53 916,54 222,55 492,55 642,61 474,63 691,65 48,69 340,83 1016,86 409,88 997,89 999,90 914,92 591,93 384,95 48,97 99,97 241,102 336,102 337,103 376,104 178,105 440,106 96,108 908,111 321,120 184,123 119,124 219,124 738,133 319,128 505,129 338,134 729,137 987,138 929,142 504,147 157,148 226,157 306,160 614,165 830,172 623,179 840,181 327,183 577,185 644,186 964,186 253,187 272,193 848,193 582,198 178,200 919,207 631,208 896,215 214,220 310,221 609,221 963,226 998,229 970,234 394,238 876,242 422,243 564,252 235,254 240,254 728,254 58,256 179,256 849,256 185,261 623,261 595,267 787,269 1005,270 537,272 78,274 191,274 825,275 455,276 826,279 284,282 315,283 357,284 706,286 117,287 43,289 1010,291 155,293 706,295 300,296 752,296 782,296 244,297 744,298 811,304 485,307 72,309 92,310 298,310 874,314 591,315 721,315 995,318 868,321 781,323 329,324 506,327 283,329 441,331 400,332 537,337 581,338 59,340 119,340 505,341 952,341 700,342 121,343 61,344 59,349 874,351 189,355 277,355 1,361 920,362 42,365 114,370 360,379 364,379 14,380 629,380 487,382 377,386 477,386 121,388 178,389 693,391 79,394 390,395 824,398 2,399 180,404 470,414 947,415 674,417 945,421 92,422 300,423 249,425 478,427 55,440 188,445 166,448 213,451 76,455 77,456 494,456 79,457 303,457 855,457 849,461 941,462 25,464 27,464 26,465 28,465 309,465 443,465 31,468 165,467 33,469 745,472 674,477 657,478 791,478 644,479 277,481 543,482 147,483 477,483 671,483 669,485 886,489 438,491 505,491 428,497 169,503 633,506 264,520 10,523 264,523 430,523 159,524 1012,532 470,535 215,536 155,540 2,542 108,542 957,544 1018,544 637,545 464,546 661,547 1003,548 895,554 693,557 204,559 60,561 559,561 178,563 145,565 550,567 416,569 822,569 519,570 729,570 430,572 897,572 159,573 773,573 735,574 604,578 445,579 706,586 790,591 589,597 383,598 614,605 690,608 67,613 368,616 826,621 942,624 237,626 42,628 95,629 298,630 951,636 939,639 77,643 102,643 947,650 408,651 983,653 311,655 457,655 608,656 751,657 422,659 766,660 395,665 528,665 365,668 187,671 761,672 513,675 258,678 896,678 765,680 640,681 494,683 363,684 258,688 868,688 389,689 117,691 328,691 114,699 882,701 697,702 429,703 620,703 420,707 508,716 56,728 571,728 718,728 614,733 100,738 299,738 814,738 862,740 874,740 513,741 400,742 928,744 861,745 956,745 42,747 301,754 455,757 35,758 418,758 167,762 595,764 147,773 661,773 999,775 319,777 198,778 998,778 102,785 415,785 594,786 912,786 594,789 97,796 433,793 719,797 911,797 547,798 1021,801 16,808 970,809 698,811 668,820 258,821 619,829 47,833 612,833 579,835 1011,837 967,842 498,843 568,847 459,850 879,850 99,858 206,858 532,858 876,862 273,863 402,863 834,874 140,875 139,876 162,880 558,881 751,881 200,882 769,886 158,892 952,892 372,893 126,898 693,898 929,899 80,903 676,903 845,903 703,904 442,909 238,911 320,915 990,915 961,917 286,918 724,918 716,922 34,925 404,928 203,929 870,931 4,936 278,943 454,944 260,945 66,952 478,954 816,954 42,958 205,960 289,969 636,972 654,976 770,981 848,982 977,988 965,985 517,993 982,997 293,1000 861,1001 38,1005 87,1005 418,1005 588,1009 673,1013 67,1014 135,1015 168,1016 126,1021 509,1022
ABP6 738,133 28,465 97,797 976,987
ABQ0 16,17 363,20 466,20 632,21 464,31 89,38 463,47 444,50 959,49 940,57 809,58 438,60 885,64 278,75 92,75 675,86 893,86 686,101 797,102 71,105 10,107 421,107 562,110 822,114 180,121 330,123 676,134 1014,133 959,136 78,136 8,137 1009,142 822,152 509,152 170,164 969,165 518,173 468,175 778,183 296,187 13,193 911,208 523,210 336,211 123,212 253,218 385,219 813,220 593,233 458,234 423,241 54,242 49,244 174,253 208,256 530,258 749,261 790,263 444,262 276,266 258,268 515,271 208,278 478,278 232,292 933,296 195,298 44,300 338,300 302,302 949,305 491,306 537,309 587,312 697,311 443,314 407,319 486,323 455,334 794,334 552,335 341,340 578,340 189,351 740,362 747,361 173,363 467,364 54,373 585,374 669,374 410,379 698,377 638,382 565,386 332,389 479,390 735,391 582,391 369,400 388,399 461,399 309,400 493,402 391,404 664,404 423,409 34,412 467,413 384,413 472,413 326,416 157,416 395,420 390,423 719,425 965,426 587,430 954,432 22,438 503,439 93,441 338,441 869,442 311,445 321,445 946,447 46,447 538,447 12,448 196,459 456,462 359,468 246,471 324,471 687,471 184,476 182,481 265,482 412,483 566,483 57,486 408,486 906,487 562,490 7,495 651,497 351,507 831,505 670,506 31,510 994,510 328,515 37,518 347,520 609,520 95,529 344,539 335,545 323,552 341,556 761,554 838,556 329,558 567,559 419,560 618,562 766,565 466,566 582,569 272,570 309,571 197,579 569,581 841,587 367,589 873,590 302,591 842,597 522,603 358,607 662,606 370,614 621,616 477,619 688,622 944,627 119,627 179,628 117,633 418,639 721,638 58,645 210,657 419,660 605,661 86,663 491,669 500,669 278,672 39,675 206,686 262,693 538,696 530,698 834,704 830,707 137,715 949,717 390,719 976,732 735,740 82,744 281,745 737,751 819,753 1020,757 937,762 593,766 362,767 983,776 813,777 104,793 481,794 415,794 50,795 488,795 798,800 17,805 158,815 412,824 515,824 1012,827 465,828 178,831 425,839 389,839 805,840 575,841 375,842 516,847 14,860 968,867 748,872 165,879 445,882 528,894 578,902 647,904 206,905 821,926 195,932 441,939 796,941 807,942 342,943 726,947 736,947 216,948 269,958 402,963 177,966 551,972 580,982 623,986 82,988 378,994 579,993 635,993 371,1006 637,1016 156,1020
ABQ1 340,1 15,17 363,20 632,21 464,31 463,47 444,49 959,49 940,55 939,56 809,58 940,57 885,63 278,75 93,75 675,86 893,86 797,102 10,107 421,107 180,122 330,123 676,134 959,136 823,152 518,173 468,175 778,183 296,186 384,219 813,220 592,232 593,233 423,242 750,260 790,263 258,267 260,268 515,271 478,277 208,277 233,293 933,296 195,298 44,299 194,299 338,300 537,309 587,312 697,312 442,315 444,316 485,322 487,323 740,362 747,361 585,375 410,379 698,378 640,383 332,388 331,390 736,391 369,400 494,402 309,401 391,404 422,409 466,412 326,416 384,413 157,416 394,419 396,419 395,420 718,425 23,438 22,439 338,441 94,440 503,440 321,445 537,446 946,446 47,448 456,462 687,470 323,471 182,480 566,482 408,486 905,487 7,495 830,504 833,504 31,510 348,520 95,529 344,537 345,539 335,544 340,555 839,556 342,559 837,557 567,559 329,559 766,565 582,569 272,570 197,579 569,581 198,580 841,587 367,588 302,591 841,596 523,603 662,605 358,607 661,607 371,614 622,616 477,619 688,622 944,627 118,633 418,639 210,657 605,661 87,663 491,669 530,698 830,706 136,715 389,719 391,720 976,732 281,745 737,751 818,753 1020,757 939,762 595,766 983,777 813,777 104,794 415,795 481,794 50,795 798,800 17,805 412,824 515,825 465,828 1011,827 178,831 425,839 805,839 575,841 804,840 374,842 14,860 969,865 968,867 748,872 441,939 342,943 726,947 736,947 269,958 178,966 551,973 580,982 622,986 378,993 579,993 635,994 372,1005 370,1007 637,1017 156,1019
ABQ2 278,75 518,173 410,379 369,400 326,416 340,556 569,580 477,618 210,657 491,669 441,938 270,958 268,959
ABQ3 278,75 192,87 94,106 518,173 193,357 369,400 326,415 569,580 752,609 210,657 554,657 491,669 269,958
ABQ4 278,75 518,173 410,379 369,400 326,416 340,556 569,580 210,657 491,669 270,958 268,959
ABQ5 960,1 937,5 930,9 250,13 806,13 192,14 153,15 688,18 935,25 108,26 366,29 603,29 564,38 907,38 997,38 216,42 390,43 766,46 784,47 462,48 722,49 36,50 241,51 419,52 101,54 406,55 676,55 836,56 574,58 73,61 822,61 543,62 642,63 762,64 21,65 107,67 739,67 584,68 248,69 278,75 509,70 274,77 467,79 600,80 686,80 494,81 955,87 27,90 519,93 126,97 177,97 842,98 170,99 764,101 494,104 894,104 286,105 964,105 636,106 125,108 258,110 588,110 119,111 6,112 611,119 40,120 640,122 371,124 513,128 423,131 233,134 588,134 783,134 977,137 689,141 471,142 969,142 999,142 477,144 804,147 463,148 57,155 398,157 804,163 890,165 475,166 850,167 53,171 510,172 516,172 42,173 517,173 519,174 520,175 585,175 521,176 397,178 469,178 723,181 948,181 445,183 485,185 82,187 391,187 937,190 503,193 115,195 646,195 864,196 81,199 135,208 126,210 150,216 265,218 913,220 600,221 367,222 361,223 784,224 221,227 315,227 356,230 492,233 187,236 163,239 606,243 184,244 157,250 1004,252 707,254 712,254 182,255 343,255 363,256 331,257 588,257 521,261 97,262 264,265 17,268 693,270 724,272 923,272 555,274 845,276 196,280 482,281 709,283 398,287 541,287 461,289 400,292 565,293 819,294 78,296 651,296 630,297 693,297 754,300 96,302 341,303 213,304 867,307 73,308 367,309 638,310 505,314 190,316 481,321 349,322 247,324 825,324 818,329 446,330 989,331 482,332 57,338 97,338 683,345 655,349 449,351 241,354 785,355 873,355 96,357 266,358 338,358 885,359 476,363 570,365 612,365 835,369 637,370 674,370 494,373 341,374 407,376 647,376 438,380 317,381 865,382 723,386 821,386 457,388 518,389 475,390 1021,391 1004,392 726,395 364,396 366,398 106,399 312,399 368,399 370,400 369,401 372,403 632,409 16,412 324,414 325,415 115,416 189,417 224,417 327,417 120,419 312,420 330,420 37,422 81,426 811,427 299,429 789,429 864,430 1003,433 760,436 239,440 647,440 937,443 335,444 530,448 336,450 403,451 202,455 754,456 89,458 169,463 563,465 697,465 447,467 204,468 690,471 33,473 822,474 947,477 176,479 1014,479 531,483 583,485 23,486 415,487 784,491 851,491 213,494 12,499 655,501 885,506 70,518 259,518 82,520 176,523 426,523 327,524 566,529 954,530 678,535 992,540 212,542 318,542 837,545 678,546 718,547 169,549 338,554 342,558 461,559 927,559 828,560 52,561 322,561 132,563 93,565 631,568 656,569 786,569 177,571 186,571 414,572 885,572 759,573 485,576 954,578 282,584 367,587 299,589 457,589 462,593 75,597 389,597 181,598 1015,599 295,600 984,603 432,605 564,607 992,607 494,608 217,609 493,609 875,610 927,612 810,613 831,614 178,616 13,617 757,618 484,619 975,619 592,621 877,622 735,625 965,625 645,627 750,627 801,628 896,628 574,633 788,638 339,639 549,639 713,642 738,642 305,650 553,650 14,651 731,653 208,654 917,654 39,655 109,656 211,656 826,656 354,657 419,658 848,658 213,659 288,660 359,663 485,663 490,668 869,664 1002,664 670,665 540,666 799,667 593,670 147,672 71,673 742,673 648,677 767,678 14,680 695,680 26,681 64,683 769,683 278,687 644,687 777,688 154,701 214,702 898,702 131,704 219,706 696,706 683,707 977,711 481,712 540,712 493,713 722,713 766,715 338,716 682,716 115,718 99,720 342,727 859,727 456,729 644,730 892,732 40,738 141,739 368,739 431,739 94,740 106,740 139,741 654,741 201,743 212,745 276,746 930,748 544,749 95,750 624,750 667,750 694,750 893,752 224,753 722,754 610,755 916,756 1022,757 461,761 881,763 487,764 520,768 52,769 501,772 1009,772 152,775 323,775 584,775 240,776 667,776 16,782 440,784 753,784 932,785 226,786 543,795 889,797 343,798 555,798 389,800 345,801 837,805 669,806 320,807 909,807 968,807 256,809 1018,810 988,819 576,820 448,824 139,827 687,827 576,828 670,828 688,828 81,829 84,829 499,831 249,832 812,832 759,834 686,835 147,837 87,839 732,841 93,842 644,842 889,844 356,847 631,849 27,850 489,854 782,854 283,857 390,857 722,857 449,862 578,862 461,864 326,865 72,866 360,866 339,867 358,870 294,874 980,874 303,875 342,879 720,880 913,880 360,881 771,884 370,891 140,892 291,892 584,892 520,893 332,897 1019,898 101,899 742,900 284,902 882,902 27,903 909,903 653,905 909,905 626,908 426,910 524,914 894,917 132,919 666,919 315,922 334,922 246,924 995,926 596,927 393,928 2,930 893,930 192,935 972,935 169,940 580,943 378,944 971,944 64,946 96,950 584,951 861,952 776,955 764,957 196,958 197,959 248,960 273,961 296,965 620,966 747,966 639,970 646,975 525,978 858,981 810,982 983,984 14,987 382,989 830,991 611,992 988,992 485,993 805,993 92,995 373,995 325,997 19,1001 350,1001 782,1002 566,1004 11,1005 715,1005 805,1010 825,1012 223,1013 68,1014 167,1014 334,1015 290,1020 701,1022 804,1022
ABQ6 279,76 368,399 491,669
ABR0 110,7 393,11 502,19 230,20 18,24 734,35 200,44 757,47 436,58 567,57 347,61 252,63 178,66 871,67 229,72 249,73 566,79 321,84 711,82 271,83 87,96 957,97 123,97 332,100 962,101 430,104 284,116 364,119 187,124 258,126 289,128 698,128 364,128 353,132 604,131 270,136 252,143 313,149 266,154 500,155 987,156 255,159 303,160 501,166 217,172 668,171 937,174 524,177 537,182 680,187 963,189 902,189 103,191 273,194 526,196 219,197 320,196 347,199 473,198 496,203 218,207 568,207 74,221 491,225 404,228 38,230 638,237 469,240 748,243 599,251 411,257 417,265 315,271 165,275 480,275 574,287 314,290 959,295 840,296 91,297 391,304 421,307 881,315 196,328 157,333 298,339 321,341 155,363 196,368 435,374 536,378 1003,379 102,381 521,388 806,389 260,402 70,410 47,413 315,413 650,412 736,420 650,424 349,428 294,430 660,437 404,463 357,478 681,488 981,487 970,496 433,499 626,502 823,510 499,525 931,524 246,527 228,530 414,535 974,536 152,542 907,542 271,548 762,558 667,561 944,571 21,573 716,576 503,577 501,584 746,585 755,589 525,600 437,602 498,628 550,629 199,640 850,640 696,644 684,644 483,653 323,663 507,670 890,674 578,677 477,684 46,686 910,689 77,691 86,697 391,701 100,704 236,707 215,706 603,706 926,713 745,715 272,718 587,720 94,722 414,721 965,723 447,729 319,731 100,732 717,739 462,740 398,743 367,746 846,745 856,748 323,751 499,751 217,753 449,753 692,756 134,768 591,768 633,779 31,784 314,787 265,787 345,787 974,789 539,793 3,798 358,799 685,798 543,800 494,804 285,812 625,815 256,823 609,824 433,826 631,831 720,833 355,833 471,833 388,834 417,834 332,835 220,849 435,850 432,855 417,855 108,859 320,871 40,887 631,885 472,887 813,889 190,891 376,894 410,895 965,898 725,911 150,918 724,919 391,923 573,923 385,924 407,926 272,928 408,932 397,933 628,935 684,936 473,937 877,939 378,942 681,944 310,943 475,943 258,964 937,963 548,965 213,973 351,973 159,973 437,982 374,990 207,990 402,990 837,989 1013,996 859,998 622,1000 37,1001 352,1000 799,1002 469,1006 398,1008 642,1009 795,1009 909,1007 480,1016 424,1016 394,1017 993,1021
ABR1 110,7 502,19 199,44 757,47 252,63 178,66 872,67 2,71 228,72 249,73 321,84 957,97 962,101 430,104 259,125 258,127 289,128 603,131 270,137 252,143 313,149 501,166 217,172 668,171 936,174 524,178 963,189 273,193 527,196 321,196 219,197 347,198 348,199 216,207 218,206 221,208 74,221 404,228 638,237 469,240 749,243 600,251 598,252 315,271 574,287 313,289 316,290 959,294 91,297 391,304 393,303 390,305 421,307 881,314 882,315 195,328 156,333 297,339 196,369 102,381 101,382 70,410 46,412 47,413 349,427 295,429 294,430 404,463 357,478 681,488 980,488 970,495 433,500 823,510 975,535 717,575 716,576 501,584 746,586 498,628 200,641 851,641 696,644 683,644 851,644 890,674 911,689 910,690 78,691 86,697 391,701 100,704 236,707 94,723 717,739 398,743 368,745 367,746 323,750 324,751 217,753 134,767 31,785 312,786 314,787 345,787 974,789 3,798 2,799 358,799 284,812 285,814 625,815 256,823 608,824 433,826 435,826 631,831 719,833 721,833 220,849 431,854 417,855 40,887 472,887 376,894 410,895 726,911 723,918 408,925 406,926 272,928 274,927 628,935 877,939 378,942 681,944 212,972 351,973 374,990 402,990 206,990 622,1000 37,1001 469,1006 795,1009 480,1016 425,1017 992,1021 994,1021
ABR2 503,19 271,138 217,172 236,707 631,831 40,887 376,894 378,942 681,944 374,990
ABR3 162,87 1004,105 217,172 242,190 320,524 679,560 756,657 236,707 672,876 41,887 378,943 681,943 374,990
ABR4 503,19 271,138 217,172 236,707 631,831 40,888 376,894 378,942 681,944 374,990
ABR5 366,8 350,10 51,12 718,13 240,14 193,15 417,17 856,17 734,18 123,26 733,32 664,38 1007,38 73,39 941,39 300,42 478,43 463,44 797,44 530,45 884,46 918,47 149,48 872,49 413,51 386,52 278,55 610,55 784,58 449,59 1006,61 804,63 1011,65 773,67 781,74 836,80 658,81 834,83 61,88 155,90 151,91 82,93 665,93 254,97 305,97 952,98 469,102 996,104 394,105 56,106 660,106 752,106 873,107 917,107 316,108 15,111 211,111 88,112 714,122 412,123 756,123 333,124 651,125 573,127 727,129 571,133 195,134 723,134 901,137 479,138 591,138 68,141 381,144 41,146 130,146 361,147 706,147 295,148 737,153 965,154 258,157 577,158 646,163 724,165 563,166 218,172 221,175 363,175 173,178 921,179 885,180 752,181 295,185 938,186 924,189 116,190 440,195 637,196 518,198 859,198 889,207 599,208 945,215 23,218 165,222 155,223 153,224 592,224 67,227 161,227 131,230 326,233 722,233 445,234 806,235 642,238 148,239 470,243 674,243 443,246 543,254 548,254 167,255 179,256 489,256 571,256 51,257 392,257 941,261 673,264 1004,264 941,267 603,270 491,274 327,276 791,276 144,280 656,282 683,283 725,284 54,287 352,287 495,287 762,287 417,289 420,290 567,292 743,293 779,294 610,295 440,296 638,296 60,297 90,297 572,297 635,297 430,298 64,299 72,302 167,304 95,305 23,308 315,309 866,309 706,310 30,313 10,316 39,316 169,316 116,320 437,321 301,322 374,322 773,324 749,329 909,331 113,334 31,339 971,341 603,343 828,344 215,345 611,345 405,348 393,351 731,355 819,355 741,356 887,360 605,361 602,365 644,365 871,369 712,370 257,379 616,380 495,381 49,383 43,387 650,388 324,389 766,389 729,390 76,391 246,393 691,394 1018,395 442,399 648,399 24,404 884,404 180,415 675,416 683,417 404,418 434,419 734,419 930,420 608,422 663,422 198,423 18,424 596,427 365,428 877,429 337,430 422,431 304,437 783,437 829,440 986,445 988,448 311,450 67,452 384,457 203,458 598,458 819,463 592,465 70,466 217,466 351,466 974,466 109,468 886,468 372,472 743,473 480,475 605,478 665,479 799,479 309,482 205,484 633,487 690,487 669,491 124,494 518,495 346,496 540,498 300,499 268,501 442,501 595,502 944,518 109,519 395,519 312,521 239,522 66,524 326,524 225,525 442,530 824,531 501,532 563,538 435,542 583,542 122,543 228,543 71,546 132,546 604,547 799,548 365,549 137,550 857,551 492,554 501,554 554,560 168,562 667,562 286,564 666,568 550,570 928,570 964,570 663,571 349,572 358,572 317,574 574,579 714,579 32,581 407,583 485,584 836,587 671,588 952,592 808,594 443,598 755,598 331,599 547,599 359,601 663,601 553,603 779,607 946,608 350,609 880,609 201,612 259,614 685,615 191,616 898,618 177,620 415,621 50,623 134,626 219,627 511,628 234,629 285,630 380,630 486,631 80,635 881,640 1022,640 229,642 692,645 731,647 821,651 45,652 589,653 85,655 439,656 736,657 945,657 879,658 540,660 902,661 503,666 324,667 287,672 791,674 442,675 617,676 374,679 887,681 760,682 605,684 475,685 395,689 980,689 505,690 838,691 926,694 498,697 702,697 910,702 233,704 956,703 600,704 238,708 919,707 360,708 627,713 149,715 1004,717 699,718 928,718 992,728 195,729 889,730 978,730 258,732 522,734 764,738 996,738 171,739 1020,740 59,741 717,741 740,741 752,741 760,742 274,743 804,745 683,747 41,749 572,750 184,751 236,752 279,752 306,752 497,754 314,756 200,757 496,758 298,759 465,765 63,766 76,770 499,774 26,776 181,778 962,779 648,783 36,786 347,786 514,787 506,790 363,794 161,797 677,798 131,800 209,800 13,803 657,809 716,809 762,812 744,821 334,822 222,826 465,829 444,830 462,830 1001,833 542,834 865,843 394,844 751,851 25,856 218,856 488,856 1022,858 143,864 272,864 707,865 39,869 57,870 62,872 704,875 12,876 17,877 410,882 597,882 687,882 40,887 401,886 188,887 510,889 374,891 844,892 8,894 377,895 378,896 471,896 243,899 363,900 817,903 232,904 401,904 257,905 23,907 279,907 14,910 928,915 509,918 272,919 28,921 214,922 693,923 712,923 311,928 934,928 318,931 929,932 748,933 1000,934 286,936 290,936 682,945 376,938 377,940 590,943 379,944 742,944 380,945 540,945 381,946 822,946 258,952 1001,953 1020,954 515,956 260,958 482,961 243,968 527,969 755,971 93,972 910,976 955,982 34,984 644,985 195,986 370,986 372,987 225,988 374,990 540,990 473,991 402,992 699,993 58,994 567,994 879,994 423,996 11,1002 766,1003 679,1004 188,1005 237,1005 568,1005 3,1006 695,1006 495,1010 277,1013 52,1015 151,1015 316,1016 38,1018
ABR6 216,171 219,174 221,175 233,703 238,707 40,887 681,944
ABS0 145,4 790,5 117,6 179,9 968,17 850,24 157,28 897,27 109,33 282,34 261,37 288,39 574,47 482,59 186,67 346,67 508,69 302,68 449,70 49,76 208,78 258,81 102,86 1004,88 646,95 883,97 718,109 116,112 173,122 55,123 237,128 491,126 77,137 1011,136 53,143 708,146 34,148 801,151 299,174 161,174 342,176 597,177 61,179 179,180 897,181 903,186 105,188 180,195 54,199 7,205 312,205 650,209 328,210 1005,216 655,218 665,220 109,221 57,227 106,227 830,228 607,234 141,239 311,238 441,239 21,241 27,241 77,253 835,254 117,257 143,268 438,270 197,271 1003,275 769,277 106,281 56,287 156,294 143,295 172,301 482,302 184,309 203,310 211,311 4,314 268,319 806,318 733,319 10,322 146,327 61,332 786,331 208,333 443,338 365,340 218,351 627,356 606,356 849,360 13,368 490,368 121,371 89,386 680,395 277,397 569,396 622,397 105,398 561,398 867,403 254,404 317,403 813,409 301,415 123,420 312,423 201,427 544,431 186,437 869,436 580,444 103,446 226,462 281,464 255,476 312,480 366,481 211,482 628,497 297,498 359,503 277,505 383,505 254,513 125,516 285,517 120,518 256,525 139,526 129,527 301,527 124,531 286,533 855,537 423,540 100,541 303,544 315,543 368,546 669,548 318,549 290,554 358,558 824,560 966,560 242,563 336,567 218,572 320,570 711,573 33,576 791,576 229,578 486,578 776,579 132,582 78,586 317,591 354,594 35,600 447,600 629,599 322,604 343,610 855,616 113,618 864,622 406,626 227,632 52,633 440,634 882,633 403,637 275,640 1021,640 892,642 685,644 215,647 69,652 274,653 440,655 567,657 310,662 217,663 336,663 891,667 547,672 565,674 533,677 840,682 203,685 193,687 874,689 260,694 543,695 251,697 110,698 936,700 529,709 355,710 886,717 367,718 691,725 488,727 166,731 83,732 444,745 714,744 278,747 509,753 169,754 415,760 552,763 944,763 650,769 78,772 295,774 13,775 377,775 587,776 556,777 11,785 204,785 349,784 318,802 148,803 754,803 342,805 70,806 709,812 456,814 411,815 909,814 695,816 720,816 162,821 270,821 735,827 545,831 169,836 178,844 295,845 458,847 149,850 340,852 765,853 481,855 222,859 601,879 534,880 60,885 620,886 140,889 248,895 609,899 521,900 943,900 455,904 379,908 396,911 238,912 275,911 304,916 810,916 386,922 250,925 506,930 407,937 936,937 367,943 169,946 505,959 277,964 521,967 892,972 170,973 229,973 347,978 947,978 178,982 220,982 897,984 694,989 249,1003 968,1011 890,1012 67,1014 415,1020
ABS1 116,1 145,4 790,5 118,6 158,27 897,27 156,28 157,29 108,31 109,33 260,37 282,34 281,35 574,47 186,67 346,67 508,68 449,70 301,69 49,77 258,82 102,86 883,97 718,109 173,122 237,128 491,127 77,137 708,146 801,152 161,174 342,176 61,179 897,181 902,185 105,188 181,195 53,199 312,205 327,209 650,210 328,211 655,218 109,221 664,220 57,227 106,228 830,227 830,229 606,233 141,239 441,239 77,253 116,257 438,270 197,271 769,277 106,281 55,286 57,288 156,293 155,295 143,296 172,300 184,310 203,309 202,310 212,310 5,314 266,318 270,318 268,319 10,322 145,327 61,331 786,331 443,338 365,341 218,351 849,360 489,369 120,372 90,384 89,386 569,395 570,396 277,397 561,398 105,399 254,404 867,403 302,415 123,419 313,423 201,427 186,437 103,447 255,477 311,480 366,481 210,482 628,497 277,505 383,505 125,516 129,517 123,517 287,517 119,518 286,518 120,519 256,524 140,526 254,525 301,526 302,527 129,528 301,528 124,530 122,535 423,540 100,541 303,544 314,543 670,548 317,550 290,555 357,558 967,560 966,561 218,572 711,571 710,573 485,578 486,579 776,579 132,583 78,586 317,591 354,594 355,595 36,600 406,626 227,632 52,634 440,634 404,637 893,641 891,642 892,643 685,644 69,652 273,653 441,654 567,656 335,662 217,664 336,663 548,673 564,673 533,677 874,689 543,695 251,698 935,699 937,699 690,725 83,732 166,731 445,745 170,754 944,763 296,774 556,776 348,784 11,785 204,786 753,803 709,812 707,812 456,813 411,814 694,815 721,815 696,816 270,821 163,820 735,827 170,836 169,837 295,845 458,847 457,848 148,849 150,850 340,851 149,851 481,854 765,854 601,879 534,880 535,881 140,889 248,895 608,899 943,899 521,900 455,905 379,908 396,911 238,912 304,916 810,917 250,925 506,930 406,938 367,943 170,945 504,959 521,968 170,973 892,971 228,974 178,982 220,983 896,984
ABS2 145,4 260,37 508,68 237,128 77,137 146,328 628,497 124,531 83,732 444,745 248,895 396,911
ABS3 145,4 261,37 42,87 77,137 372,190 238,524 12,543 466,609 249,896
ABS4 145,4 260,37 508,68 237,128 77,137 146,328 628,497 124,531 83,732 444,745 248,895 396,911
ABS5 139,1 143,2 145,5 747,4 930,4 149,7 387,6 59,8 824,9 933,11 572,13 188,14 210,14 45,15 271,17 724,17 584,18 530,23 301,24 22,26 280,29 521,29 311,30 170,34 257,34 259,35 261,38 571,38 263,39 368,39 677,39 196,43 240,45 632,47 887,47 930,49 125,51 102,52 5,54 308,55 748,56 173,59 471,62 109,65 3,67 619,67 462,68 511,70 494,72 447,74 54,77 406,80 226,83 876,86 267,88 766,92 319,93 242,95 924,96 975,96 785,97 626,98 153,102 682,104 756,105 1006,107 370,110 725,110 921,110 798,111 165,120 326,122 350,123 955,123 31,124 233,124 236,126 129,127 91,128 72,134 775,133 75,136 78,137 449,137 149,138 80,139 82,140 80,141 943,141 955,146 889,147 335,153 567,154 978,156 284,163 368,165 332,167 40,172 153,175 989,177 37,178 697,179 526,181 17,183 1021,186 165,188 702,189 903,189 565,190 139,193 771,194 782,195 989,195 497,196 400,198 14,200 513,208 901,215 641,220 312,221 617,221 73,222 43,223 969,225 929,226 979,229 1002,234 867,235 216,237 857,238 468,243 229,246 261,246 827,249 165,252 329,254 334,254 828,254 985,254 991,255 949,256 184,257 325,261 396,265 501,267 407,270 733,270 182,274 1002,275 111,276 386,282 693,283 449,284 792,286 470,287 612,288 119,289 134,290 469,293 308,295 124,296 322,296 772,296 802,296 268,297 331,297 132,298 776,298 781,299 796,301 4,302 905,303 580,305 959,305 743,307 11,309 556,309 272,310 123,314 1000,314 838,315 43,319 953,321 2,322 823,323 351,324 477,328 298,329 448,331 962,331 790,336 537,338 644,342 67,343 290,344 699,344 71,345 879,347 33,349 845,350 145,355 490,356 916,362 447,363 114,370 813,373 272,374 187,376 669,380 521,382 395,386 135,388 776,388 192,389 179,390 728,392 137,394 436,395 882,398 64,399 426,403 598,414 129,417 164,417 822,418 926,419 124,421 1006,421 202,422 590,422 414,423 351,425 594,427 269,429 848,430 724,436 175,437 955,439 619,440 351,444 356,445 576,448 695,449 700,450 311,454 770,456 591,457 992,457 257,463 52,465 556,465 703,465 837,465 555,467 352,468 81,478 137,479 315,481 761,481 639,483 695,485 137,486 398,490 966,491 9,492 427,494 704,495 888,497 646,498 173,499 306,499 779,501 937,501 991,506 196,518 383,518 669,518 570,520 288,523 718,523 596,529 619,531 591,537 283,540 966,541 120,542 226,542 224,544 17,545 78,545 538,546 604,547 731,547 39,549 772,553 45,556 403,559 1016,560 280,561 489,561 64,563 561,564 500,567 366,569 640,569 770,569 146,570 147,571 156,571 651,574 280,578 352,578 950,578 850,579 314,584 421,587 991,587 503,589 508,593 1019,597 207,598 21,600 10,604 463,606 287,609 919,610 973,612 365,614 831,618 560,619 33,620 704,621 1017,622 808,624 99,626 708,633 886,638 427,639 566,639 791,640 107,642 781,642 806,642 234,644 289,646 845,652 787,653 101,655 246,656 449,656 902,656 389,657 525,658 60,659 17,665 150,665 823,670 383,672 309,673 700,677 961,679 361,680 79,683 258,683 406,688 258,690 142,696 638,698 203,702 460,702 965,702 381,704 946,706 935,707 265,710 733,712 792,712 757,713 994,713 22,716 620,716 606,725 940,726 487,729 574,729 78,733 216,738 319,739 546,739 609,739 280,740 292,740 941,740 317,741 826,741 937,741 324,744 372,745 195,746 549,747 453,748 56,749 750,750 793,750 820,750 679,753 835,756 413,757 933,763 957,763 527,764 655,765 943,766 98,769 955,772 37,773 464,774 202,775 381,775 294,776 582,777 506,779 442,784 755,784 922,785 567,795 65,797 257,797 923,797 377,798 517,798 595,798 393,801 891,805 981,807 16,808 593,814 721,816 992,817 553,820 928,822 430,824 1012,825 699,827 606,828 700,828 718,828 883,828 107,829 110,829 864,832 827,834 756,835 221,837 739,838 1019,839 175,842 782,846 45,850 311,854 467,854 236,857 676,857 409,864 991,864 282,865 26,866 314,866 291,867 309,868 314,870 952,873 260,874 942,874 931,880 284,881 46,885 488,885 848,887 676,889 210,891 992,891 119,892 310,893 893,894 250,896 116,897 58,898 787,898 893,898 197,902 747,902 140,903 665,903 407,905 659,905 392,906 344,908 118,910 394,910 857,911 397,913 118,914 784,914 398,915 729,916 54,917 492,917 754,918 262,919 464,921 790,923 513,926 114,927 931,927 141,931 976,931 204,933 704,933 534,934 538,934 486,935 810,936 563,944 692,945 776,950 495,952 514,953 9,955 484,957 940,957 743,961 56,965 378,966 505,966 743,966 243,970 856,971 324,975 185,978 384,980 639,986 79,988 1000,988 528,990 580,990 576,992 393,993 951,994 879,995 901,996 846,997 306,1002 231,1003 106,1004 575,1004 255,1005 383,1012 805,1012 879,1013 922,1014 904,1019 263,1021
ABS6 145,5 150,7 257,34 72,134 75,136 79,138
ABT0 16,3 432,8 562,12 381,12 373,16 873,18 152,24 178,26 475,26 547,28 747,29 1016,29 35,35 176,35 227,57 71,58 88,57 97,64 616,65 116,73 313,84 515,88 243,90 289,92 238,93 601,95 486,100 179,102 455,113 748,109 432,117 846,122 637,125 500,128 664,133 143,140 455,141 652,142 644,149 397,155 404,157 834,159 176,165 391,172 1015,172 767,173 930,179 209,182 832,181 194,188 122,194 880,195 1005,201 383,203 809,201 497,209 808,210 358,212 942,217 41,219 827,225 922,230 252,232 738,232 52,236 17,241 308,243 697,247 412,254 884,256 634,256 464,258 723,262 423,264 717,270 796,271 115,275 855,275 973,278 310,278 705,285 226,285 190,287 207,287 459,291 510,291 172,296 236,300 264,302 585,302 834,306 923,306 179,308 662,314 893,320 842,325 680,334 69,336 999,336 2,344 744,352 909,352 674,354 344,359 472,365 594,367 401,368 524,371 986,371 403,374 567,373 578,377 663,381 736,389 90,394 43,396 664,400 363,401 620,404 277,407 582,409 978,409 192,425 838,429 491,441 638,454 59,455 1020,458 734,463 1003,466 155,472 561,472 955,472 443,474 960,484 590,491 755,491 471,495 109,498 510,501 323,506 435,514 759,518 117,524 865,528 956,527 742,531 565,542 864,542 951,551 1003,550 628,559 836,563 471,566 871,570 484,567 893,570 544,572 641,572 979,574 88,574 1005,578 144,581 599,585 654,592 951,593 93,593 961,593 965,597 22,601 826,604 524,605 10,615 981,619 341,624 673,627 41,629 766,628 444,632 595,632 514,636 324,651 59,654 96,656 1019,657 729,660 22,663 358,679 866,685 371,689 650,689 142,691 344,691 981,692 400,695 692,700 269,700 396,708 510,708 122,710 1021,716 468,718 260,719 818,724 759,726 97,727 799,729 85,735 216,741 493,746 844,747 219,751 875,755 228,756 41,762 784,762 433,763 453,769 540,773 697,772 404,774 64,781 856,785 599,788 691,789 607,799 840,803 266,807 639,807 458,812 970,812 383,818 509,819 233,826 535,833 274,835 716,834 970,836 845,842 600,855 261,858 939,863 371,865 1019,865 61,866 623,866 582,867 121,870 475,872 80,875 332,880 312,881 214,887 381,887 939,888 1017,889 291,890 731,894 171,896 447,899 801,900 962,904 842,904 945,910 675,911 852,915 183,928 772,929 680,931 442,933 468,935 810,936 769,941 875,974 500,974 83,982 192,986 827,987 366,989 817,990 908,996 888,1000 296,1010 954,1013 434,1013
ABT1 16,3 432,8 380,13 373,16 873,18 153,24 474,25 178,26 1016,29 177,35 35,35 227,57 71,58 616,65 116,74 515,87 243,90 514,88 289,92 238,94 601,96 488,99 486,100 179,103 455,108 748,109 456,113 432,116 846,122 500,128 143,139 644,149 397,153 398,155 404,157 834,159 175,165 2,166 767,172 930,179 209,183 193,188 122,194 1005,201 383,203 496,208 358,213 360,213 41,217 943,217 40,219 41,220 922,230 251,231 250,232 252,233 738,233 52,236 17,240 308,244 697,248 698,249 412,254 464,257 423,264 797,270 796,271 855,275 115,276 973,278 705,285 227,285 190,287 206,287 207,288 459,291 171,296 236,300 585,302 178,308 662,314 894,321 842,325 681,333 680,334 70,336 744,352 908,351 674,352 673,354 473,365 594,367 404,373 403,374 737,389 362,401 620,404 277,407 977,410 839,429 1020,457 1021,458 735,462 1003,466 561,473 155,472 955,472 960,484 590,491 753,491 591,492 471,495 109,498 323,507 760,518 742,530 864,542 565,542 866,542 564,544 951,551 1003,550 835,563 871,570 869,571 979,574 1004,578 1005,579 654,592 949,592 23,601 826,604 524,605 10,616 981,619 340,624 41,628 767,628 40,629 442,632 595,632 444,633 514,636 324,651 58,654 59,655 22,662 866,685 371,689 142,691 344,691 981,691 980,692 982,692 690,699 692,700 510,708 123,711 468,718 814,723 818,725 97,726 759,726 98,727 845,746 219,752 876,755 40,762 41,763 454,768 540,773 696,772 404,774 857,785 600,788 691,788 690,789 840,803 456,811 383,817 274,835 715,834 845,841 846,843 599,855 939,862 1019,864 623,867 582,868 122,870 475,871 214,887 381,887 291,890 732,893 731,894 170,895 962,904 841,904 946,911 182,927 443,933 468,935 809,935 875,975 500,974 83,982 192,985 191,987 367,987 827,987 366,988 953,1010 954,1013 434,1014
ABT2 373,16 227,56 243,90 644,149 383,203 744,352 979,574 654,592 514,636 274,835 939,862 962,904
ABT3 374,16 644,149 383,203 744,351 707,356 979,574 654,592 513,636 234,657
ABT4 373,16 227,56 243,90 644,149 383,203 744,352 979,574 654,592 514,636 274,835 962,904
ABT5 950,1 425,3 671,3 785,4 970,4 909,5 306,8 264,10 370,13 572,13 88,14 745,14 642,17 430,23 731,25 919,25 172,29 812,29 108,34 553,38 225,44 290,45 986,49 185,51 365,52 65,54 18,55 608,55 738,56 229,58 426,58 76,61 624,61 335,62 440,63 552,64 1003,64 643,65 521,67 24,69 283,70 778,70 112,77 546,80 305,88 863,89 843,90 245,92 738,92 291,93 182,95 844,96 895,96 449,98 548,104 970,104 413,107 880,107 779,110 654,111 201,114 624,119 153,125 93,127 267,129 979,130 137,133 779,133 110,134 305,134 507,137 219,138 388,139 740,140 525,142 555,142 665,145 754,145 642,146 991,146 312,147 915,147 245,153 465,154 649,155 778,156 715,157 156,163 234,165 79,166 1005,174 549,179 511,180 875,182 196,186 839,186 379,190 60,191 253,191 870,192 414,193 545,194 42,195 249,196 477,215 223,221 942,220 689,222 635,225 603,226 697,226 669,229 206,233 513,235 866,236 588,238 252,242 552,242 916,242 897,245 929,245 270,252 985,253 990,253 649,255 519,256 977,260 129,264 375,267 557,269 49,270 96,272 844,273 959,273 662,275 233,276 620,278 588,279 89,283 377,283 486,286 166,287 282,288 809,288 971,291 121,293 149,294 999,295 458,296 804,297 38,300 495,303 417,304 817,304 164,305 541,305 101,307 1010,309 781,313 640,314 488,315 494,317 440,319 767,320 637,321 710,321 225,328 51,329 698,329 214,331 732,331 164,332 596,336 315,337 355,337 351,338 267,341 714,341 937,344 715,347 273,350 667,350 741,351 745,354 985,354 893,355 196,356 985,358 961,368 808,369 646,379 537,380 995,385 664,387 332,388 776,388 253,391 685,393 994,394 482,398 617,398 8,403 846,403 339,405 24,409 426,411 122,414 617,415 627,416 703,416 738,416 384,418 490,419 605,421 984,422 933,424 162,427 341,427 430,430 567,433 777,434 348,436 589,439 255,440 1000,447 319,449 326,450 77,451 394,456 801,461 917,462 692,464 166,465 313,465 447,465 50,466 177,467 992,467 895,474 762,477 749,478 883,478 357,481 641,482 245,483 548,491 118,493 17,494 308,498 859,498 992,498 623,501 715,506 954,517 119,518 405,518 314,520 760,521 42,523 472,523 432,529 499,531 558,535 541,537 871,540 82,542 188,542 224,544 733,545 614,547 63,549 745,557 248,559 519,559 906,560 134,561 404,561 232,563 677,564 594,567 976,568 450,569 828,569 864,569 232,570 541,570 976,570 979,571 424,572 978,573 131,573 980,575 981,576 276,578 348,578 488,578 938,578 983,579 648,586 653,591 626,591 460,593 954,593 284,594 45,597 359,597 977,599 117,602 916,603 141,609 419,609 791,610 835,612 229,614 759,614 416,617 717,618 444,619 982,619 887,622 353,623 666,624 967,625 643,627 754,627 511,629 1000,629 515,637 546,633 740,638 291,639 432,639 969,641 74,644 985,651 647,653 108,656 317,656 249,657 369,658 806,658 258,660 883,664 1016,664 692,665 568,666 650,670 221,672 149,673 1009,674 548,677 853,678 100,680 118,681 993,682 374,687 738,687 586,698 322,701 382,702 887,702 307,704 669,713 898,713 950,715 516,716 870,716 291,720 3,721 317,725 530,725 858,726 753,727 15,728 160,728 431,729 520,729 54,733 316,737 548,737 747,737 238,738 284,740 296,740 949,740 325,741 279,745 374,745 219,746 474,746 513,748 116,749 744,749 822,750 890,750 63,753 789,753 926,754 947,756 898,757 643,761 935,763 637,764 751,765 25,767 601,772 1017,772 526,774 256,775 425,775 676,775 651,776 753,776 624,777 400,778 595,781 78,782 978,785 272,786 332,789 863,792 193,797 385,797 25,798 503,798 643,798 721,798 529,801 21,806 550,807 472,809 747,814 172,820 786,820 856,828 950,828 968,828 363,829 366,829 104,830 1013,834 275,838 869,838 117,840 289,842 902,846 819,849 213,850 529,854 722,854 992,854 495,857 442,865 430,867 36,874 368,874 24,875 27,881 793,884 142,885 570,885 919,885 920,887 722,889 266,891 36,892 472,892 394,893 985,894 168,898 915,898 1013,898 960,901 281,902 829,902 885,902 208,903 733,903 194,910 955,911 260,914 894,914 871,916 196,917 634,917 882,918 392,919 616,921 760,929 633,930 708,932 414,933 900,933 706,934 710,934 890,934 640,935 950,936 1012,941 376,945 794,945 308,951 264,953 546,955 850,956 1015,958 805,961 450,966 577,966 309,970 671,970 424,971 642,981 586,982 743,984 797,986 838,987 660,990 712,990 698,992 515,993 1007,995 3,997 970,997 119,999 285,999 695,1000 434,1002 359,1003 896,1003 434,1008 215,1009 13,1012 547,1012 1019,1013 34,1015
ABT6 977,572 979,574 981,576 983,578 653,591 514,636
ABU0 8,3 52,5 861,19 2,23 602,33 369,34 379,38 497,41 816,43 480,44 791,50 635,55 991,58 621,60 228,64 280,65 319,66 583,74 406,77 806,83 126,83 354,85 853,90 159,91 175,95 388,96 960,98 590,102 203,103 86,105 416,106 189,119 32,120 394,121 411,130 558,131 916,131 368,139 920,140 341,145 155,150 661,150 81,154 103,156 919,160 363,160 299,163 800,169 890,173 677,183 7,187 86,193 954,195 1015,195 488,196 328,203 713,203 807,203 961,205 913,208 609,214 946,216 51,217 496,217 920,217 107,233 530,241 954,241 849,249 224,250 126,256 874,265 795,269 646,279 225,281 588,284 27,286 558,288 904,289 221,291 854,298 1002,297 198,303 217,305 756,308 190,312 722,316 732,315 857,318 867,319 601,320 385,322 562,328 791,336 809,338 853,341 776,342 68,345 801,351 783,351 162,352 824,360 943,361 747,366 814,368 978,374 299,388 786,388 864,389 412,392 799,395 543,397 18,398 850,403 419,409 891,409 755,412 238,416 612,420 681,423 663,426 193,428 824,430 52,431 523,435 242,437 403,437 840,438 759,438 830,440 615,442 950,443 100,451 544,452 238,474 132,480 169,482 537,488 915,494 868,498 743,499 667,503 148,506 490,507 302,512 716,512 32,519 710,519 235,522 179,529 216,531 670,532 515,549 967,551 98,553 135,557 25,559 608,560 787,560 185,560 745,565 230,573 176,575 446,574 835,578 142,579 824,580 714,583 765,583 787,583 485,585 278,587 239,602 3,605 819,606 801,611 86,613 147,611 386,611 263,613 817,619 945,622 39,625 924,625 58,628 60,634 153,640 51,642 91,646 133,645 263,648 613,647 60,651 55,653 165,655 474,655 800,655 240,655 135,660 626,659 140,661 255,664 345,666 313,667 416,669 423,670 882,673 373,676 723,678 10,691 333,694 165,694 764,695 406,697 251,703 112,706 198,709 62,718 56,721 382,727 786,730 857,745 219,752 212,758 845,760 341,765 907,766 954,768 524,775 617,779 1005,781 606,782 300,784 595,795 317,797 50,798 253,798 999,807 96,814 549,827 202,828 474,829 805,840 214,842 252,843 199,851 145,864 396,864 629,867 95,872 398,876 29,880 470,881 286,896 243,898 24,902 467,914 308,918 465,923 497,923 97,927 1006,925 106,929 674,930 216,942 338,941 774,944 130,964 138,964 559,974 893,982 764,989 916,1014 997,1018
ABU1 254,1 8,3 52,5 379,38 636,54 635,55 991,59 227,64 278,64 583,74 406,77 806,83 175,95 416,106 190,119 916,130 915,131 920,139 155,150 81,153 920,160 918,163 299,163 298,164 300,164 678,183 7,187 489,195 497,216 496,217 954,241 530,241 849,249 126,256 225,281 27,286 221,291 904,289 853,297 1002,297 854,299 198,303 217,306 756,308 722,313 723,315 722,318 857,318 867,319 601,319 385,322 562,328 791,335 790,336 792,336 809,338 853,341 801,351 163,351 783,351 748,365 747,367 814,368 864,389 799,395 755,412 681,423 663,426 193,429 191,428 524,434 242,437 523,435 525,435 524,436 403,438 759,438 839,438 615,442 100,451 537,488 914,494 868,498 667,503 490,507 302,513 32,518 179,529 216,530 217,531 515,549 967,550 745,564 746,566 176,574 835,577 823,580 825,581 485,585 278,587 4,605 819,605 801,612 86,613 386,611 38,625 61,634 153,640 92,645 91,647 60,650 165,654 163,655 135,658 136,659 346,666 416,669 423,670 373,676 334,694 112,706 857,745 524,775 1005,781 595,795 999,807 549,827 202,828 804,840 214,841 199,851 145,864 95,872 398,877 29,879 287,896 243,899 467,913 309,917 308,918 97,927 1006,925 216,941 337,941 774,944 130,964 138,964 559,974 764,990
ABU2 27,286 756,308 242,437 515,549 86,613 38,625 199,852 97,927
ABU3 220,87 98,106 868,195 27,286 756,308 929,356 242,437 184,543 786,609 38,625 97,927
ABU4 27,286 756,308 242,437 515,549 86,613 38,625 199,852 97,927
ABU5 954,1 417,3 663,3 777,4 962,4 423,6 314,8 995,11 190,13 746,13 132,14 807,14 650,18 592,23 365,24 85,26 362,29 978,29 385,30 292,34 697,38 811,39 172,42 390,45 498,45 338,47 760,47 718,49 38,50 261,51 236,52 161,54 132,55 910,56 307,59 886,61 605,62 405,63 834,64 93,65 689,67 638,68 296,69 569,70 38,71 756,72 585,79 798,80 538,83 172,87 35,88 569,88 129,90 54,93 769,93 576,95 101,98 964,98 888,101 638,104 438,105 279,108 406,110 45,111 241,111 118,112 671,114 701,119 728,122 428,123 772,123 453,124 601,127 583,128 479,131 659,133 628,134 823,134 7,138 271,139 196,141 717,141 495,142 195,146 284,146 459,148 903,153 508,157 339,158 816,163 884,165 4,166 197,180 839,181 38,182 795,185 854,186 146,187 112,190 313,190 328,190 472,193 541,193 16,194 147,195 888,196 782,198 390,200 871,208 622,215 221,216 305,218 991,220 421,224 860,224 387,230 580,233 689,234 279,236 500,237 364,239 737,241 26,243 326,243 690,243 94,252 190,255 353,255 371,256 333,257 717,261 889,264 196,265 937,267 547,271 888,272 63,273 733,274 369,276 382,279 28,287 107,284 218,285 524,287 548,290 470,292 625,293 680,295 118,296 693,296 498,298 130,299 136,302 358,302 758,310 131,305 523,305 888,305 27,308 832,309 672,310 978,312 387,314 218,315 46,316 293,319 994,319 135,322 208,322 571,324 394,326 745,328 722,331 931,333 76,337 845,338 204,342 978,342 399,343 833,353 345,355 433,355 337,356 465,359 451,360 188,365 230,365 263,370 144,373 1017,373 369,376 871,378 534,379 538,379 729,379 186,380 805,380 75,381 655,382 529,386 245,388 872,388 243,390 612,390 793,391 776,392 462,395 952,398 63,399 640,414 848,417 160,419 978,419 352,420 681,421 36,422 652,422 103,426 238,434 241,436 662,436 243,438 841,439 495,440 161,444 144,448 142,450 468,450 217,451 79,454 534,456 891,457 933,461 844,464 322,465 469,465 603,465 329,467 606,471 983,472 41,475 879,477 941,478 51,479 873,482 784,491 851,491 564,498 87,499 220,499 540,500 507,503 150,518 339,518 625,518 540,520 465,521 298,523 730,523 712,529 70,531 183,531 559,536 835,538 501,540 114,541 683,541 831,541 196,542 11,546 639,548 409,549 77,551 682,553 691,553 189,555 369,556 452,559 688,559 310,561 442,563 895,564 417,565 836,567 706,569 64,570 504,570 817,570 3,571 732,572 179,573 461,573 839,576 654,578 726,578 563,582 651,583 811,587 361,588 784,594 573,597 887,597 679,598 40,608 709,609 983,609 83,611 299,611 85,613 88,614 771,614 620,616 90,617 461,617 201,619 34,622 36,623 335,623 38,625 40,625 108,625 39,626 41,627 183,626 180,628 412,630 174,632 5,640 499,642 640,644 677,646 733,650 420,651 171,653 963,653 271,655 417,655 489,656 763,656 685,657 419,663 62,666 944,666 193,668 2,671 878,677 412,680 420,681 275,683 147,684 716,687 81,688 662,688 187,689 953,690 646,693 334,696 654,701 463,702 697,706 142,707 292,708 473,710 581,710 425,712 953,712 1012,712 957,713 160,714 188,716 102,717 463,717 565,720 559,725 772,725 766,727 989,727 402,728 64,731 318,733 617,739 844,739 527,740 185,741 585,741 72,742 183,742 614,744 541,745 636,745 738,746 535,750 648,753 1009,753 755,757 255,764 871,764 440,769 901,772 293,773 401,773 572,775 989,776 888,779 432,782 895,785 608,786 298,789 662,789 161,793 1003,795 487,797 339,798 835,801 319,806 157,807 45,815 362,818 460,818 69,821 488,824 1016,824 558,826 243,828 236,829 254,829 404,830 855,832 396,833 286,836 777,837 263,839 547,840 340,842 196,848 189,850 599,850 199,851 201,854 997,854 775,857 882,857 190,858 951,862 56,863 459,864 824,866 776,867 708,874 703,875 712,879 357,881 298,888 140,890 990,890 730,891 934,892 405,895 654,897 195,898 570,902 150,903 319,903 175,904 947,905 177,906 932,908 730,910 669,911 790,914 430,915 720,917 134,918 906,919 322,921 86,922 97,927 513,922 532,922 117,927 108,930 562,932 86,933 818,933 292,934 306,935 392,937 313,940 572,942 754,943 129,945 850,945 242,946 278,950 320,951 39,953 58,954 577,955 28,958 484,958 495,959 558,960 624,965 287,967 969,970 922,971 392,972 158,982 112,983 728,984 277,985 343,987 827,988 683,990 250,991 302,991 142,992 308,993 829,993 420,995 701,995 647,997 473,1000 321,1001 652,1001 62,1009 675,1012 187,1013 609,1013 679,1014 722,1015 694,1020 47,1022
ABU6 28,287 753,304 755,307 759,311 243,438 97,927
ABV0 899,3 471,8 92,13 437,36 927,50 482,54 252,56 438,67 682,71 702,74 706,84 930,97 20,102 363,116 996,117 616,128 237,133 743,133 903,137 748,142 9,144 559,153 586,154 535,160 673,160 486,172 852,182 26,187 368,196 834,196 180,200 207,206 190,207 834,210 263,220 389,220 381,224 575,231 751,231 567,238 356,243 862,244 852,248 989,259 242,274 83,275 316,275 859,278 785,290 83,294 401,300 486,302 394,310 735,324 490,338 804,337 661,346 19,358 489,369 770,371 751,384 886,389 565,389 187,393 518,398 927,409 304,412 399,412 836,414 965,415 979,414 267,415 360,416 235,420 740,421 780,425 239,427 743,428 474,429 630,429 128,434 400,433 635,435 79,436 274,454 809,454 498,456 442,458 514,461 16,462 147,470 314,470 941,471 803,472 497,474 626,476 286,481 630,483 776,484 65,485 828,484 217,489 558,491 837,495 308,503 432,514 440,514 595,521 376,523 990,526 725,544 781,544 345,547 659,550 329,553 416,557 555,558 641,561 349,564 303,576 1009,576 274,584 427,591 74,598 312,601 574,601 1006,603 41,606 978,608 646,615 399,618 203,619 470,620 33,624 803,624 297,628 645,629 420,630 625,631 422,635 397,636 510,646 414,647 516,648 977,655 256,660 380,660 335,665 742,665 275,667 611,670 768,667 929,669 318,669 442,675 594,676 618,679 576,683 604,681 562,687 661,685 361,686 616,687 639,690 219,691 465,694 300,695 925,694 470,696 422,701 526,700 581,702 453,705 350,706 465,706 112,709 451,710 189,715 790,719 658,722 462,726 546,728 763,731 513,732 176,732 304,732 272,734 372,735 525,745 935,751 530,752 497,755 216,756 297,762 471,764 851,764 755,772 585,773 493,778 425,781 704,782 586,796 904,796 964,797 297,805 391,804 989,821 791,823 785,824 108,827 181,832 94,835 833,834 412,835 84,839 120,842 132,842 601,845 627,845 621,846 315,852 988,853 61,863 832,867 866,869 394,876 404,890 713,896 315,899 439,899 584,900 242,903 512,907 978,913 530,914 364,920 136,927 439,929 463,929 420,939 638,943 696,951 734,951 132,957 729,961 884,962 822,963 435,970 227,973 668,980 931,982 34,985 844,988 729,989 981,993 818,999 117,1001 673,1006 159,1007 643,1009 932,1008 686,1009 794,1013 600,1012 77,1017 360,1020
ABV1 898,3 471,8 90,12 92,13 1,35 438,36 927,50 483,54 930,97 20,101 363,116 996,116 743,133 745,132 904,137 747,142 559,154 534,160 672,160 851,182 26,188 367,195 191,206 208,206 833,210 389,219 263,221 380,223 382,225 575,230 357,243 862,243 989,259 242,274 84,294 401,300 486,302 735,324 490,338 661,346 659,347 20,357 489,369 886,389 566,389 304,411 305,412 835,413 978,414 964,415 966,415 235,420 739,421 780,425 778,424 239,427 743,428 474,429 630,429 127,434 635,434 79,436 273,454 809,454 498,457 442,457 514,461 16,462 314,470 803,472 941,471 497,474 626,476 630,483 776,484 63,484 65,484 827,484 64,486 217,488 218,489 557,490 838,495 309,503 432,514 595,521 990,526 725,544 781,544 659,550 415,556 641,561 349,564 304,577 1009,577 275,583 273,584 75,598 1006,603 400,616 399,617 401,617 400,619 471,620 34,624 297,628 646,629 420,630 624,631 422,635 380,660 334,665 612,667 276,668 929,669 318,669 610,671 441,674 593,676 442,676 577,683 660,686 466,693 300,695 465,694 926,694 422,701 525,700 454,704 350,706 465,706 112,709 189,715 790,718 462,726 546,728 763,731 513,732 304,732 515,733 525,745 934,751 497,755 216,756 297,761 471,764 852,764 425,781 703,782 586,796 904,797 963,797 391,803 297,805 392,804 391,805 989,821 791,823 108,827 181,833 94,835 833,834 84,839 120,842 61,862 395,876 404,890 713,896 314,900 439,900 584,900 242,903 511,907 978,913 464,928 463,929 419,940 638,943 733,952 131,957 730,960 729,961 227,973 931,983 34,984 729,989 843,987 818,998 817,1000 931,1008 933,1009 794,1013 601,1013 874,1022
ABV2 514,461 630,483 990,526 610,671 422,701 189,715 462,726 763,731 497,755 227,973
ABV3 380,87 256,106 630,483 434,524 328,543 16,610 944,657 610,671 422,701 423,702 189,715 462,726 763,731 496,755 278,844 656,876 227,973
ABV4 514,461 630,483 990,526 610,671 422,701 189,715 462,726 763,731 497,755 227,973
ABV5 685,3 976,4 919,5 447,6 533,7 314,8 870,9 264,10 150,13 600,13 118,14 83,15 297,17 750,17 608,18 550,23 859,25 32,26 298,29 539,29 540,38 883,38 973,38 506,39 815,39 347,44 412,45 364,47 780,47 11,48 740,49 279,51 457,52 762,55 313,59 145,61 866,64 127,65 973,65 749,67 702,68 360,69 633,70 697,79 836,80 730,81 300,87 165,88 263,90 269,91 184,93 893,93 354,97 405,97 209,98 1004,101 705,103 524,105 186,106 446,108 141,111 337,111 224,112 795,114 828,122 781,125 713,127 881,129 947,134 139,138 409,139 1016,139 867,141 651,142 335,146 424,146 677,147 1020,147 627,148 81,154 714,157 549,158 925,158 50,166 661,166 929,166 2,168 748,172 871,175 71,180 759,187 287,191 992,191 169,192 800,193 869,193 479,195 1010,195 202,197 98,199 435,199 526,216 315,221 1020,221 301,222 767,223 761,224 176,225 689,226 741,230 316,234 788,235 862,237 992,237 206,239 734,239 390,243 232,244 624,244 11,247 43,247 496,252 771,255 775,256 649,257 990,257 83,262 295,268 219,271 945,271 457,273 1022,274 751,276 375,277 535,284 994,287 113,288 38,291 139,294 26,297 224,297 633,300 246,301 634,302 866,302 725,304 643,305 783,306 869,309 228,311 582,313 1021,314 880,315 730,316 740,318 21,322 915,322 988,322 520,328 299,330 472,332 695,334 557,338 597,338 591,339 135,341 521,342 382,345 793,345 165,346 959,351 261,356 349,356 604,357 23,359 585,364 276,371 104,374 975,374 303,377 837,379 502,380 506,380 697,380 154,381 481,387 579,387 150,389 225,391 586,391 139,395 956,399 67,400 862,404 827,406 988,412 240,418 894,419 996,420 87,423 73,427 1002,427 769,428 735,430 798,431 7,436 572,437 13,438 84,439 745,440 103,443 735,444 141,445 126,449 118,451 191,452 261,458 801,458 502,459 757,462 518,464 72,466 219,466 353,466 91,468 880,468 499,469 802,472 450,475 629,481 537,478 591,479 711,479 179,482 116,484 373,484 569,484 93,486 431,487 756,490 417,491 353,493 278,495 108,496 90,499 641,499 774,499 419,502 67,504 92,521 1011,521 816,523 212,524 990,527 995,529 88,530 468,531 937,536 193,539 871,540 484,541 832,542 685,545 365,546 196,547 395,548 983,548 751,549 255,550 439,551 930,559 177,560 653,560 564,561 788,561 263,562 906,563 485,564 335,565 877,565 258,568 154,570 534,570 974,570 263,571 979,571 988,571 947,573 352,579 798,579 698,580 65,583 163,584 516,587 929,588 469,590 532,594 364,595 47,599 259,599 75,601 377,601 500,606 48,609 578,609 295,610 573,610 947,611 292,612 874,614 240,617 524,618 803,619 5,621 7,627 808,628 851,629 946,629 28,631 641,637 421,640 562,640 795,641 803,643 828,643 268,645 423,651 122,652 175,653 925,653 691,654 21,656 167,656 247,657 521,657 974,657 459,658 583,659 118,660 587,664 906,666 607,667 742,671 755,679 1020,680 667,681 1022,681 24,684 222,688 586,688 166,689 427,691 421,701 88,702 423,702 136,703 625,703 425,704 31,705 105,707 566,707 891,710 999,710 185,711 186,712 825,712 323,713 382,713 190,714 189,715 192,717 566,716 474,717 193,718 905,720 458,721 460,723 459,724 461,725 871,725 60,726 462,727 374,727 761,727 515,728 660,728 464,729 911,729 1000,729 238,731 466,731 767,735 604,737 621,739 848,739 911,739 580,740 592,740 618,741 689,743 581,745 676,745 778,746 881,747 771,748 368,749 525,750 16,751 59,751 86,751 249,753 496,753 604,753 955,753 48,755 496,755 499,756 202,757 498,757 1018,757 1013,763 123,764 715,764 825,765 113,773 650,774 390,775 561,775 905,776 114,786 478,789 153,806 255,808 312,808 626,809 388,820 995,820 386,824 902,824 601,827 135,828 307,829 555,829 558,829 290,830 979,831 721,832 256,833 209,835 142,836 547,839 369,840 144,842 283,845 780,847 19,850 437,850 919,854 186,855 722,857 448,862 877,862 1006,862 387,864 419,865 734,865 750,867 725,875 399,881 163,885 538,885 984,885 309,886 14,891 772,891 710,897 365,899 471,899 78,901 305,903 359,903 213,904 983,905 215,906 728,910 669,911 832,914 446,915 413,917 444,919 978,919 140,921 426,921 633,922 652,922 685,928 294,930 161,931 923,931 266,933 474,934 296,935 300,935 684,942 952,943 496,946 614,951 46,952 342,954 751,959 547,962 535,967 227,972 37,971 389,971 640,972 158,976 1009,978 224,981 155,982 264,983 886,984 441,985 509,987 827,990 394,991 446,991 55,993 544,995 823,995 731,996 753,997 883,999 25,1000 571,1000 738,1001 83,1006 98,1009 899,1009 706,1015 195,1017 69,1022
ABV6 630,482 186,712 189,715 460,725 227,972
