AAA0 403.015,4.621 727.947,8.323 125.413,16.684 449.797,24.258 963.631,24.651 848.437,39.864 485.991,41.462 1013.686,48.353 285.926,62.771 172.857,63.822 282.675,66.980 349.393,65.940 709.147,76.616 648.869,79.342 610.688,84.753 8.668,88.915 794.506,89.815 424.794,96.925 476.575,97.853 150.243,102.232 130.338,107.894 880.459,120.568 704.300,122.311 852.491,123.624 399.579,135.372 21.495,141.863 39.807,149.047 313.486,149.964 456.415,154.534 144.899,162.013 688.484,162.007 44.599,169.922 233.808,170.494 67.240,172.459 592.582,176.587 524.668,179.676 234.924,180.567 116.498,197.184 12.003,199.275 331.593,200.124 255.690,203.561 157.515,205.450 213.988,205.762 810.274,213.249 75.346,216.980 58.322,228.284 143.318,233.829 739.808,240.309 728.482,256.569 949.968,261.055 301.071,271.489 878.269,277.508 231.205,281.631 550.058,280.189 58.124,283.867 185.196,291.186 371.426,297.028 598.503,303.007 62.060,307.473 25.473,309.259 40.816,318.231 281.664,317.991 130.800,318.855 498.415,323.834 277.691,329.363 719.926,332.241 830.544,332.305 463.860,333.012 188.756,334.939 109.963,348.000 970.988,349.106 141.735,370.440 788.163,373.616 980.760,373.462 270.833,377.449 357.243,389.752 498.985,391.267 611.024,391.731 563.501,401.250 676.002,404.259 572.226,413.599 796.289,412.670 149.022,417.820 330.306,415.875 168.401,417.112 862.821,426.484 47.914,431.025 767.232,441.435 42.203,445.365 666.690,448.334 840.074,457.183 780.408,457.516 23.288,460.162 620.544,461.165 882.132,460.315 18.028,463.524 49.354,466.553 121.705,468.630 168.446,470.072 27.393,471.165 279.419,477.786 483.037,485.863 210.705,486.445 80.821,501.265 676.798,500.493 309.748,502.634 640.527,504.411 806.641,507.361 814.683,509.623 846.273,510.369 74.249,510.299 967.662,513.890 533.430,516.430 713.001,528.554 375.717,532.336 458.522,534.448 690.483,543.409 722.101,546.850 569.955,550.028 239.838,553.249 554.614,555.776 630.720,561.825 978.248,566.747 14.231,573.153 526.102,575.345 691.824,574.653 768.106,578.611 37.082,577.774 236.704,581.163 827.745,581.427 886.927,585.067 82.683,591.213 656.936,590.881 404.960,592.978 185.881,604.215 865.307,605.832 3.647,606.910 701.281,614.315 427.611,621.108 659.618,625.610 186.362,628.470 398.417,628.628 554.633,630.144 739.860,639.768 721.977,645.528 697.320,647.117 662.610,651.220 461.656,654.008 697.085,655.544 421.473,662.009 470.285,668.101 630.481,669.222 565.202,671.136 35.014,672.048 83.112,675.277 689.396,678.841 301.722,685.355 909.314,688.662 223.389,698.551 508.484,699.510 84.022,701.094 484.480,701.564 151.495,704.759 929.187,708.919 271.598,709.871 553.824,710.500 413.214,719.220 250.062,725.536 873.347,729.529 625.227,735.474 340.755,738.883 776.174,739.705 800.274,740.634 263.379,744.159 295.573,745.027 803.886,752.347 436.150,755.728 194.943,761.054 931.705,761.799 189.507,769.177 916.949,773.153 25.203,780.360 701.518,782.753 154.103,783.766 222.907,784.960 900.498,786.660 410.077,794.356 637.095,794.296 769.487,799.506 641.832,802.518 585.062,805.364 535.300,806.742 649.496,819.280 302.822,820.539 416.706,822.061 431.766,839.217 227.480,843.197 1010.558,843.411 327.668,847.668 481.465,852.050 45.494,878.490 177.762,878.439 496.140,880.619 277.249,889.724 874.350,913.030 975.775,917.238 276.981,919.633 85.061,925.806 162.020,925.254 973.154,927.362 253.293,928.307 304.865,928.415 214.217,930.910 374.340,944.877 825.671,949.644 101.280,953.989 781.155,957.578 610.596,960.246 82.093,961.208 750.422,960.875 573.650,961.855 330.481,971.255 311.005,974.392 377.540,974.090 399.569,978.664 278.620,986.383 752.122,989.858 907.049,990.935 569.818,994.193 333.709,996.315 374.555,1001.011 250.427,1016.446 27.117,1017.277 778.557,1021.814
AAA1 402.500,3.500 727.500,7.500 728.500,8.500 449.840,24.385 486.156,41.327 1013.690,48.383 286.500,62.500 173.500,64.000 286.500,64.500 282.588,66.913 349.213,65.787 708.500,76.500 610.263,85.029 9.052,89.325 7.500,88.500 793.500,89.500 424.524,96.823 476.500,98.500 150.052,102.500 129.500,108.500 880.500,120.500 703.500,121.500 852.500,124.500 399.500,135.500 39.907,149.074 313.500,149.500 144.049,161.500 688.500,162.098 44.452,169.992 67.500,172.500 592.769,176.475 234.500,180.499 525.500,179.500 522.500,181.500 522.000,183.500 331.500,200.052 214.225,205.257 254.500,204.500 256.500,204.500 810.188,213.773 75.500,217.500 740.213,240.787 949.500,260.500 950.500,261.500 300.500,271.500 301.500,272.500 878.100,277.586 231.500,280.801 229.500,282.500 231.500,282.882 184.500,292.500 599.052,303.500 40.971,318.263 282.500,317.500 129.500,318.500 281.000,318.500 131.500,319.500 498.500,324.500 719.685,332.237 830.320,332.185 463.000,332.500 465.000,333.500 188.500,334.500 109.500,347.500 110.500,348.500 970.500,349.500 141.500,370.500 788.184,373.607 982.500,373.500 270.843,377.419 498.924,391.130 611.596,391.807 676.500,403.882 675.500,405.500 572.182,413.623 795.500,412.500 149.046,418.497 331.500,415.000 330.000,416.500 167.500,417.500 41.500,445.000 666.518,448.027 839.996,457.192 780.500,457.500 23.789,459.841 620.593,460.905 882.500,460.500 22.500,461.500 4.909,466.127 48.500,465.500 47.500,466.500 49.500,466.500 1.500,467.500 48.500,467.500 122.500,468.500 169.500,470.000 26.500,471.500 279.458,477.726 209.500,485.500 211.500,486.500 483.500,486.500 80.500,501.399 677.500,500.500 309.521,502.505 806.860,507.349 814.913,509.598 846.270,510.499 73.797,510.203 812.500,510.500 76.500,511.500 967.272,513.872 533.355,516.234 965.500,514.500 713.755,528.210 457.500,533.500 458.762,534.762 690.500,543.500 722.500,547.500 569.875,549.828 239.500,553.000 554.801,556.764 629.500,560.500 631.500,561.500 629.500,562.500 977.954,566.595 14.500,573.052 525.500,574.500 527.500,574.500 691.500,574.500 526.238,576.238 692.500,575.500 37.697,577.897 768.018,578.724 236.807,580.807 827.500,581.385 888.500,585.500 83.500,590.932 656.950,591.234 81.500,591.500 404.223,592.223 185.500,604.500 865.093,605.256 3.389,606.093 863.500,606.500 1.500,607.500 3.500,608.500 700.500,613.500 701.500,614.500 700.500,615.500 426.500,621.500 659.676,625.737 398.439,628.517 186.500,628.500 554.500,628.500 738.500,638.500 739.500,639.500 741.500,639.500 740.500,640.500 721.812,644.773 697.500,647.251 662.167,651.775 461.098,653.500 697.299,655.467 470.500,667.500 565.045,671.008 630.500,669.500 34.787,672.213 84.500,674.500 81.500,675.500 83.500,675.500 689.443,678.910 300.500,680.500 302.000,681.500 301.762,685.938 909.141,688.652 222.951,698.500 508.500,698.500 509.500,699.500 485.000,700.500 483.500,701.500 153.500,704.500 151.500,705.500 928.500,708.500 271.953,709.717 929.500,709.500 554.500,711.500 413.125,719.381 249.795,725.315 874.500,729.500 872.500,730.500 340.500,739.000 776.127,739.604 263.327,744.195 803.500,751.500 804.500,752.500 436.160,755.744 194.500,761.500 932.031,761.969 916.500,774.500 25.020,780.427 154.248,783.796 222.500,784.500 900.500,786.500 409.801,794.236 641.800,802.554 584.921,805.271 649.630,819.294 416.845,822.126 303.500,821.500 431.527,839.002 327.797,847.797 481.500,851.500 482.500,852.500 177.777,878.777 276.500,888.500 277.902,889.500 276.500,890.500 874.681,912.874 976.500,916.500 975.500,918.000 160.500,923.500 85.117,925.635 161.695,925.559 973.221,927.313 83.500,927.500 253.500,928.000 304.500,928.500 214.177,930.972 251.500,929.500 374.518,944.998 101.524,953.778 82.290,961.287 610.785,960.286 749.500,960.052 574.500,961.500 573.000,962.500 311.000,972.500 377.379,974.306 310.785,974.761 399.656,978.605 278.909,986.297 751.098,989.500 752.500,990.500 570.500,992.500 569.353,994.317 250.689,1016.655 26.935,1017.216 779.500,1020.500
AAA2 449.500,24.500 40.020,149.043 44.284,169.851 270.922,377.280 499.500,391.500 572.207,413.699 149.500,418.500 620.500,460.933 846.203,510.500 767.878,578.776 660.500,625.500 214.014,930.971 251.049,1016.500
AAA3 40.347,149.140 452.500,190.500 572.104,413.647 274.500,543.500 564.500,844.500
AAA4 449.500,24.500 39.987,148.997 44.257,169.826 270.925,377.255 499.500,391.500 572.266,413.722 149.500,418.500 620.500,460.960 846.128,510.500 767.897,578.777 214.010,930.983 251.033,1016.500
AAA5 925.500,5.500 453.500,6.500 545.500,7.500 336.500,8.500 898.500,9.500 638.500,13.500 762.500,13.500 150.500,14.500 117.500,15.500 345.500,17.500 48.500,26.500 310.500,29.500 547.500,29.500 341.500,30.500 721.500,38.500 919.500,38.500 1009.500,38.500 772.500,41.500 208.500,42.500 394.500,43.500 379.500,44.500 707.500,44.500 396.500,47.500 810.500,47.500 39.500,48.500 766.500,49.500 270.500,52.500 484.500,55.500 636.500,58.500 303.500,59.500 133.500,61.500 890.500,61.500 425.500,63.500 351.500,64.500 949.500,65.500 719.500,67.500 76.500,71.500 783.500,74.500 271.500,79.500 645.500,79.500 866.500,80.500 606.500,83.500 876.500,83.500 244.500,87.500 123.500,88.500 213.500,90.500 221.500,91.500 154.500,93.500 863.500,93.500 664.500,95.500 16.500,99.500 978.500,101.500 677.500,103.500 68.500,105.500 488.500,105.500 150.500,106.500 760.500,106.500 852.500,106.500 420.500,108.500 486.500,110.500 818.500,110.500 151.500,111.500 347.500,111.500 232.500,112.500 809.500,114.500 846.500,122.500 227.500,123.500 240.500,123.500 548.500,123.500 715.500,127.500 703.500,128.500 423.500,134.500 778.500,134.500 973.500,134.500 201.500,138.500 469.500,139.500 418.500,141.500 735.500,142.500 453.500,143.500 36.500,146.500 37.500,147.906 683.500,147.500 4.500,148.500 611.500,148.500 38.500,149.500 40.500,149.500 43.085,151.500 45.500,152.500 1021.500,153.500 562.500,157.500 503.500,158.500 734.500,160.500 940.500,163.500 1010.500,165.500 118.500,166.500 837.500,166.500 932.500,167.500 44.500,168.500 119.500,171.500 102.500,173.500 661.500,175.500 215.500,180.500 175.500,181.500 589.500,185.500 894.500,186.500 190.500,187.500 186.500,190.500 387.500,190.500 402.500,190.500 35.500,191.500 742.500,191.500 943.500,191.500 536.500,193.500 88.500,194.500 230.500,196.500 437.500,196.500 973.500,196.500 876.500,198.500 486.500,200.500 223.500,208.500 309.500,216.500 401.500,218.500 768.500,221.500 49.500,222.500 527.500,223.500 564.500,230.500 54.500,234.500 972.500,235.500 142.500,236.500 600.500,237.500 730.500,237.500 351.500,239.500 843.500,241.500 800.500,243.500 380.500,244.500 383.500,250.500 747.500,252.500 895.500,254.500 900.500,254.500 370.500,255.500 861.500,256.500 943.500,256.500 517.500,257.500 723.500,261.500 901.500,261.500 67.500,265.500 398.500,265.500 119.500,268.500 545.500,270.500 37.500,271.500 761.500,271.500 828.500,274.500 606.500,276.500 177.500,277.500 546.500,279.500 410.500,287.500 90.500,288.500 761.500,289.500 700.500,292.500 71.500,294.500 370.500,296.500 949.500,296.500 914.500,297.500 977.500,297.500 401.500,300.500 440.500,302.500 670.500,302.500 246.500,306.500 627.500,306.500 407.500,308.500 968.500,310.500 412.500,313.500 718.500,315.500 564.500,316.500 502.500,320.500 672.500,322.500 966.500,326.500 298.500,328.500 86.500,330.500 732.500,330.500 245.500,332.500 202.500,333.500 463.500,334.500 622.500,337.500 943.500,340.500 180.500,345.500 591.500,345.500 987.500,345.500 377.500,351.500 771.500,351.500 83.500,356.500 171.500,356.500 426.500,357.500 604.500,358.500 676.500,358.500 957.500,361.500 870.500,363.500 401.500,364.500 986.500,365.500 4.500,366.500 237.500,370.500 80.500,371.500 904.500,373.500 188.500,375.500 41.500,377.500 196.500,380.500 200.500,380.500 457.500,381.500 299.500,383.500 283.500,387.500 905.500,388.500 950.500,389.500 284.500,391.500 459.500,392.500 499.500,392.500 436.500,393.500 112.500,396.500 560.500,399.500 765.500,399.500 122.500,404.500 570.902,412.005 617.500,417.500 693.500,417.500 728.500,417.500 318.500,418.500 326.500,419.500 416.500,420.500 511.500,422.500 46.500,423.500 247.500,428.500 213.500,430.500 437.500,434.500 194.500,437.500 697.500,440.500 401.500,444.500 833.500,444.500 826.500,445.500 1016.500,448.500 123.500,450.500 824.500,450.500 124.500,451.500 893.500,451.500 537.500,458.500 622.500,461.500 354.500,465.500 844.500,465.500 726.500,466.500 853.500,467.500 437.500,473.500 208.500,475.500 321.500,478.500 381.500,479.500 562.500,479.500 1.500,482.500 980.500,483.500 217.500,484.500 413.500,484.500 967.500,485.500 409.500,486.500 285.500,491.500 174.500,492.500 241.500,492.500 150.500,495.500 1006.500,495.500 992.500,498.500 511.500,499.500 644.500,499.500 895.500,503.500 406.500,523.500 660.500,523.500 824.500,523.500 553.500,524.500 865.500,531.500 601.500,540.500 757.500,541.500 905.500,541.500 270.500,542.500 423.500,545.500 484.500,545.500 97.500,546.500 958.500,546.500 141.500,548.500 737.500,548.500 507.500,549.500 7.500,550.500 197.500,551.500 848.500,553.500 857.500,553.500 575.500,556.500 173.500,558.500 926.500,559.500 413.500,560.500 556.500,561.500 836.500,561.500 21.500,562.500 680.500,563.500 247.500,564.500 93.500,565.500 149.500,569.500 916.500,569.500 268.500,570.500 708.500,570.500 205.500,571.500 709.500,571.500 718.500,571.500 934.500,572.500 209.500,574.500 773.500,574.500 768.500,578.500 968.500,578.500 388.500,579.500 655.500,582.500 733.500,583.500 652.500,587.500 659.500,590.500 814.500,594.500 589.500,597.500 903.500,597.500 479.500,598.500 703.500,602.500 472.500,604.500 28.500,608.500 992.500,608.500 686.500,611.500 254.500,614.500 511.500,617.500 974.500,617.500 1010.500,619.500 471.500,620.500 112.500,622.500 479.500,626.500 94.500,634.500 127.500,637.500 364.500,639.500 939.500,639.500 56.500,640.500 291.500,641.500 285.500,643.500 310.500,643.500 770.500,644.500 827.500,646.500 649.500,652.500 149.500,654.500 727.500,656.500 992.500,657.500 582.500,659.500 942.500,660.500 523.500,665.500 200.500,667.500 250.500,671.500 837.500,672.500 761.500,673.500 418.500,674.500 589.500,675.500 688.500,680.500 809.500,680.500 505.500,683.500 864.500,687.500 231.500,688.500 806.500,688.500 61.500,691.500 272.500,691.500 382.500,696.500 824.500,701.500 878.500,702.500 542.500,703.500 879.500,706.500 661.500,710.500 769.500,710.500 617.500,712.500 145.500,714.500 382.500,714.500 1012.500,716.500 807.500,718.500 318.500,727.500 1006.500,727.500 497.500,728.500 644.500,728.500 919.500,729.500 1008.500,729.500 524.500,733.500 2.500,740.500 65.500,740.500 736.500,740.500 748.500,740.500 754.500,741.500 260.500,742.500 766.500,744.500 693.500,745.500 788.500,745.500 639.500,746.500 1015.500,747.500 921.500,748.500 524.500,749.500 695.500,750.500 153.500,754.500 162.500,756.500 313.500,757.500 915.500,757.500 268.500,758.500 13.500,762.500 319.500,764.500 453.500,764.500 23.500,765.500 451.500,767.500 56.500,769.500 618.500,769.500 567.500,773.500 1010.500,774.500 750.500,775.500 154.500,776.500 838.500,776.500 131.500,777.500 116.500,778.500 36.500,780.500 87.500,782.500 592.500,782.500 291.500,785.500 37.500,786.500 460.500,786.500 780.500,786.500 446.500,789.500 814.500,789.500 303.500,793.500 125.500,796.500 639.500,797.500 829.500,797.500 931.500,798.500 47.500,799.500 125.500,799.500 963.500,800.500 929.500,801.500 337.500,806.500 427.500,808.500 486.500,808.500 488.500,811.500 470.500,818.500 49.500,821.500 990.500,824.500 713.500,827.500 251.500,828.500 437.500,829.500 685.500,829.500 688.500,829.500 424.500,830.500 891.500,832.500 317.500,839.500 374.500,842.500 755.500,842.500 1008.500,847.500 115.500,855.500 938.500,857.500 702.500,862.500 113.500,865.500 695.500,865.500 1010.500,865.500 754.500,866.500 18.500,867.500 1019.500,867.500 13.500,869.500 18.500,871.500 1001.500,875.500 390.500,881.500 671.500,881.500 468.500,890.500 34.500,892.500 246.500,893.500 747.500,895.500 1014.500,897.500 398.500,901.500 942.500,902.500 623.500,903.500 16.500,904.500 463.500,907.500 52.500,911.500 120.500,915.500 290.500,920.500 460.500,921.500 746.500,921.500 498.500,922.500 513.500,927.500 110.500,928.500 913.500,928.500 480.500,930.500 484.500,931.500 216.500,933.500 116.500,934.500 602.500,935.071 362.500,936.500 692.500,937.500 892.500,942.500 868.500,944.500 435.500,945.500 124.500,946.500 582.500,950.500 50.500,952.500 342.500,954.500 865.500,955.500 600.500,957.500 302.500,958.500 747.500,959.500 810.500,960.500 533.500,962.500 852.500,965.500 515.500,967.500 805.500,968.500 179.500,971.500 369.500,971.500 110.500,976.500 961.500,978.500 244.500,982.500 436.500,987.500 895.500,988.500 739.500,990.500 304.500,991.500 356.500,991.500 999.500,992.500 358.500,993.500 877.500,993.500 671.500,996.500 640.500,998.500 517.500,1000.500 365.500,1001.500 696.500,1001.500 104.500,1003.500 29.500,1004.500 106.500,1009.500 911.500,1009.500 603.500,1013.500 436.500,1014.500 535.500,1014.500 416.500,1017.500
AAA6 569.029,410.481 571.223,412.223 573.797,415.294
AAB0 544.634,7.177 463.905,27.770 978.686,32.084 393.427,36.295 147.661,37.172 986.405,43.741 918.561,45.244 889.348,45.397 459.249,48.925 227.862,50.508 967.240,55.555 949.682,56.337 929.038,60.563 479.565,68.325 297.488,72.255 140.597,74.301 558.631,74.028 688.137,74.129 842.292,75.113 636.500,79.138 247.400,81.569 308.024,91.504 726.773,98.873 219.387,98.491 439.587,101.567 685.550,109.386 738.765,108.304 845.699,110.913 4.830,112.509 903.964,117.302 429.466,118.154 349.871,123.447 291.430,124.406 513.082,125.168 423.485,126.847 174.889,131.160 451.095,139.811 265.021,146.477 795.296,147.132 11.017,156.890 770.708,158.135 412.253,158.045 964.732,157.807 655.320,162.063 948.938,164.944 44.742,171.296 325.131,172.607 231.231,175.589 982.889,179.394 345.696,186.129 213.125,189.313 763.995,189.899 345.449,194.405 1017.242,202.584 87.607,207.280 751.356,206.463 277.064,206.383 758.238,208.102 154.590,209.815 93.736,212.701 324.964,216.431 65.001,220.710 390.139,219.359 230.462,225.543 138.622,226.461 700.837,226.575 513.361,233.262 326.232,237.544 149.154,239.328 505.462,240.403 657.307,241.979 980.352,242.627 725.324,248.002 494.658,250.318 702.344,254.109 522.329,255.536 921.204,256.453 915.910,259.458 869.496,261.300 672.396,268.468 845.375,270.853 318.784,274.661 415.283,279.355 559.865,281.904 644.614,282.497 932.553,290.955 85.268,305.062 983.799,308.816 547.683,312.090 982.592,316.960 1008.224,316.767 687.726,338.884 788.294,340.687 617.222,342.539 780.525,345.194 730.578,352.565 42.669,353.987 424.402,355.907 604.014,358.689 794.835,361.340 956.474,362.593 305.654,374.360 169.077,374.509 949.658,383.299 665.114,387.209 773.355,391.722 271.579,397.340 508.417,399.312 563.267,401.537 815.601,401.091 287.979,404.061 172.223,416.513 996.375,415.473 599.621,417.010 474.460,418.763 282.286,419.338 617.300,421.448 819.725,421.541 512.343,425.333 985.557,426.025 756.984,430.605 272.701,435.653 901.830,441.282 473.333,441.527 840.260,443.561 944.882,443.844 736.403,449.140 373.639,451.651 7.684,453.575 793.933,455.135 245.290,458.992 594.668,459.149 874.157,468.315 234.659,472.698 45.254,479.876 527.739,483.253 460.781,489.031 930.769,491.113 380.635,495.727 461.401,499.270 734.934,506.109 162.210,509.555 95.752,509.738 375.042,510.127 71.936,516.035 407.932,517.993 45.749,519.473 885.780,523.873 152.546,526.557 734.994,536.794 922.539,545.891 913.766,549.330 418.787,550.522 1011.902,564.373 656.677,577.436 289.051,583.736 1010.930,585.105 556.729,595.430 773.816,603.841 526.941,606.924 349.260,615.284 574.350,618.392 543.292,622.667 313.600,630.140 578.609,629.511 98.475,640.615 258.446,651.511 760.575,661.853 554.024,663.444 746.146,664.624 468.146,676.564 947.655,691.718 506.227,700.507 579.080,708.753 536.297,714.519 887.629,717.128 458.741,717.325 146.369,720.383 378.474,731.486 217.555,734.268 665.893,737.011 595.319,742.449 118.084,744.769 588.802,754.327 617.197,760.518 863.792,767.485 8.262,772.751 339.233,793.158 770.200,798.218 842.931,835.375 504.871,839.412 590.594,842.076 460.289,845.665 59.071,846.907 624.262,853.806 871.571,860.837 770.476,870.143 464.268,875.486 691.880,880.970 779.365,891.527 459.022,896.477 727.290,900.318 829.996,908.829 96.469,920.193 883.885,932.907 131.221,944.710 505.937,946.751 574.679,949.321 45.559,964.422 691.470,967.739 313.515,968.483 680.332,971.303 792.006,970.484 571.685,971.702 159.393,973.859 195.377,981.608 628.999,1001.663
AAB1 544.500,7.696 464.500,28.500 978.500,31.500 979.500,32.500 977.500,33.500 393.440,36.395 146.500,36.500 986.559,43.755 918.645,45.384 889.500,45.902 460.000,47.500 458.905,49.533 227.500,51.000 964.500,54.500 967.231,55.558 949.772,55.813 479.500,67.500 478.500,68.500 297.839,72.256 688.150,74.159 140.500,74.000 559.213,74.213 843.500,76.500 636.500,79.323 246.500,80.500 307.500,90.500 308.000,92.500 726.840,99.080 439.774,101.655 685.500,109.499 4.485,112.577 6.500,112.500 903.974,117.521 349.656,123.336 512.928,124.500 350.500,125.500 422.500,126.500 174.724,131.237 451.094,139.034 449.500,141.500 450.500,142.948 264.500,146.500 795.000,147.500 10.998,156.872 770.790,158.146 411.500,157.948 655.500,162.500 948.963,164.985 44.500,171.500 323.500,172.500 230.758,175.210 982.717,179.397 345.948,186.500 213.235,189.259 763.500,189.500 1018.500,202.500 87.615,207.379 751.500,205.500 752.500,207.000 756.500,207.500 758.500,207.500 154.712,209.850 757.500,208.500 758.500,209.500 93.885,212.422 324.000,216.500 64.987,220.811 389.500,219.500 231.067,225.232 701.500,225.500 513.345,233.265 326.500,236.500 148.500,238.500 327.500,238.500 505.500,240.072 657.302,241.962 980.500,242.948 724.500,247.000 725.951,248.500 495.500,249.500 493.500,250.500 495.500,251.500 702.127,252.945 920.500,255.500 703.122,258.207 921.500,256.500 915.968,259.384 869.313,261.631 672.086,268.539 674.500,269.500 318.500,273.500 318.500,275.500 559.659,282.153 932.582,291.005 85.500,305.500 984.500,307.500 547.503,312.101 1008.500,316.948 688.000,338.500 788.238,340.721 617.500,342.500 779.500,345.500 731.500,353.500 423.500,356.500 604.500,357.500 603.500,358.500 794.500,360.500 168.823,373.782 306.500,373.500 304.500,375.500 665.184,387.236 271.597,397.309 508.393,399.398 563.082,401.426 814.500,401.500 286.500,403.500 288.500,404.499 996.500,414.500 995.500,415.500 997.500,415.500 172.948,416.500 474.500,418.500 282.500,419.500 473.500,420.500 616.651,421.377 818.500,421.500 512.236,425.260 273.013,435.987 901.500,440.500 473.902,441.500 944.686,443.950 840.500,444.500 736.201,448.738 734.500,450.500 373.118,451.500 374.500,452.500 245.212,459.038 595.500,458.500 594.500,459.948 874.158,468.071 43.500,478.500 44.988,479.989 528.500,483.500 459.500,487.500 460.500,488.500 461.500,489.500 930.500,491.500 734.884,505.913 162.083,509.439 374.538,509.500 95.500,510.500 71.529,515.802 73.500,516.500 407.684,518.114 72.500,517.500 46.000,518.500 44.500,520.500 885.948,523.500 153.500,526.500 152.500,527.500 922.500,543.500 922.695,545.901 914.007,549.422 419.500,551.500 1012.012,564.012 656.680,577.367 289.206,583.567 1010.500,584.500 556.500,595.052 773.500,602.500 774.098,604.500 526.934,606.764 349.173,615.369 574.305,618.572 98.500,640.500 97.500,641.500 554.054,662.951 745.500,664.587 468.500,676.500 505.500,700.500 508.500,700.500 579.044,708.816 535.956,714.535 888.500,717.500 146.620,720.630 377.500,731.500 379.500,731.500 665.500,736.902 595.522,742.635 587.500,753.500 589.500,753.500 616.500,760.500 864.034,767.198 339.072,793.220 770.500,798.500 842.688,835.118 844.500,834.500 505.500,839.500 461.500,845.500 58.500,847.500 624.500,852.500 770.217,869.911 462.500,874.500 464.500,875.500 692.306,881.232 779.500,891.500 727.197,900.379 829.500,908.500 830.500,909.500 96.387,920.061 883.500,931.500 882.500,932.948 884.500,932.838 131.073,944.765 505.500,947.500 573.500,949.500 575.500,949.500 45.500,963.902 44.500,965.500 691.352,967.579 682.000,970.500 680.440,971.961 159.500,972.500 571.500,972.500 158.500,974.052 195.500,981.098
AAB2 393.257,36.120 918.500,45.500 770.889,157.991 87.662,207.252 513.266,233.293 915.844,259.500 932.500,291.016 788.217,340.966 509.500,399.500 656.662,577.461 349.500,614.500
AAB3 393.500,36.500 771.500,157.500 724.500,195.500 88.500,207.500 513.500,233.500 788.500,340.500 789.500,341.500 611.500,356.500 118.500,524.500 656.785,577.500 698.500,609.500 622.500,657.500
AAB4 393.240,36.101 918.500,45.500 771.232,157.765 769.500,158.500 87.829,207.249 513.243,233.261 915.902,259.500 932.500,291.010 788.216,341.008 509.500,399.500 656.681,577.474 349.500,614.500
AAB5 986.500,1.500 713.500,3.500 947.500,5.500 475.500,6.500 368.500,8.500 912.500,9.500 1.500,12.500 656.500,13.500 278.500,14.500 300.500,14.500 135.500,15.500 682.500,18.500 624.500,23.500 111.500,26.500 633.500,29.500 1018.500,29.500 415.500,30.500 526.500,38.500 869.500,38.500 466.500,39.500 775.500,39.500 678.500,41.500 110.500,42.500 916.500,42.500 290.500,43.500 312.500,45.500 301.500,52.500 740.500,61.500 463.500,62.500 712.500,64.500 997.500,64.500 819.500,65.500 79.500,67.500 711.500,67.500 220.500,69.500 491.500,70.500 982.500,70.500 282.500,77.500 636.500,80.500 722.500,80.500 534.500,81.500 740.500,83.500 120.500,87.500 1009.500,87.500 587.500,93.500 152.500,97.500 203.500,97.500 7.500,98.500 858.500,98.500 186.500,99.500 459.500,103.500 276.500,105.500 536.500,106.500 628.500,106.500 749.500,107.500 793.500,107.500 186.500,108.500 89.500,111.500 1000.500,111.500 962.500,119.500 524.500,122.500 564.500,123.500 395.500,127.500 383.500,128.500 273.500,131.500 465.500,133.500 87.500,134.500 831.500,137.500 107.500,139.500 579.500,141.500 41.500,146.500 130.500,146.500 361.500,147.500 706.500,147.500 363.500,148.500 766.500,153.500 228.500,157.500 370.500,160.500 752.500,165.500 548.500,167.500 210.500,172.500 768.500,172.500 325.500,175.500 515.500,179.500 487.500,181.500 712.500,181.500 247.500,185.500 544.500,186.500 159.500,187.500 842.500,189.500 19.500,190.500 34.500,190.500 368.500,191.500 569.500,191.500 162.500,193.500 229.500,193.500 867.500,194.500 374.500,195.500 597.500,196.500 851.500,198.500 84.500,205.500 86.500,205.500 827.500,207.500 521.500,208.500 94.500,214.500 784.500,215.500 573.500,220.500 248.500,221.500 975.500,223.500 382.500,224.500 847.500,226.500 941.500,226.500 905.500,229.500 392.500,233.500 830.500,234.500 222.500,238.500 742.500,238.500 26.500,243.500 630.500,243.500 987.500,245.500 1019.500,245.500 543.500,249.500 514.500,254.500 671.500,254.500 679.500,255.500 977.500,255.500 35.500,256.500 545.500,256.500 759.500,260.500 321.500,261.500 884.500,264.500 175.500,267.500 175.500,270.500 926.500,271.500 101.500,272.500 773.500,273.500 23.500,276.500 252.500,286.500 679.500,286.500 948.500,286.500 66.983,288.500 599.500,288.500 743.500,291.500 925.500,292.500 774.500,294.500 210.500,295.500 789.500,295.500 744.500,296.500 807.500,296.500 608.500,297.500 876.500,299.500 371.500,303.500 697.500,304.500 223.500,307.500 776.500,309.500 647.500,313.500 332.500,315.500 593.500,318.500 469.500,321.500 542.500,321.500 752.500,325.500 88.500,327.500 896.500,328.500 524.500,329.500 47.500,331.500 566.500,331.500 4.500,332.500 267.500,333.500 787.500,340.500 689.500,342.500 423.500,347.500 11.500,350.500 40.500,350.500 747.500,352.500 203.500,353.500 58.500,356.500 242.500,357.500 314.500,357.500 891.500,358.500 889.500,359.500 508.500,362.500 33.500,363.500 911.500,368.500 717.500,369.500 580.500,372.500 427.500,373.500 801.500,375.500 616.500,379.500 499.500,380.500 51.500,382.500 947.500,385.500 21.500,386.500 308.500,388.500 750.500,388.500 1008.500,394.500 454.500,398.500 241.500,405.500 990.500,408.500 388.500,411.500 70.500,414.500 645.500,416.500 680.500,416.500 288.500,417.500 410.500,419.500 185.500,427.500 687.500,428.500 147.500,429.500 210.500,430.500 529.500,434.500 94.500,436.500 339.500,439.500 619.500,439.500 315.500,443.500 743.500,443.500 720.500,447.500 926.500,447.500 23.500,449.500 645.500,453.500 909.500,456.500 336.500,464.500 838.500,464.500 981.500,464.500 91.500,465.500 835.500,466.500 172.500,474.500 497.500,474.500 283.500,477.500 980.500,482.500 215.500,483.500 411.500,483.500 967.500,484.500 409.500,485.500 176.500,491.500 243.500,491.500 677.500,493.500 974.500,494.500 170.500,497.500 962.500,497.500 790.500,519.500 508.500,522.500 669.500,523.500 959.500,530.500 1015.500,536.500 717.500,539.500 881.500,540.500 3.500,541.500 392.500,541.500 493.500,544.500 554.500,544.500 167.500,545.500 58.500,547.500 789.500,547.500 543.500,548.500 231.500,550.500 856.500,552.500 865.500,552.500 250.500,553.500 391.500,554.500 567.500,555.500 165.500,557.500 926.500,558.500 413.500,559.500 558.500,560.500 678.500,562.500 249.500,563.500 99.500,564.500 645.500,564.500 40.500,567.500 175.500,568.500 202.500,569.500 334.500,569.500 744.500,569.500 33.500,570.500 243.500,570.500 417.500,572.500 651.500,572.500 283.500,573.500 219.500,574.500 656.838,576.500 850.500,577.500 922.500,577.500 38.500,578.500 657.500,578.500 372.500,579.500 659.500,581.500 717.500,581.500 104.500,586.500 511.500,587.500 90.500,593.500 954.500,593.500 737.500,596.500 27.500,597.500 627.500,597.500 841.500,597.500 961.500,599.500 82.500,605.500 63.500,606.500 224.500,607.500 652.500,607.500 158.500,608.500 396.500,613.500 943.500,613.500 437.500,614.500 808.500,615.500 637.500,616.500 88.500,619.500 206.500,621.500 619.500,625.500 311.500,627.500 574.500,628.500 678.500,629.500 468.500,631.500 298.500,633.500 113.500,639.500 254.500,639.500 487.500,640.500 839.500,641.500 489.500,642.500 514.500,642.500 69.500,650.500 857.500,651.500 351.500,653.500 709.500,654.500 855.500,654.500 1010.500,655.500 195.500,656.500 648.500,656.500 125.500,657.500 249.500,658.500 806.500,658.500 921.500,662.500 233.500,663.500 359.500,663.500 870.500,664.500 548.500,665.500 422.500,666.500 689.500,667.500 523.500,670.500 91.500,672.500 19.500,673.500 879.500,674.500 741.500,678.500 713.500,679.500 113.500,680.500 16.500,683.500 244.500,687.500 610.500,687.500 198.500,688.500 749.500,688.500 70.500,690.500 14.500,696.500 534.500,698.500 103.500,702.500 20.500,703.500 281.500,704.500 844.500,706.500 831.500,707.500 996.500,707.500 641.500,713.500 870.500,713.500 223.500,725.500 665.500,727.500 347.500,729.500 436.500,729.500 996.500,732.500 275.500,739.500 502.500,739.500 565.500,739.500 232.500,740.500 244.500,740.500 899.500,740.500 262.500,741.500 290.500,744.500 346.500,745.500 171.500,746.500 549.500,747.500 453.500,748.500 56.500,749.500 13.500,753.500 880.500,754.500 752.500,755.500 905.500,756.500 487.500,757.500 917.500,763.500 27.500,764.500 11.500,767.500 23.500,773.500 314.500,775.500 485.500,775.500 746.500,775.500 404.500,776.500 831.500,776.500 423.500,777.500 702.500,777.500 683.500,781.500 168.500,782.500 647.500,785.500 761.500,795.500 261.500,797.500 449.500,797.500 91.500,798.500 791.500,798.500 625.500,800.500 589.500,801.500 55.500,806.500 602.500,807.500 532.500,809.500 310.500,820.500 924.500,820.500 292.500,823.500 310.500,824.500 563.500,827.500 101.500,828.500 10.500,829.500 104.500,829.500 122.500,829.500 969.500,831.500 245.500,835.500 155.500,839.500 435.500,840.500 226.500,842.500 609.500,842.500 138.500,843.500 133.500,850.500 875.500,854.500 44.500,855.500 314.500,855.500 847.500,857.500 582.500,862.500 1011.500,862.500 116.500,863.500 553.500,864.500 886.500,865.500 630.500,866.500 924.500,866.500 884.500,867.500 516.500,874.500 846.500,874.500 510.500,875.500 857.500,875.500 228.500,881.500 421.500,881.500 513.500,881.500 676.500,885.500 96.500,886.500 445.500,886.500 918.500,891.500 684.500,892.500 835.500,892.500 40.500,894.500 854.500,897.500 794.500,898.500 517.500,899.500 623.500,899.500 903.500,902.500 318.500,903.500 487.500,903.500 329.500,904.500 811.500,911.500 960.500,914.500 537.500,917.500 886.500,917.500 298.500,918.500 240.500,921.500 526.500,921.500 278.500,922.500 612.500,924.500 347.500,927.500 970.500,927.500 769.500,928.500 255.500,931.500 854.500,932.500 86.500,934.500 586.500,934.500 598.500,935.500 360.500,936.500 804.500,942.500 54.500,944.500 467.500,945.500 678.500,951.500 418.500,954.500 370.500,956.500 374.500,958.500 830.500,958.500 900.500,960.500 952.500,965.500 264.500,967.500 391.500,967.500 625.500,967.500 911.500,968.500 473.500,971.500 139.500,979.500 376.500,981.500 311.500,982.500 418.500,983.500 14.500,985.500 591.500,985.500 656.500,987.500 540.500,991.500 592.500,991.500 432.500,992.500 217.500,993.500 425.500,994.500 742.500,995.500 805.500,1000.500 651.500,1001.500 982.500,1001.500 862.500,1004.500 911.500,1004.500 218.500,1005.500 687.500,1005.500 367.500,1006.500 404.500,1009.500 993.500,1014.500
AAB6
AAC0 523.336,3.017 532.264,9.724 863.151,9.922 83.406,14.785 967.349,21.841 568.512,32.497 963.504,35.642 956.668,42.801 696.291,44.900 619.294,46.256 476.686,48.578 689.311,47.658 599.682,54.803 542.803,56.255 1009.032,57.529 623.121,61.510 641.556,61.444 540.718,62.825 438.250,65.109 809.555,65.779 626.777,75.539 324.498,76.995 347.844,76.343 680.237,76.484 624.671,79.998 323.152,86.761 501.990,86.612 792.000,86.500 610.001,87.001 598.569,93.320 98.797,92.243 632.515,91.529 477.510,100.316 595.431,99.476 610.804,114.536 476.468,118.356 696.895,121.470 637.567,122.560 528.836,125.229 510.693,127.024 662.064,128.188 677.153,145.348 380.542,148.727 609.627,152.000 820.415,154.833 384.874,159.317 782.592,166.527 297.677,168.348 665.158,169.493 833.714,170.970 24.367,178.410 410.637,179.119 966.651,184.859 955.317,190.201 276.529,190.231 539.160,191.537 530.537,192.164 740.255,193.531 747.536,194.034 660.959,197.030 608.172,199.997 804.749,203.226 796.510,208.160 869.018,214.845 23.642,215.461 712.996,219.496 857.522,221.536 464.509,221.612 303.737,222.426 346.978,222.512 54.394,224.921 882.334,225.217 873.253,227.409 269.228,228.472 761.645,228.870 137.559,229.452 622.002,233.324 748.065,231.918 394.480,233.167 989.063,234.176 537.375,240.849 766.871,240.852 665.637,242.211 13.833,243.454 519.870,252.453 470.273,254.718 455.643,255.516 812.975,260.733 483.150,262.066 798.829,263.330 904.574,264.780 716.640,264.328 120.834,265.453 465.591,271.148 536.777,270.476 803.979,273.416 594.070,277.739 989.598,278.675 363.039,280.837 954.463,281.597 446.696,282.085 416.504,282.155 889.125,284.320 226.556,284.979 158.794,287.534 59.337,291.488 485.182,295.130 694.280,298.578 508.975,299.522 612.411,301.553 931.534,304.669 785.032,307.460 307.273,309.338 702.323,311.737 474.429,311.797 742.399,312.404 918.242,312.460 843.338,318.126 953.656,318.243 131.700,328.083 1004.370,330.848 317.654,335.683 107.713,341.188 529.297,340.353 575.570,340.441 418.458,343.525 847.038,344.989 291.875,346.687 806.503,350.611 819.833,351.594 866.309,352.171 963.410,353.766 789.090,357.047 891.954,356.962 828.315,364.006 880.900,365.570 549.204,366.204 325.363,367.321 394.523,372.860 466.492,373.475 216.420,380.264 649.980,390.039 671.425,389.919 65.111,394.641 934.151,395.895 358.238,396.507 540.988,398.447 515.500,405.003 489.025,406.469 939.530,407.870 530.517,410.707 405.551,425.741 710.117,426.455 862.641,427.229 564.604,429.359 449.000,430.486 330.701,434.058 728.013,433.110 726.558,440.159 137.624,446.034 567.328,443.990 780.370,448.376 422.167,449.369 168.656,450.705 197.636,453.992 834.106,457.998 566.783,463.396 983.984,462.913 373.470,465.864 659.349,467.376 458.825,470.182 828.739,469.005 966.693,472.451 308.514,474.483 795.974,474.538 129.610,482.760 1002.209,486.810 296.141,490.547 1010.112,495.368 727.554,501.048 639.194,505.305 893.484,505.173 586.616,507.017 733.047,510.503 775.688,512.017 517.400,515.665 162.787,516.908 428.866,517.350 87.232,519.014 605.311,518.882 1008.299,518.777 797.134,520.330 926.648,519.515 556.254,521.919 628.365,526.653 44.314,527.319 500.253,531.656 821.923,531.880 850.916,531.453 613.476,537.542 748.492,538.476 751.209,546.477 625.651,546.993 555.482,548.829 878.207,552.008 995.600,551.185 720.191,555.097 989.754,557.656 1007.021,557.170 50.495,566.624 759.912,567.444 992.136,569.702 81.383,576.448 705.396,585.517 818.947,590.866 575.163,592.362 789.521,592.206 512.246,594.897 977.134,596.349 203.094,602.869 594.026,603.475 638.361,604.604 947.386,615.314 774.990,618.789 820.976,621.335 964.656,637.802 765.654,647.994 639.909,652.007 498.286,655.545 941.504,662.642 475.470,664.032 39.060,670.462 440.485,669.695 433.512,674.242 685.248,677.166 472.074,678.055 988.138,677.353 596.993,679.316 642.196,680.111 239.564,686.506 903.502,686.215 742.525,687.763 319.602,688.657 498.710,690.099 627.925,689.937 658.804,692.262 840.367,690.997 137.385,693.944 766.576,702.749 705.348,704.722 661.223,706.209 435.408,706.397 682.643,706.904 132.548,720.392 438.835,728.534 507.003,728.016 588.338,731.768 52.988,737.689 494.365,737.568 891.187,743.603 343.979,746.044 717.545,748.741 908.622,748.874 528.873,755.366 1012.708,755.729 236.017,759.177 374.665,760.013 122.453,761.796 234.873,764.785 456.989,767.382 365.275,775.265 912.484,777.758 525.404,782.387 530.822,793.291 479.305,794.676 969.597,795.680 366.808,800.581 241.626,806.409 902.715,809.900 374.855,817.007 814.107,823.260 892.461,831.142 493.029,832.440 614.227,835.403 804.643,837.857 825.524,841.537 951.594,849.427 83.660,851.232 352.285,852.312 977.494,853.328 168.521,863.781 489.939,869.072 890.292,882.264 985.123,887.830 665.627,890.756 407.293,901.611 375.815,903.506 698.841,912.917 740.287,918.521 62.988,919.583 714.698,921.746 726.933,924.110 11.752,928.740 683.374,939.301 887.835,939.652 856.059,944.991 530.479,948.870 32.736,949.726 275.907,950.251 66.335,951.135 895.002,953.742 1011.393,957.540 941.680,958.718 792.350,960.901 360.973,967.233 969.264,983.291 731.450,995.018 174.798,997.500 501.491,1004.833 928.450,1008.188 757.758,1012.006 377.515,1012.843
AAC1 523.500,2.933 667.500,1.500 862.500,9.500 83.631,14.582 84.500,16.500 967.457,21.979 567.500,31.500 568.772,32.813 963.500,34.500 962.500,35.500 964.500,35.500 963.500,36.500 956.052,43.500 697.500,44.500 618.500,46.000 696.500,45.500 476.797,48.203 688.500,48.500 476.500,50.500 600.187,55.228 543.500,55.500 541.500,56.500 1008.575,57.520 624.275,60.912 618.500,60.500 641.500,60.500 620.500,61.500 540.500,62.500 542.500,62.500 622.500,62.500 438.500,63.500 539.500,63.500 809.675,65.845 438.500,65.500 348.500,75.500 626.500,75.500 324.500,76.500 680.500,76.500 626.500,77.500 625.500,80.500 322.881,86.570 501.500,86.500 610.500,86.500 792.500,86.500 98.885,92.335 598.932,93.969 595.500,97.500 596.500,98.500 477.528,99.969 478.500,101.500 611.019,114.510 475.500,117.500 696.906,121.722 528.500,125.500 510.440,127.500 676.500,146.000 381.500,148.948 609.680,152.317 384.882,159.788 665.332,169.826 297.500,169.500 833.738,171.107 24.500,178.500 410.951,179.500 966.500,184.500 954.799,189.780 276.500,191.500 538.500,191.500 530.500,192.500 740.500,192.500 747.500,193.500 608.192,200.272 804.500,203.500 806.500,204.500 869.500,215.276 24.500,215.500 23.500,216.500 713.500,219.500 857.547,221.317 463.500,221.500 304.500,222.500 346.500,223.049 855.500,223.500 882.075,224.640 53.988,225.037 880.500,226.500 883.500,226.500 873.500,227.500 761.500,228.500 137.500,229.500 622.055,233.320 747.500,232.499 393.500,233.500 766.731,240.770 537.500,240.500 666.500,241.500 665.072,242.500 13.500,243.500 519.500,251.948 470.000,254.531 471.500,255.500 455.500,256.500 813.242,260.342 483.049,262.187 811.500,261.500 716.500,263.500 798.500,263.500 904.545,265.111 536.500,269.500 466.500,270.500 536.500,271.500 594.120,277.505 989.263,278.500 991.500,277.500 363.229,280.543 991.500,279.500 954.526,281.772 447.000,282.500 58.500,291.500 60.500,291.500 483.500,293.500 485.315,295.066 612.592,301.386 610.500,302.500 932.052,304.657 785.165,307.959 307.500,309.500 702.223,312.056 474.451,311.751 742.160,312.367 915.500,313.000 919.098,312.500 843.500,318.500 954.500,318.500 131.551,328.244 316.500,335.500 318.500,335.500 107.500,340.118 529.500,339.500 528.500,340.500 574.500,340.500 106.500,341.500 108.500,341.500 847.038,345.079 418.500,344.098 292.500,346.500 806.500,351.000 866.500,350.500 820.500,351.948 867.500,351.500 818.500,352.500 865.974,352.730 963.000,353.500 790.228,356.813 891.500,357.000 893.500,357.500 829.500,362.500 828.061,364.425 880.500,365.500 548.500,366.500 325.500,367.500 394.570,373.500 216.306,380.146 650.228,389.813 671.052,389.500 64.500,394.500 65.500,395.500 934.561,395.770 540.500,399.500 488.500,405.500 530.500,410.500 405.496,425.605 710.500,427.000 862.876,427.359 564.500,428.500 330.616,434.147 728.525,433.241 726.500,440.499 137.605,445.946 780.500,447.500 168.500,451.500 197.265,454.020 834.472,458.025 566.500,462.500 982.500,462.500 984.500,463.052 567.500,463.888 372.500,465.500 373.500,466.500 659.237,467.491 458.118,470.500 966.500,470.500 967.500,471.500 966.766,473.176 308.687,474.078 796.000,474.500 129.545,483.186 1002.500,486.500 295.500,491.500 1010.014,495.521 727.551,500.756 728.500,502.500 638.851,505.407 891.500,504.500 893.500,505.253 587.000,506.500 733.140,510.582 775.667,512.097 161.500,516.500 429.500,516.500 87.500,519.500 605.500,519.500 797.179,520.191 927.500,519.500 1007.500,519.500 556.951,521.500 627.500,526.500 43.500,527.500 821.500,530.500 824.500,530.500 500.500,531.500 850.500,531.500 822.241,532.500 749.032,538.171 743.741,539.523 744.500,541.500 750.500,544.500 750.951,546.500 625.500,547.500 555.000,548.500 751.500,548.500 877.840,552.757 719.933,555.042 988.560,557.518 1005.500,556.500 1007.213,557.445 50.602,567.267 758.500,566.500 760.500,566.500 759.823,568.218 761.500,567.500 991.626,569.291 993.500,571.500 81.500,575.500 80.500,576.500 705.500,584.500 705.500,586.500 575.253,592.069 818.840,591.243 789.484,591.990 512.500,594.500 977.500,595.500 203.250,602.853 593.500,603.500 592.500,604.500 638.500,604.500 639.500,605.500 775.500,618.500 774.500,619.500 775.500,620.500 820.500,620.500 820.500,622.500 964.500,638.749 765.464,648.034 639.911,652.006 498.500,655.500 941.257,662.587 939.500,663.500 39.051,670.671 440.500,669.500 433.415,674.287 685.449,676.992 471.500,678.154 473.500,677.500 987.500,677.500 597.500,679.500 642.303,680.316 238.500,685.500 742.000,687.500 743.500,688.500 498.471,689.998 629.500,689.500 626.948,690.500 658.500,691.500 136.772,693.708 657.500,692.902 839.500,692.500 766.500,702.500 765.500,703.500 766.500,704.500 435.500,705.500 660.500,705.500 436.500,706.500 661.500,706.500 662.500,707.500 681.882,707.500 588.000,732.500 52.500,737.500 492.500,737.500 890.991,743.500 344.500,745.500 908.500,748.500 717.500,750.500 1012.500,755.500 1013.500,756.500 374.302,760.045 236.000,759.500 234.500,764.500 366.500,774.500 364.500,775.500 525.263,782.427 531.052,792.500 529.500,793.500 530.500,794.500 969.936,795.558 967.500,795.500 241.500,806.500 903.056,809.794 375.315,817.500 815.500,821.500 813.500,822.500 814.500,823.882 892.762,831.274 614.263,836.174 825.607,841.414 83.500,849.500 951.500,849.500 83.336,851.345 977.000,852.500 890.500,882.000 985.970,887.970 664.951,890.500 376.500,901.500 406.500,901.500 408.500,901.500 698.757,912.915 740.500,917.500 739.500,918.500 740.500,919.500 715.024,921.500 726.746,924.203 13.500,927.500 12.040,929.005 681.500,939.500 889.000,939.500 682.500,940.500 856.500,943.500 856.500,945.500 530.500,948.500 276.500,949.500 65.500,950.500 276.500,951.500 895.500,954.500 1011.434,957.477 940.500,957.500 942.000,958.500 792.000,961.500 359.902,967.500 969.500,982.500 729.500,994.500 731.000,995.500 502.500,1004.500 757.500,1011.052 756.500,1012.500 758.500,1012.500 377.500,1013.500
AAC2 622.005,233.102 847.154,345.136 639.780,652.131
AAC3 132.500,87.500 348.500,190.500 678.500,195.500 847.060,345.021 886.500,523.500 734.500,542.500 262.500,609.500 639.500,651.500 176.500,657.500 998.500,843.500
AAC4 622.001,233.062 847.179,345.168 639.823,652.006
AAC5 643.500,3.500 767.500,4.500 946.500,4.500 423.500,6.500 511.500,7.500 99.500,8.500 274.500,10.500 174.500,13.500 730.500,13.500 114.500,14.500 81.500,15.500 297.500,17.500 750.500,17.500 606.500,18.500 550.500,23.500 321.500,24.500 27.500,26.500 930.500,29.500 335.500,30.500 500.500,38.500 843.500,38.500 933.500,38.500 779.500,39.500 706.500,41.500 146.500,42.500 338.500,43.500 368.500,45.500 756.500,47.500 1011.500,47.500 708.500,49.500 255.500,51.500 226.500,52.500 121.500,54.500 84.500,55.500 832.500,56.500 558.500,58.500 219.500,59.500 803.500,60.500 25.500,61.500 576.500,63.500 682.500,64.500 107.500,65.500 11.500,67.500 531.500,67.500 647.500,67.500 140.500,69.500 399.500,70.500 888.500,70.500 578.500,72.500 565.500,74.500 428.500,81.500 352.500,83.500 919.500,89.500 305.500,93.500 425.500,93.500 208.500,95.500 556.500,98.500 480.500,101.500 79.500,102.500 187.500,103.500 226.500,104.500 18.500,105.500 704.500,105.500 499.500,107.500 543.500,107.500 895.500,107.500 16.500,110.500 348.500,110.500 701.500,110.500 897.500,110.500 774.500,111.500 319.500,114.500 784.500,119.500 181.500,120.500 1001.500,123.500 77.500,124.500 295.500,125.500 397.500,129.500 91.500,131.500 277.500,133.500 673.500,137.500 231.500,138.500 343.500,138.500 353.500,141.500 177.500,147.500 109.500,148.500 825.500,154.500 116.500,157.500 320.500,160.500 197.500,166.500 465.500,166.500 558.500,167.500 771.500,170.500 202.500,172.500 127.500,178.500 199.500,178.500 501.500,179.500 847.500,180.500 499.500,181.500 724.500,181.500 211.500,183.500 329.500,188.500 842.500,189.500 17.500,190.500 32.500,190.500 687.500,190.500 370.500,191.500 247.500,193.500 750.500,193.500 380.500,195.500 882.500,195.500 63.500,196.500 594.500,196.500 847.500,207.500 898.500,215.500 1021.500,217.500 675.500,220.500 352.500,221.500 113.500,222.500 103.500,223.500 532.500,224.500 1015.500,226.500 618.500,229.500 56.500,230.500 506.500,233.500 215.500,234.500 966.500,234.500 2.500,237.500 132.500,237.500 364.500,238.500 625.500,238.500 759.500,238.500 376.500,243.500 137.500,246.500 169.500,246.500 753.500,249.500 738.500,254.500 903.500,254.500 921.500,255.500 108.500,257.500 23.500,261.500 195.500,261.500 234.500,265.500 973.500,270.500 298.500,272.500 497.500,272.500 20.500,274.500 399.500,276.500 774.500,278.500 740.500,279.500 511.500,283.500 628.500,286.500 39.500,287.500 449.000,288.500 992.500,289.500 930.500,291.500 129.500,292.500 303.500,293.500 146.500,295.500 602.500,295.500 157.500,296.500 628.500,296.500 658.500,296.500 615.500,299.500 661.500,304.500 31.500,305.500 787.500,305.500 579.500,307.500 386.500,309.500 212.500,310.500 716.500,315.500 991.500,320.500 289.500,324.500 451.500,328.500 284.500,329.500 449.500,331.500 968.500,331.500 507.500,337.500 547.500,337.500 551.500,338.500 843.500,340.500 648.500,342.500 844.500,343.500 693.500,344.500 53.500,345.500 848.500,347.500 849.500,348.500 427.500,350.500 819.500,350.500 852.500,350.500 800.500,351.500 97.500,356.500 604.500,357.500 676.500,357.500 233.500,359.500 211.500,360.500 943.500,360.500 840.500,362.500 940.500,364.500 982.500,364.500 40.500,370.500 894.500,372.500 743.500,373.500 294.500,379.500 298.500,379.500 489.500,379.500 970.500,379.500 563.500,380.500 415.500,386.500 6.500,388.500 112.500,389.500 97.500,390.500 794.500,398.500 1000.500,398.500 784.500,403.500 218.500,404.500 906.500,411.500 572.500,414.500 39.500,417.500 115.500,417.500 150.500,417.500 820.500,418.500 924.500,419.500 996.500,421.500 402.500,423.500 954.500,426.500 201.500,429.500 681.500,429.500 740.500,430.500 835.500,439.500 815.500,443.500 212.500,445.500 188.500,448.500 504.500,450.500 97.500,454.500 550.500,456.500 369.500,457.500 770.500,457.500 913.500,457.500 943.500,461.500 33.500,463.500 846.500,464.500 208.500,466.500 341.500,467.500 379.500,467.500 122.500,468.500 963.500,472.500 803.500,477.500 26.500,479.500 860.500,479.500 489.500,481.500 373.500,483.500 429.500,485.500 895.500,485.500 763.500,486.500 104.500,490.500 793.500,490.500 496.500,495.500 722.500,497.500 484.500,500.500 807.500,501.500 863.500,506.500 990.500,517.500 155.500,518.500 348.500,520.500 267.500,521.500 798.500,521.500 106.500,523.500 538.500,523.500 747.500,523.500 492.500,529.500 551.500,531.500 329.500,536.500 559.500,537.500 587.500,538.500 78.500,542.500 184.500,542.500 544.500,546.500 625.500,546.500 608.500,547.500 63.500,549.500 818.500,553.500 99.500,556.500 200.500,559.500 471.500,559.500 42.500,561.500 52.500,561.500 322.500,561.500 158.500,563.500 601.500,564.500 109.500,565.500 502.500,567.500 639.500,568.500 384.500,569.500 658.500,569.500 790.500,569.500 483.500,570.500 693.500,570.500 177.500,571.500 186.500,571.500 426.500,572.500 759.500,573.500 364.500,578.500 436.500,578.500 576.500,578.500 1022.500,578.500 924.500,579.500 291.500,582.500 391.500,583.500 135.500,588.500 690.500,593.500 534.500,594.500 333.500,597.500 643.500,597.500 429.500,598.500 740.500,608.500 727.500,609.500 448.500,611.500 121.500,613.500 1016.500,613.500 394.500,616.500 704.500,617.500 730.500,619.500 203.500,620.500 980.500,624.500 271.500,626.500 983.500,627.500 127.500,629.500 222.500,629.500 330.500,630.500 957.500,636.500 943.500,639.500 411.500,642.500 59.500,643.500 84.500,643.500 544.500,644.500 93.500,653.500 881.500,653.500 209.500,655.500 355.500,655.500 433.500,656.500 639.500,657.500 767.500,658.500 302.500,659.500 650.500,660.500 411.500,663.500 747.500,663.500 873.500,663.500 74.500,666.500 966.500,666.500 213.500,668.500 28.500,671.500 523.500,673.500 46.500,678.500 424.500,680.500 545.500,680.500 263.500,683.500 442.500,683.500 117.500,684.500 644.500,687.500 1008.500,687.500 127.500,689.500 134.500,696.500 336.500,696.500 844.500,698.500 592.500,701.500 131.500,703.500 577.500,704.500 104.500,707.500 83.500,708.500 248.500,708.500 891.500,712.500 950.500,712.500 909.500,713.500 174.500,716.500 88.500,717.500 449.500,717.500 551.500,718.500 792.500,725.500 1013.500,727.500 922.500,729.500 88.500,731.500 582.500,737.500 488.500,738.500 597.500,739.500 824.500,739.500 887.500,739.500 554.500,740.500 566.500,740.500 199.500,741.500 578.500,741.500 94.500,742.500 205.500,742.500 675.500,743.500 638.500,744.500 573.500,745.500 668.500,745.500 505.500,746.500 889.500,747.500 398.500,749.500 4.500,750.500 70.500,751.500 113.500,751.500 140.500,751.500 337.500,753.500 700.500,753.500 1021.500,756.500 330.500,757.500 785.500,757.500 146.500,758.500 376.500,762.500 171.500,764.500 281.500,764.500 909.500,764.500 956.500,768.500 502.500,769.500 367.500,773.500 58.500,776.500 45.500,777.500 751.500,777.500 798.500,778.500 944.500,779.500 1003.500,781.500 488.500,782.500 886.500,784.500 175.500,785.500 941.500,785.500 718.500,789.500 199.500,793.500 17.500,796.500 533.500,797.500 725.500,797.500 845.500,798.500 911.500,800.500 592.500,811.500 149.500,821.500 816.500,822.500 556.500,823.500 574.500,824.500 76.500,825.500 823.500,827.500 359.500,828.500 545.500,829.500 989.500,832.500 530.500,833.500 406.500,836.500 887.500,837.500 387.500,839.500 661.500,840.500 458.500,842.500 611.500,845.500 363.500,850.500 783.500,850.500 57.500,855.500 221.500,855.500 16.500,858.500 187.500,863.500 316.500,863.500 725.500,864.500 183.500,865.500 814.500,866.500 78.500,867.500 55.500,868.500 28.500,875.500 33.500,876.500 72.500,880.500 751.500,881.500 527.500,885.500 552.500,890.500 378.500,891.500 104.500,892.500 900.500,892.500 314.500,893.500 42.500,898.500 1016.500,898.500 135.500,903.500 675.500,903.500 68.500,904.500 607.500,906.500 521.500,907.500 57.500,912.500 891.500,912.500 232.500,915.500 152.500,918.500 590.500,918.500 560.500,922.500 583.500,927.500 182.500,928.500 612.500,930.500 479.500,931.500 600.500,933.500 314.500,934.500 820.500,935.500 912.500,937.500 831.500,940.500 60.500,943.500 242.500,944.500 848.500,950.500 886.500,951.500 250.500,954.500 73.500,956.500 985.500,959.500 12.500,961.500 398.500,967.500 525.500,967.500 245.500,971.500 407.500,971.500 428.500,976.500 650.500,982.500 811.500,985.500 880.500,987.500 327.500,989.500 224.500,990.500 179.500,991.500 655.500,994.500 928.500,995.500 185.500,996.500 107.500,997.500 135.500,998.500 80.500,999.500 136.500,1002.500 558.500,1003.500 483.500,1004.500 845.500,1005.500 544.500,1009.500 329.500,1010.500 625.500,1011.500 125.500,1013.500 49.500,1014.500 926.500,1014.500 667.500,1017.500 910.500,1017.500 146.500,1021.500 523.500,1022.500
AAC6
AAD0 120.515,6.334 636.915,9.547 887.225,10.124 678.932,10.329 476.133,10.637 901.591,11.991 82.655,14.048 790.302,14.167 852.872,13.791 620.663,15.706 713.435,15.019 280.680,21.213 961.290,27.589 245.707,29.470 389.617,29.784 492.602,28.185 846.551,35.350 978.275,40.338 658.702,44.548 1001.211,46.204 590.367,46.540 850.617,50.307 894.113,51.860 750.830,52.990 792.328,52.573 855.225,58.338 879.800,60.487 820.150,62.958 869.500,62.377 500.640,65.149 831.150,64.463 231.650,65.291 645.628,67.368 690.560,74.500 146.081,75.575 557.020,80.163 813.567,83.370 859.383,90.928 388.469,91.520 350.912,100.994 107.011,115.489 670.744,117.070 813.264,119.995 709.808,120.524 233.885,124.981 390.475,127.384 617.609,127.346 980.513,128.439 377.518,129.547 504.484,137.636 207.379,141.379 726.663,146.316 640.016,146.010 922.309,152.119 592.750,155.018 574.639,154.136 695.994,159.747 943.379,158.442 499.900,160.375 837.180,165.008 693.333,164.330 662.319,165.523 919.296,168.038 936.776,173.253 621.478,178.762 809.769,177.739 912.748,180.759 294.603,187.944 748.242,188.009 72.990,191.474 855.776,190.480 349.268,197.268 706.972,200.046 698.976,225.707 470.343,228.485 222.202,229.049 293.003,233.974 893.496,235.794 880.542,239.548 827.370,240.571 275.169,240.523 708.170,241.829 873.144,241.577 895.423,245.916 846.832,247.689 269.718,250.300 364.107,257.345 855.688,257.736 183.559,271.974 950.847,272.516 343.138,286.016 320.011,302.980 779.446,303.242 362.473,309.500 912.542,314.256 854.411,325.481 49.379,326.686 660.754,333.899 654.543,341.062 181.474,341.961 680.607,345.671 1019.055,346.829 250.125,347.887 961.416,352.035 1011.820,357.125 426.483,356.667 329.497,364.593 150.801,365.486 47.625,376.128 393.199,376.482 865.035,380.270 916.022,383.546 761.096,384.835 913.637,388.297 868.979,390.440 922.969,389.990 801.811,391.980 589.506,392.795 983.992,397.000 560.437,399.138 912.274,404.674 411.475,414.216 668.294,421.271 950.015,420.951 533.549,425.811 972.787,425.470 887.276,428.294 340.681,430.049 666.007,432.103 367.287,432.431 774.700,434.201 852.884,433.729 802.527,436.261 847.690,437.836 565.027,439.480 764.308,448.124 467.896,448.258 276.654,450.190 987.949,456.829 676.637,461.859 600.457,462.614 901.570,463.261 183.357,466.660 922.669,466.680 788.011,473.735 917.853,481.445 804.139,482.117 880.091,493.973 933.503,491.407 913.302,494.849 893.297,495.125 633.639,497.008 874.065,497.247 909.354,497.356 981.472,506.014 988.669,507.663 520.150,511.553 909.927,511.033 581.657,518.769 878.947,517.993 406.578,520.060 958.458,524.835 698.280,525.727 306.107,530.747 87.529,532.252 486.656,533.869 769.511,537.783 514.087,538.852 897.364,539.337 776.972,541.926 185.298,546.271 857.809,548.094 672.344,548.650 625.342,549.002 328.494,551.494 278.974,556.397 684.959,556.020 915.180,557.462 224.316,562.679 650.284,565.585 672.047,566.953 502.816,568.816 691.659,569.156 350.106,569.955 948.468,571.030 918.709,579.824 167.830,581.624 727.813,581.483 748.556,581.506 830.705,586.938 895.578,593.241 675.352,597.514 592.978,600.553 286.500,602.522 657.136,605.286 732.116,605.573 186.982,606.468 513.651,611.147 556.838,611.572 692.714,614.289 876.996,613.940 824.321,622.238 470.142,626.841 776.454,643.558 429.201,647.956 616.485,652.000 856.650,653.997 409.843,654.442 946.789,655.200 997.908,656.408 99.230,660.466 687.426,659.520 952.843,659.617 536.593,661.516 909.469,661.553 778.918,673.767 487.512,677.015 726.471,685.549 570.179,689.692 537.327,690.364 932.888,691.790 617.017,692.342 689.849,692.364 270.216,695.780 946.284,696.949 987.525,699.170 997.500,699.566 888.297,701.302 640.008,705.703 944.247,709.948 665.261,714.651 850.425,717.425 649.500,719.222 71.433,723.904 556.222,728.535 850.066,733.080 164.642,734.795 959.684,747.054 504.732,751.261 973.319,752.982 145.573,754.144 667.784,754.205 884.139,756.522 958.759,758.510 661.998,767.983 762.183,769.581 923.770,776.671 780.581,781.706 113.390,783.157 650.755,784.107 252.090,786.242 579.843,800.397 556.347,803.990 968.517,819.381 900.143,821.386 918.680,825.969 609.145,827.885 643.328,832.684 316.507,833.775 793.594,835.106 929.752,834.486 29.766,836.440 727.347,840.726 957.083,844.581 207.139,845.695 202.943,849.696 930.447,850.031 593.334,850.366 805.433,851.126 652.303,853.595 800.315,856.361 688.930,861.576 970.065,862.048 530.613,864.703 667.801,873.548 648.876,874.356 989.906,881.025 975.508,882.039 419.490,887.044 427.896,887.248 184.185,889.079 654.162,889.523 842.234,894.579 91.137,895.615 303.510,896.794 585.451,899.162 460.396,902.682 484.484,908.608 767.263,909.446 449.557,912.835 402.555,915.608 595.173,919.756 766.717,920.833 925.620,924.737 320.992,926.478 841.268,926.603 304.362,934.031 883.674,934.676 392.615,936.839 465.035,938.745 1005.794,939.725 873.115,941.323 802.730,947.189 632.355,946.601 730.553,951.874 764.419,954.175 1003.836,953.424 290.798,956.804 762.259,962.627 816.743,967.022 700.585,969.529 288.030,975.677 450.240,976.461 434.133,977.297 385.556,980.973 758.029,986.042 554.598,986.995 606.801,988.763 831.930,991.864 248.592,992.856 857.522,1008.727 909.492,1011.087 453.276,1013.119 16.989,1014.363 574.962,1014.783 592.842,1014.748 388.463,1017.876
AAD1 784.500,3.500 121.000,5.500 119.500,6.500 636.740,9.240 887.260,10.238 678.876,9.805 476.500,9.948 901.500,10.500 83.500,13.500 790.395,14.076 853.500,13.500 852.500,14.500 621.000,15.500 713.500,16.500 280.500,21.902 961.370,27.560 244.500,28.500 246.500,28.500 389.549,29.572 245.500,29.500 244.500,30.500 846.707,35.294 658.500,43.500 1001.324,46.275 657.500,45.500 850.712,50.142 894.288,51.707 749.500,52.500 791.000,52.500 855.948,58.500 819.787,62.787 501.500,63.500 821.500,63.500 500.826,65.250 820.500,64.500 231.500,65.882 645.500,66.500 645.500,68.500 690.751,74.785 146.500,75.500 557.000,80.500 859.171,90.593 388.500,91.500 387.500,92.500 351.046,100.941 107.500,114.500 670.632,117.080 813.500,119.184 812.500,120.500 234.500,124.882 389.944,127.219 617.500,126.500 618.500,127.500 377.500,129.500 504.583,137.753 207.500,141.500 726.500,145.118 727.500,146.500 726.500,147.500 922.500,151.500 592.673,155.133 696.500,157.500 943.500,157.500 696.166,159.710 942.500,158.500 944.500,158.500 499.518,160.554 694.500,161.500 837.238,164.962 661.500,164.500 662.500,165.500 661.500,166.500 919.753,167.913 936.500,173.500 810.223,177.223 621.344,178.788 810.500,179.500 913.500,180.500 747.839,187.980 294.500,188.000 73.082,191.756 856.500,190.500 350.000,196.500 706.500,200.500 698.544,226.008 470.282,228.498 222.500,229.500 221.500,230.500 293.000,233.500 292.500,235.500 893.740,235.808 827.488,240.072 880.877,239.282 708.100,241.857 275.500,241.500 895.216,246.078 846.500,247.500 845.500,248.500 363.500,257.500 855.500,257.500 951.500,271.500 950.500,272.500 342.500,285.000 341.500,286.500 2.500,296.500 780.500,304.500 362.500,309.000 913.500,314.500 853.500,324.500 49.500,325.500 854.500,325.500 50.500,326.500 661.500,334.500 654.617,340.792 181.500,341.500 653.500,342.500 680.500,345.500 250.459,348.039 1019.047,346.737 961.500,351.500 1011.956,357.010 329.500,364.500 392.500,376.500 865.216,380.568 761.213,384.787 913.948,388.500 922.500,389.500 869.500,390.500 923.500,390.500 801.500,391.500 802.500,392.500 801.500,393.500 560.500,399.500 912.500,404.500 411.500,414.500 668.052,421.500 973.500,425.500 533.500,426.500 887.500,427.500 340.772,429.813 341.500,431.500 666.052,432.500 774.246,433.991 852.902,433.500 803.500,434.500 801.500,435.500 800.500,436.500 847.948,437.500 565.000,439.500 764.500,449.500 986.500,455.500 988.500,455.500 988.500,457.500 675.500,461.500 600.767,462.767 676.500,462.500 901.500,462.500 183.500,466.500 788.213,472.787 787.500,475.000 914.500,476.500 912.500,478.500 918.807,481.574 804.272,482.108 883.233,491.233 932.500,490.500 880.019,494.663 932.500,492.500 913.500,494.500 873.980,496.531 981.948,506.500 519.500,511.500 581.238,518.724 878.542,517.992 406.641,519.962 697.500,525.500 699.500,525.500 305.969,530.892 487.500,533.500 513.787,538.787 770.500,539.500 897.500,540.052 857.651,547.661 672.500,547.500 279.500,554.500 684.852,556.106 278.500,556.148 280.500,555.500 650.000,565.500 672.500,566.500 671.500,567.500 690.500,567.500 692.176,568.766 351.052,569.500 502.500,569.500 690.500,569.948 947.500,569.500 349.500,570.500 948.803,571.500 167.538,581.755 918.500,579.500 727.500,581.052 747.500,582.500 829.813,586.772 831.500,587.500 895.767,593.428 675.318,597.553 593.000,600.975 657.722,605.052 732.500,605.500 187.500,606.500 513.500,611.098 556.500,610.500 877.500,613.500 824.290,622.294 470.106,626.697 776.182,643.582 778.500,645.500 427.500,647.500 429.321,648.394 856.500,653.500 946.500,654.000 409.500,654.500 857.500,654.500 997.500,655.500 999.500,655.500 686.500,658.500 98.910,660.408 536.591,661.734 953.500,659.500 909.500,660.928 778.950,673.639 726.500,684.948 727.500,686.500 570.500,688.500 570.500,690.500 932.500,691.118 617.500,691.500 616.500,692.500 933.500,692.500 270.500,694.500 946.500,696.500 987.500,699.000 997.500,699.500 944.467,709.500 849.500,718.500 648.500,719.500 71.239,724.475 556.948,727.500 555.500,728.902 850.247,732.923 164.632,734.378 960.500,747.500 504.500,750.500 505.500,751.500 973.669,752.255 667.500,753.500 145.500,754.500 974.500,754.500 146.500,755.500 883.757,756.923 662.500,769.500 763.500,769.500 761.948,770.500 923.620,777.400 651.258,783.986 579.500,800.500 556.500,803.500 969.500,819.500 899.500,821.000 919.500,825.500 918.500,826.500 609.547,827.764 316.500,833.500 643.500,833.500 28.500,834.500 929.052,834.500 793.500,835.500 29.699,836.920 727.419,840.669 957.210,844.543 203.177,849.782 930.500,849.500 805.224,851.108 929.500,850.500 931.948,850.500 930.500,851.500 800.500,856.500 689.017,861.391 970.223,861.777 648.500,875.500 989.787,880.787 974.737,882.030 419.656,886.733 427.983,887.474 184.500,889.000 418.500,888.500 653.500,888.500 91.500,895.500 585.366,899.128 461.000,902.500 484.500,909.000 767.000,909.500 449.850,912.556 402.500,915.500 401.500,916.500 595.948,919.500 766.744,920.523 925.885,924.284 320.955,926.588 840.500,926.500 842.500,926.500 841.500,927.500 304.500,933.500 883.118,934.500 392.500,936.948 883.500,936.500 465.523,938.342 1005.500,938.500 1006.500,940.154 1004.500,940.500 632.500,945.500 802.813,946.946 729.500,950.500 730.017,952.474 759.174,952.750 764.751,954.073 731.500,953.500 763.500,962.500 761.500,963.500 816.658,966.761 700.500,969.500 288.500,975.500 287.500,976.500 435.500,976.500 451.500,976.500 433.500,977.500 757.981,986.118 606.841,988.782 832.098,991.500 248.500,992.500 856.500,1008.500 909.824,1011.088 454.500,1012.500 453.500,1013.500 16.500,1014.500 575.022,1014.967 593.449,1014.756 387.500,1018.500
AAD2 887.351,10.139 1001.383,46.418 837.291,164.822 470.500,229.500 824.218,622.498 957.273,844.521 606.801,988.865
AAD3 887.199,9.952 1001.568,46.478 826.500,189.500 156.500,195.500 401.500,356.500 824.500,622.500 957.106,844.390 8.500,876.500
AAD4 887.408,10.147 1001.371,46.453 837.500,164.978 470.500,229.500 824.223,622.500 957.291,844.572 606.794,988.892
AAD5 427.500,3.500 783.500,4.500 950.500,4.500 881.500,5.500 465.500,7.500 23.500,8.500 774.500,9.500 885.500,9.500 160.500,10.500 849.500,11.500 12.500,13.500 970.500,13.500 619.500,14.500 890.500,14.500 925.500,14.500 682.500,15.500 892.500,15.500 119.500,17.500 572.500,17.500 432.500,18.500 356.500,23.500 127.500,24.500 647.500,25.500 844.500,25.500 97.500,30.500 236.500,38.500 579.500,38.500 669.500,38.500 996.500,40.500 997.500,42.500 1015.500,43.500 997.500,44.500 1001.500,44.500 24.500,45.500 999.500,45.500 1001.500,46.500 362.500,47.500 615.500,47.500 1002.463,48.190 610.500,49.500 811.500,50.500 1004.500,50.500 961.500,51.500 618.500,54.500 944.500,54.500 188.500,55.500 74.500,58.500 611.500,60.500 332.500,61.500 387.500,65.500 659.500,66.500 161.500,67.500 277.500,67.500 124.500,68.500 647.500,68.500 804.500,68.500 47.500,70.500 540.500,70.500 229.500,74.500 737.500,78.500 807.500,78.500 85.500,79.500 222.500,80.500 118.500,81.500 48.500,83.500 710.500,86.500 573.500,87.500 657.500,89.929 275.500,93.500 430.500,98.500 782.500,98.500 346.500,101.500 49.500,103.500 462.500,104.500 122.500,106.500 214.500,106.500 341.500,107.500 385.500,107.500 737.500,107.500 882.500,109.500 190.500,110.500 753.500,110.500 642.500,111.500 173.500,114.500 205.500,119.500 660.500,119.500 55.500,120.500 224.500,122.500 73.500,128.500 1005.500,130.500 169.500,133.500 801.500,133.500 130.500,134.500 325.500,134.500 523.500,137.500 233.500,138.500 388.500,139.500 730.500,140.500 15.500,142.500 13.500,144.500 1005.500,147.500 890.500,156.500 384.500,165.500 836.500,165.500 377.500,170.500 372.500,172.500 924.500,173.500 775.500,177.500 847.500,177.500 513.500,179.500 477.500,180.500 336.500,181.500 949.500,187.500 187.500,191.500 885.500,192.500 210.500,196.500 465.500,198.500 229.500,208.500 635.500,215.500 387.500,220.500 873.500,221.500 833.500,222.500 819.500,223.500 775.500,226.500 782.500,229.500 106.500,235.500 501.500,238.500 544.500,242.500 900.500,242.500 837.500,245.500 867.500,245.500 407.500,249.500 378.500,254.500 427.500,256.500 768.500,256.500 309.500,261.500 287.500,267.500 289.500,270.500 794.500,273.500 592.500,275.500 542.500,278.500 1012.500,281.500 301.500,283.500 57.500,284.500 432.500,286.500 112.500,287.500 791.500,288.500 734.500,291.500 105.500,293.500 129.500,294.500 990.500,294.500 804.500,295.500 1002.500,295.500 428.500,296.500 458.500,296.500 802.500,297.500 442.500,298.500 70.500,300.500 454.500,301.500 686.500,301.500 561.500,303.500 635.500,305.500 207.500,307.500 433.500,307.500 727.500,308.500 1002.500,309.500 424.500,315.500 453.500,315.500 583.500,315.500 596.500,317.500 867.500,320.500 737.500,321.500 810.500,321.500 149.500,324.500 990.500,325.500 326.500,327.500 287.500,328.500 115.500,329.500 660.500,329.500 273.500,331.500 792.500,331.500 230.500,332.500 493.500,333.500 638.500,336.500 351.500,337.500 391.500,337.500 381.500,338.500 941.500,339.500 307.500,341.500 959.500,342.500 156.500,344.500 561.500,344.500 953.500,344.500 725.500,347.500 901.500,348.500 297.500,350.500 691.500,350.500 463.500,353.500 1005.500,354.500 67.500,355.500 480.500,357.500 552.500,357.500 99.500,359.500 718.500,362.500 245.500,363.500 834.500,364.500 876.500,364.500 966.500,369.500 798.500,372.500 1017.500,375.500 499.500,378.500 160.500,379.500 164.500,379.500 355.500,379.500 836.500,379.500 717.500,380.500 281.500,382.500 233.500,386.500 879.500,387.500 494.500,388.500 262.500,390.500 429.500,391.500 414.500,392.500 556.500,398.500 622.500,398.500 757.500,398.500 516.500,403.500 978.500,403.500 495.500,405.500 632.500,411.500 586.500,418.500 68.500,420.500 827.500,421.500 366.500,422.500 184.500,423.500 851.500,425.500 382.500,427.500 563.500,427.500 37.500,429.500 689.500,433.500 436.500,436.500 903.500,436.500 321.500,440.500 41.500,444.500 46.500,445.500 34.500,448.500 394.500,450.500 974.500,454.500 486.500,456.500 307.500,457.500 708.500,457.500 863.500,461.500 985.500,462.500 154.500,466.500 293.500,467.500 598.500,471.500 963.500,472.500 732.500,474.500 35.500,475.500 855.500,477.500 68.500,479.500 531.500,481.500 482.500,483.500 743.500,483.500 471.500,485.500 124.500,490.500 745.500,492.500 260.500,493.500 650.500,494.500 434.500,498.500 591.500,501.500 749.500,501.500 397.500,503.500 52.500,518.500 241.500,518.500 66.500,520.500 359.500,521.500 170.500,523.500 432.500,523.500 598.500,523.500 811.500,523.500 333.500,524.500 538.500,529.500 916.500,530.500 591.500,531.500 616.500,535.500 900.500,535.500 359.500,536.500 605.500,537.500 641.500,538.500 291.500,540.500 922.500,540.500 467.500,541.500 613.500,541.500 152.500,542.500 854.500,542.500 793.500,545.500 678.500,547.500 119.500,549.500 661.500,549.500 845.500,550.500 173.500,556.500 795.500,557.500 288.500,559.500 559.500,559.500 697.500,559.500 938.500,560.500 166.500,561.500 647.500,561.500 230.500,563.500 879.500,563.500 737.500,564.500 812.500,569.500 944.500,569.500 322.500,570.500 556.500,572.500 287.500,573.500 865.500,574.500 689.500,576.500 518.500,578.500 590.500,578.500 56.500,580.500 513.500,583.500 564.500,584.500 854.500,586.500 693.500,587.500 801.500,589.500 962.500,591.500 638.500,594.500 391.500,597.500 693.500,597.500 481.500,598.500 277.500,600.500 581.500,600.500 465.500,602.500 246.500,604.500 266.500,608.500 771.500,609.500 476.500,611.500 143.500,613.500 575.500,614.500 79.500,615.500 295.500,617.500 15.500,619.500 770.500,619.500 822.500,620.500 824.500,621.500 858.500,621.500 125.500,623.500 920.500,624.500 987.500,625.500 885.500,627.500 15.500,629.500 110.500,629.500 834.500,633.500 849.500,636.500 58.500,639.500 633.500,639.500 1007.500,640.500 333.500,642.500 1013.500,642.500 14.500,643.500 509.500,646.500 821.500,650.500 335.500,652.500 859.500,653.500 195.500,655.500 341.500,655.500 421.500,656.500 697.500,656.500 128.500,657.500 172.500,659.500 632.500,660.500 701.500,663.500 827.500,663.500 1001.500,670.500 858.500,677.500 394.500,680.500 255.500,683.500 127.500,684.500 676.500,687.500 37.500,688.500 474.500,690.500 570.500,693.500 154.500,696.500 356.500,696.500 860.500,698.500 654.500,702.500 316.500,703.500 585.500,704.500 693.500,706.500 144.500,707.500 423.500,712.500 963.500,713.500 208.500,716.500 804.500,716.500 122.500,717.500 483.500,717.500 615.500,725.500 325.500,728.500 472.500,728.500 747.500,729.500 836.500,729.500 112.500,731.500 358.500,733.500 568.500,737.500 800.500,737.500 470.500,738.500 875.500,739.500 546.500,740.500 558.500,740.500 584.500,741.500 632.500,744.500 567.500,745.500 662.500,745.500 774.500,746.500 410.500,749.500 150.500,751.500 349.500,753.500 49.500,754.500 370.500,757.500 170.500,758.500 951.500,761.500 233.500,764.500 367.500,764.500 53.500,766.500 518.500,769.500 979.500,772.500 467.500,773.500 648.500,775.500 47.500,777.500 765.500,777.500 18.500,778.500 816.500,778.500 950.500,779.500 488.500,782.500 890.500,784.500 955.500,785.500 670.500,786.500 259.500,793.500 87.500,796.500 931.500,798.500 47.500,799.500 125.500,799.500 989.500,800.500 413.500,806.500 521.500,808.500 614.500,811.500 162.500,821.500 560.500,823.500 670.500,826.500 359.500,828.500 549.500,829.500 800.500,829.500 213.500,832.500 995.500,832.500 27.500,833.500 532.500,833.500 491.500,835.500 351.500,839.500 954.500,840.590 410.500,842.500 791.500,842.500 955.500,842.500 957.500,844.812 298.500,847.500 958.739,847.500 587.500,850.500 1021.500,854.500 812.500,857.500 526.500,862.500 941.500,862.500 469.500,864.500 947.500,864.500 540.500,866.500 826.500,866.500 776.500,867.500 771.500,875.500 124.500,881.500 317.500,881.500 532.500,885.500 303.500,886.500 180.500,890.500 12.500,891.500 774.500,891.500 544.500,892.500 910.500,893.500 696.500,897.500 243.500,898.500 365.500,899.500 471.500,899.500 88.500,901.500 585.500,901.500 646.500,902.500 807.500,902.500 222.500,903.500 391.500,903.500 249.500,904.500 998.500,908.500 741.500,911.500 547.500,912.500 892.500,914.500 502.500,915.500 445.500,917.500 426.500,921.500 613.500,922.500 632.500,922.500 528.500,924.500 856.500,927.500 121.500,931.500 879.500,931.500 432.500,934.500 256.500,935.500 260.500,935.500 440.500,935.500 532.500,937.500 608.500,942.500 696.500,942.500 860.500,943.500 962.500,945.500 358.500,946.500 408.500,951.500 103.500,953.500 804.500,953.500 112.500,954.500 42.500,956.500 332.500,957.500 267.500,962.500 271.500,967.500 973.500,970.500 400.500,972.500 819.500,978.500 981.500,981.500 58.500,983.500 209.500,985.500 605.056,986.500 258.500,987.500 606.500,988.500 557.500,990.500 144.500,993.500 983.500,993.500 392.500,998.500 567.500,999.500 733.500,999.500 111.500,1001.500 442.500,1001.500 886.500,1002.500 811.500,1003.500 324.500,1004.500 373.500,1004.500 704.500,1004.500 639.500,1009.500 445.500,1012.500 971.500,1012.500 369.500,1013.500 210.500,1014.500 309.500,1014.500 425.500,1014.500 474.500,1015.500 977.500,1016.500 458.500,1020.500
AAD6 1001.500,46.500 954.500,840.500 958.500,847.500
AAE0 993.536,4.395 367.259,7.381 999.626,13.705 487.674,23.305 640.647,28.131 407.479,31.059 1011.161,31.511 306.920,37.491 531.173,40.075 639.450,43.544 1016.542,44.494 787.891,45.873 292.090,49.204 216.973,55.169 668.942,54.612 948.028,62.712 326.848,63.349 25.426,64.361 299.169,66.152 1003.361,67.854 519.814,72.806 731.497,72.445 801.579,73.454 352.446,78.469 102.260,79.923 209.953,81.269 976.663,83.219 539.262,88.647 24.398,89.863 607.496,91.042 214.252,92.198 424.523,99.518 263.862,103.612 253.014,108.447 439.262,108.855 312.318,113.000 975.670,114.285 427.000,115.491 496.532,125.055 401.251,127.927 579.161,133.091 753.657,134.419 768.032,136.266 36.094,137.697 440.500,137.236 172.730,138.737 273.118,138.535 777.299,144.396 813.562,145.094 559.527,146.011 191.166,148.432 372.104,152.329 640.740,157.417 231.010,159.568 786.290,159.883 278.913,164.008 5.150,166.436 534.693,168.261 656.480,170.942 640.860,178.598 1007.830,180.488 308.618,182.078 522.906,194.413 803.198,195.632 54.472,198.467 285.635,201.188 212.884,203.410 247.174,202.532 534.744,207.524 140.597,209.314 218.340,208.596 358.537,213.241 952.343,214.140 420.455,215.220 133.640,231.648 31.318,237.982 296.450,239.853 39.192,242.701 451.157,250.604 494.906,249.756 29.092,252.859 47.726,253.294 172.568,253.355 39.149,255.356 330.644,257.032 419.385,259.816 818.265,269.020 9.304,277.457 549.984,277.441 16.708,282.325 421.871,287.407 387.832,288.489 61.510,290.849 683.679,290.465 267.167,297.359 361.990,303.130 617.920,304.588 945.070,303.965 343.419,306.070 263.766,308.766 292.771,310.522 357.773,314.284 349.542,316.791 630.500,329.532 671.000,334.307 922.500,334.001 174.559,337.734 322.744,337.477 17.611,342.634 691.416,343.849 529.883,345.945 93.460,346.978 868.641,348.137 590.137,351.528 28.481,352.432 709.332,355.441 309.324,356.040 867.380,360.369 311.430,367.129 673.525,367.923 704.057,368.658 567.039,371.482 785.632,371.276 515.619,372.607 914.502,373.795 446.390,375.174 389.829,377.930 158.184,378.535 849.749,381.745 541.009,386.400 729.333,386.544 89.895,387.747 711.905,387.531 69.606,388.450 85.533,388.167 313.972,396.164 332.922,396.943 177.724,404.314 409.676,406.698 458.382,406.395 919.432,409.161 1019.177,409.318 699.052,412.808 750.315,411.736 870.646,415.180 183.440,415.613 854.461,416.788 482.609,420.873 552.934,422.682 1017.486,427.770 222.522,430.267 145.534,434.709 608.435,435.474 47.774,437.531 497.244,443.284 549.378,444.856 1005.045,450.654 547.379,452.996 579.906,453.541 914.516,452.157 675.482,453.967 841.416,453.804 988.427,458.841 191.758,459.506 510.779,461.289 321.990,464.526 444.366,470.143 905.654,473.272 192.689,475.697 320.137,477.255 434.236,476.755 712.775,478.074 858.218,478.169 474.484,482.443 823.398,483.627 545.803,484.670 394.798,487.812 1008.293,487.262 847.808,488.477 52.778,495.207 230.226,495.578 545.445,495.467 723.055,497.414 274.989,497.489 881.495,502.166 890.022,501.921 111.183,504.174 655.691,509.675 473.847,512.621 661.317,524.124 642.791,525.517 778.977,528.477 348.041,529.991 264.717,532.017 334.632,531.504 110.822,534.558 622.313,538.009 658.512,544.231 716.975,545.005 83.295,547.272 215.463,546.435 514.451,547.472 353.091,548.709 998.858,550.399 509.631,552.666 275.599,554.609 290.326,554.952 390.461,558.511 585.325,559.642 245.351,562.047 365.184,564.800 667.977,564.347 126.456,567.569 521.205,567.588 701.936,567.673 391.016,573.337 401.520,581.021 45.288,583.478 193.218,583.532 419.224,584.769 50.654,589.299 755.523,589.147 354.414,589.275 18.416,591.127 299.640,593.669 732.150,593.533 277.117,601.848 96.762,604.689 662.044,611.960 534.510,618.779 396.900,628.539 651.304,628.304 552.723,630.088 186.171,636.020 198.004,637.488 809.808,639.602 645.930,642.166 274.909,646.441 434.764,646.850 363.718,647.267 283.414,649.426 349.753,653.044 362.603,658.407 280.317,661.967 293.162,662.384 758.640,663.986 467.800,668.602 665.162,676.333 649.574,681.184 5.149,682.384 467.576,684.010 675.000,689.355 377.457,694.003 431.344,700.869 779.413,701.822 698.513,702.224 745.976,703.432 625.554,704.233 326.666,705.600 336.155,705.615 375.503,706.655 10.685,709.703 56.969,710.485 388.352,711.481 589.497,711.970 830.683,713.872 286.528,717.099 87.849,719.179 537.983,725.142 781.227,731.063 912.483,734.996 289.191,737.580 628.992,736.997 410.948,740.539 892.719,742.079 700.332,742.717 369.155,743.495 462.162,746.830 326.045,747.836 374.948,747.759 540.907,755.216 122.016,758.843 112.942,761.086 851.283,764.807 102.867,770.436 494.050,777.777 762.518,782.473 806.672,782.010 624.938,782.945 442.538,787.462 660.765,791.111 585.764,792.475 726.088,794.578 642.661,799.485 424.648,808.311 277.222,809.755 488.186,813.348 133.232,815.536 252.186,817.616 590.456,816.852 569.564,817.212 980.461,821.402 402.134,822.317 820.002,825.458 626.960,828.805 144.278,830.846 373.358,831.633 646.738,830.655 668.922,831.756 180.224,835.508 1004.689,840.365 43.584,841.959 634.096,842.120 405.713,844.723 694.865,848.397 647.106,849.455 461.960,853.180 809.846,856.972 542.079,858.182 838.379,861.634 423.165,862.616 549.619,862.331 621.502,873.467 923.498,874.929 363.692,878.308 740.579,878.973 441.383,884.132 804.795,885.524 108.088,892.653 411.214,891.727 334.313,896.262 341.067,897.926 687.847,902.461 101.674,904.326 411.534,905.746 446.385,905.370 440.402,908.688 407.728,908.250 427.545,907.807 387.790,912.221 37.512,915.785 515.890,919.959 403.459,922.101 207.502,922.426 532.135,928.584 129.451,931.497 398.541,937.182 723.448,938.000 645.042,939.577 419.396,940.538 334.818,947.989 862.764,951.918 556.521,954.971 208.051,959.808 72.192,961.558 59.425,962.829 761.000,962.374 171.305,965.600 472.979,966.325 518.168,967.630 970.828,968.211 546.157,969.512 999.817,970.420 467.861,970.765 656.842,970.953 267.223,975.967 433.721,976.551 794.396,976.609 349.505,980.025 654.800,982.435 371.725,984.721 924.517,988.014 202.412,997.718 409.002,1001.245 767.520,1005.229 338.472,1009.525 271.248,1010.459 737.293,1012.262 519.651,1014.008 398.659,1016.671 452.198,1015.943 407.697,1018.381 560.929,1021.443
AAE1 992.500,5.500 368.500,7.500 999.500,13.500 486.500,22.500 407.403,31.034 307.097,37.453 531.030,40.030 640.052,43.500 1016.846,44.698 638.000,44.500 788.095,46.350 291.500,48.500 216.772,55.187 668.997,55.264 327.500,63.000 947.587,62.500 299.165,66.132 518.500,71.500 520.000,72.500 730.500,72.500 801.500,73.500 352.340,78.446 102.485,79.453 209.825,81.360 976.857,83.193 974.500,83.500 24.500,90.500 607.500,90.500 216.000,91.500 608.500,91.500 213.797,92.797 423.500,99.500 425.500,100.500 263.704,103.689 439.244,108.767 253.102,108.102 313.500,113.500 976.500,113.500 977.500,114.500 976.500,115.500 496.683,125.126 401.524,127.790 579.131,132.917 754.500,134.500 768.150,136.188 35.500,136.500 36.170,138.257 439.500,137.500 172.948,138.500 777.500,144.500 813.536,144.801 559.591,145.782 190.986,148.645 370.500,151.500 371.500,152.948 640.887,157.548 231.500,158.500 786.022,159.802 278.994,163.994 5.500,166.500 640.952,178.642 1007.500,179.500 309.500,182.500 802.813,195.772 54.385,198.374 285.738,201.130 211.500,201.500 247.500,202.500 212.601,203.500 213.500,205.500 140.598,209.353 534.534,207.490 218.487,208.748 359.500,213.500 951.500,214.500 419.500,216.500 134.500,231.500 31.791,237.500 297.000,239.500 37.500,241.500 39.213,242.787 495.500,248.500 451.500,250.413 29.215,253.249 173.500,252.500 48.500,253.500 38.500,254.500 330.718,257.043 40.500,255.500 419.456,259.913 818.500,268.500 817.500,269.500 551.500,276.500 8.948,277.500 549.500,277.500 16.500,283.500 386.500,288.500 388.500,288.500 683.500,288.500 387.500,289.500 684.500,289.500 683.500,290.500 361.918,303.171 619.500,304.500 617.500,305.500 343.500,306.500 292.500,311.500 358.835,314.858 174.745,337.255 323.500,336.500 322.500,338.000 18.500,342.500 17.500,343.500 93.203,346.581 529.500,345.500 868.223,347.777 589.943,351.500 28.429,352.500 709.772,355.187 309.164,355.984 708.500,356.500 867.110,360.384 312.500,366.500 673.091,368.169 704.500,367.500 703.500,368.500 704.500,369.500 567.000,370.500 785.275,371.429 515.052,373.500 446.500,374.500 445.500,375.500 389.787,377.213 446.500,376.500 388.500,378.500 157.500,379.500 729.999,386.271 90.051,387.843 541.777,386.777 711.948,387.500 728.500,387.500 70.500,388.500 86.500,388.500 313.000,396.500 333.050,397.264 177.500,404.500 409.863,406.749 458.500,406.000 919.500,408.000 1019.500,408.500 699.081,412.771 750.500,411.500 183.500,414.500 869.500,415.500 183.500,416.500 854.500,417.500 481.948,420.500 483.500,421.500 553.033,422.976 1016.500,427.500 221.500,430.500 145.500,433.500 608.500,434.500 146.500,435.500 47.500,437.500 498.500,441.500 497.027,443.493 1006.500,449.500 1005.500,450.500 547.055,452.953 914.500,451.500 1004.500,451.500 580.192,453.294 841.745,453.255 913.500,452.500 675.500,453.500 677.500,453.500 551.500,454.500 676.500,454.500 580.500,455.500 191.509,459.606 988.444,458.725 510.902,461.182 445.500,471.500 905.500,474.500 192.500,475.500 435.500,475.500 320.198,476.763 434.198,476.845 858.186,478.085 319.500,478.500 713.500,479.500 823.500,482.500 824.500,484.000 546.241,484.862 395.500,486.500 394.553,488.257 1007.500,487.500 848.500,488.500 229.500,495.500 545.500,495.500 52.500,496.500 723.159,497.488 275.000,497.500 889.267,502.121 881.000,502.500 891.500,502.500 474.500,510.500 656.500,510.500 474.500,512.500 643.500,524.500 264.500,531.500 334.213,531.787 265.500,533.000 111.016,534.524 622.604,538.114 215.500,546.500 514.500,546.500 83.500,547.500 352.932,548.811 354.500,547.500 82.500,548.500 509.971,552.052 275.533,554.942 289.052,554.500 509.500,554.500 293.500,557.500 585.344,559.398 390.951,558.500 245.229,562.424 365.230,564.687 668.500,564.500 702.500,566.500 520.500,567.500 701.477,568.204 390.485,573.038 401.500,580.951 45.199,583.236 418.500,584.500 50.247,589.456 755.500,588.500 353.902,589.500 18.500,590.500 300.500,592.500 299.500,593.500 277.045,601.815 96.479,604.234 662.000,612.500 533.500,618.500 535.500,618.500 395.500,627.500 396.500,628.500 552.500,628.500 397.500,629.500 552.098,630.500 186.500,635.500 197.500,636.948 196.500,638.500 809.500,638.500 810.500,639.500 809.500,640.500 646.052,642.500 274.908,646.561 434.500,646.991 284.500,649.000 349.686,653.223 362.500,658.500 293.243,662.261 280.621,662.337 759.500,664.118 467.787,668.671 664.500,675.500 647.500,680.500 5.500,682.500 467.500,682.500 467.500,684.500 377.217,693.593 698.500,701.500 745.500,702.500 698.500,703.500 625.500,704.500 335.500,706.500 376.500,706.500 375.500,707.500 10.971,709.601 57.064,710.633 388.223,710.939 830.500,714.500 285.995,717.677 88.500,717.500 87.660,719.075 538.066,724.970 781.145,731.024 288.500,738.000 628.500,737.500 411.000,740.500 892.752,741.887 368.500,742.500 369.500,743.500 463.500,745.500 325.500,747.000 374.500,746.500 462.500,747.000 326.500,748.500 374.500,748.500 540.669,754.997 120.500,758.500 113.000,761.500 851.329,764.908 102.932,770.497 494.028,777.709 761.500,782.500 660.797,791.203 586.000,792.500 726.500,795.500 642.740,799.529 424.585,808.087 276.500,809.500 133.038,815.379 488.223,813.777 252.123,817.589 402.500,821.000 981.500,821.500 401.500,823.500 626.595,828.668 144.125,830.711 373.047,831.644 647.500,831.052 668.991,831.503 179.228,835.187 1005.500,839.500 634.202,841.181 1003.500,840.500 44.500,841.500 1004.500,841.500 633.500,843.500 694.500,847.500 646.500,849.500 461.849,853.327 809.500,855.500 809.948,857.278 837.500,861.500 838.500,862.500 621.500,872.500 621.500,874.500 923.595,875.188 740.520,879.036 363.500,878.500 364.500,879.500 441.579,884.483 805.500,884.500 109.500,892.000 107.743,893.225 445.500,904.500 446.500,905.500 411.500,906.500 427.500,906.500 440.614,908.073 407.762,908.284 427.500,908.500 438.500,911.500 442.052,911.500 437.500,912.500 37.500,915.500 516.413,919.500 514.500,921.052 403.391,921.972 207.500,922.500 406.500,924.500 408.000,925.500 406.500,926.500 532.482,927.998 128.500,930.500 129.500,931.500 399.500,937.500 722.500,937.500 644.500,938.500 723.500,938.500 419.500,940.500 645.500,940.500 334.500,948.500 207.500,959.500 208.500,960.500 70.500,961.500 171.118,965.500 472.500,965.500 517.948,966.500 971.500,966.500 546.500,967.500 970.500,967.500 518.500,968.500 546.138,970.034 657.085,970.818 1000.500,969.500 468.500,970.500 999.509,971.026 467.500,971.500 267.074,975.763 432.500,976.500 794.500,976.500 654.500,981.500 654.500,983.500 925.500,987.500 202.628,997.652 409.192,1001.272 767.500,1006.500 519.210,1014.500 407.118,1018.500 560.500,1021.500
AAE2 307.034,37.714 439.076,108.853 140.683,209.448 330.654,256.983 698.800,412.686 365.211,564.632 493.965,777.971 251.500,817.500 252.500,818.500
AAE3 968.500,105.500 439.500,108.500 722.500,195.500 140.265,209.451 330.752,256.500 329.500,257.500 699.500,412.500 930.500,523.500 736.500,542.500 365.302,564.536 166.500,657.500
AAE4 307.052,37.743 438.915,108.706 140.723,209.465 330.633,257.028 698.758,412.688 365.169,564.626 493.980,777.981 251.500,817.500 252.500,818.500
AAE5 379.500,3.500 625.500,3.500 739.500,4.500 924.500,4.500 483.500,7.500 55.500,8.500 572.500,13.500 194.500,14.500 216.500,14.500 51.500,15.500 279.500,17.500 600.500,18.500 681.500,22.500 323.500,24.500 24.500,26.500 325.500,30.500 417.500,32.500 302.500,34.500 310.500,40.500 166.500,43.500 151.500,44.500 210.500,45.500 568.500,46.500 859.500,47.500 556.500,49.500 896.500,49.500 93.500,51.500 70.500,52.500 988.500,54.500 302.500,55.500 734.500,56.500 482.500,58.500 153.500,59.500 744.500,61.500 568.500,63.500 785.500,65.500 659.500,67.500 494.500,68.500 391.500,70.500 890.500,70.500 15.500,79.500 492.500,80.500 378.500,81.500 278.500,83.500 544.500,83.500 924.500,86.500 799.500,87.500 385.500,93.500 684.500,98.500 12.500,99.500 602.500,101.500 704.500,104.500 760.500,105.500 342.500,106.500 434.500,106.500 450.500,109.500 10.500,110.500 340.500,110.500 742.500,111.500 443.500,112.500 756.500,119.500 737.500,122.500 750.500,122.500 34.500,123.500 378.500,123.500 983.500,123.500 59.500,124.500 373.500,129.500 907.500,133.500 427.500,134.500 615.500,137.500 305.500,138.500 885.500,138.500 317.500,141.500 99.500,142.500 599.500,142.500 629.500,142.500 833.500,142.500 91.500,144.500 402.500,147.500 1021.500,147.500 681.500,154.500 74.500,157.500 301.500,158.500 134.500,160.500 582.500,165.500 410.500,167.500 687.500,170.500 132.500,172.500 696.500,172.500 259.500,175.500 829.500,179.500 793.500,180.500 449.500,181.500 672.500,181.500 153.500,183.500 201.500,185.500 139.500,187.500 297.500,188.500 826.500,189.500 3.500,190.500 18.500,190.500 156.500,193.500 730.500,193.500 356.500,195.500 572.500,196.500 458.500,198.500 62.500,200.500 138.500,207.500 735.500,207.500 139.500,208.892 423.500,208.500 142.500,211.500 145.066,212.526 688.500,215.500 841.500,217.500 497.500,220.500 989.500,221.500 955.500,223.500 370.500,224.500 947.500,229.500 112.500,233.500 504.500,233.500 227.500,234.500 992.500,234.500 855.500,235.500 841.500,238.500 610.500,242.500 910.500,242.500 452.500,243.500 223.500,246.500 255.500,246.500 811.500,249.500 598.500,252.500 326.500,253.500 281.500,254.500 286.500,254.500 915.500,254.500 905.500,255.500 187.500,256.500 269.500,256.500 857.500,256.500 331.500,257.500 333.500,259.500 1021.500,260.500 335.500,261.500 591.500,261.500 626.500,264.500 204.500,265.500 327.500,267.500 237.500,270.500 127.500,274.500 779.500,275.500 407.500,276.500 263.500,283.500 553.500,283.500 992.500,286.500 111.500,287.500 532.983,288.500 1012.500,291.500 153.500,293.500 694.500,295.500 249.500,296.500 286.500,296.500 224.500,297.500 287.500,297.500 90.500,298.500 747.500,299.500 748.500,301.500 980.500,301.500 793.500,304.500 933.500,305.500 485.500,307.500 711.500,307.500 518.500,309.500 91.500,314.500 970.500,314.500 658.500,315.500 687.500,315.500 817.500,315.500 29.500,319.500 910.500,321.500 819.500,323.500 375.500,324.500 208.500,326.500 568.500,327.500 349.500,329.500 996.500,329.500 530.500,331.500 486.500,332.500 888.500,336.500 601.500,337.500 641.500,337.500 175.500,340.500 766.500,342.500 187.500,343.500 821.500,344.500 189.500,345.500 947.500,350.500 920.500,351.500 231.500,353.500 705.500,353.500 213.500,355.500 301.500,355.500 540.500,356.500 684.500,357.500 283.500,359.500 277.500,360.500 898.500,362.500 241.500,369.500 35.500,370.500 749.500,373.500 200.500,374.500 581.500,378.500 250.500,379.500 254.500,379.500 443.500,379.500 924.500,379.500 517.500,380.500 729.500,380.500 809.500,380.500 217.500,386.500 910.500,387.500 1012.500,388.500 490.500,392.500 925.500,393.500 226.500,395.500 734.500,398.500 869.500,398.500 624.500,403.500 593.500,405.500 684.500,411.500 350.500,414.500 701.500,415.500 703.500,417.000 6.500,420.500 751.500,421.500 290.500,422.500 104.500,423.500 773.500,425.500 698.500,426.500 292.500,427.500 560.500,430.500 891.500,434.500 462.500,436.500 987.500,439.500 375.500,440.500 90.500,445.500 74.500,448.500 397.500,449.500 70.500,450.500 396.500,450.500 141.500,451.500 384.500,456.500 175.500,457.500 574.500,457.500 691.500,461.500 558.500,464.500 948.500,465.500 41.500,467.500 856.500,467.500 426.500,474.500 745.500,474.500 553.500,477.500 615.500,478.500 794.500,478.500 594.500,479.500 227.500,481.500 101.500,483.500 431.500,483.500 623.500,483.500 503.500,486.500 850.500,489.500 418.500,491.500 485.500,491.500 1004.500,492.500 202.500,495.500 178.500,498.500 858.500,498.500 333.500,501.500 491.500,501.500 834.500,517.500 285.500,518.500 198.500,520.500 638.500,521.500 944.500,522.500 174.500,523.500 557.500,523.500 83.500,524.500 670.500,530.500 354.500,535.500 373.500,538.500 654.500,540.500 201.500,541.500 349.500,541.500 736.500,541.500 14.500,544.500 851.500,544.500 912.500,544.500 529.500,545.500 358.500,546.500 551.500,547.500 881.500,548.500 403.500,549.500 579.500,550.500 184.500,553.500 193.500,553.500 594.500,553.500 729.500,554.500 1002.500,558.500 699.500,559.500 361.500,560.500 860.500,560.500 106.500,561.500 362.274,562.256 912.500,562.500 363.500,563.500 364.500,564.500 366.500,566.500 368.500,567.039 96.500,569.500 458.500,569.500 902.500,569.500 399.500,570.500 233.500,576.500 60.500,578.500 132.500,578.500 272.500,578.500 620.500,579.500 73.500,583.500 130.500,584.500 803.500,587.500 315.500,589.500 476.500,591.500 152.500,594.500 981.500,596.500 271.500,597.500 61.500,598.500 183.500,600.500 842.500,603.500 353.500,609.500 66.500,611.500 179.500,614.500 58.500,616.500 368.500,617.500 404.500,619.500 540.500,621.500 634.500,624.500 705.500,625.500 980.500,629.500 576.500,633.500 820.500,638.500 367.500,639.500 508.500,639.500 735.500,640.500 715.500,642.500 740.500,642.500 188.500,644.500 239.500,646.500 541.500,650.500 2.500,651.500 57.500,652.500 811.500,652.500 759.500,653.500 947.500,654.500 69.500,655.500 151.500,656.500 926.500,658.500 115.500,663.500 963.500,664.500 72.500,665.500 768.500,665.500 913.500,667.500 700.500,670.500 564.500,677.500 372.500,678.500 873.500,678.500 245.500,680.500 787.500,680.500 118.500,681.500 865.500,683.500 773.500,687.500 609.500,690.500 282.500,693.500 922.500,695.500 102.500,696.500 620.500,698.500 356.500,701.500 171.500,702.500 430.500,702.500 86.500,703.500 355.500,704.500 895.500,707.500 34.500,708.500 829.500,710.500 127.500,712.500 647.500,712.500 706.500,712.500 663.500,713.500 892.500,713.500 928.500,715.500 492.500,716.500 185.500,717.500 281.500,718.500 269.500,720.500 253.500,725.500 466.500,725.500 556.500,729.500 738.500,730.500 962.500,732.500 609.500,737.500 213.500,739.500 127.500,740.500 180.500,741.500 712.500,741.500 823.500,741.500 261.500,743.500 218.500,744.500 270.500,745.500 83.500,746.500 445.500,747.500 980.500,748.500 594.500,749.500 921.500,752.500 266.500,753.500 621.500,753.500 628.500,755.500 349.500,757.500 732.500,757.500 485.500,761.500 785.500,763.500 891.500,763.500 495.500,764.500 52.500,769.500 891.500,772.500 490.500,773.500 550.500,775.500 210.500,776.500 493.500,776.500 625.500,776.500 916.500,781.500 304.500,784.500 617.500,784.500 790.500,785.500 788.500,788.500 653.500,792.500 455.500,795.500 971.500,796.500 139.500,797.500 579.500,806.500 158.500,809.500 704.500,817.500 802.500,817.500 253.500,818.500 782.500,819.500 364.500,820.500 752.500,822.500 262.500,824.500 834.500,825.500 981.500,826.500 525.500,827.500 359.500,831.500 107.500,832.500 609.500,834.500 1021.500,836.500 949.500,841.500 476.500,842.500 711.500,844.500 532.500,846.500 180.500,847.500 460.500,848.500 455.500,849.500 183.500,854.500 376.500,854.500 642.500,854.500 135.500,857.500 242.500,857.500 570.500,857.500 273.500,862.500 402.500,862.500 303.500,864.500 938.500,865.500 202.500,866.500 177.500,867.500 181.500,868.500 178.500,870.500 114.500,874.500 792.500,874.500 819.500,880.500 168.500,881.500 968.500,884.500 390.500,885.500 774.500,887.500 610.500,889.500 174.500,891.500 26.500,902.500 729.500,902.500 122.500,903.500 645.500,903.500 625.500,905.500 851.500,911.500 190.500,914.500 789.500,916.500 760.500,920.500 828.500,923.500 979.500,927.500 465.500,930.500 38.500,932.500 594.500,932.500 308.500,933.500 804.500,933.500 632.500,934.500 636.500,934.500 1006.500,941.500 671.500,944.500 800.500,945.500 848.500,949.500 874.500,950.500 593.500,952.500 101.500,955.500 550.500,955.500 870.500,956.500 1019.500,958.500 807.500,961.500 406.500,966.500 533.500,966.500 767.500,966.500 31.500,968.500 251.500,970.500 411.500,970.500 601.500,970.500 844.500,971.500 464.500,980.500 403.500,981.500 556.500,981.500 512.500,982.500 766.500,986.500 108.500,989.500 548.500,991.500 708.500,992.500 997.500,995.500 841.500,999.500 1012.500,1000.500 703.500,1004.500 418.500,1008.500 205.500,1009.500 495.500,1010.500 1009.500,1011.500 947.500,1012.500 792.500,1013.500 891.500,1013.500 547.500,1016.500 790.500,1016.500 353.500,1022.500
AAE6 362.500,562.500 363.500,563.500 368.500,567.500
AAF0 488.871,5.351 298.498,10.867 453.373,13.408 359.365,21.639 694.758,23.242 379.453,30.463 678.449,32.158 575.017,41.813 679.275,52.678 313.455,53.511 579.682,57.976 422.420,60.831 430.182,62.644 150.481,63.705 323.148,65.129 495.474,65.441 171.710,66.711 677.180,69.766 52.660,73.133 556.498,73.694 817.383,78.909 697.491,82.892 132.230,83.485 419.937,85.899 685.313,89.213 529.622,104.604 202.276,105.896 274.479,116.509 365.428,116.557 861.645,121.513 15.161,121.494 465.003,125.702 581.277,129.663 147.196,129.973 973.820,142.565 455.452,143.393 660.233,143.871 448.230,151.140 284.104,164.597 910.970,165.002 449.325,167.770 883.292,169.967 98.089,172.915 775.407,179.553 715.858,194.339 331.162,195.714 371.543,195.868 978.393,195.830 426.425,199.329 957.637,198.901 617.019,202.082 599.948,210.939 396.703,214.335 832.985,215.998 309.611,220.033 378.243,219.481 331.988,222.005 138.394,223.989 772.525,225.503 619.329,235.691 496.090,245.140 546.617,244.658 338.989,249.808 1007.604,250.850 458.975,252.025 138.605,255.886 409.014,257.591 717.867,259.627 101.547,261.775 437.322,262.725 976.519,265.946 765.251,272.749 663.377,275.915 989.143,279.128 812.971,288.278 441.163,291.702 538.332,291.057 967.738,294.302 227.394,326.129 495.800,330.480 398.105,338.087 873.287,342.811 245.696,352.313 883.278,354.911 296.845,358.828 425.987,361.308 696.737,366.487 314.106,373.648 872.566,377.229 574.511,378.747 786.513,377.820 508.479,385.833 542.649,397.003 324.421,399.880 197.844,403.416 80.130,405.500 538.634,405.486 147.659,411.134 90.193,421.184 96.306,428.756 475.173,430.380 443.583,433.526 825.072,434.321 303.963,441.006 400.485,445.302 490.680,446.691 31.423,448.568 653.120,449.324 588.463,454.272 753.226,459.744 471.998,464.651 929.887,466.809 793.598,469.191 520.446,469.453 703.573,470.876 331.728,473.904 657.756,473.922 902.697,481.513 115.856,485.664 446.166,492.498 263.040,500.579 969.153,500.493 191.877,501.326 239.328,505.898 780.642,513.840 1005.303,513.303 1011.286,523.554 742.690,529.306 281.992,532.000 331.463,531.407 566.199,532.634 829.649,538.852 185.707,541.865 292.460,544.710 57.361,551.349 119.380,552.876 670.683,554.879 570.122,556.125 358.914,561.165 715.725,561.879 737.895,563.126 330.899,572.656 961.118,573.009 88.687,575.400 52.483,575.984 201.891,581.420 53.318,584.525 524.371,585.561 27.918,589.696 10.065,598.061 357.463,597.441 95.109,600.793 525.333,613.447 53.319,618.148 930.331,617.830 1006.800,619.517 238.258,632.223 690.596,632.158 102.436,635.649 871.017,636.505 685.789,641.878 779.510,648.447 394.848,653.500 212.060,656.033 68.474,657.053 888.727,657.661 133.316,661.140 312.048,663.326 762.945,664.643 197.211,664.043 740.877,663.575 750.728,669.678 720.821,671.274 464.312,673.387 746.433,673.750 563.254,675.038 651.729,679.726 606.510,685.008 73.990,688.658 852.623,689.157 40.524,690.161 730.791,690.853 238.958,692.538 497.593,693.501 972.345,700.939 1011.659,702.437 883.484,704.152 727.527,705.601 52.477,707.306 294.097,715.857 130.893,720.962 93.840,730.468 632.995,733.545 614.407,737.148 852.797,738.387 903.081,752.883 908.014,753.962 981.861,754.747 157.308,761.849 456.501,762.705 1007.400,773.630 925.774,778.683 646.991,779.283 111.248,782.222 520.595,792.009 433.593,792.861 680.828,796.488 213.415,802.743 6.835,805.478 291.173,813.817 224.018,814.016 751.360,815.158 606.823,821.561 767.227,821.508 107.480,828.994 665.304,828.533 732.691,829.246 176.450,831.261 520.740,841.270 740.083,851.883 518.778,853.175 616.873,864.635 334.803,867.439 950.236,868.946 950.813,875.638 573.477,881.523 301.187,882.431 432.733,888.713 883.728,888.946 506.303,903.143 748.510,906.861 71.095,910.707 976.453,911.652 666.058,915.077 201.498,920.456 733.941,920.890 797.014,928.438 254.498,935.775 656.528,945.817 697.392,947.336 601.649,954.986 770.539,962.606 560.993,964.084 748.534,963.815 832.127,964.100 996.026,969.846 486.470,980.517 778.294,982.652 821.353,981.865 584.878,983.908 870.000,986.854 796.837,986.575 922.567,987.837 675.432,987.392 72.344,990.998 958.213,992.880 587.476,993.840 1012.898,1001.484 934.125,1002.332 62.343,1010.000
AAF1 298.261,11.126 453.438,13.149 694.633,23.281 379.500,29.500 379.500,31.500 574.767,41.821 422.500,60.500 430.147,62.500 150.000,63.500 171.719,65.953 323.500,65.500 495.500,65.500 170.500,68.500 677.193,70.123 53.500,73.500 556.500,74.010 698.500,82.500 685.596,89.028 530.500,104.500 275.500,115.500 365.500,116.000 861.951,121.500 463.500,125.500 465.500,125.500 581.115,129.652 147.500,129.500 146.500,130.500 455.500,143.500 659.500,143.500 973.500,143.500 660.500,144.500 448.500,151.112 284.500,164.500 449.141,167.737 911.500,165.500 883.500,169.500 331.500,195.500 617.262,202.254 600.500,211.500 396.614,214.240 309.938,220.126 377.500,219.500 332.064,222.101 137.500,223.500 139.500,223.500 138.213,225.213 619.582,235.329 496.022,245.264 546.301,244.900 339.500,249.500 1007.991,251.016 458.500,251.500 459.500,252.500 101.821,261.772 438.500,262.500 977.500,266.500 989.000,279.500 812.762,288.103 441.000,292.500 495.500,330.500 398.500,338.000 873.000,341.500 872.854,343.500 883.339,355.047 296.375,358.131 426.500,361.500 696.713,366.704 314.190,373.774 786.635,377.742 872.787,378.213 574.213,379.213 508.500,385.500 543.500,397.049 325.500,399.500 79.500,405.000 147.784,411.207 90.143,421.134 95.500,428.500 475.219,430.241 825.066,434.594 303.750,440.978 491.182,446.782 30.500,448.500 588.500,454.500 472.500,463.500 471.500,464.500 929.500,466.500 930.500,467.500 793.500,468.500 520.500,469.500 702.500,470.500 704.049,471.500 331.270,474.150 658.500,473.500 657.147,474.500 902.764,481.236 445.924,492.370 446.500,496.500 190.500,500.500 192.500,501.500 238.500,506.500 780.500,513.500 1010.500,522.500 742.419,529.223 185.882,542.120 56.849,551.248 671.500,553.500 569.500,555.500 671.500,555.500 358.500,561.500 714.500,561.500 715.500,562.500 737.500,562.500 739.500,563.500 331.500,572.000 52.523,576.008 52.500,584.000 54.500,584.500 524.235,585.199 27.500,589.500 9.500,599.500 95.074,600.820 524.500,613.500 53.500,618.500 1007.500,619.500 690.500,631.500 238.500,633.000 689.500,632.500 101.500,634.500 102.500,635.500 104.500,635.500 685.500,642.500 779.951,647.500 68.500,656.500 212.500,656.500 133.500,660.500 763.069,665.679 312.227,662.812 197.173,664.575 740.500,663.500 751.500,670.500 464.244,673.051 746.508,673.995 563.500,674.500 651.500,679.000 606.500,685.500 73.500,688.500 40.500,689.500 731.500,691.500 238.925,692.902 497.848,693.659 1011.500,702.500 882.500,703.500 883.500,704.500 728.500,705.500 53.500,706.500 52.500,707.500 130.500,721.500 131.500,722.500 632.830,732.849 852.833,738.487 902.500,752.500 903.500,753.500 982.500,753.500 981.500,755.500 157.257,761.869 455.500,762.500 456.500,763.500 925.500,777.500 647.000,779.500 926.112,779.500 111.578,782.519 520.649,792.118 680.500,797.500 213.382,802.689 291.187,813.746 750.500,814.500 752.500,815.500 107.269,829.193 732.500,828.500 176.247,831.579 740.500,851.500 950.242,868.933 950.500,875.500 572.500,880.500 573.928,881.500 506.480,902.793 748.500,906.500 70.941,910.495 656.976,946.500 601.909,954.700 770.633,962.685 832.328,964.159 749.500,963.500 778.287,982.596 486.500,980.500 584.500,983.500 869.992,986.800 675.500,986.500 922.587,987.924 71.500,990.500 1012.500,999.500 1013.951,1000.500 934.510,1001.749 1012.746,1002.164 933.500,1003.500 62.500,1010.072
AAF2 496.212,244.738 94.958,600.500 632.500,732.500 156.500,761.500 520.320,792.209 213.419,802.712 291.500,813.854 950.257,868.790 770.773,962.849 778.354,982.613 869.985,986.814 922.500,987.900
AAF3 96.500,87.500 456.500,190.500 119.500,357.500 700.500,524.500 554.500,543.500 236.500,610.500 520.500,792.500 213.441,802.757 950.209,868.758 778.272,982.765 869.500,986.964
AAF4 496.046,244.500 94.972,600.500 632.500,732.500 156.500,761.500 520.285,792.207 213.438,802.778 291.500,813.912 950.274,868.758 770.780,962.821 778.408,982.568 870.018,986.802 922.500,987.944
AAF5 423.500,3.500 667.500,3.500 781.500,4.500 966.500,4.500 901.500,5.500 427.500,6.500 282.500,10.500 168.500,13.500 606.500,13.500 228.500,14.500 250.500,14.500 785.500,14.500 263.500,17.500 613.500,22.500 803.500,25.500 1000.500,25.500 855.500,38.500 945.500,38.500 789.500,39.500 376.500,45.500 730.500,49.500 265.500,51.500 447.500,52.500 138.500,55.500 335.500,59.500 175.500,61.500 930.500,61.500 657.500,62.500 453.500,63.500 750.500,63.500 862.500,64.500 123.500,65.500 293.500,65.500 841.500,67.500 346.500,69.500 611.500,70.500 775.500,74.500 251.500,79.500 623.500,79.500 760.500,80.500 846.500,80.500 576.500,83.500 842.500,83.500 230.500,87.500 195.500,90.500 112.500,93.500 819.500,93.500 294.500,97.500 345.500,97.500 155.500,98.500 1006.500,98.500 334.500,99.500 521.500,102.500 627.500,103.500 668.500,104.500 472.500,105.500 132.500,106.500 935.500,107.500 979.500,107.500 374.500,108.500 67.500,111.500 263.500,111.500 142.500,112.500 573.500,120.500 744.500,122.500 127.500,123.500 140.500,123.500 448.500,123.500 749.500,129.500 615.500,133.500 779.500,134.500 1005.500,137.500 605.500,138.500 281.500,139.500 212.500,141.500 29.500,143.500 235.500,143.500 509.500,144.500 517.500,147.500 445.500,148.500 491.500,148.500 933.500,153.500 141.500,155.500 578.500,157.500 680.500,160.500 984.500,165.500 561.500,166.500 829.500,166.500 938.500,167.500 584.500,172.500 693.500,175.500 917.500,179.500 235.500,181.500 899.500,185.500 597.500,187.500 266.500,190.500 467.500,190.500 482.500,190.500 701.500,193.500 180.500,194.500 309.500,195.500 34.500,197.500 620.500,201.500 233.500,208.500 971.500,208.500 264.500,216.500 481.500,222.500 441.500,223.500 858.500,224.500 347.500,226.500 317.500,227.500 411.500,227.500 462.500,230.500 590.500,233.500 870.500,235.500 40.500,236.500 636.500,237.500 257.500,239.500 1022.500,242.500 298.500,243.500 650.500,243.500 230.500,244.500 97.500,250.500 613.500,254.500 618.500,254.500 80.500,255.500 245.500,255.500 265.500,256.500 141.500,257.500 227.500,257.500 191.500,270.500 707.500,270.500 9.500,271.500 965.500,272.500 502.500,274.500 302.500,276.500 895.500,276.500 270.500,279.500 246.500,280.500 754.500,282.500 791.500,283.500 591.500,287.500 996.983,288.500 506.500,290.500 436.500,292.500 663.500,292.500 617.500,293.500 684.500,295.500 500.500,296.500 698.500,296.500 630.500,297.500 693.500,297.500 480.500,298.500 758.500,300.500 126.500,302.500 358.500,302.500 227.500,304.500 549.500,305.500 920.500,305.500 275.500,306.500 79.500,308.500 920.500,309.500 758.500,310.500 100.500,313.500 539.500,314.500 398.500,315.500 248.500,316.500 260.500,318.500 545.500,319.500 236.500,320.500 429.500,322.500 502.500,322.500 335.500,324.500 915.500,324.500 76.500,328.500 49.500,329.500 906.500,329.500 60.500,332.500 442.500,337.500 193.500,339.500 590.500,342.500 342.500,343.500 789.500,343.500 1010.500,344.500 397.500,345.500 793.500,345.500 565.500,351.500 897.500,353.500 355.500,354.500 891.500,355.500 979.500,355.500 895.500,356.500 368.500,358.500 440.500,358.500 1003.500,359.500 689.500,361.500 121.500,364.500 789.500,370.500 311.500,374.500 349.500,379.500 6.500,380.500 10.500,380.500 201.500,380.500 676.500,380.500 561.500,381.500 95.500,387.500 767.500,388.500 384.500,389.500 176.500,391.500 343.500,392.500 74.500,396.500 736.500,399.500 98.500,404.500 494.500,404.500 594.500,412.500 264.500,415.500 751.500,416.500 498.500,419.500 594.500,420.500 699.500,422.500 50.500,424.500 393.500,428.500 891.500,429.500 349.500,430.500 693.500,435.500 252.500,437.500 765.500,440.500 153.500,441.500 883.500,444.500 884.500,445.500 854.500,448.500 718.500,455.500 228.500,457.500 595.500,458.500 731.500,463.500 526.500,465.500 914.500,466.500 41.500,468.500 812.500,468.500 278.500,472.500 653.500,473.500 400.500,475.500 507.500,478.500 707.500,479.500 572.500,480.500 491.500,483.500 161.500,486.500 625.500,486.500 515.500,491.500 404.500,492.500 994.500,493.500 891.500,494.500 350.500,495.500 176.500,496.500 168.500,499.500 719.500,499.500 852.500,499.500 158.500,501.500 487.500,502.500 555.500,507.500 804.500,518.500 993.500,518.500 832.500,520.500 178.500,521.500 93.500,522.500 952.500,523.500 358.500,524.500 83.500,525.500 302.500,530.500 371.500,532.500 399.500,538.500 99.500,541.500 958.500,542.500 40.500,543.500 889.500,545.500 950.500,545.500 567.500,546.500 410.500,547.500 587.500,548.500 159.500,549.500 931.500,549.500 443.500,550.500 631.500,551.500 577.500,558.500 312.500,560.500 827.500,560.500 742.500,561.500 994.500,561.500 240.500,562.500 453.500,562.500 52.500,564.500 697.500,564.500 543.500,565.500 476.500,568.500 613.500,569.500 350.500,570.500 624.500,570.500 756.500,570.500 143.500,572.500 152.500,572.500 396.500,573.500 113.500,574.500 485.500,577.500 304.500,579.500 376.500,579.500 516.500,579.500 48.500,581.500 257.500,583.500 347.500,584.500 706.500,587.500 541.500,588.500 87.500,589.500 786.500,592.500 484.500,595.500 335.500,599.500 94.500,600.500 58.500,605.500 654.500,608.500 58.500,609.500 586.500,609.500 569.500,610.500 947.500,611.500 296.500,612.500 991.500,613.500 379.500,615.500 258.500,617.500 93.500,618.500 554.500,618.500 586.500,620.500 51.500,621.500 718.500,622.500 1017.500,623.500 965.500,629.500 36.500,630.500 567.500,640.500 777.500,640.500 247.500,643.500 386.500,645.500 271.500,653.500 553.500,658.500 200.500,660.500 560.500,661.500 729.500,664.500 763.500,665.500 922.500,666.500 9.500,669.500 816.500,671.500 948.500,674.500 107.500,676.500 664.500,678.500 961.500,679.500 935.500,680.500 335.500,681.500 59.500,684.500 470.500,688.500 836.500,688.500 963.500,689.500 683.500,691.500 894.500,691.500 986.500,696.500 668.500,699.500 1008.500,700.500 225.500,703.500 979.500,703.500 387.500,705.500 475.500,707.500 952.500,707.500 937.500,708.500 261.500,711.500 205.500,713.500 739.500,714.500 968.500,714.500 2.500,717.500 938.500,717.500 371.500,719.500 604.500,728.500 91.500,729.500 684.500,730.500 864.500,731.500 44.500,734.500 208.500,738.500 440.500,738.500 148.500,741.500 160.500,741.500 823.500,741.500 193.500,742.500 127.500,746.500 222.500,746.500 83.500,747.500 451.500,748.500 604.500,750.500 686.500,751.500 729.500,751.500 756.500,751.500 951.500,753.500 655.500,754.500 782.500,755.500 371.500,758.500 453.500,762.500 749.500,764.500 883.500,764.500 441.500,765.500 855.500,767.500 871.500,773.500 541.500,777.500 467.500,782.500 990.500,782.500 146.500,790.500 631.500,793.500 415.500,796.500 915.500,797.500 83.500,798.500 214.948,804.305 749.500,798.500 203.500,799.500 247.500,801.500 164.500,808.500 741.500,808.500 800.500,808.500 816.500,811.500 552.500,818.500 662.500,820.500 245.500,821.500 152.500,825.500 614.500,827.500 887.500,827.500 421.500,828.500 318.500,829.500 412.500,829.500 430.500,829.500 492.500,836.500 481.500,839.500 951.500,842.500 482.500,843.500 544.500,847.500 190.500,848.500 465.500,850.500 881.500,850.500 319.500,855.500 610.500,855.500 112.500,858.500 386.500,863.500 249.500,865.500 130.500,867.500 86.500,868.500 949.500,868.500 93.500,869.500 951.145,870.500 76.500,871.500 694.500,874.500 954.500,874.500 676.500,875.500 1017.500,875.500 1014.500,879.500 18.500,882.500 439.500,885.500 240.500,886.500 589.500,886.500 466.500,890.500 28.500,892.500 822.500,892.500 234.500,893.500 170.500,894.500 1006.500,897.500 386.500,901.500 928.500,902.500 607.500,903.500 236.500,909.500 959.500,911.500 765.500,912.500 98.500,915.500 691.500,917.500 14.500,918.500 450.500,918.500 194.500,920.500 384.500,921.500 670.500,921.500 859.500,922.500 878.500,922.500 154.500,928.500 981.500,928.500 600.500,930.500 469.500,931.500 201.500,932.500 568.500,933.500 768.500,935.500 530.500,936.500 50.500,943.500 220.500,944.500 776.500,946.500 856.500,951.500 575.500,953.500 246.500,954.500 530.500,956.500 766.500,956.500 828.500,957.500 534.500,958.500 968.500,958.500 961.500,959.500 1016.500,960.500 304.500,967.500 431.500,967.500 939.500,968.500 147.500,971.500 509.500,971.500 266.500,972.500 760.500,972.500 774.500,977.500 775.500,978.500 123.500,979.500 777.167,979.738 217.500,982.500 292.500,983.500 402.500,987.500 825.500,988.500 682.500,989.500 601.500,990.500 138.500,991.500 190.500,991.500 815.500,992.500 675.500,993.500 985.500,993.500 258.500,995.500 539.500,995.500 477.500,997.500 416.500,998.500 285.500,1000.500 125.500,1001.500 456.500,1001.500 811.500,1003.500 322.500,1004.500 371.500,1004.500 702.500,1004.500 864.500,1008.500 935.500,1010.500 437.500,1012.500 973.500,1012.500 449.500,1014.500
AAF6 211.330,800.819 215.145,804.440
AAG0 449.365,9.276 634.380,9.993 335.569,12.998 189.616,15.169 202.086,19.917 209.000,18.971 214.800,21.581 197.637,24.793 203.954,25.948 762.927,29.766 216.867,34.824 617.976,37.145 208.800,41.814 732.999,41.726 968.210,45.600 152.295,45.843 671.456,50.990 367.524,53.081 205.696,55.094 321.775,55.791 229.724,56.713 952.221,57.247 216.565,63.643 365.004,65.063 518.332,65.627 903.808,65.546 478.165,66.315 264.867,82.626 729.122,90.774 267.770,98.097 838.589,110.781 172.572,113.443 216.343,126.157 239.816,133.056 43.897,142.625 818.709,141.991 416.522,165.274 166.965,169.760 70.995,187.893 232.581,196.882 627.385,197.628 558.462,199.538 233.291,202.564 368.384,213.909 913.426,221.362 397.520,222.989 1005.183,224.429 1011.147,227.236 772.446,229.932 798.122,234.704 16.444,246.078 200.030,253.704 300.481,260.376 376.015,278.661 549.651,279.509 763.627,279.923 67.944,284.673 620.628,296.697 445.584,302.295 1008.144,302.062 211.912,305.048 247.146,309.076 107.635,311.982 202.145,311.748 365.435,313.620 625.062,316.938 223.010,318.218 764.433,325.563 978.848,326.119 497.424,333.277 225.009,344.009 149.756,347.830 170.206,348.041 216.541,350.541 140.984,352.730 296.690,355.163 675.377,354.934 415.340,360.704 747.622,374.641 183.313,375.474 503.708,377.638 274.397,385.223 763.382,385.809 327.447,388.629 396.658,388.378 327.196,398.503 410.944,400.929 307.904,402.904 350.102,401.608 583.740,405.866 445.969,408.938 259.261,410.550 32.983,411.409 102.967,415.107 587.136,416.179 448.607,417.877 612.484,419.982 845.317,420.001 625.438,421.185 438.516,424.276 369.856,428.429 662.050,435.368 619.376,436.677 377.885,437.755 348.513,444.248 737.676,444.344 950.675,444.857 361.990,451.160 405.347,450.783 592.309,451.682 996.157,451.757 58.323,454.117 568.838,453.473 216.246,454.227 97.919,461.906 281.461,461.599 347.425,462.210 182.830,462.507 399.147,463.906 365.789,466.204 704.232,468.521 593.196,473.443 354.249,476.203 65.531,478.155 450.513,488.025 424.138,493.144 576.763,493.947 321.521,498.241 511.523,500.261 379.606,503.541 690.240,509.830 329.583,520.865 596.421,523.566 526.275,525.711 331.344,530.895 533.328,531.359 944.600,543.655 219.973,546.628 16.399,561.159 438.954,565.122 548.261,570.540 519.400,575.440 200.538,582.874 442.873,583.333 885.752,592.514 168.632,600.724 678.283,607.120 297.632,608.877 798.649,609.114 802.493,620.034 666.790,621.038 461.845,629.867 579.785,630.472 816.194,629.836 74.809,631.990 439.505,634.901 80.527,645.527 234.109,649.505 340.166,651.348 998.236,656.787 54.659,665.727 304.996,665.889 851.497,674.230 123.379,674.358 96.143,682.769 350.639,689.852 310.217,696.180 475.022,700.484 801.322,703.079 153.678,704.443 420.417,705.025 511.844,705.833 9.482,712.976 952.284,721.303 459.478,722.506 574.430,724.881 264.946,726.727 859.329,750.018 912.403,751.301 612.370,753.087 945.317,752.725 533.193,752.697 954.737,753.737 683.349,760.133 241.528,762.924 64.757,771.569 220.706,771.906 68.808,788.838 603.549,793.124 702.763,810.882 702.088,818.609 913.250,825.111 730.797,827.584 900.598,828.305 438.850,829.721 422.123,838.123 468.281,844.902 133.351,849.926 763.018,849.702 644.817,852.804 157.752,853.542 711.486,862.495 104.840,862.660 352.211,870.002 148.627,872.491 124.512,879.610 984.209,883.515 804.680,890.275 65.569,892.082 703.664,891.506 168.706,897.116 190.048,901.836 62.184,902.913 732.584,902.397 839.270,913.284 114.294,914.748 963.307,915.455 706.600,924.622 174.936,925.342 826.516,931.409 234.605,934.994 942.832,940.157 550.011,944.832 96.342,952.512 423.573,955.111 627.324,965.112 195.150,967.879 690.564,978.246 890.645,978.692 655.015,979.513 845.058,979.697 948.592,984.847 707.558,985.000 747.693,986.840 95.858,993.371 699.408,1001.503 645.328,1005.605 477.073,1011.881 995.099,1010.658 515.148,1013.448 564.058,1014.159 455.476,1016.793 616.257,1016.876 892.953,1018.252 799.971,1018.470
AAG1 634.500,8.500 189.524,15.248 202.322,19.664 209.049,18.500 214.878,21.368 208.500,20.500 200.500,21.500 213.500,23.500 203.905,26.047 197.500,25.500 762.993,29.770 216.782,34.951 617.848,37.071 208.895,41.753 732.693,41.794 968.028,45.516 152.105,46.176 671.525,50.792 206.014,55.097 366.844,53.500 671.500,52.500 230.043,56.972 952.500,57.500 216.500,62.500 217.500,63.500 365.000,65.500 478.500,65.500 477.500,66.500 517.500,66.500 265.500,83.052 728.500,89.500 729.500,91.500 838.052,110.500 839.500,111.500 172.500,112.500 217.500,125.500 239.500,132.500 43.415,142.304 44.500,144.500 416.500,163.500 417.500,164.500 416.500,165.500 167.500,169.482 232.359,197.055 627.405,197.537 557.500,198.500 233.500,203.500 367.500,213.500 912.736,221.952 914.500,221.000 1005.000,224.500 1011.225,227.516 798.174,234.500 15.500,244.500 16.061,246.781 200.902,253.709 300.500,260.098 376.500,277.500 549.651,279.567 375.500,278.500 763.500,278.500 376.500,279.500 762.500,279.500 67.608,284.370 620.500,295.500 445.500,302.500 1008.500,302.500 1007.500,303.500 212.245,304.790 247.138,309.176 202.378,311.665 107.500,311.500 365.500,312.500 222.786,318.478 224.500,317.500 625.500,317.500 978.810,326.068 497.187,333.228 149.666,347.704 169.952,347.773 217.500,349.500 140.933,352.790 215.500,351.500 296.500,354.500 675.780,354.799 297.500,355.500 415.500,359.500 414.500,361.500 415.500,362.500 747.457,374.620 183.757,376.160 273.500,384.948 762.882,384.500 764.500,385.500 396.506,388.698 763.500,386.500 327.502,388.666 764.500,387.500 327.577,398.373 349.669,401.681 410.500,401.500 308.143,402.900 259.416,410.403 446.767,408.767 33.500,410.500 32.500,411.500 587.740,416.453 103.500,416.500 585.500,416.500 448.500,417.500 611.500,418.500 612.782,420.177 845.038,420.212 438.500,425.000 619.322,436.561 662.813,435.772 377.692,437.528 348.039,444.039 738.000,444.500 950.500,445.000 362.199,451.532 405.343,450.350 592.500,450.500 995.500,451.500 568.787,453.213 996.500,452.500 57.500,454.500 215.500,454.500 97.723,462.204 281.500,461.500 347.728,462.088 182.500,463.500 398.500,463.500 366.019,466.041 367.500,467.500 704.500,467.500 362.098,468.500 703.500,468.500 363.500,469.500 362.500,470.500 354.500,475.500 65.500,477.500 66.500,478.500 450.728,488.132 424.000,492.976 576.968,494.256 321.560,498.256 510.500,500.500 379.878,503.436 690.500,508.500 596.000,523.500 329.930,530.865 333.917,530.781 219.500,546.500 15.500,560.500 17.500,560.500 439.098,565.077 549.500,570.500 519.411,575.225 200.182,582.687 442.787,583.213 201.500,584.500 885.000,591.500 887.500,593.500 168.500,600.500 665.500,619.500 802.500,619.500 668.500,620.500 667.500,621.500 462.300,629.116 815.500,628.500 814.500,629.500 75.100,631.744 816.902,630.500 579.500,631.500 72.500,633.500 439.964,635.289 233.969,649.969 339.500,649.500 340.284,651.581 998.282,656.859 304.500,664.500 55.500,666.500 304.500,667.500 851.712,673.703 96.500,682.581 350.842,689.523 802.500,701.500 801.213,703.213 153.644,704.646 420.740,704.721 512.019,706.008 459.772,722.237 951.500,722.500 457.500,723.500 574.575,724.941 264.862,726.094 533.756,752.551 612.426,752.870 912.941,751.704 945.229,752.845 531.500,753.500 683.500,760.500 241.791,763.209 684.500,761.500 64.000,771.500 222.500,771.500 220.928,772.500 67.500,788.500 69.500,788.500 702.500,810.000 703.500,811.500 702.015,818.497 913.386,825.062 422.511,837.979 421.500,839.500 467.500,845.052 469.500,844.948 468.500,846.500 133.116,849.700 762.801,850.236 133.500,851.500 645.500,852.948 104.723,863.058 106.500,861.500 711.517,862.753 713.500,861.500 351.976,870.024 148.500,872.500 123.763,880.198 984.500,883.500 65.562,891.850 703.500,891.500 168.500,896.500 189.500,901.500 62.257,902.775 732.882,902.500 113.787,914.213 963.297,915.349 706.500,924.500 707.500,925.500 942.765,940.124 549.500,943.500 549.500,945.500 96.500,952.052 423.275,954.850 627.472,964.857 196.500,968.000 194.500,968.500 845.500,980.500 948.500,983.500 748.500,987.500 95.933,992.796 699.500,1002.500 477.070,1011.983 993.500,1009.500 995.227,1010.796 563.500,1014.500 615.562,1016.745 617.500,1017.500 892.903,1018.377 616.500,1018.500 800.500,1018.500
AAG2 208.731,42.192 549.500,279.500 321.556,498.254 477.206,1011.964
AAG3 100.500,87.500 14.500,106.500 321.534,498.415 222.500,543.500 932.500,609.500 636.500,844.500 477.056,1011.996
AAG4 208.753,42.198 549.500,279.500 321.545,498.207 477.332,1011.877
AAG5 947.500,5.500 473.500,6.500 565.500,7.500 139.500,8.500 920.500,9.500 3.500,12.500 222.500,13.500 660.500,13.500 845.500,14.500 357.500,17.500 810.500,17.500 689.500,22.500 313.500,24.500 849.500,25.500 22.500,26.500 250.500,29.500 491.500,29.500 275.500,30.500 150.500,34.500 543.500,38.500 1010.500,41.500 136.500,43.500 107.500,44.500 417.500,44.500 438.500,49.500 776.500,49.500 129.500,52.500 804.500,54.500 112.500,55.500 735.500,60.500 464.500,61.500 290.500,63.500 406.500,64.500 863.500,64.500 513.500,65.500 799.500,66.500 944.500,68.500 694.500,70.500 392.500,72.500 391.500,74.500 22.500,77.500 241.500,79.500 378.500,80.500 274.500,81.500 870.500,86.500 241.500,88.500 835.500,89.500 754.500,92.500 439.500,93.500 244.500,95.500 936.500,96.500 987.500,96.500 797.500,97.500 545.500,98.500 165.500,102.500 684.500,104.500 344.500,106.500 436.500,106.500 565.500,107.500 609.500,107.500 961.500,107.500 74.500,110.500 737.500,110.500 933.500,110.500 818.500,111.500 823.500,122.500 836.500,122.500 120.500,123.500 464.500,123.500 47.500,124.500 147.500,124.500 367.500,125.500 301.500,127.500 287.500,128.500 479.500,129.500 369.500,133.500 1015.500,133.500 344.500,134.500 539.500,134.500 735.500,137.500 632.500,139.500 487.500,141.500 293.500,144.500 287.500,147.500 632.500,147.500 293.500,148.500 725.500,153.500 368.500,157.500 476.500,160.500 832.500,165.500 679.500,166.500 488.500,172.500 177.500,180.500 823.500,181.500 24.500,182.500 597.500,185.500 531.500,187.500 687.500,188.500 774.500,191.500 975.500,191.500 568.500,193.500 118.500,194.500 784.500,195.500 996.500,196.500 207.500,199.500 274.500,216.500 433.500,218.500 89.500,221.500 549.500,223.500 551.500,224.500 990.500,224.500 453.500,227.500 547.500,227.500 533.500,230.500 710.500,233.500 70.500,234.500 813.500,234.500 554.500,235.500 1006.500,235.500 417.500,236.500 391.500,239.500 879.500,241.500 22.500,244.500 266.500,252.500 745.500,252.500 382.500,255.500 557.500,256.500 431.500,257.500 772.500,257.500 717.500,261.500 295.500,262.500 35.500,268.500 473.500,270.500 989.500,270.500 691.500,271.500 871.500,274.500 522.500,276.500 89.500,277.500 466.500,280.500 926.500,282.500 217.500,284.500 1005.500,284.500 652.500,287.500 795.500,287.500 729.500,289.500 744.500,290.500 913.500,292.500 61.500,294.500 360.500,296.500 754.500,296.500 952.500,296.500 378.500,297.500 408.500,297.500 736.500,298.500 379.500,300.500 634.500,302.500 429.500,305.500 827.500,305.500 557.500,306.500 1004.500,310.500 304.500,316.500 333.500,316.500 461.500,316.500 464.500,318.500 747.500,319.500 767.500,321.500 59.500,325.500 26.500,330.500 204.500,332.500 718.500,332.500 419.500,334.500 303.500,338.500 343.500,338.500 347.500,339.500 472.500,343.500 919.500,343.500 112.500,345.500 509.500,345.500 905.500,345.500 659.500,348.500 229.500,351.500 621.500,351.500 145.500,353.500 931.500,353.500 387.500,354.500 933.500,355.500 1021.500,355.500 935.500,356.500 681.500,358.500 57.500,361.500 816.500,365.500 858.500,365.500 79.500,370.500 944.500,370.500 76.500,375.500 999.500,376.500 162.500,380.500 166.500,380.500 443.500,381.500 237.500,387.500 812.500,388.500 474.500,389.500 873.500,390.500 397.500,391.500 374.500,393.500 819.500,394.500 514.500,399.500 720.500,399.500 56.500,404.500 413.500,404.500 454.500,404.500 100.500,410.500 526.500,412.500 200.500,415.500 681.500,417.500 757.500,417.500 792.500,417.500 426.500,419.500 524.500,420.500 639.500,422.500 1008.500,423.500 576.500,427.500 351.500,428.500 865.500,429.500 325.500,430.500 394.500,431.500 695.500,435.500 737.500,437.500 147.500,441.500 839.500,442.500 863.500,444.500 808.500,448.500 1012.500,448.500 790.500,450.500 88.500,451.500 286.500,458.500 421.500,462.500 523.500,463.500 282.500,465.500 658.500,466.500 801.500,467.500 558.500,468.500 403.500,473.500 170.500,475.500 297.500,478.500 362.500,478.500 501.500,479.500 372.500,480.500 21.500,482.500 315.500,483.500 1010.500,483.500 247.500,484.500 443.500,484.500 483.500,486.500 357.500,487.500 698.500,490.500 254.500,492.500 322.068,498.764 824.500,493.500 184.500,495.500 196.500,498.500 970.500,498.500 624.500,499.500 944.500,500.500 91.500,502.500 249.500,502.500 887.500,503.500 297.500,507.500 508.500,518.500 536.500,520.500 825.500,521.500 332.500,522.500 656.500,523.500 64.500,524.500 811.500,524.500 61.500,532.500 100.500,536.500 115.500,539.500 805.500,540.500 412.500,541.500 981.500,541.500 103.500,542.500 668.500,542.500 774.500,542.500 822.500,544.500 349.500,548.500 719.500,549.500 223.500,550.500 777.500,556.500 373.500,558.500 904.500,559.500 149.500,560.500 631.500,560.500 772.500,561.500 40.500,562.500 878.500,563.500 216.500,568.500 82.500,570.500 356.500,570.500 452.500,570.500 896.500,570.500 899.500,571.500 908.500,571.500 116.500,573.500 573.500,573.500 445.500,574.500 213.500,577.500 44.500,579.500 116.500,579.500 714.500,579.500 122.500,585.500 418.500,587.500 831.500,588.500 359.500,590.500 37.500,598.500 351.500,598.500 141.500,599.500 977.500,600.500 147.500,603.500 960.500,604.500 416.500,606.500 397.500,607.500 990.500,608.500 223.500,610.500 499.500,610.500 881.500,611.500 947.500,613.500 832.500,614.500 204.500,617.500 512.500,618.500 552.500,620.500 25.500,621.500 682.500,622.500 999.500,623.500 789.500,628.500 951.500,629.500 22.500,630.500 114.500,631.500 976.500,639.500 527.500,640.500 668.500,640.500 891.500,643.500 916.500,643.500 352.500,645.500 415.500,647.500 249.500,653.500 1003.500,653.500 771.500,654.500 412.500,657.500 621.500,657.500 555.500,658.500 677.500,659.500 212.500,660.500 1003.500,663.500 1002.500,666.500 878.500,667.500 137.500,669.500 1001.500,671.500 124.500,675.500 850.500,678.500 24.500,679.500 135.500,680.500 406.500,681.500 63.500,682.500 416.500,682.500 438.500,684.500 113.500,685.500 5.500,689.500 428.500,691.500 108.500,697.500 526.500,702.500 339.500,703.500 594.500,703.500 79.500,704.500 268.500,704.500 587.500,707.500 369.500,711.500 477.500,711.500 873.500,714.500 573.500,724.500 405.500,726.500 604.500,726.500 811.500,728.500 706.500,730.500 892.500,731.500 132.500,734.500 417.500,740.500 644.500,740.500 707.500,740.500 376.500,741.500 388.500,741.500 27.500,742.500 427.500,742.500 942.500,742.500 487.500,744.500 385.500,746.500 480.500,746.500 593.500,749.500 609.500,749.500 188.500,750.500 353.500,751.500 934.500,751.500 448.500,754.500 782.500,756.500 919.500,757.500 42.500,758.500 587.500,762.500 891.500,764.500 1.500,765.500 597.500,765.500 705.500,766.500 602.500,769.500 981.500,773.500 500.500,775.500 236.500,776.500 407.500,776.500 668.500,776.500 328.500,777.500 755.500,777.500 347.500,778.500 626.500,778.500 607.500,782.500 92.500,783.500 569.500,786.500 284.500,787.500 996.500,789.500 338.500,790.500 677.500,796.500 177.500,798.500 369.500,798.500 11.500,799.500 489.500,799.500 629.500,799.500 707.500,799.500 511.500,802.500 893.500,807.500 115.500,809.500 174.500,809.500 470.500,810.500 212.500,812.500 759.500,815.500 180.500,821.500 786.500,821.500 142.500,824.500 377.500,828.500 441.500,829.500 91.500,830.500 339.500,830.500 342.500,830.500 783.500,832.500 84.500,834.500 1000.500,836.500 465.500,838.500 403.500,840.500 231.500,841.500 401.500,843.500 954.500,843.500 1016.500,847.500 635.500,855.500 801.500,855.500 595.500,858.500 702.500,858.500 10.500,859.500 324.500,863.500 755.500,865.500 313.500,866.500 624.500,868.500 647.500,869.500 264.500,875.500 596.500,875.500 630.500,880.500 1022.500,881.500 189.500,882.500 662.500,882.500 77.500,886.500 166.500,892.500 680.500,892.500 808.500,894.500 371.500,896.500 169.500,899.500 20.500,902.500 564.500,903.500 134.500,904.500 303.500,904.500 161.500,905.500 937.500,906.500 922.500,909.500 784.500,915.500 110.500,919.500 44.500,922.500 86.500,923.500 527.500,923.500 546.500,923.500 452.500,925.500 812.500,928.500 99.500,932.500 855.500,932.500 196.500,934.500 220.500,936.500 224.500,936.500 504.500,938.500 664.500,943.500 652.500,945.500 374.500,951.500 402.500,952.500 854.500,952.500 116.500,955.500 60.500,957.500 522.500,959.500 535.500,960.500 656.500,966.500 966.500,967.500 69.500,968.500 993.500,971.500 948.500,972.500 970.500,976.500 48.500,982.500 1009.500,982.500 90.500,984.500 327.500,988.500 190.500,992.500 242.500,992.500 82.500,993.500 242.500,994.500 763.500,994.500 366.500,996.500 647.500,996.500 591.500,998.500 536.500,999.500 711.500,1000.500 877.500,1000.500 265.500,1002.500 596.500,1002.500 8.500,1004.500 448.500,1005.500 822.500,1005.500 961.500,1006.500 474.563,1007.768 475.500,1009.500 968.500,1009.500 476.500,1011.500 1021.500,1011.500 478.500,1013.500 25.500,1014.500 447.500,1014.500 479.500,1015.115 288.500,1015.500 387.500,1015.500
AAG6 318.831,495.854 321.197,498.258 324.008,500.516
AAH0 974.564,3.529 365.547,6.766 768.441,6.814 353.985,10.996 663.970,9.695 484.148,21.449 219.050,24.057 590.397,36.322 587.531,51.000 757.950,54.295 360.706,59.787 374.346,62.743 502.523,62.949 998.205,62.469 511.287,64.683 40.712,74.677 725.604,74.504 874.208,75.050 884.392,93.613 976.092,97.360 678.210,104.674 1019.707,110.257 507.932,111.780 603.232,117.967 633.623,121.435 870.301,143.099 32.645,145.175 91.650,147.350 861.511,161.216 508.380,160.984 313.677,162.299 503.653,169.201 698.688,173.276 233.497,177.774 807.234,178.815 78.277,193.056 805.039,194.402 664.392,194.395 671.955,195.144 47.674,199.154 407.728,201.361 707.012,199.647 889.895,199.601 439.773,203.237 793.256,204.869 705.059,206.972 41.064,209.098 546.211,210.959 135.547,212.978 91.875,215.193 246.462,228.018 590.019,230.274 773.375,229.339 956.972,229.482 355.400,230.384 609.034,237.670 733.111,238.486 805.492,238.924 919.037,238.893 201.833,242.766 307.207,250.412 558.776,257.843 556.300,277.863 396.432,282.168 208.118,288.329 322.791,289.513 408.134,290.337 830.997,289.388 491.418,292.653 252.132,293.293 487.495,296.505 98.591,297.850 248.508,298.806 859.798,299.166 561.455,308.654 867.671,307.492 631.602,313.154 498.619,322.273 453.514,326.122 674.977,330.846 860.307,333.261 679.626,343.385 434.655,355.108 580.184,355.953 941.134,356.388 852.028,357.654 401.186,360.067 956.868,362.797 932.468,364.362 929.715,368.743 948.040,369.840 926.673,373.286 935.680,375.174 873.698,376.953 906.728,380.451 273.348,393.133 781.506,392.399 626.215,395.354 538.151,405.120 746.674,413.010 127.897,413.386 867.900,417.432 1016.161,415.554 550.232,417.188 700.426,425.247 490.916,426.980 369.287,446.551 839.488,447.151 744.310,450.733 769.002,451.005 702.535,457.398 887.012,461.119 620.470,463.028 773.552,467.190 421.641,483.648 819.835,486.248 144.349,486.167 100.439,491.164 1019.711,500.278 998.778,501.798 591.585,505.756 861.864,507.631 696.519,513.300 886.137,512.377 217.397,516.760 845.068,519.207 901.548,522.441 900.944,542.813 921.845,549.635 704.517,553.207 1000.004,555.986 702.295,559.097 863.248,563.269 769.073,565.912 34.429,574.329 570.022,577.443 963.483,583.453 136.582,588.975 918.668,593.319 356.523,595.570 1001.951,600.153 899.535,600.181 593.170,603.771 342.520,604.526 492.492,608.123 454.952,611.056 409.491,614.948 614.598,620.483 980.709,624.405 40.833,628.858 476.887,629.894 288.591,633.505 628.986,646.467 687.677,646.648 885.579,652.688 491.591,656.950 848.189,669.453 333.732,672.013 225.329,674.039 374.607,673.467 693.395,675.196 883.491,676.041 130.195,676.877 697.213,678.057 581.989,680.802 860.427,681.378 474.098,687.919 1008.469,689.626 475.742,694.090 615.161,697.141 419.186,699.261 431.844,701.309 947.333,703.474 736.414,710.530 324.917,722.593 503.039,722.986 264.099,726.875 919.522,726.558 694.952,729.021 1001.227,733.579 162.287,738.267 317.354,741.463 289.363,748.660 716.445,754.885 551.859,755.644 945.273,756.480 287.156,760.360 139.445,764.989 671.125,768.647 238.037,774.442 617.892,787.871 838.617,791.128 147.036,792.516 678.377,795.153 62.412,799.858 940.409,804.965 284.573,803.910 829.585,803.486 185.312,805.124 959.992,809.513 788.709,814.240 807.852,812.679 72.321,813.982 802.139,814.611 572.129,815.594 766.649,822.292 488.353,824.278 808.829,824.457 831.000,825.836 416.985,830.772 507.971,839.654 422.742,848.272 900.422,847.707 508.727,851.352 265.626,854.683 374.172,854.709 125.456,858.975 454.817,858.965 946.554,862.305 328.465,870.470 852.149,868.497 225.210,874.799 843.653,875.520 534.586,878.009 985.220,891.000 675.012,902.429 266.422,903.466 770.187,919.884 585.087,923.896 434.143,924.881 554.789,925.767 229.847,928.829 78.678,928.960 790.650,931.034 255.280,936.368 250.201,941.661 709.481,947.431 751.500,949.825 4.500,954.980 830.721,958.038 998.184,968.183 184.658,975.177 678.797,983.922 166.106,985.985 987.746,996.006 635.045,1002.703 929.587,1003.252 712.472,1011.426 4.396,1016.353 282.251,1016.419
AAH1 528.500,1.500 530.226,2.716 365.472,6.802 768.500,6.500 354.077,11.281 663.500,9.500 484.054,21.542 219.500,22.500 218.879,24.293 220.500,23.500 588.000,50.500 758.000,54.024 360.699,59.307 375.000,62.500 502.362,63.113 997.948,62.500 375.500,64.500 511.500,64.500 510.500,65.500 874.766,74.866 40.500,74.500 725.500,74.500 884.767,94.233 976.500,96.500 678.438,104.947 1019.651,110.219 507.500,111.052 603.500,117.500 602.500,118.500 604.500,118.500 633.500,121.500 870.213,143.213 91.500,146.500 861.456,161.226 508.846,160.500 313.000,162.500 503.734,169.180 698.446,173.267 233.500,177.951 78.500,192.500 79.500,193.500 672.039,194.560 77.500,194.500 664.500,195.000 805.500,194.500 671.500,196.500 889.787,199.213 47.500,199.500 407.500,199.500 1022.223,200.223 407.229,201.956 440.500,202.948 439.500,204.500 793.500,204.500 794.500,205.500 41.500,209.500 545.500,209.500 547.019,211.470 92.098,215.220 246.777,228.223 590.044,230.522 354.500,231.500 608.500,237.000 805.504,238.878 733.643,238.577 918.500,237.500 610.500,238.500 919.500,239.500 201.570,242.500 203.500,243.500 202.500,244.500 558.174,257.750 396.500,282.500 209.500,286.500 208.098,288.279 830.500,287.500 408.500,288.500 408.052,290.500 491.499,292.956 487.299,296.627 248.224,298.913 860.500,298.500 858.500,299.500 867.500,306.500 560.500,307.500 562.500,307.500 561.500,308.846 498.814,322.212 453.481,325.519 675.500,329.500 674.500,330.500 673.500,331.500 859.500,332.902 679.500,342.500 679.500,344.500 434.787,355.213 579.797,355.203 941.500,357.049 851.500,357.500 401.097,359.963 852.500,358.500 933.500,362.500 932.570,364.704 930.500,364.500 929.500,368.500 947.500,368.500 930.500,369.500 947.500,370.500 935.500,374.500 873.500,376.500 935.500,376.500 782.500,391.500 273.500,392.500 626.210,394.500 538.224,404.947 127.500,414.500 549.500,415.500 867.968,417.438 1014.500,416.500 700.657,425.645 368.500,446.500 744.500,450.500 769.335,451.142 743.500,451.500 885.500,460.500 620.322,463.235 887.500,461.500 773.568,467.100 421.790,483.446 819.871,486.277 144.500,486.500 862.500,507.500 886.813,512.228 695.813,513.228 216.500,515.500 217.500,516.955 845.073,519.301 901.519,522.438 900.979,542.792 921.500,550.500 705.500,553.500 999.500,555.500 702.341,559.214 1000.500,556.500 863.213,563.213 770.500,565.500 34.280,574.161 36.500,575.500 569.500,577.500 570.500,578.500 1001.784,600.072 593.394,603.749 492.437,607.831 455.500,610.500 410.500,615.072 409.500,616.500 615.500,620.000 980.500,623.500 981.500,624.500 980.500,625.500 40.500,628.500 39.500,629.500 41.500,629.500 478.500,629.500 287.500,633.500 628.818,646.388 687.568,646.729 630.500,646.500 491.521,656.997 333.813,671.228 225.500,673.500 375.000,673.500 129.500,675.500 884.500,676.500 696.813,678.228 582.057,680.692 859.500,680.500 860.500,681.500 474.187,686.772 473.500,688.500 475.776,693.651 614.840,696.757 419.320,699.577 433.500,700.500 736.519,710.596 324.500,722.500 325.500,723.500 263.500,726.500 918.500,726.500 265.052,727.500 694.896,728.842 1000.500,733.500 1001.500,734.500 162.500,738.500 317.196,741.492 289.339,748.740 550.500,755.500 552.500,755.500 946.500,756.500 286.500,760.500 287.500,761.500 139.317,765.001 670.500,768.500 617.500,787.500 147.500,791.948 839.500,791.500 63.000,799.500 940.325,806.157 829.500,803.000 283.500,803.500 284.500,804.500 788.790,813.383 808.342,813.035 805.500,812.500 72.500,814.500 802.500,814.500 570.500,815.500 487.500,823.500 808.500,824.500 831.040,825.940 418.213,829.787 417.500,831.882 508.500,837.500 508.198,839.763 422.776,848.411 900.500,847.500 899.500,848.500 900.500,849.500 509.500,850.500 264.500,852.500 374.500,853.500 265.500,854.500 374.500,855.500 454.500,858.500 946.500,862.500 851.773,867.549 328.605,870.479 853.500,869.500 224.500,874.948 843.948,874.500 842.500,875.500 535.500,876.500 534.500,877.500 843.500,877.500 986.500,890.500 266.500,902.500 674.500,902.500 265.500,903.500 266.500,904.500 769.500,919.500 585.500,924.065 554.500,925.500 230.040,928.945 78.500,929.052 790.256,930.839 791.500,932.500 255.500,935.500 250.500,940.500 250.500,942.500 751.518,949.972 830.500,958.000 185.500,975.500 678.500,984.500 166.500,985.500 165.500,986.500 988.500,995.500 986.948,996.500 634.709,1002.894 928.500,1002.500 929.840,1003.757 713.500,1011.500 4.500,1015.500 282.500,1015.902 3.500,1016.500 4.500,1017.500
AAH2 1019.500,110.157 861.538,161.142 773.500,467.500 819.907,486.273 901.513,522.522 900.936,542.933 702.298,559.259 491.500,656.500 317.500,741.500 940.500,806.500 329.500,870.500
AAH3 292.500,87.500 862.002,160.961 514.500,190.500 834.500,195.500 1009.500,356.500 820.500,486.500 901.523,522.548 900.500,542.500 702.247,558.926 902.500,657.500 329.500,870.500 926.500,876.500
AAH4 1019.500,110.092 861.524,161.160 773.500,467.500 819.857,486.249 901.505,522.507 900.964,542.962 702.289,559.260 491.500,656.500 940.500,806.500 329.500,870.500
AAH5 675.500,3.500 885.500,5.500 485.500,7.500 73.500,8.500 236.500,10.500 943.500,11.500 126.500,13.500 680.500,13.500 66.500,14.500 253.500,17.500 702.500,17.500 504.500,23.500 9.500,26.500 225.500,27.500 288.500,29.500 529.500,29.500 711.500,38.500 522.500,39.500 377.500,44.500 442.500,45.500 810.500,46.500 408.500,47.500 788.500,49.500 327.500,51.500 511.500,52.500 208.500,55.500 540.500,55.500 199.500,61.500 661.500,62.500 465.500,63.500 894.500,64.500 327.500,65.500 999.500,65.500 237.500,67.500 763.500,67.500 881.500,67.500 724.500,68.500 388.500,69.500 870.500,72.500 703.500,79.500 928.500,80.500 678.500,83.500 334.500,87.500 199.500,88.500 301.500,90.500 309.500,91.500 234.500,93.500 889.500,93.500 941.500,93.500 748.500,95.500 257.500,98.500 1.500,99.500 637.500,102.500 118.500,105.500 540.500,105.500 180.500,106.500 786.500,106.500 878.500,106.500 422.500,108.500 460.500,110.500 160.500,112.500 701.500,114.500 109.500,123.500 122.500,123.500 430.500,123.500 683.500,125.500 603.500,127.500 777.500,129.500 19.500,138.500 47.500,138.500 629.500,138.500 741.500,138.500 303.500,139.500 918.500,139.500 252.500,141.500 247.500,146.500 336.500,146.500 587.500,147.500 589.500,148.500 855.500,154.500 233.500,155.500 857.500,156.500 630.500,157.500 461.500,158.500 837.500,158.500 859.500,159.500 664.500,160.500 868.500,163.500 80.500,166.500 531.500,166.500 896.500,167.500 127.500,171.500 608.500,172.500 704.500,174.500 561.500,178.500 633.500,178.500 949.500,179.500 261.500,181.500 927.500,181.500 128.500,182.500 653.500,183.500 705.500,185.500 643.500,187.500 316.500,190.500 517.500,190.500 532.500,190.500 880.500,191.500 57.500,192.500 682.500,193.500 234.500,194.500 587.500,196.500 94.500,197.500 1012.500,198.500 329.500,199.500 630.500,200.500 337.500,208.500 367.500,216.500 453.500,218.500 830.500,221.500 111.500,222.500 593.500,222.500 994.500,224.500 529.500,230.500 528.500,235.500 970.500,235.500 140.500,236.500 600.500,237.500 730.500,237.500 321.500,239.500 612.500,239.500 803.500,241.500 88.500,243.500 386.500,243.500 944.500,243.500 705.500,246.500 737.500,246.500 100.500,253.500 815.500,254.500 820.500,254.500 290.500,255.500 777.500,256.500 859.500,256.500 433.500,257.500 686.500,257.500 635.500,261.500 213.500,262.500 975.500,264.500 282.500,265.500 884.500,265.500 1017.500,267.500 431.500,270.500 947.500,270.500 847.500,274.500 461.500,276.500 89.500,277.500 964.500,282.500 1001.500,283.500 364.500,287.500 186.983,289.500 248.500,289.500 734.500,290.500 662.500,292.500 815.500,293.500 312.500,296.500 698.500,296.500 680.500,298.500 301.500,300.500 938.500,300.500 526.500,302.500 413.500,304.500 343.500,305.500 741.500,305.500 265.500,308.500 551.500,309.500 78.500,310.500 725.500,314.500 266.500,316.500 295.500,316.500 425.500,316.500 508.500,322.500 413.500,324.500 989.500,324.500 454.500,327.500 122.500,328.500 923.500,329.500 67.500,332.500 24.500,333.500 454.500,337.500 109.500,342.500 556.500,342.500 775.500,345.500 567.500,348.500 745.500,349.500 155.500,351.500 889.500,353.500 347.500,354.500 885.500,355.500 887.500,356.500 360.500,358.500 426.500,358.500 963.500,360.500 667.500,361.500 85.500,364.500 933.500,369.500 778.500,370.500 596.500,373.500 445.500,374.500 926.500,374.500 293.500,379.500 243.500,381.500 95.500,383.500 1003.500,386.500 702.500,388.500 814.500,389.500 140.500,391.500 311.500,392.500 24.500,396.500 546.500,399.500 681.500,399.500 32.500,404.500 894.500,404.500 413.500,406.500 568.500,412.500 725.500,417.000 799.500,417.500 834.500,417.500 454.500,419.500 562.500,420.500 952.500,420.500 614.500,422.500 194.500,423.500 10.500,424.500 973.500,425.500 606.500,427.500 379.500,428.500 591.500,434.500 829.500,437.500 263.500,441.500 973.500,442.500 1014.500,448.500 335.500,450.500 8.500,451.500 334.500,451.500 83.500,452.500 961.500,454.500 402.500,457.500 620.500,458.500 779.500,462.500 628.500,465.500 102.500,466.500 249.500,466.500 383.500,466.500 1004.500,466.500 109.500,468.500 472.500,475.500 613.500,478.500 287.500,482.500 553.500,483.500 471.500,484.500 667.500,484.500 165.500,486.500 481.500,487.500 479.500,491.500 417.500,493.500 962.500,493.500 374.500,498.500 154.500,499.500 705.500,499.500 838.500,499.500 142.500,501.500 695.500,510.500 897.500,517.500 724.500,518.500 159.500,519.500 900.500,520.500 42.500,521.500 776.500,523.500 902.500,523.500 1018.500,523.500 377.500,524.500 919.500,524.500 903.500,525.500 906.500,527.500 100.500,530.500 212.500,536.500 207.500,539.500 1015.500,541.500 139.500,542.500 528.500,542.500 607.500,545.500 668.500,545.500 96.500,547.500 136.500,548.500 633.500,549.500 133.500,550.500 321.500,551.500 698.500,555.500 659.500,556.500 237.500,558.500 703.125,559.500 754.500,559.500 992.500,559.500 1021.500,559.500 592.500,561.500 703.981,561.500 55.500,562.500 684.500,563.500 239.500,564.500 81.500,565.500 627.500,565.500 14.500,568.500 151.500,569.500 926.500,569.500 280.500,570.500 720.500,570.500 9.500,571.500 719.500,571.500 728.500,571.500 395.500,573.500 263.500,574.500 892.500,578.500 905.500,583.500 232.500,587.500 67.500,588.500 635.500,588.500 326.500,592.500 10.500,595.500 113.500,598.500 719.500,600.500 893.500,602.500 654.500,604.500 206.500,608.500 622.500,608.500 863.500,609.500 117.500,610.500 531.500,613.500 410.500,614.500 953.500,614.500 455.500,615.500 427.500,619.500 164.500,620.500 661.500,620.500 408.500,625.500 713.500,626.500 415.500,628.500 528.500,628.500 581.500,629.500 676.500,629.500 776.500,630.500 564.500,632.500 396.500,634.500 439.500,640.500 935.500,642.500 587.500,643.500 612.500,643.500 42.500,645.500 884.500,651.500 919.500,652.500 637.500,653.500 767.500,655.500 981.500,656.500 674.500,657.500 155.500,658.500 273.500,659.500 698.500,659.500 737.500,665.500 570.500,666.500 575.500,671.500 135.500,673.500 730.500,674.500 436.500,678.500 628.500,678.500 252.500,679.500 751.500,679.500 32.500,684.500 653.500,688.500 208.500,689.500 1010.500,696.500 500.500,699.500 310.500,703.500 998.500,703.500 313.500,707.500 784.500,707.500 95.500,711.500 203.500,711.500 561.500,714.500 722.500,717.500 57.500,718.500 157.500,719.500 159.500,726.500 372.500,726.500 696.500,727.500 356.500,728.500 1018.500,728.500 486.500,730.500 674.500,731.500 334.500,740.500 397.500,740.500 68.500,741.500 80.500,741.500 715.500,741.500 91.500,742.500 598.500,742.500 709.500,742.500 133.500,744.500 108.500,746.500 943.500,746.500 275.500,748.500 733.500,753.500 76.500,754.500 580.500,755.500 456.500,756.500 691.500,764.500 291.500,765.500 411.500,766.500 709.500,767.500 303.500,773.500 711.500,773.500 393.500,777.500 374.500,778.500 371.500,782.500 778.500,789.500 457.500,796.500 137.500,798.500 813.500,798.500 257.500,799.500 397.500,799.500 475.500,799.500 233.500,802.500 663.500,806.500 479.500,807.500 709.500,808.500 768.500,808.500 20.500,810.500 740.500,811.500 610.500,820.500 191.500,821.500 692.500,826.500 847.500,827.500 385.500,828.500 567.500,829.500 813.500,829.500 816.500,829.500 552.500,830.500 1019.500,832.500 539.500,835.500 466.500,836.500 951.500,837.500 897.500,839.500 723.500,840.500 424.500,843.500 655.500,845.500 474.500,847.500 377.500,850.500 795.500,850.500 233.500,855.500 518.500,855.500 24.500,858.500 778.500,862.500 175.500,863.500 304.500,863.500 741.500,864.500 767.500,865.500 56.500,866.500 77.500,868.500 688.500,874.500 676.500,875.500 587.500,881.500 832.500,885.500 252.500,886.500 601.500,886.500 638.500,888.500 36.500,892.500 830.500,892.500 981.500,892.500 182.500,894.500 769.500,895.500 559.500,898.500 974.500,898.500 695.500,899.500 801.500,899.500 986.500,902.500 667.500,903.500 60.500,904.500 587.500,904.500 341.500,906.500 597.500,906.500 59.500,912.500 891.500,912.500 212.500,915.500 882.500,915.500 584.500,921.500 870.500,921.500 258.500,928.500 55.500,929.500 674.500,930.500 529.500,931.500 680.500,931.500 632.500,933.500 834.500,934.500 846.500,935.500 606.500,936.500 38.500,943.500 840.500,946.500 613.500,953.500 286.500,954.500 109.500,956.500 876.500,957.500 6.500,959.500 817.500,962.500 837.500,967.500 351.500,971.500 713.500,971.500 510.500,976.500 668.500,983.500 827.500,985.500 896.500,987.500 226.500,990.500 175.500,991.500 826.500,993.500 321.500,994.500 93.500,997.500 819.500,1001.500 126.500,1002.500 990.500,1004.500 505.500,1006.500 609.500,1013.500 890.500,1014.500 989.500,1014.500 79.500,1015.500 631.500,1017.500
AAH6
AAI0 1020.687,5.389 597.143,12.857 822.991,22.848 911.800,23.516 943.305,37.526 478.289,37.983 155.614,42.949 857.649,48.083 370.974,56.151 219.278,61.518 495.842,64.023 183.521,66.442 265.843,68.184 271.596,68.668 808.552,67.453 65.195,77.545 537.281,87.318 665.411,91.200 254.160,94.759 344.482,97.949 386.405,103.585 589.612,103.547 327.670,109.642 804.247,111.540 624.765,114.637 1018.606,116.291 393.692,123.466 848.613,127.077 1014.972,133.005 308.341,134.814 462.632,136.710 958.141,141.096 467.099,143.178 75.168,145.589 500.569,148.930 938.598,158.284 169.081,160.964 486.656,173.008 480.204,176.284 219.401,182.737 285.906,181.728 353.131,192.045 218.753,200.480 908.067,204.846 682.419,215.182 475.696,218.678 566.547,234.256 970.874,234.191 675.710,234.903 369.290,237.020 539.032,241.140 793.314,241.726 508.594,242.669 554.003,242.984 288.201,243.900 363.175,249.040 631.712,256.868 613.473,262.581 1000.976,270.493 522.329,272.819 233.616,285.812 31.451,288.362 3.107,291.458 181.276,293.430 766.445,296.783 1001.472,299.534 728.891,303.848 604.014,308.546 316.919,320.174 965.515,319.871 111.543,326.398 502.504,325.155 969.742,327.130 872.194,330.425 864.025,334.236 866.724,338.358 746.144,343.187 294.602,343.532 915.863,344.481 357.339,346.352 906.317,352.377 513.892,352.591 792.697,354.803 594.461,355.472 395.601,357.752 108.222,362.204 513.029,363.892 327.894,369.978 489.833,375.517 249.045,377.154 624.654,376.356 771.852,383.343 466.968,385.923 344.387,388.252 783.270,388.309 111.048,389.943 824.127,400.622 335.547,402.498 685.672,403.518 902.295,405.124 41.569,407.248 219.004,412.829 224.999,410.350 467.224,414.457 871.326,415.679 747.484,416.523 101.754,418.615 681.723,435.895 434.267,437.267 394.260,436.678 485.968,440.339 53.284,443.537 513.328,448.089 352.686,448.916 748.914,448.834 525.014,448.685 503.839,449.597 704.954,453.212 508.259,457.345 143.456,462.049 519.809,462.506 530.409,464.108 260.043,466.136 415.224,480.055 665.669,482.141 843.577,485.832 125.986,485.962 345.523,489.284 126.661,490.679 908.540,491.415 365.138,493.409 980.420,501.677 709.410,507.214 1015.450,508.834 377.805,513.557 999.750,514.685 590.235,523.603 86.787,524.191 630.990,528.406 380.676,531.328 723.827,530.423 325.668,531.627 39.665,534.335 861.391,536.886 130.086,541.486 530.497,540.210 365.556,544.599 860.261,545.126 964.500,556.580 24.938,557.832 82.701,557.653 374.426,563.783 909.700,567.292 864.216,573.410 903.824,574.230 323.276,582.269 458.507,585.384 340.904,590.901 814.297,590.719 238.156,592.942 699.891,594.224 473.145,598.552 515.684,599.416 728.633,601.672 275.679,607.764 237.749,609.665 377.482,615.209 420.729,622.046 683.397,621.302 257.315,622.252 973.994,625.248 68.137,639.964 89.861,650.024 390.531,652.757 359.480,654.471 99.020,659.587 104.553,662.452 142.071,669.073 126.615,671.280 96.514,671.156 862.514,677.976 1007.994,678.991 244.942,681.170 280.434,684.606 111.038,687.558 568.317,690.629 418.115,699.883 457.609,699.481 449.841,705.189 330.900,716.990 240.630,718.988 870.908,721.123 689.403,723.547 83.123,730.312 3.975,731.882 94.399,731.486 440.689,733.910 294.531,741.504 603.082,745.747 202.158,748.521 143.437,750.295 361.749,751.392 515.118,756.401 680.625,760.850 212.182,764.802 756.491,765.157 829.156,771.500 12.639,778.203 164.571,791.544 730.706,795.458 482.023,796.644 723.722,802.698 405.483,806.144 689.486,809.978 355.254,812.862 343.391,815.280 571.551,822.515 616.551,824.896 297.616,833.714 170.188,836.988 694.544,849.476 805.739,855.511 643.003,870.016 49.376,876.308 418.956,880.489 584.985,881.455 800.818,887.154 26.858,889.590 211.698,893.488 123.008,897.913 293.029,906.183 95.432,909.914 896.725,910.841 329.820,916.474 852.871,923.371 204.125,933.934 599.412,954.659 898.558,957.802 725.671,981.141 435.041,982.029 937.127,997.335 461.174,1008.450 209.802,1010.450 751.313,1012.289 638.862,1013.907
AAI1 1020.500,5.500 597.000,12.500 822.974,22.490 912.500,23.500 824.500,24.500 941.500,35.500 943.486,37.595 478.365,38.162 155.500,43.014 857.595,48.112 370.500,56.429 218.787,61.787 494.500,63.500 496.049,64.500 183.513,66.569 807.500,66.500 265.879,68.260 271.735,68.913 809.500,68.500 65.500,78.500 537.221,87.087 535.500,88.500 254.177,94.696 344.500,97.902 386.085,103.643 590.500,103.500 624.915,114.754 1018.500,115.500 1019.500,117.000 394.500,122.500 849.500,126.500 848.500,127.500 308.500,133.948 307.500,135.500 462.000,137.500 958.260,141.109 466.981,143.004 75.028,145.491 501.000,149.000 169.500,160.500 168.500,161.500 486.500,173.500 479.500,176.948 219.322,182.957 285.901,181.758 218.500,200.587 908.031,204.917 682.500,215.000 475.669,218.317 971.500,233.500 566.500,234.500 675.198,234.763 970.500,234.500 972.500,234.500 370.155,236.782 538.500,240.500 539.226,242.164 552.500,242.500 288.282,243.890 553.500,243.500 363.500,250.500 631.500,257.500 613.414,262.531 522.323,272.874 1000.882,270.500 233.655,285.359 30.972,288.384 2.500,290.500 181.500,293.500 766.787,297.213 1001.245,299.790 728.466,303.901 604.500,309.500 316.852,320.399 502.500,324.500 111.794,326.315 109.500,326.500 969.500,327.000 872.500,329.500 864.500,333.500 866.500,338.757 746.067,343.326 293.500,342.500 915.500,344.500 906.320,352.307 512.500,352.500 792.500,354.500 594.500,355.948 394.500,357.500 108.301,362.117 327.500,369.500 624.500,376.500 249.500,377.500 466.767,386.233 344.100,388.242 112.500,390.500 110.500,391.500 824.134,400.721 335.604,402.515 685.500,403.991 902.500,405.500 41.737,407.022 43.500,407.500 219.114,412.876 223.500,410.500 466.500,414.000 748.500,415.500 747.500,416.500 102.233,419.233 681.823,436.097 434.343,437.101 394.500,436.948 485.500,439.500 52.052,443.500 53.500,444.500 513.500,445.500 352.713,448.876 512.500,447.052 514.750,447.174 508.935,448.500 749.045,448.814 526.500,449.000 503.500,449.500 704.692,452.655 706.500,453.500 507.500,457.500 143.781,462.272 519.790,462.245 530.500,463.500 530.000,465.500 414.576,480.049 664.500,481.500 666.187,482.228 126.500,486.500 843.500,486.500 345.333,489.299 908.700,491.036 127.052,490.500 364.500,493.500 979.500,501.000 710.049,507.500 1015.271,508.343 999.724,514.696 86.775,523.556 589.938,523.906 380.709,531.391 723.500,530.500 325.500,531.500 40.500,534.500 130.143,541.478 365.546,544.625 861.228,545.187 83.500,557.500 374.500,564.000 909.500,566.500 864.197,573.459 902.500,573.500 904.215,574.249 814.500,591.098 238.500,592.948 700.052,593.973 515.283,599.083 728.500,601.500 275.524,608.248 377.928,615.500 256.500,620.500 67.500,639.500 90.663,649.712 390.058,652.284 359.500,654.500 105.271,661.649 102.500,661.500 103.500,662.500 141.500,669.500 126.902,671.500 861.500,677.500 1008.500,679.500 244.500,681.500 245.500,682.500 280.213,684.213 112.500,686.500 110.928,687.500 567.995,690.649 573.500,691.500 457.500,698.500 418.000,699.500 449.787,705.213 330.777,717.223 870.938,721.045 689.213,723.787 81.500,729.500 83.500,729.500 3.694,731.571 94.500,731.948 294.500,740.500 293.500,741.500 201.583,748.792 603.397,745.500 142.500,748.500 144.500,750.500 362.107,751.222 143.500,751.500 514.500,755.500 515.500,756.500 757.235,764.801 755.500,765.500 829.500,771.500 11.500,777.500 13.500,777.500 12.500,779.500 164.500,791.500 165.500,792.500 730.743,795.118 483.000,796.500 481.500,797.500 405.735,806.111 689.493,809.978 355.500,813.500 343.948,815.500 571.840,822.243 616.297,824.862 297.524,833.813 171.500,836.500 170.500,838.500 692.500,848.500 694.653,849.649 806.500,854.500 805.500,856.500 49.500,875.500 48.787,877.213 800.979,887.213 26.500,889.500 211.791,893.303 122.213,898.787 292.948,906.500 94.243,909.840 898.000,911.500 853.500,922.500 852.500,924.500 204.524,933.794 596.500,954.500 600.213,955.213 898.500,956.500 898.500,958.500 435.049,981.500 936.500,996.500 460.500,1008.500 210.500,1009.500 751.500,1010.500 210.500,1011.500
AAI2 857.688,47.964 958.292,141.015 908.500,204.500 613.305,262.461 746.500,343.500 906.500,352.500 335.500,403.500 219.142,412.932 681.500,435.500 353.019,449.092 380.798,531.416 130.500,541.500 365.248,544.696 200.500,749.500 297.565,833.740
AAI3 857.500,48.500 184.500,87.500 4.500,106.500 958.500,141.500 418.500,190.500 764.500,195.500 613.579,262.288 17.500,357.500 219.210,412.685 352.500,448.500 380.878,531.297 130.500,541.500 365.500,544.500 656.500,844.500
AAI4 857.730,47.884 958.267,140.983 908.500,204.500 613.261,262.473 746.500,343.500 906.500,352.500 335.500,403.500 219.167,413.075 352.976,448.960 380.753,531.447 130.500,541.500 365.150,544.500 200.500,749.500 297.540,833.751
AAI5 823.500,4.500 1008.500,4.500 489.500,6.500 579.500,7.500 151.500,8.500 336.500,10.500 680.500,13.500 302.500,14.500 324.500,14.500 869.500,14.500 832.500,17.500 652.500,23.500 415.500,24.500 109.500,26.500 392.500,29.500 633.500,29.500 948.500,31.500 939.500,34.500 739.500,38.500 1.500,39.500 788.500,41.500 376.500,43.500 351.500,44.500 679.500,44.500 502.500,45.500 314.500,47.500 730.500,47.500 154.500,52.500 762.500,56.500 183.500,59.500 11.500,61.500 768.500,61.500 606.500,63.500 716.500,64.500 149.500,65.500 813.500,65.500 53.500,67.500 575.500,67.500 534.500,68.500 455.500,70.500 276.500,77.500 497.500,79.500 722.500,80.500 470.500,83.500 738.500,83.500 1005.500,87.500 513.500,88.500 69.500,90.500 65.500,91.500 1016.500,92.500 555.500,93.500 472.500,95.500 126.500,97.500 177.500,97.500 983.500,97.500 806.500,98.500 134.500,99.500 694.500,101.500 399.500,103.500 812.500,104.500 890.500,105.500 671.500,107.500 715.500,107.500 43.500,108.500 170.500,110.500 924.500,111.500 459.500,114.500 493.500,119.500 379.500,127.500 83.500,134.500 438.500,134.500 775.500,137.500 353.500,138.500 215.500,142.500 713.500,142.500 743.500,142.500 949.500,142.500 962.500,146.500 137.500,147.500 963.500,147.500 727.500,154.500 28.500,157.500 993.500,157.500 343.500,158.500 642.500,165.500 73.500,166.500 341.500,166.500 691.500,170.500 136.500,172.500 700.500,172.500 263.500,175.500 843.500,179.500 457.500,181.500 171.500,183.500 125.500,187.500 687.500,190.500 368.500,191.500 569.500,191.500 243.500,193.500 742.500,193.500 376.500,195.500 69.500,196.500 601.500,196.500 845.500,198.500 118.500,200.500 849.500,207.500 555.500,208.500 844.500,215.500 653.500,221.123 536.500,224.500 122.500,230.500 636.500,233.500 90.500,235.500 971.500,235.500 170.500,237.500 300.500,237.500 935.500,238.500 34.500,239.500 405.500,241.500 352.500,243.500 556.500,243.500 319.500,246.500 351.500,246.500 943.500,249.500 948.500,254.500 95.500,256.500 51.500,257.500 610.500,259.500 245.500,261.500 612.500,261.500 837.500,261.500 613.500,262.500 614.500,263.500 555.500,264.500 618.500,267.500 757.500,267.500 911.500,269.500 269.500,274.500 915.500,275.500 906.500,279.500 719.500,283.500 491.500,284.500 848.500,286.500 122.500,287.500 263.500,287.500 325.500,292.500 267.500,293.500 334.500,295.500 150.500,296.500 313.500,296.500 790.500,296.500 820.500,296.500 284.500,297.500 347.500,297.500 136.500,298.500 1000.500,298.500 785.500,299.500 400.500,300.500 909.500,303.500 221.500,305.500 592.500,305.500 43.500,309.500 308.500,310.500 68.500,315.500 784.500,315.500 813.500,315.500 943.500,315.500 954.500,317.500 181.500,319.500 894.500,319.500 199.500,321.500 40.500,322.500 144.500,322.500 527.500,324.500 710.500,327.500 663.500,328.500 488.500,329.500 648.500,331.500 136.500,332.500 759.500,337.500 267.500,340.500 639.500,341.500 746.500,342.500 241.500,343.500 227.500,345.500 993.500,347.500 125.500,349.500 907.500,350.500 892.500,351.500 189.500,353.500 161.500,355.500 249.500,355.500 283.500,359.500 431.500,363.500 1012.500,364.500 30.500,365.500 79.500,370.500 978.500,372.500 825.500,373.500 151.500,376.500 348.500,379.500 352.500,379.500 543.500,379.500 621.500,380.500 371.500,386.500 471.500,386.500 95.500,388.500 111.500,390.500 486.500,390.500 659.500,391.500 71.500,394.500 380.500,395.500 882.500,398.500 1017.500,398.500 738.500,403.500 172.500,404.500 679.500,405.500 216.500,410.929 905.500,410.500 218.500,411.500 730.500,411.500 219.968,413.465 222.500,415.500 224.500,415.500 582.500,417.500 704.500,419.500 827.500,421.500 362.500,422.500 182.500,423.500 380.500,427.500 717.500,433.500 905.500,436.500 605.500,439.500 917.500,441.500 938.500,444.500 868.500,447.500 167.500,449.500 844.500,449.500 146.500,450.500 353.500,450.500 903.500,450.500 150.500,456.500 523.500,457.500 643.500,462.500 412.500,464.500 167.500,465.500 796.500,465.500 933.500,466.500 724.500,467.500 188.500,471.500 641.500,474.500 500.500,477.500 17.500,483.500 347.500,483.500 69.500,485.500 533.500,485.500 395.500,486.500 766.500,489.500 423.500,490.500 387.500,491.500 896.500,492.500 791.500,493.500 308.500,497.500 86.500,498.500 637.500,498.500 770.500,498.500 261.500,501.500 419.500,501.500 183.500,518.500 758.500,519.500 96.500,520.500 852.500,522.500 88.500,523.500 471.500,523.500 376.500,526.500 378.500,527.500 378.776,529.932 166.500,529.500 516.500,530.500 383.719,535.249 967.500,535.500 128.500,538.500 468.500,540.500 498.500,541.500 672.500,541.500 778.500,541.500 94.500,547.500 807.500,547.500 565.500,548.500 896.500,552.500 905.500,552.500 296.500,553.500 439.500,554.500 239.500,557.500 11.500,559.500 485.500,559.500 630.500,560.500 101.500,561.500 762.500,562.500 331.500,563.500 175.500,564.500 719.500,564.500 247.500,568.500 380.500,569.500 820.500,569.500 105.500,570.500 315.500,570.500 505.500,572.500 375.500,573.500 317.500,574.500 131.500,576.500 626.500,578.500 526.500,579.500 328.500,586.500 279.500,589.500 284.500,593.500 112.500,594.500 903.500,596.500 193.500,597.500 800.500,607.500 302.500,608.500 651.500,610.500 117.500,614.500 304.500,617.500 974.500,618.500 474.500,621.500 787.500,622.500 645.500,625.500 879.500,625.500 664.500,627.500 723.500,628.500 818.500,628.500 926.500,629.500 531.500,636.500 772.500,638.500 535.500,639.500 19.500,642.500 221.500,650.500 469.500,650.500 954.500,650.500 997.500,651.500 719.500,652.500 659.500,653.500 128.500,656.500 337.500,656.500 271.500,657.500 806.500,658.500 248.500,660.500 5.500,663.500 339.500,663.500 465.500,663.500 857.500,664.500 990.500,664.500 666.500,665.500 640.500,670.500 806.500,673.500 995.500,674.500 546.500,677.500 863.500,678.500 225.500,680.500 98.500,681.500 979.500,682.500 138.500,683.500 837.500,683.500 749.500,687.500 853.500,688.500 778.500,690.500 248.500,693.500 121.500,702.500 40.500,703.500 305.500,704.500 867.500,707.500 8.500,708.500 207.500,710.500 315.500,710.500 185.500,712.500 713.500,712.500 772.500,712.500 731.500,713.500 968.500,713.500 994.500,715.500 906.500,716.500 341.500,720.500 333.500,725.500 546.500,725.500 874.500,726.500 536.500,727.500 423.500,729.500 636.500,729.500 822.500,730.500 40.500,733.500 304.500,737.500 536.500,737.500 735.500,737.500 226.500,738.500 241.500,740.500 317.500,741.500 830.500,741.500 941.500,741.500 197.500,743.500 353.500,743.500 300.500,744.500 217.500,745.500 332.500,745.500 165.500,746.500 400.500,746.500 373.500,748.500 996.500,748.500 616.500,750.500 659.500,750.500 686.500,750.500 188.500,753.500 682.500,754.500 556.500,755.500 862.500,756.500 666.500,757.500 423.500,761.500 721.500,763.500 831.500,763.500 435.500,764.500 557.500,765.500 851.500,766.500 871.500,772.500 396.500,774.500 134.500,775.500 305.500,775.500 566.500,775.500 545.500,776.500 414.500,784.500 727.500,784.500 906.500,785.500 200.500,786.500 765.500,792.500 543.500,798.500 621.500,798.500 463.500,800.500 425.500,801.500 761.500,806.500 420.500,807.500 999.500,807.500 34.500,808.500 8.500,820.500 613.500,820.500 616.500,820.500 1000.500,822.500 1018.500,823.500 74.500,826.500 221.500,827.500 688.500,828.500 782.500,828.500 800.500,828.500 603.500,831.500 753.500,838.500 836.500,841.500 1001.500,844.500 490.500,847.500 767.500,849.500 163.500,850.500 445.500,854.500 638.500,854.500 908.500,854.500 416.500,857.500 856.500,857.500 170.500,862.500 617.500,864.500 175.500,865.500 490.500,865.500 506.500,867.500 539.500,868.500 132.500,875.500 483.500,875.500 141.500,881.500 516.500,881.500 943.500,884.500 746.500,885.500 762.500,890.500 494.500,891.500 256.500,892.500 407.500,892.500 628.500,893.500 181.500,895.500 410.500,897.500 356.500,898.500 79.500,899.500 183.500,899.500 842.500,900.500 360.500,902.500 41.500,903.500 456.500,903.500 737.500,905.500 993.500,905.500 706.500,908.500 431.500,911.500 608.500,914.500 970.500,917.500 960.500,921.500 32.500,930.500 921.500,930.500 14.500,933.500 228.500,935.500 1014.500,935.500 308.500,937.500 394.500,942.500 668.500,943.500 794.500,945.500 282.500,951.500 736.500,951.500 1017.500,952.500 696.500,953.500 10.500,954.500 980.500,955.500 427.500,959.500 546.500,965.500 862.500,966.500 989.500,966.500 483.500,968.500 889.500,970.500 884.500,975.500 753.500,978.500 1002.500,980.500 937.500,981.500 281.500,987.500 753.500,988.500 648.500,989.500 168.500,991.500 220.500,991.500 328.500,995.500 609.500,995.500 500.500,998.500 377.500,1000.500 225.500,1001.500 556.500,1001.500 944.500,1002.500 475.500,1004.500 806.500,1004.500 251.500,1005.500 972.500,1008.500 25.500,1011.500 39.500,1013.500 461.500,1013.500 304.500,1014.500 403.500,1014.500 552.500,1015.500 51.500,1017.500 294.500,1017.500 538.500,1020.500 915.500,1021.500 865.500,1022.500 965.500,1022.500
AAI6 614.500,263.500 378.500,529.500 383.500,535.500
AAJ0 817.732,8.860 650.186,12.197 299.532,15.417 333.200,32.492 562.568,36.901 16.001,39.660 197.354,46.111 1000.424,61.826 891.480,88.719 114.742,93.289 762.534,98.145 578.997,108.121 913.127,110.289 425.575,111.091 728.352,118.693 814.080,132.900 428.610,138.547 759.607,140.855 348.438,145.163 887.539,149.546 633.520,154.285 150.954,161.466 17.086,164.136 813.285,165.140 810.976,173.288 98.408,174.444 515.876,177.898 714.479,186.531 675.067,195.743 220.198,195.549 396.320,196.675 759.996,201.483 884.637,210.842 274.609,213.193 743.522,215.133 948.485,238.435 542.782,247.269 954.556,256.626 558.695,258.305 851.572,258.536 225.488,259.993 318.930,263.858 633.768,265.225 832.838,268.227 921.909,278.425 384.023,280.935 956.105,281.964 965.010,282.048 427.818,284.813 880.516,288.979 989.568,289.506 848.054,290.872 466.375,299.691 68.426,304.701 803.973,305.567 706.033,308.043 71.177,310.006 236.939,309.920 750.696,316.698 960.417,317.635 933.617,321.039 897.273,324.390 386.698,339.877 807.870,342.379 213.710,348.156 979.366,350.429 867.047,351.684 256.740,360.270 763.756,363.230 693.543,373.567 392.351,377.315 604.939,387.073 480.848,394.210 715.655,412.408 854.908,413.636 281.715,415.247 981.184,417.474 703.073,421.310 860.842,429.170 938.213,428.543 582.491,435.722 261.031,438.446 820.293,450.941 881.030,458.043 484.621,461.650 1011.128,475.624 693.197,486.101 625.647,486.848 196.845,495.525 351.495,499.459 1013.303,500.360 788.969,501.982 405.455,508.522 977.687,515.111 134.212,516.092 634.992,521.316 302.538,523.258 963.044,523.757 292.845,525.755 838.827,526.834 459.997,528.488 335.388,534.627 255.095,537.791 117.622,556.544 404.688,559.277 928.508,558.473 971.395,564.897 317.365,580.007 899.288,581.460 441.596,584.101 936.280,588.218 290.307,607.036 836.538,610.540 599.511,613.047 24.409,623.424 15.340,626.340 691.996,628.326 375.412,632.549 58.168,644.758 504.543,651.435 718.172,655.186 111.067,655.823 456.094,668.593 45.638,671.210 806.145,676.927 40.025,677.909 574.442,682.336 995.861,687.748 191.005,691.009 372.667,694.318 376.662,697.545 240.589,697.540 620.436,702.371 780.873,707.077 631.686,706.386 211.727,712.458 679.613,714.074 1021.553,718.883 508.162,726.040 26.437,731.837 485.921,746.058 476.304,746.892 858.134,748.339 584.656,751.653 886.955,752.134 155.888,755.769 510.347,767.062 1009.503,768.234 789.576,776.301 155.598,783.881 637.453,794.749 594.124,797.374 374.166,804.096 910.772,804.100 935.872,804.350 235.777,806.472 88.223,814.817 719.547,817.077 773.000,818.322 510.315,822.482 410.685,827.249 179.904,829.165 268.643,832.091 129.292,834.328 468.393,833.650 720.216,836.390 538.015,837.279 1015.896,841.749 672.729,842.389 71.146,844.559 416.464,846.525 329.736,848.686 23.356,851.252 621.530,851.729 139.903,862.216 30.459,861.591 502.462,862.469 771.631,865.100 650.511,873.287 118.127,889.342 521.727,903.357 804.849,907.096 897.168,908.160 478.601,909.879 984.812,910.437 29.989,912.044 1011.795,910.472 814.022,913.875 288.704,917.303 610.466,919.381 532.708,920.396 587.239,922.434 297.165,924.251 476.317,931.850 285.092,934.069 456.192,935.853 304.630,935.276 769.506,937.302 295.090,940.959 733.599,937.568 621.173,940.752 748.144,943.813 304.396,944.491 156.708,946.765 449.466,953.446 883.120,953.726 612.472,955.511 22.380,957.627 981.282,959.331 774.185,959.554 763.015,963.220 315.012,962.622 398.784,964.002 504.522,964.611 766.504,968.527 878.459,976.523 449.980,978.511 769.802,982.025 171.758,982.467 913.293,988.498 359.079,993.097 465.004,992.797 317.526,996.463 783.793,1002.474 985.693,1013.859 394.375,1015.000 248.907,1018.551 136.569,1020.756 276.117,1020.308
AAJ1 818.500,8.500 817.500,9.500 649.948,11.500 651.500,13.500 562.500,37.500 197.839,46.256 1000.474,61.951 892.000,88.500 114.500,92.500 762.500,97.500 578.698,108.155 912.500,110.000 914.500,110.399 425.500,111.500 729.500,118.500 814.080,132.903 759.766,140.758 348.500,146.500 887.500,148.500 633.642,153.882 150.923,161.416 813.208,165.114 17.500,164.500 810.960,173.473 516.046,178.144 714.500,185.500 714.500,187.500 675.207,195.678 219.500,195.500 396.500,196.500 884.824,210.736 274.623,213.227 949.500,237.500 948.500,238.500 947.500,239.500 543.500,246.500 542.500,247.500 954.500,256.000 558.500,258.500 852.500,258.500 851.500,259.500 225.500,260.500 318.500,263.500 633.788,265.228 833.500,267.500 832.500,268.500 921.773,277.894 965.251,281.818 384.500,281.500 426.500,284.500 989.406,289.190 881.500,288.500 68.612,304.620 803.500,305.500 705.985,307.933 71.052,309.500 72.500,310.500 237.500,310.500 750.554,316.536 959.500,316.500 933.607,320.997 960.500,318.500 897.519,324.046 807.500,341.500 213.500,347.500 979.500,350.500 865.902,351.500 867.500,352.500 256.500,360.500 763.561,363.176 693.605,373.691 393.500,376.500 481.500,393.500 480.000,394.500 482.500,394.500 715.542,412.414 855.187,413.259 281.658,415.094 981.185,417.278 859.500,428.500 861.500,428.500 937.500,429.500 582.500,435.500 261.500,437.500 260.500,438.500 261.500,439.500 820.327,450.867 881.111,458.127 483.500,460.500 484.500,461.500 1011.500,474.500 1010.500,475.500 693.319,485.981 625.500,486.500 351.330,499.782 789.000,502.500 403.500,508.500 405.500,508.500 134.156,516.017 303.500,521.500 635.500,521.500 292.823,525.576 837.500,525.500 838.500,526.500 459.500,527.500 335.302,534.757 254.500,536.500 256.500,536.500 255.492,538.461 117.500,555.500 118.500,556.500 404.865,558.812 971.500,564.500 899.500,582.500 441.500,584.500 936.302,588.099 937.500,589.500 290.052,606.500 290.500,608.500 599.500,613.500 26.500,623.500 24.500,624.500 691.500,627.500 375.948,631.500 375.292,633.570 58.174,644.798 504.500,651.948 718.500,655.499 455.500,668.500 45.284,670.919 806.248,676.773 40.787,677.787 574.337,682.499 991.243,687.500 996.061,688.102 191.500,690.500 372.530,694.019 376.671,697.537 240.500,698.500 621.187,702.449 780.598,706.891 632.500,706.500 782.500,708.500 211.488,711.923 679.644,714.090 1021.500,718.500 508.500,726.500 485.500,745.052 487.500,745.500 477.500,746.500 857.500,747.500 858.500,748.500 584.756,751.722 886.237,752.198 156.500,755.500 155.500,756.500 508.500,766.500 510.098,767.500 789.500,774.500 788.500,776.500 791.000,776.500 155.500,783.500 636.500,795.500 593.500,796.500 594.500,797.500 374.228,803.813 910.490,804.147 88.185,815.028 719.500,817.000 771.500,818.500 510.500,821.948 180.147,829.250 410.500,828.500 268.551,832.115 129.420,834.797 720.313,836.371 538.500,837.500 1016.500,840.500 673.217,842.500 1015.500,841.500 71.500,844.500 22.500,850.500 621.783,851.500 23.500,851.500 140.068,862.105 29.500,861.500 770.500,863.500 772.112,865.500 651.500,872.500 117.500,888.500 116.500,889.500 117.500,890.500 521.500,903.052 523.500,903.500 804.500,906.500 897.218,908.177 30.025,911.959 984.500,910.500 985.500,911.500 1011.500,911.500 813.500,913.500 289.500,916.500 287.500,917.500 587.500,922.500 297.013,924.987 476.367,931.870 456.195,935.821 304.500,934.500 474.500,934.500 305.500,935.500 296.500,937.000 769.427,936.933 733.500,937.500 293.407,940.784 621.278,940.978 295.500,942.500 299.500,943.000 748.500,943.500 157.500,946.500 882.500,953.882 611.500,955.500 22.052,957.500 982.500,957.500 980.500,958.500 774.500,960.052 763.298,962.691 315.238,962.762 398.500,964.500 765.500,968.500 878.500,976.500 449.500,979.500 769.047,981.866 171.500,981.500 172.500,982.948 772.500,982.500 770.507,986.018 913.254,988.902 359.002,993.059 465.126,992.759 318.500,996.500 782.500,1001.500 784.223,1002.777 986.500,1013.500 248.500,1018.500 276.500,1020.500
AAJ2 813.760,132.780 884.886,210.729 274.536,213.008 934.500,320.500 763.500,362.500 715.690,412.393 693.500,486.145 336.500,534.500 679.856,714.257 718.500,836.500 139.500,861.972 30.232,912.232 476.069,931.500 477.500,932.500 456.167,935.824
AAJ3 406.500,87.500 702.500,190.500 8.500,196.500 884.500,210.500 715.525,412.470 852.500,524.500 702.500,543.500 434.500,610.500 274.500,658.500 679.500,715.500 410.500,877.500 456.126,935.870
AAJ4 813.773,132.782 884.902,210.750 274.521,213.003 934.500,320.500 763.500,362.500 715.812,412.393 693.500,486.500 336.500,534.500 679.882,714.242 718.500,836.500 139.500,861.500 30.225,912.222 476.500,931.500 477.500,932.500 456.160,935.833
AAJ5 461.500,3.500 825.500,4.500 1010.500,4.500 569.500,7.500 141.500,8.500 330.500,10.500 278.500,14.500 300.500,14.500 133.500,15.500 383.500,17.500 722.500,18.500 664.500,23.500 973.500,25.500 146.500,26.500 412.500,29.500 653.500,29.500 354.500,34.500 489.500,34.500 654.500,38.500 997.500,38.500 63.500,39.500 486.500,43.500 471.500,44.500 642.500,45.500 202.500,50.500 386.500,52.500 630.500,55.500 778.500,58.500 445.500,59.500 287.500,61.500 12.500,62.500 761.500,62.500 561.500,63.500 251.500,65.500 355.500,67.500 987.500,67.500 836.500,68.500 254.500,71.500 982.500,72.500 981.500,74.500 612.500,77.500 467.500,79.500 978.500,80.500 874.500,81.500 804.500,83.500 48.500,84.500 351.500,88.500 392.500,93.500 977.500,93.500 572.500,97.500 623.500,97.500 433.500,98.500 181.500,99.500 919.500,103.500 940.500,104.500 404.500,106.500 183.500,108.500 227.500,108.500 640.500,108.500 339.500,111.500 424.500,112.500 999.500,114.500 28.500,123.500 995.500,125.500 917.500,127.500 891.500,128.500 811.500,130.500 789.500,131.500 951.500,133.500 920.500,134.500 91.500,135.500 285.500,138.500 466.500,141.500 985.500,141.500 495.500,143.500 727.500,148.500 117.500,154.500 658.500,157.500 599.500,158.500 973.500,158.500 28.500,166.500 180.500,166.500 635.500,166.500 257.500,171.500 363.500,180.500 1003.500,181.500 204.500,182.500 731.500,183.500 787.500,185.500 68.500,187.500 388.500,187.500 364.500,190.500 565.500,190.500 580.500,190.500 213.500,191.500 918.500,191.500 95.500,192.500 254.500,194.500 385.500,195.500 390.500,196.500 99.500,197.500 1018.500,198.500 331.500,199.500 630.500,200.500 880.500,205.500 13.500,209.500 268.500,209.500 270.983,210.673 885.500,211.500 277.500,215.500 199.500,216.500 622.500,221.500 927.500,221.500 381.500,223.500 337.500,226.500 307.500,227.500 401.500,227.500 434.500,230.500 952.500,233.500 844.500,235.500 14.500,236.500 474.500,237.500 604.500,237.500 350.500,239.500 731.500,241.500 40.500,243.500 340.500,243.500 910.500,243.500 673.500,246.500 705.500,246.500 615.500,252.500 56.500,253.500 771.500,254.500 776.500,254.500 246.500,255.500 427.500,256.500 301.500,257.500 165.500,262.500 782.500,265.500 109.500,268.500 107.500,271.500 854.500,272.500 711.500,274.500 323.500,276.500 322.500,279.500 288.500,280.500 770.500,282.500 823.500,284.500 990.500,286.500 856.500,287.500 520.500,290.500 695.500,292.500 883.500,293.500 901.500,294.500 736.500,295.500 170.500,296.500 749.500,296.500 210.500,297.500 240.500,297.500 726.500,297.500 789.500,297.500 200.500,299.500 850.500,300.500 635.500,305.500 361.500,306.500 925.500,307.500 125.500,308.500 958.500,309.500 678.500,310.500 394.500,315.500 72.500,316.500 101.500,316.500 231.500,316.500 222.500,318.500 493.500,319.500 164.500,320.500 300.500,322.500 922.500,327.500 733.500,329.500 909.500,331.500 404.500,332.500 866.500,332.500 557.500,340.500 941.500,341.500 364.500,342.500 577.500,343.500 810.500,344.500 191.500,345.500 563.500,349.500 985.500,350.500 355.500,351.500 675.500,353.500 133.500,354.500 677.500,355.500 170.500,358.500 242.500,358.500 787.500,359.500 481.500,361.500 374.500,363.500 917.500,363.500 466.500,365.500 508.500,365.500 521.500,370.500 396.500,373.500 247.500,374.500 97.500,379.500 794.500,379.500 798.500,379.500 989.500,379.500 446.500,380.500 41.500,381.500 935.500,382.500 825.500,386.500 561.500,388.500 622.500,389.500 583.500,390.500 99.500,392.500 88.500,393.500 854.500,395.500 264.500,399.500 470.500,399.500 874.500,403.500 713.296,409.569 717.271,414.383 1002.500,414.500 433.500,417.500 509.500,417.500 544.500,417.500 642.500,420.500 314.500,422.500 928.500,422.500 744.500,423.500 687.500,425.500 387.500,426.500 318.500,427.500 940.500,427.500 609.500,429.500 279.500,434.500 469.500,435.500 30.500,437.500 287.500,440.500 977.500,440.500 692.500,448.500 900.500,448.500 1.500,450.500 4.500,451.500 544.500,455.500 62.500,457.500 264.500,458.500 338.500,465.500 840.500,465.500 987.500,465.500 97.500,466.500 871.500,467.500 630.500,468.500 272.500,475.500 389.500,478.500 452.500,480.500 341.500,483.500 2.500,484.500 263.500,484.500 459.500,484.500 650.500,490.500 309.500,491.500 198.500,492.500 265.500,492.500 249.500,493.500 701.500,494.500 1002.500,495.500 948.500,500.500 101.500,502.500 259.500,502.500 939.500,503.500 799.500,506.500 381.500,507.500 584.500,518.500 31.500,519.500 600.500,520.500 875.500,521.500 696.500,523.500 956.500,523.500 96.500,524.500 841.500,524.500 825.500,536.500 31.500,538.500 61.500,539.500 342.500,541.500 911.500,541.500 35.500,542.500 598.500,542.500 704.500,542.500 44.500,547.500 241.500,548.500 579.500,549.500 289.500,551.500 940.500,553.500 949.500,553.500 338.500,554.500 19.500,560.500 398.500,561.500 622.500,561.500 760.500,563.500 741.500,565.500 32.500,570.500 306.500,570.500 438.500,570.500 855.500,571.500 864.500,571.500 80.500,573.500 833.500,573.500 46.500,579.500 118.500,579.500 258.500,579.500 700.500,579.500 604.500,580.500 993.500,582.500 71.500,584.500 825.500,588.500 530.500,592.500 141.500,599.500 979.500,600.500 259.500,601.500 145.500,603.500 946.500,604.500 193.500,610.500 835.500,611.500 895.500,613.500 780.500,614.500 303.500,615.500 198.500,617.500 41.500,618.500 801.500,619.500 536.500,620.500 47.500,627.500 864.500,628.500 917.500,629.500 1012.500,629.500 926.500,632.500 1002.500,639.500 551.500,640.500 692.500,640.500 927.500,641.500 441.500,647.500 238.500,652.500 23.500,654.500 825.500,654.500 395.500,657.500 605.500,658.500 729.500,659.500 146.500,660.500 743.500,664.500 869.500,664.500 942.500,667.500 193.500,669.500 15.500,672.500 601.500,673.500 66.500,679.500 710.500,679.500 183.500,680.500 147.500,681.500 571.500,681.500 77.500,682.500 432.500,682.500 450.500,684.500 123.500,685.500 31.500,689.500 139.500,690.500 476.500,691.500 142.500,697.500 834.500,699.500 568.500,702.500 375.500,703.500 286.500,704.500 615.500,707.500 675.500,709.500 678.500,712.500 255.500,713.500 680.500,713.500 771.500,713.500 830.500,713.500 767.500,714.500 996.500,714.500 1002.500,716.500 568.500,717.500 341.500,719.500 325.500,721.500 367.500,726.500 578.500,726.500 912.500,727.500 805.500,728.500 489.500,730.500 578.500,730.500 884.500,731.500 390.500,738.500 622.500,738.500 821.500,738.500 312.500,739.500 337.500,741.500 7.500,742.500 407.500,742.500 420.500,745.500 353.500,746.500 448.500,746.500 283.500,747.500 649.500,748.500 557.500,749.500 162.500,750.500 917.500,751.500 944.500,751.500 841.500,754.500 862.500,756.500 1019.500,757.500 974.500,758.500 5.500,765.500 139.500,765.500 733.500,765.500 855.500,766.500 119.500,768.500 296.500,770.500 739.500,773.500 233.500,774.500 510.500,777.500 937.500,777.500 826.500,778.500 752.500,780.500 813.500,782.500 176.500,787.500 494.500,787.500 530.500,790.500 371.500,798.500 563.500,798.500 219.500,799.500 701.500,799.500 841.500,799.500 919.500,799.500 757.500,801.500 197.500,807.500 27.500,808.500 708.500,808.500 626.500,810.500 306.500,821.500 922.500,821.500 296.500,824.500 304.500,825.500 404.500,827.500 559.500,828.500 97.500,829.500 283.500,830.500 262.500,831.500 927.500,832.500 58.500,837.500 533.500,838.500 283.500,841.500 988.500,843.500 684.500,848.500 941.500,850.500 335.500,851.500 811.500,855.500 602.500,858.500 138.500,860.500 274.500,863.500 195.500,865.500 217.500,866.500 544.500,868.500 575.500,869.500 196.500,875.500 528.500,875.500 531.500,876.500 207.500,882.500 147.500,887.500 862.500,891.500 598.500,892.500 808.500,893.500 281.500,896.500 548.500,898.500 968.500,901.500 490.500,903.500 163.500,904.500 580.500,904.500 81.500,905.500 839.500,906.500 67.500,907.500 997.500,907.500 584.500,915.500 192.500,916.500 482.500,918.500 160.500,920.500 878.500,921.500 140.500,922.500 323.500,923.500 342.500,923.500 246.500,925.500 395.500,929.500 992.500,930.500 452.821,932.232 827.500,931.500 541.500,932.500 380.500,933.500 455.750,934.317 900.500,933.500 62.500,935.500 479.500,935.500 40.500,936.500 457.500,937.209 798.500,936.500 458.500,939.113 1011.500,940.500 230.500,943.500 202.500,945.500 996.500,950.500 18.500,952.500 474.500,952.500 782.500,954.500 728.500,956.500 1018.500,957.500 208.500,961.500 604.500,967.500 731.500,967.500 637.500,971.500 829.500,971.500 64.500,973.500 596.500,976.500 581.500,982.500 678.500,983.500 270.500,985.500 839.500,985.500 875.500,987.500 309.500,989.500 184.500,990.500 509.500,994.500 808.500,995.500 65.500,996.500 1013.500,997.500 952.500,998.500 99.500,1000.500 265.500,1000.500 817.500,1000.500 665.500,1001.500 996.500,1001.500 404.500,1003.500 329.500,1004.500 866.500,1004.500 915.500,1004.500 222.500,1005.500 691.500,1005.500 369.500,1006.500 185.500,1010.500 479.500,1011.500 483.500,1013.500 905.500,1013.500 752.500,1014.500 851.500,1014.500 509.500,1017.500 752.500,1017.500 1006.500,1020.500
AAJ6 270.500,210.500 711.500,407.500 712.500,409.064 714.500,409.500 713.500,410.500 715.500,411.500 716.987,413.991 719.500,416.049 457.500,937.500 458.500,939.500
AAK0 701.989,3.722 604.871,8.658 683.186,8.991 698.593,15.900 349.660,18.557 631.860,19.607 690.366,19.398 602.554,21.226 357.293,22.738 401.331,26.331 945.538,27.643 880.637,28.861 166.015,30.690 664.767,44.300 922.058,51.740 867.602,59.015 516.327,61.483 652.645,65.164 795.022,69.705 895.297,70.824 655.725,76.472 736.590,78.883 437.859,79.868 364.366,83.666 375.732,92.358 809.764,101.043 504.196,105.001 680.083,105.062 660.716,106.344 759.382,106.809 910.456,107.833 836.126,113.658 970.496,115.176 108.472,119.003 438.288,121.438 419.079,124.356 525.645,129.119 908.135,131.585 853.080,135.526 941.128,137.492 532.242,140.091 906.500,140.334 572.157,150.883 78.305,151.362 868.630,152.943 46.851,152.586 496.990,163.176 145.572,167.626 799.680,169.126 214.868,170.675 906.986,173.752 402.738,175.721 674.521,175.801 790.096,176.916 832.259,178.682 211.200,182.689 544.491,183.695 907.340,185.126 673.804,189.036 172.324,189.595 750.362,192.354 546.829,199.829 1012.850,206.638 833.645,210.158 630.151,213.978 45.357,216.256 585.775,216.461 991.812,221.922 413.474,232.553 470.277,236.050 264.716,239.193 706.156,240.022 692.813,242.851 878.362,242.274 873.587,248.008 953.757,248.122 622.912,249.884 100.609,250.505 712.864,258.578 886.717,262.451 248.563,263.786 28.878,264.369 751.396,265.109 472.771,266.404 575.536,268.716 635.662,271.593 650.227,270.707 726.276,273.789 70.165,272.534 753.117,280.105 447.566,281.293 606.343,281.718 92.233,283.537 260.892,283.231 764.419,287.076 782.680,289.290 490.986,297.578 717.435,299.475 557.253,307.731 662.743,308.661 904.193,313.796 120.175,314.836 217.274,316.019 641.152,318.806 415.020,320.027 923.874,323.848 420.730,325.281 390.474,329.622 763.240,335.513 465.970,336.533 99.168,342.857 229.144,342.571 265.542,345.744 803.127,350.743 731.360,356.997 555.019,360.109 566.613,360.639 642.670,363.335 717.717,363.957 261.077,366.676 651.333,365.551 365.964,367.983 731.077,368.202 838.527,370.040 662.078,377.803 649.399,378.237 839.483,385.559 1005.187,393.589 348.462,401.891 748.661,402.651 967.570,404.387 803.483,405.456 61.940,411.060 264.041,412.138 747.608,415.481 698.715,417.758 708.194,417.441 387.132,418.636 760.960,419.174 265.284,419.490 205.333,421.576 914.649,421.595 1010.650,426.697 660.051,432.285 438.394,442.128 287.747,443.225 331.657,443.306 394.974,444.581 208.326,444.667 785.775,446.469 468.374,448.370 838.257,448.949 158.335,454.696 919.697,451.688 312.717,454.238 664.431,452.200 744.145,452.406 750.315,456.203 701.519,459.598 206.097,464.864 128.689,466.633 164.377,471.426 1008.977,473.483 872.990,477.507 504.481,484.092 18.679,484.004 968.529,485.852 496.039,486.957 374.924,491.240 821.297,490.675 487.427,496.551 974.996,510.282 804.625,512.447 953.451,511.827 869.428,513.272 16.227,513.900 223.130,516.278 359.700,516.995 1013.858,519.610 658.454,523.230 782.994,527.533 634.682,532.492 520.314,537.742 755.001,538.522 166.957,538.056 64.177,548.632 788.203,549.441 532.103,551.613 297.938,554.469 566.833,553.997 845.427,554.270 927.513,554.281 935.506,557.853 317.652,564.677 1010.708,564.611 807.014,565.694 438.506,567.992 380.295,570.045 129.811,583.536 748.844,584.514 196.500,585.000 826.852,585.766 39.787,588.588 233.523,588.675 797.033,594.927 400.199,603.513 721.282,603.374 728.203,604.496 833.321,606.037 827.578,609.698 798.517,608.219 814.771,609.504 794.828,611.058 51.132,611.437 503.506,612.094 775.418,615.740 904.655,616.610 498.522,623.485 791.474,624.617 921.875,624.079 119.766,628.251 600.435,635.187 439.805,637.458 787.836,639.482 808.720,641.593 527.024,647.561 948.458,648.560 725.775,653.034 910.055,662.928 938.772,663.334 864.299,663.814 859.399,668.339 604.060,670.324 825.664,675.640 569.554,677.634 476.288,678.390 464.447,680.166 662.205,682.903 742.548,682.998 764.737,686.299 802.843,700.429 373.123,705.525 601.850,706.257 914.464,707.765 733.985,711.492 846.833,712.537 956.969,713.019 193.540,714.584 668.801,715.182 793.649,715.644 802.693,716.740 800.786,721.545 851.500,722.528 39.595,726.070 175.657,729.365 162.168,736.122 696.089,746.851 194.122,748.686 710.314,751.819 610.408,752.408 759.240,754.710 31.523,756.793 394.314,757.130 704.249,762.185 77.168,775.833 866.563,777.381 438.022,779.480 680.618,780.543 140.509,782.784 478.544,787.980 809.532,790.591 371.146,793.846 355.522,795.965 944.778,797.222 469.301,806.756 210.021,818.511 158.609,820.779 219.022,820.011 513.188,831.109 122.504,831.146 344.406,831.711 775.299,833.356 475.984,834.365 509.144,839.626 870.630,845.685 466.441,849.016 880.449,855.752 419.292,856.715 675.142,857.645 449.506,858.974 831.874,858.729 900.780,862.602 854.497,862.491 847.117,864.774 567.749,866.429 613.460,867.456 834.659,868.886 256.782,870.977 613.336,874.310 310.619,887.288 428.961,887.762 469.344,893.378 394.489,898.193 645.627,904.373 461.812,905.884 436.179,913.500 672.001,914.417 876.028,914.028 987.034,915.313 114.995,918.516 167.025,924.230 595.594,924.975 819.669,924.371 475.854,925.445 924.002,926.703 460.960,927.926 796.548,932.229 335.051,934.115 814.181,937.319 54.560,938.458 896.922,939.877 393.455,945.000 791.467,947.352 342.865,949.071 812.802,953.513 1013.431,958.534 460.448,966.743 99.717,971.136 170.952,976.988 282.022,977.763 757.469,977.430 622.396,985.135 673.273,983.652 925.071,985.921 427.566,991.981 705.605,996.633 179.958,1007.446 640.217,1007.676 880.449,1015.529 205.633,1016.343 369.451,1018.516
AAK1 702.137,3.612 683.218,8.500 604.500,8.500 699.567,16.393 350.213,18.787 602.500,19.500 690.500,19.500 631.500,21.500 945.491,27.790 880.000,28.500 164.500,30.500 166.500,30.500 663.500,43.500 665.500,44.500 921.985,51.528 867.951,58.500 516.948,60.500 516.500,62.500 652.751,65.215 795.200,69.970 895.098,69.500 895.154,71.500 736.500,78.500 437.500,79.500 439.500,80.500 376.500,91.500 809.500,101.500 680.081,104.777 503.500,105.500 759.421,106.983 660.500,106.500 910.378,107.304 661.500,107.500 835.500,112.500 835.500,114.500 108.272,119.074 436.500,120.500 437.500,121.500 439.500,121.500 526.500,129.500 908.500,131.000 906.500,132.500 853.265,135.556 941.081,137.415 531.500,139.098 906.374,140.448 911.261,140.322 531.500,141.500 573.500,149.500 78.500,150.500 572.228,150.813 570.500,151.500 868.733,152.670 46.500,153.500 496.500,164.500 145.500,167.500 144.500,168.500 799.500,168.500 214.500,169.500 800.500,169.500 215.250,171.147 907.303,173.852 402.500,175.500 674.500,175.500 790.000,176.500 401.500,176.500 403.500,176.500 790.500,178.500 544.562,183.915 906.500,184.948 908.500,185.500 673.658,188.923 172.500,189.500 748.500,191.500 751.500,191.500 749.976,192.500 833.500,209.500 832.500,210.500 629.500,214.500 632.500,214.500 45.500,216.500 991.936,221.816 413.500,232.500 469.500,236.500 265.215,239.061 706.500,239.500 692.946,242.270 879.500,242.500 873.511,247.578 954.084,247.801 99.500,249.500 100.500,250.500 623.098,250.500 101.500,251.500 713.254,259.148 751.324,265.204 473.250,265.826 471.500,266.500 472.500,267.500 576.500,268.500 650.500,269.500 635.552,271.506 649.500,270.500 651.500,271.500 726.290,273.784 69.948,272.500 653.500,272.500 753.525,279.761 447.500,280.500 606.508,281.720 261.500,282.500 92.499,283.500 260.500,283.500 765.500,286.500 764.500,287.500 783.500,288.500 662.500,309.500 120.218,314.500 904.500,314.500 217.052,315.500 218.500,316.500 641.149,318.566 416.500,319.500 922.500,322.500 924.150,323.772 420.753,324.945 419.500,326.500 390.500,329.500 391.500,330.500 764.500,333.500 466.024,335.557 763.278,334.906 762.500,336.500 465.500,337.500 99.500,341.500 98.813,343.228 803.187,350.710 555.500,360.000 566.711,360.698 642.504,363.193 717.771,364.258 651.069,365.392 261.221,366.538 365.500,366.500 366.500,367.500 730.998,368.482 838.740,370.203 662.105,378.058 649.789,377.809 647.500,378.500 648.500,379.500 838.500,385.500 1006.500,394.500 348.433,401.500 747.500,403.049 750.000,402.500 804.500,406.500 61.362,411.186 263.500,412.500 748.500,415.500 708.500,417.500 761.256,419.032 206.500,419.500 205.322,421.666 915.266,421.312 913.500,422.500 914.500,423.500 660.227,431.543 659.500,433.500 438.711,441.949 287.787,442.787 436.500,442.500 394.874,444.697 288.500,444.500 785.500,445.500 468.373,448.629 470.500,447.500 786.500,447.500 839.500,449.500 920.500,449.500 919.941,451.686 312.765,454.226 158.314,454.796 744.052,452.500 750.500,456.500 701.500,459.500 702.500,460.500 204.500,463.500 206.263,465.022 128.500,467.500 164.767,470.767 872.893,477.552 504.199,484.235 968.500,487.500 375.230,491.522 487.471,496.650 804.519,512.673 953.500,511.948 16.397,513.641 869.937,513.453 223.765,516.500 1013.804,519.439 658.052,522.500 782.500,527.500 634.626,532.455 519.500,535.500 3.500,536.500 520.385,537.665 2.740,538.192 167.500,537.500 755.327,538.435 519.500,539.500 753.500,539.500 64.089,548.703 532.222,551.476 845.252,554.178 298.245,554.221 566.500,553.500 928.500,553.500 567.500,554.500 927.500,554.500 934.500,557.500 936.500,558.500 1010.500,565.500 807.500,566.500 439.500,567.500 380.500,569.500 379.500,570.500 129.500,582.500 826.765,585.584 195.500,585.500 232.500,587.500 39.500,588.500 233.500,589.000 401.500,603.500 722.500,603.500 833.500,606.951 827.881,609.150 798.500,609.500 502.969,612.363 795.000,611.500 823.500,612.500 828.500,612.500 775.500,614.500 904.500,616.112 905.500,617.500 921.831,624.020 790.207,624.578 120.500,628.500 794.500,629.500 600.500,634.500 788.500,640.500 808.500,641.500 527.500,646.500 526.759,648.138 948.500,648.500 726.523,652.744 724.500,653.500 910.500,661.500 938.000,662.500 864.429,663.500 909.500,663.500 940.000,663.500 938.500,665.000 859.500,668.500 604.018,671.018 824.500,675.500 825.500,676.500 569.500,677.500 570.500,678.500 464.500,680.500 661.500,681.500 662.478,683.239 743.500,682.500 765.500,686.500 803.500,700.500 373.136,705.532 601.438,706.254 914.500,707.353 956.500,712.500 668.500,714.052 846.500,713.500 669.500,715.500 851.619,722.640 38.500,725.500 39.500,727.000 161.500,734.500 160.500,737.500 696.133,746.884 710.433,751.550 393.500,756.500 704.463,762.233 702.500,763.500 867.000,777.000 437.777,779.223 680.500,780.500 140.681,782.598 142.500,783.500 809.500,790.499 371.500,795.500 355.500,796.500 469.500,807.000 158.641,820.815 219.205,819.761 513.482,831.069 345.500,832.000 122.500,832.500 343.500,832.500 775.500,832.500 476.500,834.500 774.500,834.500 509.052,839.500 466.500,849.500 880.228,855.813 419.500,856.500 675.052,856.500 831.500,858.068 448.500,859.000 832.500,859.500 901.134,862.426 853.948,862.500 846.500,864.928 848.500,864.500 567.000,866.500 834.500,868.677 613.500,868.500 256.912,871.210 835.500,870.500 612.500,873.500 612.500,875.500 311.000,886.500 428.875,887.228 468.801,893.500 646.500,902.500 645.610,904.702 461.987,906.013 671.500,914.500 875.500,914.500 987.012,915.311 167.025,923.975 595.768,924.735 168.500,925.500 924.745,926.255 460.664,927.686 924.500,928.500 334.500,933.500 335.500,934.500 813.273,936.974 815.500,937.500 896.893,939.862 54.500,938.500 343.500,949.052 341.500,949.500 813.500,953.500 1013.228,958.187 460.198,966.500 100.500,970.500 281.603,977.638 757.500,977.500 622.599,985.032 673.000,983.500 925.983,985.548 923.500,986.500 924.500,987.500 705.500,996.500 179.500,1006.500 180.500,1007.902 639.500,1008.500 880.019,1015.269 205.424,1016.143 367.500,1017.500 369.584,1018.632
AAK2 108.500,119.500 726.372,273.801 158.286,454.881 312.500,454.500 872.851,477.787 634.500,532.500 373.500,705.500 695.500,746.500 896.951,939.930
AAK3 156.500,87.500 6.500,106.500 108.500,119.500 726.426,273.774 833.500,356.500 158.268,454.899 872.500,477.895 578.500,609.500 356.500,657.500 146.500,844.500
AAK4 108.500,119.500 726.381,273.817 158.156,454.860 312.500,454.500 872.922,477.953 634.500,532.500 695.500,746.500 896.970,939.958
AAK5 940.500,1.500 787.500,4.500 972.500,4.500 332.500,8.500 286.500,10.500 993.500,11.500 696.500,13.500 722.500,13.500 108.500,14.500 57.500,15.500 726.500,17.500 604.500,18.500 506.500,23.500 273.500,24.500 781.500,25.500 974.500,25.500 196.500,29.500 435.500,29.500 96.500,34.500 398.500,38.500 354.500,39.500 663.500,39.500 220.500,43.500 203.500,44.500 268.500,45.500 634.500,46.500 921.500,47.500 956.500,49.500 153.500,51.500 130.500,52.500 53.500,54.500 356.500,55.500 772.500,56.500 502.500,58.500 481.500,62.500 285.500,63.500 147.500,65.500 813.500,65.500 75.500,67.500 705.500,67.500 548.500,68.500 200.500,69.500 131.500,79.500 640.500,80.500 722.500,80.500 452.500,83.500 720.500,83.500 120.500,87.500 537.500,88.500 95.500,90.500 579.500,93.500 508.500,95.500 7.500,98.500 779.500,98.500 860.500,98.500 188.500,99.500 770.500,101.500 502.500,104.500 298.500,105.500 968.500,105.500 554.500,106.500 646.500,106.500 759.500,107.500 803.500,107.500 131.500,108.500 256.500,110.500 588.500,110.500 939.500,110.500 1014.500,111.500 541.500,119.500 385.500,120.500 554.500,122.500 250.500,123.500 403.500,127.500 379.500,128.500 581.500,129.500 459.500,133.500 627.500,134.500 813.500,137.500 654.500,139.500 912.500,140.500 489.500,141.500 263.500,142.500 761.500,142.500 791.500,142.500 237.500,144.500 215.500,147.500 560.500,147.500 147.500,148.500 870.500,155.500 146.500,157.500 344.500,160.500 656.500,165.500 810.500,165.500 229.500,178.500 301.500,178.500 919.500,180.500 565.500,181.500 533.500,185.500 590.500,186.500 199.500,187.500 353.500,188.500 886.500,189.500 61.500,190.500 76.500,190.500 428.500,191.500 222.500,193.500 798.500,193.500 938.500,195.500 121.500,196.500 657.500,196.500 550.500,198.500 166.500,200.500 671.500,208.500 89.500,218.500 773.500,220.500 454.500,221.500 759.500,221.500 187.500,223.500 185.500,224.500 624.500,224.500 117.500,226.500 157.500,230.500 344.500,233.500 736.500,233.500 453.500,234.500 194.500,235.500 51.500,236.500 662.500,238.500 170.500,239.500 545.500,241.500 868.500,242.500 502.500,243.500 461.500,246.500 493.500,246.500 339.500,252.500 491.500,254.500 496.500,254.500 127.500,255.500 147.500,256.500 19.500,257.500 360.500,257.500 283.500,261.500 607.500,264.500 781.500,270.500 724.500,271.500 725.500,273.500 212.500,274.500 727.500,274.500 726.500,275.500 947.500,275.500 579.500,276.500 729.259,276.847 954.500,278.500 342.500,282.500 363.500,283.500 1014.500,286.500 67.500,289.500 261.500,292.500 207.500,293.500 467.500,294.500 303.500,296.500 788.500,296.500 818.500,296.500 126.500,298.500 400.500,300.500 792.500,301.500 893.500,303.500 189.500,305.500 558.500,305.500 525.500,307.500 751.500,307.500 410.500,310.500 748.500,312.500 24.500,315.500 736.500,315.500 765.500,315.500 895.500,315.500 125.500,319.500 838.500,319.500 131.500,321.500 1007.500,321.500 56.500,322.500 260.500,326.500 626.500,327.500 591.500,328.500 417.500,329.500 566.500,331.500 58.500,332.500 516.500,332.500 773.500,333.500 631.500,337.500 671.500,337.500 665.500,338.500 209.500,340.500 430.500,344.500 841.500,344.500 209.500,345.500 179.500,349.500 615.500,350.500 1009.500,350.500 323.500,353.500 805.500,353.500 467.500,359.500 451.500,360.500 58.500,363.500 601.500,363.500 148.500,365.500 190.500,365.500 391.500,369.500 226.500,370.500 44.500,373.500 370.500,374.500 247.500,376.500 775.500,378.500 440.500,379.500 444.500,379.500 635.500,379.500 995.500,380.500 543.500,382.500 435.500,386.500 179.500,388.500 820.500,388.500 612.500,390.500 781.500,391.500 1008.500,398.500 124.500,399.500 316.500,404.500 851.500,405.500 107.500,417.500 183.500,417.500 214.500,417.500 844.500,417.500 866.500,418.500 144.500,419.500 63.500,422.500 79.500,426.500 622.500,427.500 801.500,427.500 882.500,430.500 193.500,435.500 790.500,436.500 1015.500,443.500 419.500,444.500 408.500,445.500 366.500,448.500 685.500,449.500 158.462,454.790 346.500,450.500 391.500,451.500 80.500,455.500 313.500,456.500 562.500,456.500 158.500,457.500 347.500,457.500 756.500,457.500 997.500,462.500 770.500,464.500 144.500,466.500 275.500,467.500 606.500,474.500 707.500,477.500 761.500,478.500 885.500,478.500 875.500,479.500 617.500,482.500 215.500,483.500 545.500,483.500 741.500,483.500 653.500,490.500 538.500,491.500 605.500,491.500 591.500,492.500 9.500,494.500 506.500,497.500 829.500,498.500 962.500,498.500 264.500,500.500 443.500,501.500 233.500,503.500 691.500,506.500 27.500,518.500 882.500,519.500 976.500,522.500 384.500,523.500 113.500,524.500 306.500,529.500 347.500,531.500 634.500,533.500 93.500,536.500 3.500,540.500 632.500,540.500 171.500,541.500 319.500,541.500 882.500,541.500 988.500,541.500 503.500,545.500 334.500,546.500 513.500,547.500 849.500,548.500 551.500,550.500 160.500,553.500 169.500,553.500 576.500,553.500 255.500,559.500 858.500,560.500 116.500,561.500 938.500,562.500 988.500,562.500 565.500,563.500 949.500,564.500 308.500,567.500 433.500,568.500 466.500,569.500 598.500,569.500 297.500,570.500 505.500,570.500 1009.500,570.500 1018.500,570.500 705.500,572.500 573.500,573.500 517.500,574.500 335.500,576.500 166.500,578.500 238.500,578.500 378.500,578.500 97.500,582.500 248.500,584.500 638.500,591.500 322.500,594.500 1.500,598.500 456.500,605.500 489.500,609.500 871.500,612.500 259.500,614.500 789.500,614.500 989.500,616.500 729.500,618.500 464.500,619.500 771.500,625.500 778.500,627.500 10.500,630.500 826.500,631.500 652.500,633.500 892.500,638.500 582.500,639.500 815.500,640.500 329.500,646.500 393.500,650.500 639.500,650.500 96.500,651.500 149.500,652.500 899.500,652.500 677.500,653.500 843.500,653.500 318.500,656.500 527.500,656.500 982.500,656.500 524.500,657.500 10.500,659.500 946.500,665.500 69.500,668.500 895.500,670.500 461.500,672.500 22.500,674.500 205.500,675.500 562.500,678.500 41.500,679.500 9.500,680.500 433.500,680.500 340.500,683.500 9.500,684.500 568.500,687.500 955.500,687.500 783.500,690.500 994.500,690.500 490.500,693.500 104.500,696.500 308.500,696.500 824.500,698.500 552.500,701.500 363.500,702.500 95.500,703.500 60.500,707.500 29.500,708.500 194.500,708.500 467.500,710.500 323.500,712.500 855.500,713.500 62.500,714.500 96.500,716.500 690.500,716.500 383.500,717.500 487.500,718.500 688.500,727.500 179.500,728.500 326.500,728.500 824.500,729.500 1010.500,730.500 242.500,733.500 410.500,738.500 519.500,739.500 744.500,739.500 807.500,739.500 476.500,740.500 488.500,740.500 508.500,741.500 12.500,742.500 123.500,742.500 693.500,742.500 569.500,743.500 693.500,744.500 568.500,745.500 628.500,746.500 727.500,747.500 641.500,748.500 854.500,749.500 697.500,750.500 916.500,750.500 959.500,750.500 986.500,750.500 845.500,753.500 834.500,755.500 987.500,756.500 114.500,757.500 69.500,764.500 699.500,764.500 85.500,767.500 716.500,768.500 703.500,772.500 197.500,773.500 638.500,774.500 374.500,775.500 545.500,775.500 806.500,775.500 466.500,776.500 891.500,776.500 780.500,777.500 554.500,778.500 242.500,782.500 662.500,784.500 128.500,786.500 19.500,793.500 555.500,797.500 197.500,798.500 713.500,801.500 177.500,806.500 9.500,807.500 257.500,808.500 316.500,808.500 210.500,818.500 925.500,820.500 286.500,823.500 292.500,824.500 81.500,828.500 1006.500,828.500 76.500,829.500 94.500,829.500 261.500,829.500 240.500,830.500 205.500,835.500 136.500,836.500 111.500,839.500 563.500,839.500 391.500,840.500 198.500,842.500 104.500,843.500 270.500,855.500 780.500,857.500 196.500,858.500 492.500,862.500 907.500,862.500 12.500,863.500 439.500,864.500 762.500,865.500 769.500,867.500 767.500,868.500 708.500,874.500 368.500,875.500 715.500,875.500 750.500,881.500 147.500,885.500 524.500,885.500 970.500,885.500 295.500,886.500 1018.500,890.500 752.500,891.500 958.500,892.500 890.500,893.500 455.500,895.500 706.500,897.500 654.500,898.500 377.500,899.500 483.500,899.500 118.500,901.500 674.500,902.500 355.500,903.500 409.500,903.500 267.500,904.500 798.500,910.500 906.500,914.500 832.500,917.500 490.500,919.500 214.500,922.500 546.500,924.500 257.500,927.500 878.500,927.500 677.500,928.500 155.500,931.500 730.500,932.500 250.500,933.500 966.500,933.500 240.500,935.500 244.500,935.500 186.500,936.500 894.500,936.500 550.500,942.500 899.500,943.500 179.500,945.500 820.500,951.500 774.500,953.500 86.500,954.500 609.500,955.500 38.500,956.500 44.500,958.500 500.500,958.500 309.500,962.500 984.500,966.500 325.500,967.500 615.500,968.500 1.500,971.500 976.500,971.500 442.500,972.500 1012.500,975.500 861.500,978.500 1015.500,981.500 94.500,983.500 706.500,984.500 259.500,985.500 310.500,987.500 639.500,990.500 202.500,991.500 254.500,991.500 897.500,992.500 250.500,993.500 376.500,995.500 657.500,995.500 585.500,996.500 556.500,998.500 731.500,999.500 897.500,999.500 466.500,1004.500 515.500,1004.500 307.500,1005.500 1009.500,1005.500 18.500,1009.500 99.500,1011.500 529.500,1013.500 372.500,1014.500 471.500,1014.500 360.500,1017.500 951.500,1021.500 893.500,1022.500 993.500,1022.500
AAK6 727.500,274.500 156.437,453.352
AAL0 727.206,9.727 956.723,12.188 757.820,18.202 982.871,18.671 168.205,22.398 460.537,22.880 456.000,27.252 930.504,29.496 347.995,36.390 217.644,41.445 45.017,44.754 190.806,49.724 341.874,50.660 500.075,55.318 101.493,55.984 956.980,57.484 821.393,58.885 843.006,61.976 614.848,63.774 203.095,71.835 887.715,83.313 464.345,86.331 250.623,87.605 302.014,94.852 885.088,93.765 250.787,94.957 269.914,96.044 875.779,100.100 100.155,103.620 318.512,116.447 3.231,134.846 530.659,138.345 396.668,143.861 28.527,150.986 121.987,152.390 364.397,156.267 73.146,157.392 128.603,158.843 109.950,170.877 434.287,181.455 843.675,187.196 14.961,194.879 212.561,196.843 867.263,200.323 76.147,202.000 440.548,208.827 56.844,211.609 371.734,213.371 571.831,215.175 228.155,217.774 736.024,216.482 889.688,220.008 428.967,222.485 900.329,229.014 949.618,235.536 627.632,237.244 40.773,237.767 437.246,240.496 820.373,240.565 441.547,256.402 688.229,258.485 241.699,261.608 464.845,260.896 760.308,262.109 936.832,263.377 245.880,265.654 338.114,267.741 456.074,270.921 742.807,272.185 665.134,272.642 827.290,276.312 26.109,277.808 348.368,280.523 216.024,285.665 1015.562,284.833 1016.033,292.011 61.462,297.243 807.240,300.603 332.634,302.907 844.857,308.468 273.521,317.413 571.345,319.613 785.109,325.123 131.864,326.647 153.593,327.524 453.245,328.840 637.003,331.625 801.518,332.476 212.218,338.360 20.420,338.644 71.449,339.005 204.324,339.598 319.366,340.463 375.744,344.469 788.165,353.548 522.641,354.273 585.864,361.960 211.037,363.063 100.375,372.335 113.603,379.419 267.125,382.831 1016.402,389.504 435.143,396.978 264.623,402.320 646.060,403.971 596.727,407.370 171.410,410.751 422.782,411.163 260.908,412.028 548.745,412.513 267.880,426.795 449.640,426.630 721.323,431.432 902.168,434.538 996.721,434.595 735.086,438.799 86.396,444.006 504.977,447.266 14.520,460.977 385.998,461.316 733.845,462.986 257.955,464.061 967.910,475.525 339.386,480.340 205.565,481.150 985.426,482.751 112.450,484.561 235.714,488.690 937.591,492.591 655.845,494.859 167.660,495.871 307.448,500.342 220.268,500.221 395.422,506.804 569.489,517.536 177.966,519.743 291.263,518.317 262.820,524.006 820.160,523.453 156.385,526.192 712.511,532.439 906.327,538.273 868.595,539.824 940.991,540.714 194.603,542.747 305.352,543.334 915.780,545.272 801.193,546.938 370.467,558.843 461.445,574.067 697.145,576.047 656.489,582.500 282.063,602.447 438.635,602.844 402.722,605.475 560.497,609.986 889.799,609.330 615.233,611.115 438.277,612.303 316.614,613.511 1009.283,620.707 702.523,621.878 7.462,623.579 756.869,626.700 574.084,631.072 949.437,635.129 502.543,638.775 673.498,650.622 116.791,655.579 388.223,659.333 194.475,659.984 879.352,662.192 216.134,667.357 408.783,668.635 143.690,673.294 359.973,674.362 445.088,678.617 682.043,683.882 235.478,687.943 661.087,690.957 398.087,692.563 616.853,701.552 323.736,701.552 832.707,701.743 986.554,710.041 857.264,714.726 511.512,720.452 950.352,723.410 384.240,728.409 231.189,734.440 116.707,739.613 524.079,740.939 753.405,747.578 269.585,754.818 836.458,757.950 870.541,760.196 71.692,766.332 664.984,766.296 744.422,769.143 980.249,770.043 664.289,777.324 723.796,776.564 1011.060,778.086 735.182,778.530 732.660,784.070 492.503,786.170 4.923,787.082 708.023,791.549 20.196,798.124 907.704,798.364 912.680,797.337 855.858,804.008 28.630,803.146 724.911,806.110 214.343,806.657 290.525,809.398 503.957,812.112 938.705,813.960 193.547,820.967 727.602,821.422 647.173,826.024 327.724,827.030 243.751,829.247 146.674,834.695 258.495,837.252 305.484,848.927 607.265,848.539 68.379,849.820 562.988,855.899 339.844,862.048 155.665,876.157 650.623,884.408 997.144,889.677 469.369,892.828 634.651,895.105 1000.456,895.753 508.442,899.027 396.408,901.006 185.617,907.626 95.882,912.710 792.658,915.889 809.930,915.811 681.475,922.475 719.763,925.591 35.570,935.807 944.230,934.524 780.833,936.519 239.357,942.217 321.330,943.077 74.609,946.658 796.590,955.419 39.764,961.590 717.756,962.494 90.029,968.688 43.664,969.532 223.039,975.620 660.504,978.767 496.230,981.586 567.902,984.488 20.914,984.688 211.717,989.317 109.931,999.487 6.694,999.951 262.427,1000.269 323.982,1000.870 56.018,1002.171 826.401,1004.840 879.846,1006.397 149.192,1011.993 1019.771,1013.764 686.689,1016.338 486.211,1019.796
AAL1 727.275,9.753 956.650,12.143 725.500,11.500 757.795,18.232 982.500,18.948 169.500,21.500 461.063,22.544 167.814,22.856 455.500,27.500 347.994,36.421 216.500,42.500 44.500,43.500 45.500,46.500 191.365,49.167 341.500,50.500 186.747,52.036 101.500,55.118 500.500,55.353 99.500,55.500 957.500,56.500 499.500,57.500 821.500,57.500 1021.500,59.500 821.500,60.500 615.094,63.722 202.500,71.500 204.000,72.500 888.500,82.500 887.098,83.500 250.482,87.500 302.162,94.767 885.203,93.797 251.500,94.500 250.500,95.500 270.500,96.500 875.500,99.500 874.500,100.500 318.500,116.226 2.928,134.788 530.792,138.288 396.767,143.767 364.735,156.235 128.698,158.794 73.500,157.500 109.500,171.500 434.500,181.500 843.909,187.730 867.058,199.716 75.500,200.500 440.498,208.860 372.076,213.353 56.500,212.500 571.500,215.500 735.500,215.500 226.500,216.500 228.562,217.794 737.500,217.500 889.500,220.000 891.500,219.500 429.500,222.500 948.500,235.500 40.500,237.500 628.500,237.500 950.500,237.500 820.500,239.500 437.233,240.767 440.500,254.500 441.732,256.638 687.500,257.500 241.709,261.520 688.500,259.500 464.979,261.463 760.500,260.500 936.500,264.500 338.188,267.495 455.809,270.789 742.787,271.787 664.500,272.500 666.500,272.500 26.130,277.686 827.499,276.500 349.500,280.500 216.132,285.598 1014.500,284.500 1015.500,285.500 1015.544,291.753 61.500,297.500 807.314,300.700 333.046,303.327 844.500,306.500 845.500,307.500 844.500,308.500 786.500,324.500 783.500,325.500 131.500,327.500 152.500,327.500 451.500,327.500 155.500,328.500 452.500,328.500 454.500,329.500 638.500,330.500 800.500,332.500 802.500,332.500 801.500,333.500 213.018,338.392 20.500,338.500 71.320,339.141 318.500,339.500 320.098,340.500 375.512,344.346 586.500,361.500 212.052,362.500 210.500,364.000 101.000,372.500 113.500,378.500 266.500,381.928 267.500,383.500 1016.327,389.412 434.949,396.883 263.500,401.500 264.500,402.500 646.014,404.102 596.500,407.500 422.570,410.500 260.813,412.649 423.500,412.500 549.072,412.500 267.471,426.896 449.657,426.785 721.097,431.226 901.500,433.500 997.500,433.500 995.787,434.787 735.115,438.879 504.500,447.500 505.500,448.500 385.665,461.035 15.500,461.500 734.000,462.976 257.117,464.305 967.868,475.356 339.274,480.296 985.946,482.031 111.500,484.052 340.500,483.500 984.500,483.500 985.500,484.500 235.848,488.532 937.787,492.213 655.331,494.879 220.500,500.500 306.500,500.500 308.500,500.500 569.454,517.525 291.500,517.500 178.171,520.180 156.516,526.177 712.613,532.835 195.198,542.763 304.500,542.500 916.500,543.500 917.500,545.500 914.500,546.500 801.500,547.500 371.500,557.500 370.500,559.500 461.492,574.500 696.500,575.500 698.187,576.228 282.902,602.500 281.500,603.500 401.500,605.500 402.500,606.500 561.052,609.500 889.902,609.500 615.500,611.500 438.000,612.500 317.500,613.500 7.500,623.500 756.500,627.500 574.500,629.500 573.500,630.500 574.500,631.500 947.500,635.500 949.500,635.500 502.000,638.500 503.500,639.500 673.673,650.851 116.500,655.500 388.403,659.370 194.826,659.684 879.500,662.500 214.972,667.770 216.500,666.500 217.500,667.500 408.717,668.826 143.801,673.236 444.500,677.500 445.500,678.500 444.500,679.500 681.500,683.500 682.500,685.500 235.500,688.500 661.500,690.500 398.019,692.508 323.991,701.503 617.500,700.948 986.526,709.992 857.500,714.500 512.500,719.500 511.500,720.500 949.500,722.500 948.500,723.500 950.052,724.500 383.924,728.167 230.864,734.524 385.801,732.764 116.500,739.500 523.940,740.802 525.500,739.500 754.500,748.500 269.451,754.583 836.801,757.764 870.437,760.048 872.500,760.500 71.713,766.349 665.500,766.000 747.500,766.500 664.500,767.500 744.909,769.805 980.000,769.500 981.500,770.500 664.500,777.500 735.213,778.213 1010.500,779.500 732.464,783.969 494.000,785.500 734.500,785.500 4.826,786.750 492.000,786.500 708.478,791.495 20.326,798.129 906.500,796.500 907.500,798.098 28.500,802.500 855.773,804.062 29.500,803.500 214.500,805.500 723.500,806.500 725.500,806.500 503.500,812.500 938.500,813.147 504.500,813.500 939.500,814.500 727.500,821.000 647.787,825.787 328.500,826.500 146.500,835.000 305.500,848.500 68.500,849.500 339.000,862.500 155.686,876.025 650.600,883.904 997.196,889.695 469.600,892.651 633.500,894.500 635.500,894.500 1000.000,896.500 508.324,898.880 396.500,900.500 96.000,912.500 97.500,913.500 792.500,916.000 681.500,923.500 719.500,925.500 718.500,926.500 35.585,935.845 943.500,935.500 781.500,937.000 239.195,942.368 321.500,941.500 74.500,947.000 795.902,954.500 39.772,961.552 717.000,962.500 89.959,968.685 43.937,969.544 223.500,973.500 223.000,975.500 659.500,978.500 496.500,982.500 567.967,984.560 20.464,984.963 211.786,989.326 109.500,997.500 109.952,999.285 6.500,999.500 262.271,1000.199 7.500,1000.500 56.202,1001.895 323.500,1000.500 827.000,1005.500 879.500,1006.500 149.284,1012.058 1019.737,1013.723 686.500,1015.500 685.500,1016.500
AAL2 956.500,11.500 302.248,94.827 531.500,138.500 129.500,158.500 128.500,159.500 241.730,261.274 215.991,285.500 375.500,344.045 1016.500,389.500 560.500,609.500 388.500,659.500 997.279,889.688 90.195,968.798 568.159,984.917
AAL3 302.500,95.500 129.500,158.500 446.500,190.500 241.500,261.500 54.500,524.500 560.500,609.500 348.500,657.500 80.500,844.500 997.256,890.146
AAL4 956.500,11.500 302.235,94.814 531.500,138.500 129.500,158.500 128.500,159.500 241.755,261.248 215.995,285.500 375.500,344.500 1016.500,389.500 560.500,609.500 388.500,659.500 997.313,889.667 90.203,968.793 567.985,984.985
AAL5 399.500,3.500 645.500,3.500 757.500,4.500 942.500,4.500 873.500,5.500 401.500,6.500 67.500,8.500 232.500,10.500 542.500,13.500 46.500,14.500 721.500,14.500 1017.500,14.500 191.500,17.500 545.500,22.500 416.500,23.500 925.500,25.500 806.500,29.500 342.500,31.500 102.500,34.500 237.500,34.500 531.500,38.500 353.500,39.500 649.500,39.500 206.500,43.500 515.500,44.500 600.500,47.500 855.500,47.500 538.500,49.500 32.500,52.500 221.500,52.500 953.500,53.500 916.500,54.500 1019.500,57.500 384.500,58.500 49.500,59.500 636.500,61.500 468.500,63.500 871.500,64.500 685.500,65.500 567.500,67.500 404.500,68.500 353.500,70.500 846.500,70.500 519.500,74.500 373.500,79.500 596.500,80.500 1020.500,86.500 375.500,93.500 294.500,95.500 803.500,97.500 306.500,98.500 626.500,98.500 137.500,102.500 258.500,104.500 752.500,105.500 535.500,107.500 579.500,107.500 931.500,107.500 56.500,110.500 388.500,110.500 820.500,111.500 355.500,114.500 398.500,122.500 297.500,127.500 285.500,128.500 7.500,132.500 360.500,134.500 757.500,137.500 441.500,138.500 594.500,139.500 938.500,140.500 243.500,147.500 586.500,147.500 227.500,148.500 627.500,153.500 125.500,155.500 129.500,157.500 61.500,158.500 128.500,159.500 454.500,163.500 548.500,165.500 778.500,172.500 339.500,175.500 571.500,179.500 917.500,180.500 259.500,183.500 505.500,185.500 195.500,187.500 353.500,188.500 416.500,191.500 617.500,191.500 295.500,193.500 115.500,196.500 651.500,196.500 540.500,198.500 877.500,198.500 152.500,200.500 609.500,208.500 864.500,215.500 983.500,217.500 79.500,224.500 33.500,226.500 115.500,230.500 704.500,233.500 417.500,234.500 588.500,235.500 1021.500,235.500 216.500,237.500 346.500,237.500 586.500,238.500 989.500,238.500 88.500,239.500 60.500,243.500 426.500,243.500 2.500,244.500 409.500,246.500 441.500,246.500 830.500,252.500 1020.500,254.500 171.500,256.500 479.500,256.500 561.500,256.500 47.500,257.500 372.500,257.500 826.500,264.500 374.500,265.500 477.500,267.500 873.500,269.500 67.500,271.500 404.500,272.500 237.500,274.500 932.500,275.500 503.500,276.500 854.500,279.500 603.500,283.500 355.500,284.500 216.500,285.500 678.500,286.500 472.983,288.500 944.500,291.500 85.500,293.500 345.500,294.500 180.500,295.500 12.500,296.500 208.500,296.500 660.500,296.500 690.500,296.500 1012.500,297.500 636.500,298.500 649.500,299.500 654.500,301.500 884.500,301.500 687.500,304.500 57.500,305.500 623.500,307.500 440.500,309.500 154.500,310.500 608.500,312.500 19.500,314.500 894.500,314.500 588.500,315.500 617.500,315.500 747.500,315.500 1011.500,318.500 700.500,319.500 893.500,321.500 966.500,321.500 158.500,326.500 514.500,327.500 471.500,328.500 298.500,329.500 954.500,329.500 470.500,331.500 802.500,336.500 507.500,337.500 547.500,337.500 543.500,338.500 85.500,340.500 463.500,341.500 910.500,341.500 713.500,344.500 869.500,347.500 855.500,350.500 838.500,351.500 141.500,353.500 141.500,355.500 229.500,355.500 147.500,356.500 656.500,357.500 728.500,357.500 287.500,359.500 912.500,362.500 441.500,363.500 2.500,365.500 44.500,365.500 297.500,369.500 103.500,370.500 1002.500,372.500 849.500,373.500 699.500,378.500 643.500,380.500 495.500,382.500 453.500,386.500 20.500,388.500 122.500,389.500 73.500,390.500 436.500,390.500 611.500,391.500 716.500,398.500 922.500,398.500 112.500,404.500 350.500,409.500 756.500,411.500 937.500,416.500 1013.500,416.500 24.500,417.500 694.500,418.500 174.500,420.500 888.500,421.500 609.500,427.500 977.500,436.500 737.500,439.500 1009.500,439.500 397.500,440.500 320.500,448.500 120.500,450.500 446.500,450.500 1010.500,454.500 341.500,457.500 754.500,457.500 919.500,461.500 264.500,465.500 407.500,465.500 541.500,465.500 148.500,466.500 311.500,467.500 70.500,468.500 1019.500,474.500 868.500,477.500 335.500,478.500 824.500,479.500 715.500,482.500 313.500,483.500 376.500,483.500 637.500,483.500 833.500,483.500 711.500,486.500 657.500,491.500 699.500,492.500 224.500,493.500 123.500,494.500 658.500,497.500 426.500,498.500 975.500,498.500 84.500,499.500 581.500,501.500 737.500,501.500 50.500,518.500 237.500,518.500 521.500,518.500 333.500,521.500 152.500,522.500 578.500,523.500 878.500,530.500 869.500,533.500 610.500,535.500 601.500,537.500 916.500,540.500 453.500,541.500 601.500,541.500 988.500,541.500 246.500,542.500 278.500,544.500 614.500,546.500 823.500,547.500 395.500,548.500 165.500,549.500 693.500,549.500 494.500,553.500 503.500,553.500 916.500,553.500 223.500,556.500 352.500,559.500 621.500,559.500 206.500,561.500 492.500,561.500 330.500,563.500 734.500,567.500 869.500,568.500 618.500,569.500 892.500,569.500 419.500,571.500 428.500,571.500 664.500,572.500 105.500,573.500 943.500,574.500 596.500,578.500 668.500,578.500 625.500,583.500 980.500,586.500 56.500,592.500 926.500,593.500 559.500,597.500 873.500,597.500 659.500,598.500 647.500,602.500 886.500,605.500 861.500,606.500 1020.500,607.500 687.500,609.500 963.500,609.500 353.500,613.500 773.500,614.500 279.500,615.500 972.500,617.500 477.500,620.500 112.500,622.500 501.500,626.500 581.500,627.500 199.500,628.500 350.500,632.500 156.500,634.500 400.500,639.500 975.500,639.500 92.500,640.500 317.500,643.500 342.500,643.500 847.500,646.500 941.500,650.500 693.500,652.500 191.500,654.500 355.500,654.500 537.500,655.500 681.500,655.500 826.500,656.500 11.500,657.500 959.500,657.500 454.500,659.500 916.500,660.500 653.500,663.500 320.500,666.500 200.500,667.500 256.500,671.500 769.500,673.500 976.500,678.500 453.500,679.500 425.500,680.500 849.500,680.500 583.500,683.500 762.500,683.500 1004.500,687.500 365.500,688.500 806.500,690.500 404.500,691.500 886.500,693.500 694.500,696.500 920.500,701.500 976.500,702.500 440.500,707.500 719.500,712.500 237.500,714.500 466.500,714.500 406.500,717.500 855.500,718.500 869.500,720.500 162.500,730.500 824.500,737.500 32.500,738.500 724.500,738.500 835.500,739.500 38.500,740.500 101.500,740.500 749.500,740.500 776.500,740.500 788.500,740.500 831.500,741.500 320.500,742.500 431.500,742.500 872.500,744.500 920.500,745.500 988.500,746.500 238.500,750.500 813.500,750.500 302.500,751.500 345.500,751.500 372.500,751.500 587.500,753.500 277.500,754.500 412.500,755.500 447.500,757.500 117.500,762.500 507.500,764.500 103.500,765.500 207.500,766.500 640.500,769.500 21.500,773.500 533.500,773.500 948.500,774.500 686.500,775.500 851.500,775.500 88.500,776.500 163.500,777.500 36.500,778.500 832.500,778.500 988.500,779.500 534.500,782.500 225.500,785.500 712.500,786.500 402.500,789.500 57.500,796.500 573.500,797.500 765.500,797.500 397.500,798.500 409.500,808.500 468.500,808.500 752.500,809.500 464.500,811.500 302.500,818.500 400.500,818.500 412.500,820.500 1021.500,820.500 932.500,824.500 482.500,826.500 637.500,827.500 80.500,829.500 174.500,829.500 192.500,829.500 357.500,829.500 605.500,829.500 608.500,829.500 3.500,832.500 655.500,839.500 425.500,845.500 256.500,847.500 165.500,850.500 911.500,854.500 80.500,855.500 350.500,855.500 879.500,857.500 986.500,857.500 294.500,858.500 608.500,862.500 45.500,865.500 674.500,866.500 962.500,866.500 932.500,867.500 958.500,870.500 560.500,875.500 906.500,879.500 539.500,881.500 902.500,881.500 237.500,885.500 995.500,887.913 997.500,890.500 726.500,891.500 997.500,892.500 1000.500,892.500 1001.500,895.500 560.500,897.500 498.500,898.500 964.500,900.500 169.500,903.500 225.500,903.500 578.500,903.500 840.500,908.500 612.500,910.500 373.500,912.500 726.500,914.500 80.500,918.500 338.500,919.500 36.500,921.500 322.500,921.500 80.500,922.500 163.500,927.500 786.500,927.500 585.500,928.500 69.500,931.500 825.500,931.500 662.500,932.500 182.500,933.500 912.500,933.500 374.500,935.500 128.500,936.500 642.500,942.500 824.500,943.500 344.500,946.500 390.500,950.500 430.500,951.500 884.500,951.500 152.500,954.500 671.500,955.500 96.500,956.500 626.500,960.500 980.500,966.500 81.500,967.500 309.500,967.500 581.500,968.500 799.500,970.500 123.500,971.500 372.500,972.500 12.500,981.500 961.500,981.500 32.500,983.500 189.500,985.500 206.500,987.500 532.500,989.500 485.500,990.500 44.500,991.500 96.500,991.500 86.500,993.500 929.500,993.500 218.500,995.500 441.500,997.500 555.500,999.500 721.500,999.500 243.500,1000.500 836.500,1002.500 759.500,1003.500 311.500,1004.500 640.500,1004.500 83.500,1005.500 787.500,1005.500 579.500,1009.500 108.500,1014.500 207.500,1014.500 94.500,1017.500 346.500,1020.500 723.500,1021.500 679.500,1022.500 779.500,1022.500 882.500,1022.500
AAL6
AAM0 287.453,6.358 124.587,7.725 351.370,8.529 430.963,10.281 374.328,16.075 302.922,27.266 759.325,27.663 480.529,52.357 52.352,53.334 548.423,54.140 596.377,61.554 528.822,70.350 324.610,71.375 750.804,79.788 763.438,93.318 625.746,94.894 313.489,98.664 759.910,106.985 98.519,115.018 254.353,124.293 687.823,133.456 828.183,134.538 523.965,140.938 176.262,175.377 626.485,175.328 852.827,196.101 299.728,198.720 212.908,203.367 355.126,219.489 591.696,221.039 742.294,224.276 932.258,235.341 307.875,239.374 355.469,244.977 891.630,244.529 323.795,253.292 779.957,255.420 622.767,256.132 603.987,256.689 628.561,257.456 618.617,262.805 278.931,264.010 613.021,263.934 735.932,267.556 779.508,267.422 632.592,269.359 79.508,276.383 626.204,277.615 386.187,280.176 119.705,286.662 648.077,287.173 360.306,291.468 625.241,290.574 250.314,292.273 574.063,292.647 119.445,294.578 636.971,296.500 223.990,305.825 257.871,304.520 387.151,304.481 685.727,304.529 180.758,314.898 690.998,318.592 603.443,351.727 847.845,353.051 646.523,355.296 669.980,357.198 137.511,358.340 148.545,357.756 998.438,358.000 46.015,384.349 133.983,394.467 442.143,398.728 285.395,400.608 488.923,403.533 606.895,405.914 808.470,409.784 839.040,413.000 673.437,419.410 675.006,424.782 1004.526,439.273 520.380,440.885 240.829,459.178 749.696,467.850 827.447,471.548 327.928,474.414 651.519,479.752 901.789,481.851 249.830,489.858 255.293,491.953 40.840,493.679 960.536,503.013 478.975,505.195 822.986,507.962 336.607,519.228 705.882,524.664 671.147,527.095 532.070,532.700 662.970,535.194 684.028,537.869 296.295,543.695 881.578,545.506 367.760,546.240 975.561,546.473 573.475,551.832 762.095,560.961 690.257,562.535 683.203,570.447 83.681,574.742 638.202,575.911 867.775,576.391 618.658,579.187 611.084,585.280 884.561,586.357 798.305,588.658 921.811,588.204 5.684,589.484 745.223,594.416 404.734,597.080 926.214,596.816 799.781,598.454 823.220,597.639 655.146,600.232 916.997,605.000 781.364,606.183 734.698,621.937 847.761,620.761 857.660,628.934 261.314,631.594 96.373,634.280 887.879,637.416 464.360,639.851 829.186,640.473 844.012,645.071 404.730,647.594 584.943,652.018 884.093,651.598 831.283,658.534 117.652,659.153 850.454,659.654 518.646,659.493 941.246,667.516 765.330,668.832 1007.346,669.720 260.505,671.778 699.702,671.749 840.585,671.470 915.026,677.133 298.490,680.783 2.462,682.837 11.490,684.755 668.962,685.500 128.470,688.492 64.677,692.114 871.384,694.879 548.812,696.773 811.619,698.885 587.535,698.327 226.777,719.809 559.473,719.015 823.723,720.403 827.187,730.272 407.260,735.918 943.861,748.155 116.213,755.519 719.055,763.115 951.271,766.296 61.010,770.855 13.957,779.305 238.863,780.466 508.210,790.000 299.564,794.894 489.364,800.157 706.122,802.233 525.969,807.294 980.070,811.520 807.257,814.431 957.726,820.050 389.990,823.695 677.748,824.748 147.023,841.870 857.949,851.528 202.753,852.302 368.000,858.072 160.372,861.452 173.613,864.565 23.814,865.534 750.717,864.739 159.181,866.308 150.471,866.555 592.323,869.069 149.843,871.196 824.729,871.475 494.195,882.160 599.961,881.715 1007.773,883.432 875.740,889.779 951.054,895.852 107.146,897.504 835.493,901.768 82.602,902.467 645.779,904.750 578.445,905.435 995.606,908.685 118.436,913.707 620.948,916.895 113.410,918.652 291.159,926.150 155.602,926.553 680.413,931.256 230.267,933.814 795.048,939.416 344.444,941.522 306.522,948.804 89.049,957.480 542.700,958.293 255.426,962.421 310.033,973.827 153.394,978.672 777.809,979.648 175.520,980.506 540.161,989.995 758.383,991.597 282.445,992.482 116.442,1000.459 604.979,1010.369
AAM1 807.843,3.382 124.500,8.000 289.500,7.500 351.500,8.500 431.147,10.250 302.619,26.851 759.390,27.713 480.557,52.304 547.500,53.500 549.500,54.500 596.500,61.500 323.500,70.500 528.801,70.922 324.500,71.500 750.256,80.161 763.638,92.884 626.001,94.519 764.500,94.500 313.500,98.499 760.500,106.500 98.782,115.177 688.500,132.500 828.500,134.500 176.500,174.500 626.500,174.948 176.500,176.500 853.500,195.500 852.500,196.500 299.507,199.211 213.245,204.210 355.078,219.448 591.500,220.500 323.294,253.108 621.500,255.500 628.614,257.362 780.052,255.500 604.500,256.500 616.399,258.803 622.500,257.500 613.186,263.257 618.908,263.667 779.500,266.500 632.688,269.387 79.528,276.330 626.305,277.561 386.500,280.500 119.500,287.000 648.000,286.500 625.512,290.664 360.305,291.461 251.500,291.500 250.118,292.500 574.491,293.020 119.500,294.500 387.500,303.500 686.000,304.500 223.955,305.933 690.500,318.500 848.052,353.500 645.500,354.500 647.500,354.500 646.500,355.500 647.500,356.500 669.772,357.187 137.500,357.500 138.500,358.500 997.500,358.500 46.033,384.234 134.500,394.500 441.941,398.440 286.500,400.500 284.500,401.500 488.598,403.830 607.019,405.492 808.000,410.500 838.098,412.500 839.500,413.500 673.471,419.345 674.500,424.500 1004.653,439.276 520.324,440.672 240.500,457.500 241.036,459.326 749.470,467.019 828.500,469.500 828.500,471.500 327.948,474.500 650.500,480.500 901.500,481.500 250.500,489.500 249.500,490.500 255.500,492.500 40.500,494.184 961.500,502.500 960.500,503.500 477.902,505.712 480.500,506.098 823.500,507.500 337.500,517.500 336.480,519.781 705.660,524.789 671.500,527.000 531.750,533.147 533.500,532.500 663.029,535.230 684.223,537.777 297.000,543.500 975.500,545.500 367.500,547.000 881.500,546.500 690.243,561.840 761.948,561.500 682.500,570.500 637.519,575.612 867.756,576.356 869.500,574.500 83.500,575.500 618.646,579.176 617.500,581.500 612.500,585.500 884.945,586.761 798.512,588.618 921.500,587.500 6.500,588.500 5.000,589.500 405.223,596.777 824.500,596.500 926.948,596.500 799.549,598.918 823.500,597.500 653.500,600.500 916.500,604.098 781.289,606.023 917.500,605.500 734.742,621.861 735.500,624.500 857.458,628.779 94.500,633.500 96.999,634.033 95.500,635.500 887.953,637.024 829.165,640.400 843.934,645.040 404.500,646.500 847.500,646.500 405.500,647.500 405.500,649.500 884.500,649.500 585.223,651.777 884.500,651.500 117.737,658.500 831.115,658.603 851.233,659.233 518.500,659.500 118.500,660.500 519.500,660.500 845.500,662.500 847.500,663.052 941.146,667.683 765.500,668.500 1007.500,669.500 260.500,672.000 699.500,671.500 841.500,671.500 698.500,672.500 914.948,676.500 915.500,678.500 298.500,680.500 297.500,681.500 128.500,688.000 64.902,692.752 871.500,692.500 871.557,694.842 811.635,698.885 587.372,698.163 548.500,697.500 226.717,719.759 823.500,719.500 824.500,720.500 826.479,730.092 406.500,735.601 944.131,748.296 718.500,763.500 951.500,766.765 59.500,770.500 13.765,779.204 240.500,780.500 299.500,794.500 298.500,795.500 489.500,799.500 488.500,800.500 706.599,802.689 526.500,806.500 525.500,807.500 979.557,812.024 957.500,820.098 958.500,821.500 390.000,822.500 678.500,825.500 146.223,841.777 857.773,851.498 202.897,852.791 367.500,858.500 173.447,864.512 24.031,866.062 159.500,864.500 750.500,864.500 158.500,865.500 751.500,865.500 159.902,866.500 174.500,866.500 592.258,869.027 149.559,871.484 825.500,870.500 494.500,881.801 600.031,881.969 1008.243,883.160 875.724,889.579 950.963,895.630 835.500,902.500 995.616,908.179 620.801,917.236 114.500,917.500 113.500,919.072 290.500,925.500 156.500,926.500 680.635,931.375 231.500,933.500 795.013,939.154 793.500,940.500 343.500,942.500 306.500,949.948 90.500,957.500 254.500,961.500 256.174,962.750 310.033,973.831 153.500,978.500 175.628,980.056 777.815,980.026 779.500,978.500 539.873,990.135 758.451,991.507
AAM2 79.500,276.500 626.092,277.500 360.233,291.500 811.713,698.883 226.500,719.500 310.056,973.749
AAM3 360.500,291.500 303.500,357.500 176.500,658.500 811.644,698.765 44.500,845.500 310.073,973.999
AAM4 79.500,276.500 626.500,277.500 360.157,291.500 811.764,698.927 226.500,719.500 310.027,973.721
AAM5 837.500,4.500 1022.500,4.500 571.500,7.500 916.500,9.500 208.500,13.500 658.500,13.500 280.500,14.500 302.500,14.500 851.500,14.500 700.500,18.500 429.500,24.500 119.500,26.500 429.500,30.500 447.500,34.500 632.500,38.500 975.500,38.500 41.500,39.500 834.500,41.500 274.500,42.500 454.500,43.500 757.500,44.500 488.500,45.500 856.500,46.500 454.500,47.500 870.500,47.500 101.500,48.500 818.500,49.500 136.500,50.500 527.500,52.500 247.500,54.500 544.500,55.500 812.500,63.500 369.500,65.500 17.500,66.500 921.500,67.500 697.500,70.500 884.500,72.500 508.500,77.500 725.500,79.500 858.500,80.500 680.500,83.500 948.500,83.500 757.500,88.500 319.500,90.500 323.500,91.500 843.500,93.500 766.500,95.500 432.500,97.500 483.500,97.500 21.500,99.500 770.500,104.500 574.500,105.500 236.500,106.500 510.500,108.500 576.500,110.500 215.500,111.500 411.500,111.500 288.500,112.500 863.500,114.500 861.500,125.500 971.500,129.500 669.500,131.500 497.500,134.500 25.500,135.500 263.500,138.500 533.500,139.500 991.500,141.500 775.500,142.500 251.500,143.500 281.500,143.500 487.500,143.500 765.500,144.500 779.500,147.500 100.500,148.500 715.500,148.500 399.500,155.500 720.500,157.500 661.500,158.500 13.500,159.500 884.500,160.500 352.500,166.500 807.500,166.500 51.500,167.500 987.500,175.500 177.500,180.500 985.500,185.500 923.500,187.500 57.500,189.500 443.500,191.500 3.500,194.500 639.500,195.500 644.500,196.500 851.500,196.500 360.500,197.500 597.500,199.500 635.500,208.500 715.500,216.500 453.500,222.500 931.500,222.500 893.500,223.500 889.500,224.500 304.500,225.500 787.500,227.500 881.500,227.500 877.500,230.500 163.500,235.500 928.500,235.500 354.500,236.500 548.500,236.500 1018.500,237.500 124.500,238.500 769.500,239.500 251.500,242.500 214.500,244.500 420.500,244.500 205.500,247.500 237.500,247.500 797.500,250.500 682.500,252.500 135.500,253.500 798.500,255.500 957.500,256.500 911.500,257.500 199.500,262.500 339.500,265.500 662.500,265.500 335.500,268.500 743.500,270.500 557.500,271.500 250.500,273.500 449.500,273.500 958.500,274.500 722.500,276.500 281.500,277.500 51.500,284.500 430.500,287.500 106.500,288.500 232.983,289.500 857.500,292.500 775.500,293.500 794.500,295.500 232.500,296.500 830.500,296.500 280.500,297.500 238.500,299.500 245.500,300.500 258.500,302.500 490.500,302.500 349.500,304.500 663.500,305.500 10.500,306.500 385.500,306.500 191.500,308.500 477.500,309.500 4.500,310.500 748.500,310.500 643.500,314.500 334.500,316.500 605.500,319.500 491.500,322.500 564.500,322.500 395.500,324.500 135.500,329.500 989.500,329.500 142.500,332.500 510.500,337.500 221.500,338.500 261.500,338.500 265.500,339.500 185.500,342.500 632.500,342.500 384.500,343.500 831.500,343.500 845.500,345.500 221.500,351.500 613.500,351.500 927.500,356.500 228.500,357.500 402.500,358.500 474.500,358.500 17.500,360.500 29.500,370.500 898.500,370.500 732.500,373.500 38.500,375.500 160.500,380.500 164.500,380.500 355.500,380.500 836.500,380.500 431.500,381.500 283.500,383.500 157.500,387.500 909.500,388.500 966.500,389.500 310.500,391.500 479.500,392.500 905.500,394.500 620.500,399.500 826.500,399.500 580.500,404.500 660.500,412.500 833.500,416.500 843.500,417.500 919.500,417.500 954.500,417.500 596.500,419.500 898.500,419.500 686.500,420.500 58.500,421.500 756.500,422.500 348.500,423.500 162.500,424.500 113.500,426.500 837.500,426.500 768.500,427.500 543.500,428.500 763.500,434.500 969.500,435.500 1001.500,437.500 391.500,441.500 59.500,443.500 87.500,445.500 88.500,449.500 435.500,450.500 191.500,452.500 1016.500,455.500 542.500,457.500 359.500,458.500 760.500,458.500 204.500,467.500 341.500,468.500 620.500,472.500 993.500,473.500 758.500,475.500 893.500,478.500 955.500,479.500 65.500,480.500 954.500,480.500 499.500,484.500 565.500,486.500 7.500,487.500 901.500,487.500 258.500,491.500 319.500,495.500 151.500,500.500 284.500,500.500 785.500,502.500 943.500,502.500 5.500,508.500 731.500,519.500 551.500,522.500 380.500,524.500 549.500,525.500 120.500,532.500 891.500,539.500 551.500,541.500 703.500,542.500 851.500,542.500 390.500,543.500 496.500,543.500 331.500,546.500 19.500,547.500 27.500,549.500 625.500,549.500 397.500,550.500 742.500,554.500 751.500,554.500 140.500,555.500 471.500,557.500 61.500,559.500 853.500,560.500 438.500,562.500 538.500,564.500 155.500,565.500 73.500,570.500 844.500,570.500 102.500,571.500 234.500,571.500 947.500,571.500 133.500,572.500 856.500,573.500 297.500,574.500 151.500,575.500 911.500,577.500 944.500,579.500 366.500,580.500 639.500,583.500 725.500,584.500 794.500,585.500 439.500,589.500 962.500,594.500 905.500,598.500 675.500,603.500 458.500,605.500 14.500,609.500 442.500,609.500 968.500,609.500 951.500,610.500 307.500,612.500 377.500,614.500 799.500,615.500 305.500,616.500 678.500,617.500 515.500,618.500 970.500,618.500 245.500,620.500 992.500,620.500 76.500,623.500 379.500,624.500 235.500,627.500 135.500,629.500 494.500,631.500 308.500,640.500 1008.500,640.500 533.500,643.500 661.500,647.500 697.500,651.500 935.500,651.500 396.500,652.500 441.500,653.500 99.500,655.500 515.500,657.500 578.500,657.500 787.500,657.500 770.500,658.500 358.500,660.500 716.500,661.500 471.500,664.500 299.500,666.500 432.500,666.500 24.500,672.500 533.500,674.500 176.500,675.500 892.500,678.500 60.500,679.500 165.500,680.500 131.500,681.500 426.500,681.500 438.500,682.500 704.500,688.500 46.500,689.500 69.500,689.500 650.500,689.500 175.500,690.500 90.500,692.500 809.843,696.447 554.500,694.500 526.500,702.500 335.500,703.500 596.500,703.500 250.500,704.500 507.500,705.500 353.500,713.500 223.500,714.500 893.500,714.500 150.500,717.500 44.500,718.500 485.500,719.500 413.500,726.500 626.500,726.500 950.500,727.500 614.500,728.500 718.500,730.500 356.500,738.500 586.500,738.500 785.500,738.500 276.500,739.500 383.500,740.500 295.500,741.500 344.500,742.500 979.500,742.500 421.500,744.500 380.500,745.500 434.500,746.500 249.500,747.500 160.500,750.500 872.500,751.500 915.500,751.500 942.500,751.500 109.500,754.500 468.500,754.500 981.500,757.500 563.500,758.500 121.500,765.500 751.500,765.500 151.500,768.500 336.500,770.500 785.500,773.500 171.500,774.500 718.500,775.500 454.500,776.500 625.500,776.500 886.500,776.500 863.500,777.500 288.500,783.500 168.500,787.500 486.500,787.500 514.500,790.500 833.500,796.500 329.500,798.500 679.500,802.500 330.500,812.500 861.500,815.500 985.500,817.500 148.500,819.500 246.500,819.500 270.500,821.500 875.500,821.500 792.500,825.500 352.500,827.500 501.500,828.500 970.500,829.500 40.500,830.500 58.500,830.500 212.500,831.500 679.500,833.500 220.500,834.500 167.500,836.500 94.500,837.500 73.500,840.500 112.500,848.500 17.500,851.500 747.500,855.500 915.500,855.500 711.500,858.500 818.500,858.500 394.500,863.500 325.500,865.500 652.500,866.500 388.500,867.500 676.500,867.500 634.500,868.500 658.500,871.500 256.500,876.500 1008.500,881.500 177.500,882.500 43.500,886.500 864.500,886.500 616.500,892.500 814.500,893.500 754.500,894.500 562.500,898.500 99.500,899.500 651.500,903.500 72.500,904.500 179.500,904.500 89.500,905.500 115.500,907.500 856.500,909.500 626.500,911.500 724.500,915.500 311.500,918.500 95.500,928.500 714.500,928.500 511.500,929.500 156.500,932.500 578.500,933.500 110.500,934.500 834.500,934.500 308.500,935.500 130.500,936.500 134.500,936.500 86.500,937.500 406.500,938.500 341.500,941.500 500.500,943.500 574.500,945.500 876.500,946.500 332.500,951.500 374.500,952.500 89.500,954.500 792.500,954.500 108.500,955.500 637.500,956.500 370.500,958.500 523.500,960.500 592.500,961.500 976.500,967.500 79.500,968.500 308.500,971.500 959.500,971.500 906.500,972.500 308.500,973.500 370.500,973.500 312.500,974.500 310.500,975.500 312.500,977.288 755.500,979.500 980.500,981.500 46.500,983.500 634.500,985.500 238.500,988.500 290.500,989.500 600.500,990.500 557.500,991.500 126.500,992.500 178.500,992.500 20.500,993.500 178.500,994.500 1017.500,994.500 306.500,996.500 587.500,996.500 507.500,997.500 527.500,998.500 657.500,1000.500 823.500,1000.500 345.500,1001.500 887.500,1004.500 400.500,1005.500 449.500,1005.500 780.500,1005.500 225.500,1006.500 929.500,1006.500 964.500,1009.500 13.500,1012.500 539.500,1013.500 545.500,1015.500
AAM6 809.514,695.766 812.500,700.011 814.017,701.500 815.203,703.500 310.500,975.500 312.500,977.500
AAN0 637.272,12.626 609.684,15.691 897.794,17.066 875.146,18.639 837.956,23.108 387.176,32.121 16.541,34.762 649.838,40.540 922.870,45.044 90.266,48.292 46.870,49.663 733.335,50.337 980.133,50.670 100.258,58.534 754.233,62.283 8.732,68.613 167.664,66.903 863.598,69.919 62.249,70.517 898.287,72.324 2.205,81.529 453.214,85.775 523.502,89.192 108.965,93.497 240.320,92.256 663.332,93.702 173.008,103.574 352.042,104.749 191.952,105.537 64.644,118.294 970.976,124.503 635.154,125.848 248.842,128.580 175.595,128.838 240.816,134.969 62.422,139.352 290.633,140.030 1013.726,139.308 599.156,140.743 91.641,142.267 153.019,145.309 249.437,145.894 360.225,152.133 427.224,151.814 121.965,164.035 454.405,164.847 113.209,166.460 867.371,166.588 101.404,170.453 991.566,173.224 443.282,174.070 637.070,174.688 380.499,192.290 18.707,193.322 777.702,197.047 918.927,199.549 124.520,200.426 233.330,202.874 64.280,204.288 10.928,218.032 474.516,225.166 152.634,230.562 515.386,231.610 760.380,236.306 505.352,240.961 191.393,245.144 384.679,246.161 979.639,246.220 999.032,245.480 959.240,249.172 683.902,253.339 19.373,258.363 340.340,259.445 916.902,261.066 582.291,261.748 803.267,267.597 938.031,269.933 725.374,272.513 307.983,274.767 328.311,273.811 153.803,277.087 621.565,277.435 810.524,278.439 543.279,279.935 835.646,281.326 519.348,290.502 711.707,292.337 194.858,293.569 699.827,300.588 811.246,305.751 185.429,308.296 256.563,309.508 874.739,325.389 378.547,329.011 636.529,330.506 580.885,334.231 174.555,335.567 1019.496,335.813 533.287,340.156 964.153,350.637 709.623,352.187 464.044,355.469 576.076,357.945 684.697,360.732 658.238,367.098 26.102,368.014 812.444,373.078 369.889,378.426 825.298,378.699 307.525,379.159 854.301,380.647 767.187,384.969 97.526,384.598 615.428,383.985 898.013,384.493 674.015,393.457 471.613,394.847 825.266,403.356 111.470,407.984 761.289,411.087 413.705,412.429 518.442,413.119 755.427,419.021 275.346,422.433 308.326,423.593 422.057,423.934 792.150,425.951 361.438,439.434 846.922,443.741 217.448,446.116 301.766,449.124 387.946,455.847 496.766,466.755 612.500,473.195 764.300,475.098 182.487,477.141 644.889,480.598 379.688,484.616 1020.323,488.559 949.234,490.510 892.467,494.013 488.791,495.583 966.626,500.690 223.699,502.325 346.948,502.197 236.273,507.095 95.550,508.876 438.800,511.677 636.962,511.545 72.931,517.016 259.158,519.832 89.504,520.816 507.028,522.445 215.842,528.981 674.469,529.850 680.423,529.510 562.310,533.742 838.625,538.720 844.538,538.740 179.943,539.951 864.468,544.218 110.656,568.282 524.159,570.412 605.167,574.244 142.450,579.897 698.751,584.611 750.729,584.980 869.756,594.792 221.887,606.290 235.002,607.092 344.793,611.914 866.495,616.828 682.086,623.047 520.168,626.208 653.595,628.864 961.507,631.392 305.502,637.422 236.308,644.323 511.417,648.904 18.551,648.822 918.464,648.785 981.028,649.295 952.605,653.003 464.259,652.727 783.551,652.615 236.034,656.819 922.009,657.455 9.602,666.858 897.540,669.473 931.860,672.554 664.007,683.405 773.422,687.756 795.421,687.588 856.294,687.682 983.568,689.328 336.422,688.311 389.985,691.422 688.617,691.195 258.225,696.935 818.182,695.351 425.287,696.623 452.518,698.061 42.052,700.549 912.496,701.809 814.789,703.009 829.229,704.493 857.619,708.200 872.375,707.275 991.731,707.318 976.476,708.723 820.298,713.414 838.705,711.531 988.111,712.305 262.369,714.120 621.582,717.866 968.707,717.707 973.745,721.046 1020.211,722.575 416.860,721.473 994.566,744.985 777.124,746.493 797.946,749.489 912.297,755.562 917.540,759.008 774.146,760.402 46.195,771.674 75.505,772.361 422.732,773.837 1018.827,779.943 46.489,783.599 1007.545,790.086 843.733,790.865 954.253,794.824 1009.223,795.509 321.102,796.520 625.836,801.542 6.817,805.396 680.668,814.031 767.275,815.702 326.400,819.241 747.083,822.929 305.826,826.300 363.936,834.010 994.481,834.585 560.280,837.290 456.871,838.226 854.619,838.657 567.228,850.545 617.324,862.105 588.571,867.957 806.121,867.343 999.398,872.484 123.237,877.463 191.685,882.940 314.342,883.329 407.912,885.030 578.232,884.921 421.281,887.632 762.088,897.447 455.997,901.958 764.714,905.706 837.895,906.936 101.171,909.330 964.994,910.842 973.740,913.348 543.743,918.614 601.000,920.851 638.208,926.066 490.055,931.557 639.561,933.853 117.380,939.639 897.936,938.767 747.554,945.547 876.590,948.109 751.324,952.443 892.858,956.726 620.405,969.438 952.235,969.514 155.389,974.163 599.207,977.699 912.553,991.531 558.119,1004.341 991.737,1005.714 281.002,1008.637 809.032,1009.859 859.584,1012.426 147.556,1018.987
AAN1 128.500,1.500 636.500,12.500 898.500,16.500 837.500,23.500 387.441,31.854 16.500,34.500 753.500,62.500 8.710,68.543 453.024,85.500 523.504,89.037 108.973,93.543 351.926,104.742 64.500,119.500 635.748,125.857 248.721,128.744 289.500,139.976 91.500,142.500 153.500,145.500 249.509,145.742 427.500,151.500 113.416,166.409 636.974,173.974 638.500,175.500 380.498,192.370 776.500,196.500 920.024,199.500 918.500,200.500 474.000,224.500 475.500,225.500 980.000,246.500 959.500,249.500 683.777,253.911 339.500,259.261 340.500,260.500 582.500,262.500 803.500,268.000 725.256,272.344 308.021,274.580 153.500,277.500 543.500,280.500 185.454,307.995 874.500,325.540 580.975,334.461 174.500,335.686 965.500,350.500 709.500,352.500 576.500,358.500 658.500,366.500 657.500,367.500 369.891,378.477 824.500,378.500 767.312,384.993 471.500,394.500 413.500,412.500 517.500,412.500 847.500,443.500 497.500,467.500 764.500,475.500 182.500,476.500 1020.500,487.500 488.678,495.095 893.251,493.811 891.500,494.500 235.500,506.500 236.500,507.500 437.500,510.500 438.500,511.500 637.204,512.250 674.976,530.500 111.500,567.500 109.500,568.500 110.500,569.500 524.409,570.449 750.217,584.783 868.500,595.500 682.153,623.125 520.500,625.500 305.444,637.431 511.271,648.728 981.500,648.500 18.500,649.500 513.500,649.500 980.500,649.500 952.616,653.039 931.797,672.552 773.500,687.522 983.513,689.354 389.500,690.500 258.262,696.908 829.500,704.500 857.876,708.251 976.500,708.500 821.088,712.290 838.652,711.661 988.500,712.500 818.454,716.022 1020.311,722.600 973.500,721.500 994.497,744.992 777.179,746.245 798.500,749.500 912.500,755.500 46.500,771.500 422.756,773.765 75.500,772.500 1007.763,789.852 954.167,794.879 320.500,796.500 767.479,816.167 326.559,819.072 560.774,837.226 456.500,838.500 616.500,862.500 806.306,867.364 588.716,868.321 192.500,882.500 314.518,883.018 762.078,897.426 837.500,907.500 964.500,910.500 973.500,913.500 601.108,920.639 638.487,925.983 490.130,931.543 639.500,933.500 898.024,938.500 747.518,945.791 876.596,948.134 892.500,956.500 280.926,1008.586 808.500,1009.500 809.500,1010.500 147.500,1018.500
AAN2 8.719,68.468 380.491,192.310 369.930,378.465 682.128,623.037 952.345,653.011 983.463,689.450 258.500,696.500 821.209,712.201 1020.503,722.702 422.958,773.944 326.204,818.790 762.070,897.391 490.500,930.500 877.500,947.500
AAN3 8.960,68.921 982.500,105.500 380.500,192.404 792.500,195.500 37.500,357.500 369.786,378.254 430.500,524.500 2.500,610.500 681.894,623.263 952.294,653.074 758.500,657.500 983.268,689.441 1020.500,722.500 762.070,897.365
AAN4 8.696,68.432 380.478,192.183 369.965,378.477 682.117,622.970 952.303,652.909 983.474,689.492 258.500,696.500 821.500,711.500 820.500,712.500 1020.500,722.725 422.975,773.969 326.210,818.790 762.046,897.382 490.500,930.500 877.500,947.500
AAN5 962.500,1.500 809.500,4.500 465.500,6.500 553.500,7.500 127.500,8.500 906.500,9.500 1019.500,11.500 208.500,13.500 764.500,13.500 252.500,14.500 274.500,14.500 560.500,23.500 327.500,24.500 15.500,26.500 949.500,38.500 647.500,44.500 480.500,45.500 768.500,47.500 222.500,52.500 123.500,54.500 94.500,55.500 422.500,55.500 848.500,56.500 391.500,63.500 4.500,65.500 897.500,65.500 735.500,67.500 568.500,68.500 214.500,69.500 974.500,70.500 11.500,71.500 107.500,79.500 68.500,87.500 461.500,88.500 938.500,92.500 611.500,93.500 388.500,95.500 30.500,97.500 81.500,97.500 52.500,99.500 348.500,104.500 742.500,104.500 814.500,105.500 48.500,108.500 440.500,110.500 888.500,111.500 477.500,119.500 932.500,119.500 180.500,123.500 113.500,124.500 213.500,124.500 463.500,133.500 813.500,137.500 519.500,141.500 799.500,142.500 829.500,142.500 11.500,143.500 951.500,145.500 171.500,148.500 623.500,153.500 85.500,158.500 318.500,160.500 754.500,165.500 313.500,175.500 155.500,178.500 545.500,179.500 245.500,183.500 380.313,192.127 487.500,185.500 550.500,186.500 870.500,186.500 846.500,189.500 703.500,190.500 251.500,193.500 362.500,195.500 509.500,208.500 880.500,215.500 691.500,220.500 157.500,222.500 149.500,223.500 101.500,226.500 139.500,227.500 123.500,230.500 298.500,233.500 140.500,235.500 584.500,238.500 459.500,241.500 766.500,242.500 40.500,243.500 404.500,243.500 1006.500,243.500 291.500,252.500 453.500,254.500 458.500,254.500 61.500,257.500 255.500,261.500 423.500,261.500 468.500,265.500 173.500,271.500 224.500,274.500 1014.500,275.500 938.500,278.500 543.500,280.500 161.500,281.500 390.500,282.500 417.500,283.500 459.500,284.500 74.500,287.500 217.500,287.500 149.500,289.500 259.500,293.500 314.500,295.500 776.500,295.500 824.500,298.500 831.500,307.500 103.500,309.500 374.500,310.500 146.500,315.500 1020.500,315.500 8.500,318.500 293.500,319.500 181.500,322.500 254.500,322.500 69.500,324.500 458.500,326.500 826.500,327.500 618.500,329.500 793.500,331.500 112.500,337.500 881.500,338.500 821.500,341.500 244.500,342.500 8.500,343.500 455.500,343.500 401.500,349.500 833.500,350.500 541.500,353.500 621.500,355.500 20.500,358.500 351.500,361.500 474.500,370.500 292.500,373.500 123.500,374.500 779.500,379.500 238.500,380.500 372.500,382.500 669.500,382.500 611.500,386.500 182.500,388.500 870.500,388.500 2.500,399.500 137.500,399.500 914.500,403.500 873.500,405.500 131.500,417.500 207.500,417.500 242.500,417.500 190.500,419.500 1016.500,419.500 101.500,422.500 478.500,423.500 409.500,425.500 107.500,426.500 664.500,427.500 827.500,429.500 1003.500,439.500 259.500,440.500 387.500,444.500 388.500,445.500 602.500,448.500 728.500,450.500 347.500,454.500 806.500,456.500 155.500,458.500 671.500,467.500 924.500,471.500 192.500,480.500 395.500,483.500 759.500,483.500 65.500,484.500 261.500,484.500 817.500,485.500 139.500,487.500 159.500,491.500 44.500,492.500 111.500,492.500 75.500,493.500 832.500,495.500 18.500,498.500 464.500,499.500 790.500,500.500 161.500,507.500 782.500,523.500 683.500,524.500 763.500,536.500 1009.500,537.500 21.500,539.500 709.500,540.500 322.500,541.500 572.500,542.500 678.500,542.500 507.500,545.500 568.500,545.500 583.500,549.500 932.500,553.500 473.500,555.500 271.500,558.500 806.500,559.500 662.500,561.500 137.500,562.500 767.500,565.500 152.500,568.500 404.500,570.500 34.500,573.500 503.500,573.500 789.500,573.500 379.500,574.500 527.500,574.500 640.500,579.500 346.500,587.500 761.500,588.500 297.500,590.500 460.500,592.500 324.500,606.500 305.500,607.500 418.500,609.500 403.500,610.500 783.500,611.500 744.500,614.500 126.500,617.500 428.500,618.500 680.500,621.500 568.500,622.500 644.500,625.500 689.500,626.500 526.500,628.500 934.500,630.500 511.500,637.500 287.500,640.500 125.500,647.500 247.500,647.500 391.500,651.500 870.500,651.500 951.500,652.018 952.500,653.500 383.500,654.500 549.500,654.500 871.500,655.500 949.500,656.500 1004.500,656.500 189.500,657.500 170.500,658.500 800.500,659.500 793.500,665.500 592.500,671.500 738.500,674.500 440.500,678.500 707.500,680.500 103.500,681.500 980.218,684.348 988.500,683.500 981.500,687.500 126.500,688.500 511.500,688.500 56.500,689.500 607.500,689.500 928.500,690.500 981.500,690.500 985.500,692.500 987.500,693.500 186.500,699.500 934.500,701.500 749.500,702.500 666.500,703.500 416.500,707.500 383.500,708.500 548.500,708.500 818.500,709.500 603.500,712.500 81.500,714.500 300.500,716.500 186.500,717.500 1016.500,718.932 1020.500,725.500 744.500,727.500 227.500,728.500 374.500,728.500 470.500,738.500 863.500,739.500 530.500,740.500 542.500,740.500 169.500,741.500 569.500,741.500 56.500,742.500 167.500,742.500 652.500,745.500 722.500,746.500 330.500,749.500 970.500,749.500 967.500,753.500 262.500,757.500 827.500,761.500 237.500,764.500 171.500,773.500 605.500,775.500 945.500,776.500 146.500,786.500 464.500,786.500 152.500,789.500 297.500,797.500 489.500,797.500 749.500,798.500 95.500,806.500 791.500,820.500 248.500,826.500 963.500,827.500 868.500,828.500 962.500,828.500 980.500,828.500 121.500,829.500 369.500,829.500 53.500,835.500 1016.500,835.500 477.500,837.500 50.500,842.500 990.500,842.500 30.500,847.500 959.500,849.500 355.500,850.500 654.500,857.500 908.500,862.500 769.500,864.500 321.500,865.500 368.500,866.500 654.500,866.500 236.500,874.500 568.500,874.500 565.500,875.500 223.500,881.500 592.500,881.500 1007.500,884.500 761.533,896.608 844.500,890.500 338.500,892.500 472.500,897.500 3.500,898.500 233.500,899.500 844.500,900.500 41.500,903.500 458.500,903.500 709.500,905.500 869.500,906.500 849.500,907.500 676.500,908.500 448.500,910.500 385.500,911.500 508.500,914.500 131.500,917.500 480.500,917.500 162.500,919.500 868.500,920.500 948.500,929.500 958.500,930.500 92.500,935.071 113.500,940.500 34.500,951.500 879.500,952.500 241.500,955.500 1002.500,956.500 140.500,958.500 147.500,959.500 210.500,960.500 971.500,966.500 497.500,970.500 661.500,970.500 668.500,975.500 434.500,984.500 1011.500,984.500 63.500,987.500 855.500,993.500 148.500,995.500 349.500,996.500 318.500,998.500 493.500,999.500 719.500,1003.500 232.500,1004.500 761.500,1005.500 774.500,1008.500 541.500,1009.500 189.500,1013.500 28.500,1014.500 127.500,1014.500 24.500,1017.500 272.500,1020.500 687.500,1022.500 790.500,1022.500
AAN6 4.500,65.500 380.298,192.159 980.500,683.500 761.327,896.220
AAO0 386.514,2.419 575.288,4.660 185.584,6.370 576.804,9.801 918.970,9.624 550.198,14.634 584.063,16.235 344.478,18.221 434.273,20.001 517.609,20.157 821.790,20.977 902.669,20.251 973.910,25.780 407.878,26.632 415.126,28.985 245.756,48.120 558.373,50.289 995.742,53.281 188.747,68.496 994.905,67.029 540.230,67.487 217.748,69.281 615.570,70.469 689.828,82.197 632.714,83.196 859.433,84.170 449.061,85.308 45.039,88.489 467.433,88.990 442.412,89.578 803.633,95.362 511.147,99.765 752.465,98.829 620.870,110.440 656.640,110.113 133.224,110.999 507.685,112.807 886.218,119.486 611.418,121.474 272.930,131.519 453.308,149.912 827.416,156.787 247.077,165.450 424.403,175.276 208.524,189.970 1014.933,191.067 710.766,193.902 54.250,194.245 689.210,194.495 394.539,195.496 820.004,197.614 261.166,197.567 894.847,201.622 74.421,202.169 15.209,207.097 572.083,217.794 676.082,218.580 818.009,222.991 472.090,237.081 859.988,237.559 819.987,241.532 241.422,244.850 963.999,249.484 266.726,250.714 674.711,253.470 380.544,256.882 267.444,258.532 434.014,264.009 934.863,268.590 465.297,271.172 896.429,282.876 860.257,294.392 312.623,297.257 1019.433,296.989 506.956,298.081 289.988,298.184 627.502,312.061 288.553,313.847 197.507,316.567 501.679,318.293 806.992,320.516 745.311,320.511 132.684,321.850 368.456,322.189 390.597,324.820 942.290,324.634 35.546,327.022 434.397,327.431 467.898,329.658 953.029,334.050 598.931,337.101 690.448,347.456 4.004,350.775 818.056,353.146 356.051,358.996 877.760,362.257 679.296,363.325 36.898,368.062 510.213,368.111 728.430,371.437 402.461,376.829 654.599,378.106 459.493,385.788 637.492,389.537 761.415,391.415 906.247,391.338 947.361,399.146 465.429,408.993 45.109,412.305 588.774,413.004 459.500,414.487 429.875,416.313 639.244,416.515 725.502,417.522 570.540,417.765 743.995,418.965 560.492,419.812 209.045,422.007 854.545,422.913 915.507,426.344 750.659,428.409 416.413,431.841 531.695,434.023 17.028,440.915 571.748,447.380 385.889,452.972 181.850,453.993 38.435,456.429 783.420,457.882 474.600,462.162 60.185,468.462 691.989,473.375 625.725,478.707 820.982,494.325 267.007,508.167 108.456,513.694 307.735,514.941 89.374,519.483 452.211,521.603 274.283,524.261 744.530,529.206 881.882,531.222 259.382,531.257 204.716,534.429 932.833,535.060 187.390,537.034 241.027,536.474 880.458,537.238 554.100,555.401 529.104,554.925 543.594,555.136 784.803,560.350 545.533,577.476 920.034,580.010 406.430,582.784 760.049,583.705 1006.321,585.342 703.707,600.713 796.617,603.949 303.138,617.425 799.401,618.822 554.912,621.999 525.775,635.553 147.701,655.761 277.202,654.527 652.388,659.605 263.031,661.256 399.405,662.891 895.292,664.737 437.650,672.067 789.837,676.173 948.253,675.461 694.189,678.172 382.803,678.785 616.184,680.464 76.226,684.537 814.884,685.003 281.535,689.841 645.636,689.115 422.536,693.834 874.779,692.946 969.416,695.085 764.261,694.552 676.805,699.554 744.081,698.014 748.068,703.948 340.530,705.073 555.581,705.419 132.357,707.305 535.145,708.283 476.138,711.541 697.863,710.546 333.778,713.226 967.309,713.292 169.232,721.191 266.528,721.530 984.944,724.068 1021.153,726.173 998.081,735.306 912.872,737.190 1019.479,739.857 393.832,747.404 492.057,748.046 609.712,751.160 501.910,763.567 560.350,771.356 459.512,775.965 631.632,790.993 914.887,802.580 930.990,808.274 770.183,809.546 794.145,819.104 673.387,819.999 681.992,821.990 106.543,829.380 930.339,836.487 306.086,839.466 672.970,841.931 32.115,848.549 829.313,849.727 992.423,849.642 636.648,849.695 212.625,850.852 835.097,851.041 336.327,851.720 306.984,862.969 570.568,867.099 598.193,867.519 176.593,875.354 940.454,877.359 333.024,881.635 887.508,881.577 820.829,884.644 661.473,886.070 328.390,893.127 223.684,896.124 285.941,901.621 650.612,904.454 422.909,908.317 530.276,909.088 608.792,911.756 236.012,928.174 509.270,932.444 846.816,933.505 650.850,935.383 840.554,938.844 919.484,944.061 272.031,954.200 791.008,955.255 859.532,956.488 928.616,963.321 772.410,966.019 930.979,974.285 83.479,975.756 659.181,977.976 698.028,976.691 945.727,984.253 259.885,991.880 246.487,996.454 64.356,1001.848 121.532,1002.754 728.175,1008.874 491.348,1011.253 44.840,1014.555 263.187,1021.565 852.257,1021.484
AAO1 550.198,14.599 434.349,19.993 343.500,18.500 345.500,18.500 407.500,27.500 414.500,28.500 245.885,48.247 558.188,50.115 189.320,68.552 616.500,70.500 689.723,82.277 632.500,82.979 634.500,82.500 859.500,83.500 858.500,84.500 860.500,84.500 45.500,88.500 511.131,99.853 620.767,109.822 133.000,110.500 507.500,111.500 272.500,130.500 273.500,131.869 247.500,163.500 246.758,165.634 1015.500,190.500 710.500,192.500 819.973,197.615 894.500,201.500 895.500,202.500 676.500,218.500 241.391,244.868 964.003,249.402 266.662,250.671 380.500,256.957 267.226,258.810 934.500,269.500 859.500,294.500 312.777,297.522 1018.787,297.213 506.500,298.500 627.500,312.500 807.500,320.500 367.800,322.200 806.500,321.500 390.470,325.072 467.500,329.500 953.500,334.500 598.943,337.076 818.126,353.268 356.242,359.242 509.976,367.500 654.500,377.500 637.500,390.500 45.500,413.000 588.500,412.876 590.500,412.500 639.500,415.500 725.183,417.664 209.500,421.500 854.500,422.500 572.500,446.500 571.500,447.500 570.500,448.500 181.500,454.500 38.315,456.836 784.500,457.500 691.500,473.500 267.500,508.500 108.225,513.491 452.500,521.500 882.500,530.500 882.500,532.500 204.500,535.500 933.500,535.500 241.000,536.500 187.500,537.500 554.062,555.285 784.911,560.448 759.500,583.500 1006.263,585.144 796.660,604.169 302.500,617.500 554.826,622.058 525.709,635.408 147.258,656.060 652.521,659.527 263.500,660.500 437.535,672.318 789.861,676.099 948.500,674.500 814.500,686.500 281.367,689.917 645.740,689.162 422.286,693.834 874.500,692.500 969.381,695.134 677.492,697.770 744.500,697.500 678.500,699.500 674.945,702.472 747.500,703.500 340.500,704.500 748.500,704.500 339.500,705.500 475.898,711.576 697.500,710.500 967.500,713.500 169.157,721.232 1021.500,726.500 998.057,735.444 912.787,736.787 1018.500,739.500 609.500,752.500 502.500,763.500 914.880,802.508 794.155,818.920 681.948,821.940 930.761,836.500 31.500,847.500 829.380,849.744 32.500,848.500 992.354,849.832 570.317,866.902 332.500,881.500 820.677,884.711 661.500,886.500 285.817,901.879 422.825,908.306 530.307,909.339 235.568,928.518 918.500,944.500 272.500,953.500 271.500,954.500 273.500,954.500 771.500,966.500 931.500,973.500 659.028,978.225 945.724,984.593 259.500,990.500 260.281,992.268 727.967,1009.033
AAO2 550.147,14.528 434.377,20.076 189.236,68.785 819.993,197.706 963.985,249.411 266.629,250.750 598.941,336.990 554.273,555.041 437.500,671.500 790.012,676.027 422.500,693.500 169.277,720.918 681.937,822.027 829.500,849.794 821.500,884.500 422.867,908.256
AAO3 550.032,14.431 434.415,20.018 794.500,195.500 819.927,197.687 964.006,249.317 266.854,250.733 598.780,336.812 554.500,554.500 789.869,675.500 681.500,822.500 552.500,876.500 422.742,908.290
AAO4 550.111,14.663 434.384,20.110 189.226,68.784 819.951,197.781 963.908,249.461 266.586,250.757 598.964,336.993 554.245,555.117 437.500,671.500 790.033,676.094 422.500,693.500 168.500,720.500 169.500,721.500 681.960,822.018 829.500,849.867 821.500,884.500 422.899,908.234
AAO5 445.500,3.500 825.500,4.500 1010.500,4.500 955.500,5.500 547.005,12.288 310.500,10.500 188.500,13.500 732.500,13.500 222.500,14.500 244.500,14.500 53.500,15.500 430.500,16.500 233.500,17.500 552.865,17.500 534.500,18.500 432.500,19.500 434.500,19.500 437.500,23.500 657.500,25.500 854.500,25.500 86.500,29.500 327.500,29.500 119.500,30.500 481.500,38.500 292.500,39.500 601.500,39.500 143.500,44.500 465.500,44.500 200.500,45.500 152.500,47.500 522.500,49.500 39.500,51.500 14.500,52.500 957.500,53.500 926.500,54.500 512.500,55.500 931.500,60.500 664.500,61.500 502.500,63.500 608.500,64.500 893.500,64.500 691.500,65.500 517.500,67.500 189.500,68.500 342.500,68.500 4.500,69.500 379.500,74.500 867.500,78.500 426.500,80.500 230.500,81.500 434.500,83.500 788.500,86.500 169.500,88.500 765.500,89.500 757.500,90.500 678.500,92.500 363.500,93.500 844.500,96.500 895.500,96.500 450.500,101.500 170.500,104.500 990.500,104.500 825.500,107.500 595.500,110.500 668.500,111.500 57.500,120.500 234.500,122.500 641.500,122.500 654.500,122.500 962.500,122.500 282.500,123.500 187.500,125.500 31.500,131.500 219.500,133.500 389.500,134.500 637.500,137.500 195.500,138.500 307.500,138.500 317.500,141.500 815.500,145.500 904.500,145.500 137.500,147.500 143.500,148.500 118.500,157.500 59.500,158.500 435.500,158.500 282.500,160.500 530.500,163.500 604.500,165.500 828.500,172.500 245.500,178.500 317.500,178.500 621.500,179.500 963.500,180.500 627.500,185.500 501.500,188.500 10.500,190.500 211.500,190.500 226.500,190.500 869.500,190.500 548.500,191.500 820.141,197.886 340.500,193.500 892.500,193.500 528.500,195.500 729.500,196.500 606.500,198.500 931.500,198.500 196.500,200.500 895.500,207.500 963.500,215.500 49.500,218.500 422.500,221.500 725.500,221.500 192.500,230.500 306.500,233.500 700.500,233.500 594.500,235.500 788.500,235.500 110.500,239.500 963.287,248.688 30.500,243.500 598.500,243.500 992.500,243.500 319.500,246.500 351.500,246.500 265.500,249.500 612.500,252.500 270.500,254.500 917.500,254.500 173.500,256.500 255.500,256.500 757.500,256.500 64.500,257.500 603.500,261.500 333.500,264.500 664.500,264.500 242.500,265.500 603.500,267.500 799.500,269.500 947.500,269.500 615.500,270.500 346.500,272.500 545.500,272.500 203.500,274.500 837.500,275.500 856.500,278.500 828.500,279.500 329.500,283.500 369.500,284.500 720.500,286.500 1016.500,286.500 135.500,287.500 61.500,289.500 76.500,290.500 233.500,292.500 183.500,293.500 397.500,293.500 433.500,294.500 241.500,296.500 198.500,297.500 261.500,297.500 704.500,298.500 705.500,299.500 330.500,300.500 704.500,301.500 936.500,301.500 759.500,304.500 473.500,307.500 131.500,314.500 1002.500,314.500 852.500,315.500 848.500,317.500 91.500,319.500 804.500,319.500 962.500,321.500 40.500,322.500 529.500,328.500 359.500,329.500 547.500,331.500 739.500,333.500 597.500,334.500 483.500,341.500 924.500,341.500 668.500,342.500 91.500,343.500 897.500,347.500 47.500,349.500 471.500,350.500 167.500,355.500 255.500,355.500 171.500,356.500 746.500,357.500 1015.500,360.500 910.500,362.500 439.500,363.500 1012.500,364.500 30.500,365.500 259.500,369.500 96.500,370.500 932.500,372.500 779.500,373.500 107.500,376.500 623.500,378.500 493.500,379.500 855.500,380.500 415.500,382.500 389.500,386.500 13.500,388.500 650.500,388.500 59.500,390.500 595.500,391.500 588.500,392.500 1017.500,393.500 318.500,395.500 770.500,398.500 976.500,398.500 760.500,403.500 725.500,405.500 454.500,409.500 858.500,411.500 993.500,416.500 45.500,417.500 712.500,417.500 736.500,418.500 16.500,419.500 308.500,423.500 249.500,425.500 906.500,426.500 681.500,427.500 754.500,430.500 65.500,435.500 654.500,436.500 111.500,437.500 271.500,442.500 893.500,443.500 508.500,448.500 619.500,449.500 298.500,450.500 144.500,455.500 483.500,457.500 7.500,458.500 173.500,463.500 456.500,465.500 352.500,466.500 115.500,473.500 185.500,475.500 50.500,478.500 45.500,479.500 179.500,479.500 693.500,481.500 975.500,482.500 646.500,483.500 907.500,483.500 79.500,484.500 15.500,491.500 983.500,492.500 508.500,493.500 407.500,494.500 940.500,497.500 716.500,500.500 545.500,518.500 831.500,518.500 736.500,520.500 659.500,521.500 480.500,523.500 748.500,523.500 651.500,524.500 872.500,529.500 939.500,531.500 244.500,536.500 971.500,537.500 1007.500,538.500 965.500,541.500 508.500,542.500 614.500,542.500 666.500,544.500 477.500,545.500 538.500,545.500 157.500,546.500 62.500,548.500 795.500,548.500 549.500,549.500 565.500,549.500 69.500,550.500 251.500,551.500 115.500,558.500 557.500,558.500 598.500,559.500 867.500,559.500 442.500,561.500 722.500,561.500 925.500,561.500 510.500,563.500 127.500,564.500 952.500,567.500 65.500,569.500 202.500,570.500 642.500,570.500 651.500,571.500 660.500,571.500 347.500,573.500 633.500,573.500 171.500,575.500 1005.500,576.500 830.500,578.500 902.500,578.500 20.500,579.500 888.500,584.500 561.500,588.500 97.500,590.500 286.500,592.500 1014.500,594.500 5.500,601.500 692.500,604.500 103.500,607.500 202.500,609.500 545.500,611.500 924.500,611.500 496.500,614.500 529.500,615.500 920.500,616.500 208.500,618.500 507.500,619.500 242.500,620.500 739.500,620.500 388.500,622.500 484.500,625.500 791.500,626.500 477.500,628.500 584.500,628.500 641.500,629.500 736.500,629.500 840.500,630.500 600.500,632.500 434.500,634.500 662.500,639.500 213.500,640.500 354.500,640.500 532.500,640.500 581.500,641.500 431.500,651.500 697.500,653.500 473.500,654.500 817.500,655.500 963.500,655.500 88.500,657.500 293.500,657.500 742.500,657.500 896.500,659.500 228.500,661.500 837.500,665.500 970.500,665.500 518.500,667.500 791.500,668.500 565.500,671.500 786.500,671.500 7.500,674.500 330.500,678.500 792.500,678.500 565.500,680.500 856.500,680.500 691.500,683.500 868.500,683.500 545.500,684.500 54.500,688.500 416.500,688.500 539.500,689.500 894.500,693.500 132.500,699.500 864.500,701.500 926.500,702.500 586.500,703.500 831.500,704.500 779.500,710.500 147.500,714.500 310.500,717.500 669.500,717.500 687.500,725.500 900.500,725.500 381.500,728.500 528.500,728.500 670.500,737.500 902.500,737.500 965.500,739.500 587.500,740.500 638.500,741.500 720.500,745.500 790.500,746.500 909.500,747.500 823.500,748.500 426.500,749.500 32.500,750.500 605.500,750.500 367.500,753.500 736.500,753.500 210.500,755.500 404.500,757.500 855.500,757.500 216.500,758.500 989.500,761.500 277.500,764.500 411.500,764.500 1003.500,764.500 85.500,766.500 369.500,767.500 990.500,768.500 963.500,772.500 451.500,773.500 15.500,777.500 900.500,784.500 189.500,785.500 368.500,786.500 756.500,789.500 53.500,796.500 575.500,797.500 767.500,797.500 897.500,798.500 911.500,801.500 399.500,806.500 501.500,808.500 560.500,808.500 606.500,811.500 530.500,820.500 101.500,821.500 506.500,824.500 682.500,824.500 1018.500,824.500 562.500,826.500 227.500,828.500 407.500,829.500 655.500,829.500 658.500,829.500 57.500,832.500 341.500,835.500 268.500,836.500 747.500,837.500 243.500,839.500 693.500,839.500 691.500,842.500 890.500,847.500 529.500,850.500 948.500,854.500 700.500,857.500 400.500,862.500 823.500,862.500 952.500,862.500 363.500,864.500 692.500,865.500 436.500,866.500 702.500,867.500 721.500,868.500 718.500,870.500 308.500,875.500 285.500,881.500 12.500,890.500 596.500,891.500 358.500,892.500 509.500,892.500 804.500,892.500 736.500,893.500 103.500,898.500 514.500,898.500 235.500,899.500 984.500,900.500 76.500,903.500 245.500,903.500 588.500,903.500 288.500,904.500 809.500,905.500 41.500,906.500 955.500,906.500 738.500,908.500 522.500,910.500 465.500,911.500 598.500,914.500 958.500,921.500 991.500,926.500 373.500,928.500 883.500,930.500 990.500,932.500 694.500,933.500 1006.500,934.500 1010.500,934.500 656.500,937.500 440.500,942.500 612.500,943.500 736.500,945.500 164.500,950.500 648.500,951.500 925.500,952.500 600.500,953.500 419.500,955.500 872.500,955.500 880.500,957.500 310.500,958.500 390.500,960.500 446.500,965.500 758.500,966.500 885.500,966.500 103.500,967.500 389.500,968.500 803.500,970.500 995.500,970.500 752.500,971.500 222.500,972.500 764.500,975.500 631.500,978.500 844.500,980.500 926.500,981.500 9.500,985.500 64.500,987.500 527.500,988.500 424.500,989.500 381.500,990.500 966.500,990.500 1018.500,990.500 627.500,992.500 1006.500,992.500 823.500,993.500 369.500,995.500 319.500,997.500 258.500,998.500 125.500,1000.500 173.500,1004.500 504.500,1004.500 971.500,1004.500 645.500,1005.500 658.500,1008.500 439.500,1009.500 727.500,1010.500 209.500,1012.500 95.500,1014.500 258.500,1015.500 771.500,1016.500 1012.500,1016.500 250.500,1020.500 571.500,1022.500 671.500,1022.500 774.500,1022.500
AAO6 546.779,12.225 549.500,14.500 816.651,194.199 820.620,198.380 964.359,249.755 270.500,254.500
AAP0 488.775,4.792 123.000,13.484 355.786,14.564 914.083,18.849 647.040,28.204 423.455,30.845 369.297,38.700 103.350,40.129 628.170,47.330 381.917,67.689 96.034,82.676 994.449,81.495 664.200,83.296 829.606,94.623 702.524,108.845 78.020,133.075 751.979,144.311 517.487,150.739 733.318,151.303 999.967,160.430 204.286,163.714 348.710,166.374 108.961,176.462 127.966,177.675 135.047,189.956 265.350,191.400 326.692,199.821 785.501,199.933 674.483,200.631 479.603,209.257 594.561,213.011 613.803,220.884 989.006,241.365 785.762,242.125 960.660,244.182 972.406,247.441 101.125,257.995 733.174,258.189 539.516,262.065 27.196,272.830 811.876,277.757 699.824,280.562 254.896,282.880 205.538,286.192 691.250,290.644 263.001,291.671 709.165,294.648 371.555,306.424 662.881,306.366 673.267,309.528 231.771,321.514 705.549,325.823 85.867,330.582 553.188,336.000 724.142,337.526 885.962,344.532 693.334,346.289 407.304,354.681 593.180,356.324 498.489,360.682 890.855,362.172 731.435,363.081 767.524,364.162 383.562,373.345 221.762,382.559 93.078,387.903 146.433,388.490 235.576,389.026 141.195,391.679 157.940,394.176 182.050,396.220 139.580,398.132 139.669,404.014 159.161,404.650 439.922,404.015 127.805,405.022 180.536,410.630 167.835,414.580 528.534,419.022 698.292,420.630 736.676,420.704 585.249,421.757 727.983,423.399 594.199,424.668 1018.115,430.024 247.852,431.232 777.989,431.307 462.140,432.648 593.577,436.632 846.607,440.112 229.495,446.264 558.768,445.756 540.354,450.115 131.605,451.975 382.806,454.824 764.986,457.885 652.663,463.679 294.443,473.346 195.600,473.893 299.292,475.972 596.046,479.051 969.003,485.054 641.584,488.155 603.226,491.549 569.655,493.877 557.464,494.854 524.399,495.578 922.364,499.907 501.014,506.433 236.872,510.270 456.648,511.990 508.830,512.359 571.414,514.528 997.439,515.838 709.159,517.864 585.924,520.559 558.088,521.477 391.830,525.514 726.498,525.266 501.472,530.460 624.303,530.448 321.512,531.604 572.014,532.669 587.319,535.285 776.000,536.884 868.809,540.328 468.119,547.371 385.709,550.095 920.887,550.210 368.947,551.505 767.000,558.117 368.825,563.030 407.359,563.318 842.453,567.448 480.052,574.032 586.396,574.441 407.898,573.857 609.490,581.063 618.634,585.458 533.827,585.641 148.716,592.513 851.455,593.128 198.827,596.827 379.931,609.404 409.118,614.720 813.785,614.792 110.489,622.703 368.366,625.550 490.537,633.608 367.273,635.231 316.645,638.331 722.243,648.472 273.059,654.185 662.848,658.004 958.984,657.993 760.083,662.540 478.587,665.110 214.640,672.837 928.633,673.175 567.458,684.221 713.638,685.354 925.587,691.790 741.508,698.790 395.908,701.320 585.662,720.684 430.377,732.224 659.078,732.754 740.204,753.228 353.887,754.332 581.957,756.533 401.931,758.984 80.063,760.989 425.278,767.137 910.188,767.249 300.555,779.992 162.302,783.355 119.347,787.096 226.389,792.882 756.194,793.202 751.344,815.113 37.909,827.818 262.895,829.050 657.422,828.989 32.202,830.369 106.968,834.728 615.533,835.412 553.639,848.978 567.733,852.428 463.818,853.780 438.957,854.539 606.794,861.783 432.822,875.434 569.359,884.519 328.246,890.339 894.136,900.365 781.526,913.406 840.273,916.394 1013.498,922.056 144.997,924.500 494.236,929.810 764.220,930.576 823.787,930.501 208.663,931.961 791.698,931.672 660.614,938.505 850.642,942.279 677.032,945.494 581.564,947.530 897.874,951.342 173.908,954.120 783.397,955.069 757.960,960.673 378.568,965.802 602.019,971.590 806.217,983.901 387.409,1006.511 759.124,1008.894 183.760,1014.302 292.269,1013.016 766.082,1017.972 826.782,1020.508
AAP1 488.928,4.500 121.500,13.948 355.500,13.500 913.951,18.500 912.500,19.500 646.613,28.283 423.923,30.770 421.500,30.500 369.500,38.500 103.500,39.948 627.500,48.500 381.906,67.768 96.144,82.434 994.500,81.500 665.000,82.500 664.500,84.500 829.088,94.774 702.500,109.500 77.700,132.839 751.764,144.236 752.500,146.500 517.379,150.642 733.463,151.315 999.525,160.769 204.000,163.500 349.500,166.500 108.887,176.293 127.756,177.449 129.500,178.500 134.500,190.500 265.500,190.500 266.500,191.500 674.063,200.494 784.500,199.500 325.500,200.500 786.500,200.500 675.500,201.500 479.500,207.500 479.500,209.500 613.548,220.922 785.000,241.500 990.500,241.500 961.500,244.500 960.500,245.500 972.500,247.500 100.500,256.500 732.500,256.500 101.500,257.500 732.814,258.743 539.480,262.272 27.500,271.500 26.774,273.134 811.098,277.500 254.500,283.500 204.500,286.500 690.778,290.509 692.500,291.500 263.500,292.500 709.169,294.337 371.902,306.500 662.500,306.500 673.500,307.500 673.483,309.986 231.098,321.500 85.500,331.500 724.500,337.500 693.500,346.500 593.500,355.500 592.500,356.500 498.000,360.500 730.933,363.145 890.816,362.500 382.500,372.500 383.500,373.500 146.460,388.463 92.500,387.500 142.500,391.500 139.500,392.500 141.500,392.500 157.776,394.502 182.236,396.532 138.375,398.020 144.168,399.520 137.500,402.500 159.110,404.640 139.707,404.121 128.500,405.052 439.500,405.500 179.500,410.500 168.151,414.578 164.500,416.500 529.500,418.500 698.500,419.500 697.500,420.500 585.500,421.500 584.500,422.500 594.500,424.500 247.500,430.500 778.500,430.500 249.000,431.500 461.777,432.777 593.500,436.500 846.532,439.965 558.973,445.510 540.270,450.122 131.743,452.186 383.511,455.033 764.901,457.778 652.500,461.500 652.919,463.317 294.435,473.126 299.233,476.233 596.217,478.933 968.902,485.033 642.228,487.813 603.500,490.500 602.500,491.500 569.142,493.806 524.213,495.787 922.299,499.757 501.090,506.359 237.500,509.948 235.500,510.500 509.372,512.054 455.500,512.500 571.764,514.476 507.500,513.500 709.176,517.519 585.783,519.500 558.229,521.301 587.500,520.500 586.049,523.500 392.170,525.740 587.500,524.500 727.500,526.500 726.500,527.500 501.342,530.404 624.465,530.669 320.500,531.500 571.830,532.471 587.228,534.813 775.795,536.761 869.014,540.278 468.500,547.500 920.500,548.500 385.794,550.224 367.500,550.500 920.440,550.500 368.500,552.147 767.032,557.982 369.227,563.188 407.500,562.500 406.500,563.500 368.500,565.500 586.442,574.478 480.100,574.064 609.500,580.500 620.301,583.853 533.500,585.500 617.359,586.710 619.500,586.500 147.500,591.500 149.500,592.721 851.372,593.340 853.500,594.500 198.602,596.885 379.081,609.481 409.000,614.500 814.188,614.773 813.500,616.500 110.425,622.582 368.469,625.613 365.500,625.500 489.500,633.500 367.500,635.464 490.500,634.500 316.500,638.500 722.384,648.763 271.500,652.500 273.456,654.055 959.216,657.768 663.500,658.500 958.500,659.500 760.100,662.649 477.500,664.500 214.461,672.807 713.500,685.190 925.714,691.874 741.500,699.500 394.500,700.500 585.740,720.293 430.405,732.392 659.275,732.248 739.938,753.222 580.500,757.500 402.500,758.500 910.279,767.082 119.477,787.015 226.500,792.000 756.129,793.077 225.500,793.500 3.017,815.001 751.155,815.340 658.022,829.043 261.500,828.500 262.500,829.500 32.000,830.500 107.500,834.500 615.098,835.500 553.600,848.598 463.640,853.516 439.500,853.500 606.212,861.500 433.500,875.500 432.500,876.500 327.500,890.500 782.500,913.500 781.500,914.500 1013.500,921.500 145.500,923.500 144.500,924.500 494.075,930.283 823.477,930.214 764.015,930.922 208.500,931.500 209.500,932.500 661.500,937.500 850.000,940.500 675.500,945.500 581.500,948.500 898.500,950.500 897.500,951.500 173.500,953.500 781.500,954.500 784.500,955.499 173.500,955.500 757.753,960.247 378.500,965.500 602.219,971.245 806.500,984.000 387.500,1007.499 759.199,1008.950 183.808,1014.353 292.500,1012.500 291.500,1013.500 765.500,1018.000 827.199,1020.463
AAP2 158.500,404.500 586.480,574.496 184.500,1014.500
AAP3 888.500,190.500 158.500,404.500 744.500,524.500 568.500,543.500 586.509,574.529 210.500,610.500 48.500,658.500
AAP4 158.500,404.500 586.506,574.395 184.500,1014.500
AAP5 461.500,3.500 388.500,8.500 958.500,9.500 55.500,12.500 276.500,13.500 832.500,13.500 326.500,14.500 348.500,14.500 893.500,14.500 179.500,15.500 718.500,18.500 771.500,22.500 939.500,25.500 112.500,26.500 364.500,29.500 765.500,38.500 731.500,44.500 566.500,45.500 816.500,49.500 357.500,51.500 545.500,52.500 277.500,54.500 584.500,55.500 756.500,58.500 551.500,63.500 411.500,65.500 861.500,67.500 476.500,69.500 739.500,70.500 917.500,74.500 383.500,79.500 982.500,80.500 994.500,83.500 345.500,90.500 347.500,91.500 877.500,93.500 816.500,95.500 486.500,97.500 537.500,97.500 347.500,98.500 180.500,99.500 532.500,99.500 108.500,102.500 230.500,105.500 914.500,106.500 1006.500,106.500 576.500,108.500 654.500,110.500 293.500,111.500 489.500,111.500 366.500,112.500 921.500,114.500 381.500,123.500 394.500,123.500 702.500,123.500 22.500,124.500 629.500,124.500 729.500,124.500 953.500,125.500 871.500,127.500 857.500,128.500 93.500,135.500 343.500,138.500 923.500,138.500 11.500,139.500 178.500,140.500 534.500,141.500 849.500,142.500 325.500,143.500 355.500,143.500 561.500,143.500 835.500,144.500 725.500,148.500 771.500,148.500 147.500,154.500 720.500,157.500 659.500,158.500 19.500,159.500 803.500,166.500 47.500,167.500 150.500,168.500 423.500,171.500 892.500,172.500 430.500,173.500 185.500,180.500 527.500,181.500 975.500,185.500 189.500,186.500 592.500,187.500 43.500,189.500 331.500,192.500 5.500,194.500 857.500,196.500 369.500,197.500 280.500,199.500 621.500,199.500 637.500,208.500 686.500,216.500 823.500,218.500 172.500,222.500 477.500,222.500 959.500,222.500 923.500,224.500 338.500,225.500 885.500,226.500 855.500,227.500 949.500,227.500 982.500,230.500 82.500,234.500 195.500,235.500 960.500,235.500 821.500,236.500 782.500,238.500 944.500,239.500 620.500,243.500 918.500,243.500 258.500,244.500 227.500,247.500 259.500,247.500 702.500,252.500 636.500,253.500 977.500,255.500 993.500,256.500 275.500,257.500 357.500,257.500 861.500,257.500 299.500,262.500 731.500,262.500 457.500,268.500 883.500,270.500 373.500,271.500 71.500,272.500 408.500,273.500 607.500,273.500 130.500,275.500 891.500,276.500 523.500,277.500 896.500,280.500 403.500,284.500 116.500,288.500 349.500,293.500 517.500,294.500 553.500,295.500 370.500,296.500 828.500,296.500 383.500,297.500 868.500,297.500 898.500,297.500 850.500,299.500 867.500,300.500 492.500,301.500 898.500,302.500 106.500,303.500 1001.500,304.500 671.500,305.500 931.500,305.500 690.500,306.500 45.500,307.500 621.500,308.500 125.500,310.500 524.500,311.500 884.500,313.500 309.500,315.500 166.500,316.500 16.500,317.500 1022.500,320.500 162.500,323.500 266.500,323.500 659.500,325.500 492.500,327.500 655.500,330.500 276.500,331.500 825.500,332.500 320.500,333.500 782.500,333.500 9.500,335.500 172.500,338.500 907.500,338.500 947.500,338.500 943.500,339.500 479.500,341.500 875.500,342.500 298.500,343.500 746.500,345.500 131.500,346.500 527.500,346.500 487.500,350.500 286.500,353.500 617.500,356.500 705.500,356.500 623.500,357.500 948.500,357.500 745.500,360.500 731.500,361.500 332.500,364.500 883.500,364.500 701.500,370.500 499.500,371.500 704.500,375.500 595.500,377.500 464.500,381.500 59.500,382.500 146.500,385.500 817.500,387.500 515.500,389.500 132.500,390.500 572.500,390.500 535.500,391.500 29.500,393.500 276.500,400.500 159.500,403.500 954.500,404.500 895.500,406.500 950.500,412.500 169.500,418.500 198.500,418.500 824.500,418.500 848.500,419.500 326.500,421.500 53.500,423.500 616.500,423.500 432.500,424.500 367.500,426.500 618.500,428.500 783.500,430.500 858.500,431.500 937.500,434.500 698.500,437.500 149.500,438.500 211.500,441.500 623.500,441.500 356.500,446.500 667.500,450.500 158.500,456.500 688.500,457.500 491.500,458.500 892.500,458.500 485.500,468.500 242.500,469.500 79.500,474.500 846.500,475.500 14.500,479.500 11.500,480.500 145.500,480.500 661.500,482.500 947.500,483.500 869.500,484.500 605.500,486.500 961.500,487.500 897.500,493.500 418.500,494.500 919.500,495.500 822.500,498.500 588.500,499.500 107.500,500.500 240.500,500.500 725.500,502.500 883.500,502.500 513.500,504.500 461.500,514.500 469.500,519.500 1018.500,520.500 58.500,524.500 312.500,524.500 478.500,524.500 683.500,524.500 412.500,530.500 778.500,531.500 459.500,532.500 489.500,538.500 523.500,539.500 814.500,541.500 355.500,542.500 503.500,542.500 890.500,542.500 705.500,548.500 269.500,549.500 13.500,550.500 559.500,550.500 751.500,551.500 905.500,555.500 703.500,558.500 430.500,560.500 830.500,561.500 56.500,562.500 326.500,562.500 537.500,562.500 128.500,564.500 769.500,564.500 581.500,569.500 587.163,575.253 788.500,570.500 519.500,571.500 199.500,572.500 208.500,572.500 125.500,574.500 721.500,574.500 661.500,575.500 447.500,577.500 244.500,579.500 316.500,579.500 456.500,579.500 898.500,579.500 792.500,580.500 151.500,583.500 243.500,584.500 507.500,590.500 542.500,594.500 155.500,598.500 469.500,598.500 257.500,599.500 67.500,601.500 371.500,601.500 257.500,603.500 514.500,606.500 578.500,609.500 301.500,610.500 573.500,610.500 286.500,612.500 393.500,615.500 913.500,615.500 576.500,618.500 865.500,619.500 594.500,620.500 1019.500,623.500 885.500,626.500 908.500,628.500 803.500,640.500 271.500,643.500 953.500,643.500 978.500,643.500 416.500,645.500 537.500,651.500 785.500,651.500 297.500,653.500 25.500,654.500 827.500,654.500 466.500,657.500 675.500,657.500 619.500,658.500 741.500,659.500 134.500,660.500 604.500,661.500 357.500,664.500 693.500,664.500 2.500,667.500 159.500,669.500 984.500,671.500 477.500,674.500 700.500,679.500 179.500,680.500 454.500,681.500 111.500,682.500 466.500,682.500 315.500,684.500 183.500,685.500 718.500,688.500 79.500,689.500 662.500,689.500 935.500,691.500 122.500,692.500 626.500,694.500 224.500,697.500 666.500,702.500 728.500,703.500 213.500,704.500 763.500,707.500 216.500,708.500 203.500,709.500 368.500,709.500 569.500,711.500 677.500,711.500 37.500,715.500 266.500,715.500 316.500,717.500 230.500,718.500 695.500,719.500 695.500,721.500 97.500,729.500 528.500,729.500 789.500,730.500 878.500,730.500 156.500,732.500 414.500,734.500 687.500,740.500 914.500,740.500 977.500,740.500 648.500,741.500 660.500,741.500 686.500,742.500 761.500,744.500 724.500,745.500 764.500,746.500 625.500,747.500 991.500,748.500 120.500,751.500 697.500,751.500 447.500,754.500 814.500,754.500 286.500,756.500 921.500,758.500 282.500,759.500 463.500,765.500 65.500,766.500 175.500,767.500 68.500,770.500 473.500,774.500 1012.500,775.500 145.500,778.500 930.500,779.500 115.500,783.500 616.500,783.500 856.500,790.500 353.500,794.500 173.500,797.500 693.500,798.500 3.500,800.500 143.500,800.500 221.500,800.500 25.500,803.500 559.500,807.500 393.500,808.500 639.500,809.500 698.500,809.500 748.500,812.500 263.500,816.500 310.500,822.500 710.500,825.500 208.500,826.500 786.500,827.500 658.500,828.500 931.500,828.500 467.500,829.500 366.500,830.500 460.500,830.500 478.500,830.500 893.500,830.500 896.500,830.500 75.500,834.500 648.500,834.500 19.500,839.500 995.500,840.500 1005.500,843.500 536.500,844.500 588.500,848.500 501.500,851.500 237.500,856.500 430.500,856.500 694.500,856.500 208.500,859.500 654.500,859.500 357.500,864.500 486.500,864.500 891.500,865.500 923.500,866.500 214.500,867.500 980.500,867.500 244.500,868.500 221.500,869.500 239.500,870.500 238.500,872.500 858.500,876.500 208.500,881.500 885.500,882.500 653.500,886.500 811.500,887.500 688.500,891.500 514.500,892.500 250.500,893.500 22.500,894.500 173.500,894.500 468.500,894.500 967.500,896.500 783.500,899.500 903.500,900.500 1009.500,900.500 136.500,904.500 841.500,904.500 234.500,905.500 507.500,907.500 763.500,907.500 386.500,916.500 1022.500,916.500 985.500,918.500 310.500,919.500 748.500,919.500 1004.500,920.500 510.500,921.500 960.500,922.500 123.500,924.500 142.500,924.500 60.500,926.500 805.500,928.500 406.500,929.500 205.500,930.500 449.500,933.500 532.500,935.500 10.500,937.071 788.500,937.500 82.500,939.500 184.500,944.500 871.500,946.500 992.500,947.500 44.500,953.500 785.500,954.500 458.500,955.500 720.500,957.500 149.500,961.500 212.500,962.500 975.500,968.500 663.500,972.500 620.500,973.500 90.500,974.500 824.500,983.500 382.500,986.500 366.500,991.500 333.500,992.500 984.500,994.500 481.500,995.500 255.500,998.500 277.500,999.500 222.500,1000.500 397.500,1001.500 563.500,1001.500 79.500,1002.500 680.500,1004.500 102.500,1006.500 151.500,1006.500 759.500,1010.500 417.500,1011.500 713.500,1014.500 169.500,1016.500 190.500,1017.500 146.500,1022.500
AAP6 585.523,573.611
AAQ0 589.232,8.047 503.528,10.756 750.609,16.346 611.541,19.772 379.001,21.688 11.586,30.411 70.453,47.045 260.446,53.460 827.600,54.892 228.997,59.253 156.523,69.781 646.372,72.372 47.373,75.633 517.962,75.596 529.556,77.807 323.086,79.617 229.464,79.240 77.097,81.268 585.673,82.109 856.830,83.568 165.597,94.011 318.310,94.979 208.875,98.004 517.117,97.370 99.850,103.638 237.327,107.273 181.863,110.517 379.759,113.917 391.359,117.075 942.200,117.764 399.036,120.968 443.004,124.728 378.391,130.286 519.439,134.821 398.005,137.567 70.710,140.377 458.738,141.235 170.053,145.704 590.706,148.593 521.129,160.645 194.000,161.442 109.117,167.957 603.000,176.454 775.768,178.796 118.601,185.009 857.673,189.683 537.359,196.530 116.624,197.009 662.994,203.570 863.514,210.565 692.369,212.307 130.562,214.234 52.192,217.318 160.335,218.260 201.815,221.470 395.442,221.572 842.180,225.194 153.589,237.105 993.667,248.011 102.687,249.463 50.247,249.257 92.561,254.432 505.706,254.341 515.770,257.945 735.228,257.605 630.911,262.619 613.972,265.613 948.053,270.962 767.064,278.743 922.735,277.003 367.787,280.207 418.118,281.910 456.141,284.203 753.277,283.637 540.353,296.498 269.519,296.215 715.224,296.990 490.104,303.083 300.061,304.818 315.811,308.853 937.234,309.785 522.497,314.456 229.930,316.616 341.977,317.128 985.323,317.138 86.820,317.396 45.239,319.788 550.022,324.302 721.444,323.789 177.570,329.864 328.500,332.206 527.280,337.744 17.291,338.885 544.474,347.501 689.296,351.465 502.021,355.524 474.867,359.987 294.300,360.881 222.610,362.975 243.285,365.707 791.281,371.737 495.678,375.661 433.020,376.932 149.472,393.640 930.889,393.990 84.729,394.276 1021.367,399.563 225.370,401.289 806.909,404.294 618.019,412.682 460.467,416.478 190.490,423.169 842.147,425.637 937.318,427.636 625.048,433.472 737.452,433.186 243.486,439.672 658.549,458.523 356.516,459.404 260.586,463.125 979.543,473.874 163.613,490.011 356.717,489.994 1005.237,490.792 924.843,492.577 352.263,499.263 773.379,498.604 715.654,501.995 685.259,505.011 55.525,506.525 328.852,510.838 347.210,513.498 320.285,519.003 984.347,523.599 884.276,530.428 512.017,533.996 850.012,537.881 727.466,537.833 860.448,536.785 987.698,543.559 32.971,543.944 998.056,544.558 688.202,545.357 200.198,548.028 291.684,557.427 919.721,559.253 938.291,561.706 904.703,565.044 982.860,566.659 930.172,574.837 911.562,574.329 914.508,577.758 953.479,584.768 874.627,588.646 943.028,592.015 424.550,597.082 148.849,598.621 536.760,604.751 914.414,611.598 667.491,613.486 993.655,615.247 97.637,617.306 927.532,618.980 543.348,621.727 363.479,623.170 979.417,628.902 9.247,629.232 180.428,632.509 318.108,633.581 882.108,634.700 1021.668,636.699 736.173,638.237 41.529,641.401 366.007,644.527 807.058,643.660 788.050,645.982 526.156,649.665 646.943,650.972 225.702,653.281 953.031,655.129 739.520,661.138 34.467,661.953 885.539,661.943 968.753,664.122 87.344,665.887 959.007,666.212 104.979,668.924 667.551,668.444 15.185,678.296 361.123,681.417 54.082,682.981 256.040,683.849 292.516,686.975 659.233,704.826 270.608,710.352 119.588,710.908 155.870,718.687 422.834,721.439 610.975,722.126 868.510,723.277 790.410,724.313 997.754,726.653 355.638,729.020 299.929,734.124 336.927,736.941 841.011,735.977 834.757,742.552 793.211,754.185 218.530,755.775 146.551,758.707 255.220,760.736 635.162,766.019 304.152,765.465 294.558,780.059 348.243,780.047 729.618,780.520 261.002,783.360 913.298,786.728 565.216,788.782 870.284,790.972 396.274,795.900 603.863,801.530 122.883,804.489 962.358,807.294 837.979,808.269 951.177,809.606 96.667,809.724 356.180,809.608 890.537,810.012 913.435,811.214 204.065,815.447 264.581,815.962 379.967,821.840 156.770,825.830 502.892,824.374 109.100,829.915 175.831,829.506 177.889,835.350 945.438,835.668 927.221,841.049 168.344,842.843 268.778,845.134 207.537,849.013 248.744,849.488 943.371,848.992 176.695,852.232 171.168,854.445 85.194,855.573 94.584,857.717 112.864,858.489 377.947,857.336 279.945,860.567 250.512,864.303 354.856,863.546 10.140,864.598 255.622,866.262 732.336,870.524 590.860,872.623 369.960,873.512 427.652,878.849 460.031,879.496 26.655,880.612 745.688,883.660 531.410,885.488 89.728,885.449 925.677,885.879 539.044,886.932 487.580,890.313 125.446,891.820 278.492,900.469 845.277,907.056 446.958,907.329 1010.686,908.972 224.784,910.886 364.364,913.419 519.992,913.507 310.662,917.865 175.316,920.863 169.301,923.462 887.549,926.293 106.064,929.367 79.834,931.506 97.773,942.397 495.462,943.737 89.097,960.791 329.360,962.016 910.707,964.343 77.452,964.847 322.603,967.990 62.706,969.289 4.519,974.461 79.366,978.074 67.096,976.881 452.161,981.484 984.495,983.200 41.981,984.903 410.279,998.697 971.432,998.685 637.948,1000.055 158.395,1002.970 28.105,1004.543 734.030,1008.538 361.797,1011.787 722.411,1011.258 426.613,1013.691 95.994,1019.418 203.822,1021.401
AAQ1 588.500,6.500 589.500,8.000 504.500,9.500 503.500,10.500 504.500,11.500 11.648,30.414 70.500,47.500 827.500,54.500 229.377,59.500 645.951,72.500 323.278,79.858 585.500,81.500 584.500,82.500 585.500,83.500 318.469,95.218 208.500,98.500 379.500,113.000 391.683,116.734 941.500,117.500 390.500,118.500 399.500,121.500 378.500,130.500 70.500,140.500 169.765,145.500 521.057,160.591 194.197,161.500 603.500,174.500 602.500,175.500 603.500,176.500 775.500,178.499 858.049,189.500 117.000,197.500 663.264,203.445 160.087,217.875 201.723,221.377 843.500,224.500 842.500,225.976 103.167,249.225 93.500,254.500 504.500,254.500 515.990,258.103 735.500,257.500 613.500,265.500 614.500,266.500 948.500,270.500 766.500,277.500 767.257,279.134 418.500,281.543 456.500,285.500 540.500,296.500 716.500,297.000 489.778,303.222 300.147,304.500 316.500,308.500 936.881,309.794 341.500,316.500 45.500,320.049 550.002,324.423 327.500,332.500 329.500,332.500 544.500,347.500 689.686,351.325 502.500,355.500 475.500,359.500 294.746,361.164 495.500,375.500 149.644,393.713 1020.888,399.500 806.937,403.990 617.985,412.901 190.500,423.500 625.500,432.500 624.500,433.955 626.500,433.500 738.000,433.500 658.537,458.457 356.500,459.500 261.500,463.500 979.519,473.750 163.628,490.028 357.500,490.500 1005.500,490.500 352.323,499.257 716.500,501.500 715.500,502.500 56.500,506.500 328.759,510.668 347.009,513.505 984.658,523.713 884.321,530.442 512.500,533.500 850.442,536.102 727.591,537.870 849.314,540.321 988.500,542.500 32.000,543.500 688.154,545.353 987.245,543.807 997.819,544.613 199.758,547.812 200.500,549.500 919.307,559.589 938.348,561.658 903.500,564.500 929.869,575.178 914.203,577.797 874.666,588.629 943.326,591.944 423.500,597.500 148.500,598.500 536.717,604.944 666.500,613.500 993.845,615.297 927.475,618.852 979.216,629.232 318.027,633.426 736.500,639.500 40.500,641.500 366.076,644.479 807.202,643.530 788.072,645.500 526.008,649.532 647.498,650.975 225.500,653.500 646.500,652.500 954.500,655.500 953.500,656.500 739.500,661.000 35.500,661.500 885.500,661.500 969.500,663.500 87.224,666.108 105.500,668.500 14.500,678.500 15.500,679.500 53.500,682.500 255.500,684.000 659.581,704.832 657.500,705.500 270.500,710.500 156.034,718.944 610.787,721.213 790.113,724.259 997.500,727.500 355.500,729.500 299.714,734.206 337.227,736.571 834.500,742.500 792.500,753.500 147.500,758.500 635.029,765.984 294.438,779.500 347.824,779.766 729.500,780.500 294.500,781.500 912.500,785.500 870.029,790.971 396.438,796.166 603.863,801.628 123.500,803.500 122.500,804.500 121.500,805.500 951.500,809.500 203.981,815.412 156.653,825.764 109.182,829.920 945.188,836.061 177.500,836.500 926.820,841.066 168.500,843.500 208.090,848.945 943.500,848.500 176.500,852.000 113.037,858.351 377.500,857.500 94.500,858.500 279.681,859.828 280.500,862.500 10.500,863.500 250.955,864.500 249.500,865.500 531.360,885.723 926.500,885.500 538.797,886.797 487.833,890.236 447.000,906.500 224.796,910.704 1011.500,909.500 363.500,912.500 364.500,913.500 79.500,931.500 80.500,932.500 98.208,942.540 494.500,943.500 88.771,960.823 322.500,967.500 78.918,976.589 80.332,981.320 984.538,983.210 971.736,998.995 637.500,999.951 27.940,1004.505 722.500,1011.500 361.500,1012.500
AAQ2 11.743,30.475 521.500,160.500 163.533,490.001 884.308,530.509 366.180,644.475 635.500,766.500 204.095,815.306 156.617,825.698 109.139,829.955 79.500,975.500 78.500,976.867
AAQ3 11.697,30.489 163.550,489.952 884.348,530.513 836.500,609.500 366.240,644.468 526.500,657.500 204.500,815.500 156.768,825.863 108.749,829.842 946.500,843.500
AAQ4 11.778,30.483 521.500,160.500 163.532,489.993 884.275,530.542 366.178,644.481 635.500,766.500 204.110,815.286 156.635,825.682 109.164,829.946 79.500,975.500 78.500,976.922
AAQ5 415.500,3.500 661.500,3.500 895.500,5.500 423.500,6.500 509.500,7.500 304.500,8.500 276.500,10.500 730.500,13.500 116.500,14.500 791.500,14.500 721.500,22.500 363.500,24.500 883.500,25.500 33.500,26.500 8.500,28.500 9.500,29.500 11.500,30.184 906.500,29.500 297.500,30.500 10.500,31.500 13.500,31.500 130.500,34.500 265.500,34.500 412.500,38.500 755.500,38.500 845.500,38.500 614.500,41.500 54.500,42.500 234.500,43.500 215.500,44.500 278.500,45.500 234.500,47.500 650.500,47.500 905.500,47.500 936.500,49.500 116.500,52.500 43.500,54.500 352.500,55.500 33.500,61.500 790.500,61.500 333.500,63.500 197.500,65.500 873.500,65.500 765.500,67.500 614.500,68.500 26.500,71.500 730.500,72.500 725.500,74.500 762.500,80.500 574.500,81.500 486.500,83.500 754.500,83.500 1005.500,87.500 515.500,88.500 105.500,91.500 733.500,93.500 198.500,97.500 249.500,97.500 807.500,98.500 220.500,99.500 521.500,103.500 940.500,104.500 266.500,108.500 991.500,110.500 163.500,111.500 40.500,112.500 589.500,114.500 391.500,115.500 597.500,119.500 28.500,120.500 626.500,122.500 9.500,123.500 22.500,123.500 330.500,123.500 674.500,123.500 257.500,124.500 357.500,124.500 531.500,127.500 711.500,129.500 995.500,137.500 591.500,138.500 703.500,138.500 525.500,142.500 1.500,143.500 31.500,143.500 421.500,148.500 83.500,155.500 472.500,157.500 517.500,158.500 679.500,158.500 516.500,160.500 522.500,161.500 884.500,165.500 317.500,166.500 585.500,166.500 710.500,167.500 396.500,172.500 964.500,172.500 525.500,175.500 87.500,180.500 723.500,181.500 948.500,181.500 479.500,185.500 780.500,186.500 76.500,187.500 529.500,193.500 8.500,194.500 668.500,195.500 152.500,196.500 359.500,196.500 895.500,196.500 788.500,198.500 105.500,208.500 837.500,208.500 195.500,216.500 634.500,221.500 937.500,221.500 345.500,224.500 782.500,224.500 245.500,227.500 339.500,227.500 331.500,230.500 918.500,233.500 810.500,235.500 1004.500,235.500 225.500,236.500 462.500,237.500 592.500,237.500 213.500,239.500 1022.500,242.500 298.500,243.500 664.500,243.500 242.500,244.500 80.500,252.500 4.500,253.500 725.500,254.500 730.500,254.500 357.500,255.500 319.500,257.500 517.500,261.500 148.500,265.500 889.500,267.500 83.500,268.500 279.500,270.500 95.500,271.500 844.500,272.500 19.500,273.500 580.500,274.500 967.500,276.500 332.500,279.500 300.500,280.500 776.500,282.500 67.500,284.500 202.500,287.500 24.983,289.500 557.500,289.500 570.500,290.500 516.500,292.500 911.500,293.500 184.500,296.500 586.500,296.500 782.500,296.500 210.500,297.500 240.500,297.500 722.500,297.500 785.500,297.500 854.500,300.500 452.500,302.500 327.500,304.500 1020.500,305.500 969.500,307.500 1008.500,309.500 728.500,310.500 142.500,313.500 599.500,314.500 456.500,315.500 146.500,316.500 175.500,316.500 303.500,316.500 553.500,321.500 386.500,322.500 863.500,324.500 17.500,329.500 870.500,329.500 13.500,332.500 528.500,332.500 990.500,332.500 223.500,334.500 382.500,337.500 139.500,339.500 727.500,343.500 952.500,344.500 339.500,345.500 488.500,352.500 831.500,353.500 289.500,354.500 823.500,355.500 911.500,355.500 831.500,356.500 943.500,359.500 631.500,361.500 530.500,363.500 61.500,364.500 717.500,370.500 299.500,379.500 988.500,379.500 992.500,379.500 159.500,380.500 640.500,380.500 235.500,381.500 77.500,387.500 747.500,388.500 804.500,389.500 757.500,390.500 269.500,392.500 252.500,393.500 699.500,394.500 998.500,395.500 458.500,399.500 593.500,399.500 996.500,403.500 372.500,404.500 333.500,406.500 48.500,410.500 474.500,412.500 649.500,416.500 653.500,417.500 729.500,417.500 764.500,417.500 374.500,418.500 404.500,419.500 704.500,419.500 498.500,420.500 894.500,420.500 617.500,422.500 990.500,423.500 164.500,428.500 343.500,428.500 310.500,437.500 791.500,437.500 244.500,438.500 225.500,441.500 527.500,444.500 957.500,444.500 966.500,445.500 968.500,448.500 291.500,450.500 47.500,452.500 937.500,454.500 878.500,455.500 763.500,462.500 873.500,463.500 656.500,465.500 134.500,466.500 147.500,468.500 787.500,473.500 867.500,475.500 734.500,478.500 912.500,479.500 722.500,480.500 345.500,482.500 621.500,483.500 219.500,484.500 163.611,490.050 599.500,491.500 517.500,493.500 402.500,495.500 731.500,499.500 331.500,502.500 121.500,504.500 348.500,515.500 85.500,522.500 928.500,523.500 543.500,524.500 881.500,524.500 885.482,531.844 632.500,531.500 300.500,536.500 261.500,538.500 564.500,541.500 85.500,542.500 233.500,542.500 622.500,542.500 882.500,544.500 726.500,545.500 188.500,548.500 911.500,548.500 647.500,549.500 163.500,550.500 341.500,551.500 990.500,553.500 999.500,553.500 705.500,556.500 32.500,560.500 434.500,561.500 686.500,561.500 954.500,561.500 135.500,562.500 756.500,563.500 379.500,564.500 277.500,569.500 408.500,570.500 848.500,570.500 845.500,571.500 854.500,571.500 519.500,573.500 379.500,574.500 484.500,580.500 972.500,584.500 171.500,590.500 330.500,592.500 4.500,595.500 115.500,598.500 923.500,598.500 925.500,602.500 714.500,604.500 174.500,606.500 155.500,607.500 742.500,608.500 987.500,609.500 239.500,610.500 643.500,613.500 522.500,614.500 31.500,615.500 561.500,615.500 779.500,617.500 505.500,619.500 226.500,620.500 723.500,620.500 358.500,622.500 563.500,626.500 576.500,628.500 828.500,630.500 596.500,632.500 402.500,634.500 328.500,640.500 379.500,640.500 363.500,641.500 362.500,642.500 365.500,642.954 859.500,642.500 503.500,643.500 528.500,643.500 366.500,644.500 367.959,646.500 369.500,647.500 368.500,648.500 1013.500,650.500 647.500,652.500 433.500,654.500 775.500,655.500 839.500,656.500 902.500,656.500 87.500,657.500 25.500,658.500 76.500,658.500 133.500,659.500 692.500,659.500 22.500,661.500 211.500,664.500 587.500,665.500 555.500,668.500 366.500,671.500 524.500,674.500 705.500,675.500 250.500,678.500 442.500,678.500 64.500,679.500 567.500,679.500 834.500,680.500 856.500,683.500 535.500,684.500 44.500,688.500 429.500,688.500 543.500,689.500 886.500,690.500 558.500,696.500 762.500,696.500 250.500,699.500 1018.500,701.500 58.500,703.500 567.500,703.500 756.500,703.500 1011.500,704.500 556.500,707.500 702.500,708.500 851.500,712.500 365.500,714.500 198.500,717.500 788.500,718.500 1017.500,718.500 991.500,725.500 520.500,727.500 180.500,728.500 697.500,728.500 83.500,730.500 172.500,730.500 726.500,733.500 977.500,739.500 180.500,740.500 243.500,740.500 918.500,740.500 930.500,740.500 965.500,741.500 990.500,744.500 24.500,746.500 861.500,746.500 205.500,748.500 935.500,750.500 434.500,751.500 477.500,751.500 504.500,751.500 417.500,754.500 552.500,755.500 144.500,756.500 738.500,757.500 165.500,758.500 548.500,758.500 591.500,764.500 693.500,764.500 299.500,765.500 635.500,765.500 421.500,766.500 312.500,769.500 291.500,773.500 699.500,773.500 224.500,775.500 373.500,777.500 61.500,778.500 338.500,778.500 110.500,779.500 208.500,785.500 682.500,786.500 1002.500,786.500 56.500,790.500 713.500,798.500 221.500,801.500 183.500,802.500 671.500,806.500 172.500,808.500 810.500,811.500 200.500,812.500 202.500,812.500 674.500,820.500 249.500,821.500 153.171,823.237 155.500,823.500 154.500,824.500 604.500,824.500 156.500,825.500 157.500,826.500 632.500,826.500 106.759,828.180 765.500,827.500 159.410,828.500 293.500,828.500 459.500,829.500 707.500,829.500 710.500,829.500 110.500,830.500 111.500,831.753 112.500,833.500 384.500,833.500 256.500,836.500 737.500,837.500 168.500,839.500 221.500,839.500 673.500,839.500 501.500,840.500 671.500,842.500 200.500,843.500 930.500,847.500 52.500,855.500 314.500,855.500 819.500,857.500 926.500,857.500 490.500,862.500 20.500,863.500 443.500,864.500 506.500,866.500 794.500,866.500 765.500,867.500 775.500,868.500 768.500,870.500 702.500,874.500 360.500,875.500 48.500,881.500 323.500,881.500 694.500,881.500 73.500,885.500 452.500,885.500 632.500,891.500 545.500,892.500 550.500,897.500 956.500,900.500 496.500,902.500 74.500,903.500 243.500,903.500 604.500,903.500 105.500,904.500 854.500,908.500 634.500,910.500 577.500,911.500 692.500,914.500 332.500,915.500 648.500,917.500 62.500,918.500 832.500,919.500 262.500,921.500 328.500,924.500 77.500,927.500 808.500,933.500 108.500,935.500 112.500,935.500 608.500,942.500 778.500,943.500 596.500,944.500 362.500,950.500 404.500,951.500 123.500,953.500 142.500,954.500 94.500,956.500 550.500,958.500 559.500,959.500 622.500,960.500 359.500,962.500 684.500,965.500 341.500,967.500 633.500,968.500 5.500,971.500 193.500,971.500 974.500,971.500 436.500,972.500 974.500,975.500 787.500,978.500 913.500,981.500 228.500,987.500 709.500,988.500 594.500,989.500 98.500,991.500 150.500,991.500 1014.500,991.500 799.500,992.500 156.500,993.500 677.500,993.500 991.500,993.500 567.500,995.500 503.500,997.500 442.500,998.500 785.500,999.500 307.500,1000.500 157.500,1001.500 480.500,1001.500 330.500,1004.500 379.500,1004.500 708.500,1004.500 849.500,1005.500 864.500,1008.500 423.500,1012.500 957.500,1012.500 355.500,1013.500 417.500,1014.500 464.500,1015.500 448.500,1020.500 761.500,1022.500 861.500,1022.500 964.500,1022.500
AAQ6 11.500,30.500 163.726,490.089 881.232,526.540 882.500,528.500 884.500,530.017 886.500,532.006 887.500,534.100 888.500,535.500 152.500,823.500 111.500,831.500
AAR0 842.054,2.148 215.545,7.430 650.741,8.413 345.698,9.706 352.464,12.977 63.176,14.460 669.990,14.765 76.225,16.234 559.545,18.703 691.698,20.960 454.269,22.008 654.509,23.513 422.965,22.912 566.139,24.562 665.513,33.796 420.530,36.791 395.985,37.747 416.153,38.518 173.520,42.347 435.861,42.500 454.898,44.226 713.136,43.523 210.682,44.836 448.344,46.319 409.310,51.165 842.512,49.124 634.471,52.025 337.150,61.414 401.619,65.137 421.429,73.073 266.266,73.870 520.118,74.290 823.490,78.056 199.618,80.648 1001.133,81.227 749.860,84.329 534.217,86.296 850.326,89.143 692.230,95.500 345.994,96.016 810.532,105.022 366.817,105.470 1018.587,105.480 264.812,108.081 13.128,109.575 468.789,109.967 428.551,111.279 462.875,113.077 552.353,117.447 512.375,121.255 928.945,121.087 641.583,122.165 330.029,122.002 539.065,129.169 53.702,129.300 197.010,129.438 399.955,129.515 717.678,137.813 387.016,141.967 39.614,145.973 283.877,146.830 395.538,145.524 392.315,149.685 438.969,152.975 296.701,155.498 645.485,154.757 440.643,163.733 288.133,164.108 640.889,165.113 503.993,165.734 747.655,169.262 343.511,171.167 40.673,175.268 260.341,175.954 79.783,181.968 542.018,181.538 847.969,181.495 27.517,187.279 73.680,189.338 775.950,189.868 7.808,192.802 712.414,210.982 742.672,210.994 382.720,218.528 440.347,220.096 946.189,220.126 972.871,228.427 896.325,228.684 127.408,230.620 20.977,232.043 612.281,237.728 10.488,242.366 172.722,243.299 636.551,248.058 171.231,249.713 236.093,249.324 339.023,250.601 628.714,253.649 507.589,257.831 4.984,263.788 20.671,265.006 905.030,270.963 866.517,283.250 195.946,286.555 426.003,285.431 386.238,288.200 141.849,294.110 399.130,297.562 432.493,297.043 966.661,297.131 386.246,298.292 406.546,297.170 219.405,302.348 449.597,308.138 563.452,333.084 918.938,344.519 358.285,346.329 334.527,348.220 413.444,349.771 568.946,350.591 154.547,357.196 349.853,356.978 325.994,360.746 959.994,360.601 204.411,367.499 344.489,371.451 454.133,371.887 932.204,372.056 556.022,373.067 514.307,375.647 425.949,377.822 44.856,380.719 286.506,380.801 166.845,382.176 71.442,387.033 232.495,386.790 130.769,389.871 903.976,395.456 791.604,399.203 5.229,403.147 37.503,407.100 561.566,410.219 633.415,412.597 558.160,414.006 131.809,415.372 591.461,416.032 140.468,417.221 526.333,419.819 439.838,425.180 996.955,423.969 140.632,430.000 988.752,432.234 969.113,434.431 608.736,439.478 655.859,441.641 391.610,442.044 103.770,444.844 672.843,446.542 537.082,447.789 253.951,451.874 746.766,457.626 903.491,456.982 432.583,459.284 573.341,459.695 626.045,462.057 273.951,462.435 367.234,465.540 377.134,466.303 352.620,470.341 389.517,472.966 412.865,472.613 422.858,476.578 287.125,477.551 222.722,477.463 737.096,478.100 955.492,478.580 392.347,481.347 446.605,492.260 545.956,494.897 393.388,495.967 263.092,499.708 485.424,501.239 338.633,504.998 351.584,509.845 270.134,510.604 586.848,511.546 383.621,514.233 845.661,513.963 858.644,514.850 673.682,519.769 210.715,524.187 441.264,527.817 235.502,529.472 569.775,529.582 9.207,530.485 172.495,535.773 445.777,540.215 374.212,542.943 634.851,543.399 512.818,544.406 724.338,546.795 838.828,548.188 877.846,548.001 64.037,551.931 999.521,552.754 543.973,556.489 357.000,558.733 522.830,562.834 292.416,565.274 312.660,565.363 599.663,564.685 583.101,566.725 530.727,567.701 230.532,572.832 434.977,573.533 505.624,575.844 381.345,582.660 723.558,582.780 445.871,584.600 482.011,587.387 293.374,592.736 373.310,592.792 524.541,601.725 341.847,604.285 735.528,602.578 267.724,604.600 430.484,605.020 823.007,605.221 986.039,609.492 430.280,613.470 273.105,615.408 54.539,622.543 276.479,623.462 241.803,629.538 661.840,629.456 31.998,638.699 635.565,638.992 926.689,638.700 963.064,639.460 298.492,650.986 374.809,656.631 614.881,658.128 215.654,659.801 666.912,663.214 169.678,665.860 340.992,665.533 317.280,670.747 438.585,674.344 764.477,674.926 341.666,683.681 113.155,692.826 557.698,695.709 206.167,698.828 142.165,700.346 538.408,703.256 511.622,704.182 158.001,707.999 973.749,711.059 766.736,719.460 588.995,725.000 361.152,728.500 320.144,734.016 253.061,734.826 992.135,736.486 327.429,741.148 817.826,740.751 310.840,743.669 452.668,748.126 2.829,749.208 721.941,766.065 768.247,767.902 773.551,770.298 149.276,771.306 827.206,772.378 322.067,783.378 591.435,784.844 549.938,794.082 998.986,795.387 817.506,797.188 712.418,800.784 699.572,804.038 33.995,805.146 842.242,806.771 642.197,808.678 682.004,810.139 190.736,818.288 681.264,817.384 476.698,828.013 806.276,827.687 535.344,829.382 83.019,832.398 8.296,836.277 36.230,839.357 194.157,838.791 364.784,839.176 822.222,839.210 210.240,848.900 319.834,853.951 586.410,854.655 626.007,861.526 439.268,863.988 860.711,863.657 1012.452,871.836 282.872,880.042 229.415,892.372 90.830,896.790 24.948,897.215 143.540,898.345 329.388,921.528 675.448,924.219 9.988,927.978 883.511,929.579 397.691,937.794 309.524,941.333 807.568,946.957 59.531,948.208 320.239,951.242 48.101,959.069 703.476,959.689 499.006,961.571 564.029,979.801 262.402,981.781 126.028,992.485 592.783,993.899 821.761,994.417 512.750,997.896 744.516,998.775 785.641,1004.316 586.361,1006.578 84.881,1007.336 404.819,1010.133 250.455,1016.712 589.253,1019.562 513.590,1021.624 545.279,1021.376
AAR1 651.206,8.549 559.500,18.500 690.773,20.812 453.766,21.824 654.718,23.596 665.049,34.500 415.500,38.500 210.500,45.000 448.821,45.856 444.500,48.500 408.467,50.767 411.500,51.500 634.500,52.500 412.185,55.778 337.974,61.730 266.500,72.500 265.500,73.500 520.500,74.581 266.500,74.500 823.500,78.500 198.500,79.500 200.500,80.500 199.049,81.500 749.971,84.006 534.546,86.500 1018.500,106.500 264.500,107.500 469.500,109.500 462.500,112.500 927.500,121.000 642.500,121.500 929.500,121.500 399.500,129.049 539.200,129.200 400.500,130.500 283.803,146.939 396.500,145.500 392.500,150.500 645.710,154.948 297.434,155.589 295.500,155.500 441.096,163.731 287.731,163.853 640.500,165.439 502.500,165.500 504.248,166.151 259.500,176.500 79.500,181.500 542.000,181.500 382.500,218.500 972.500,228.932 20.500,231.500 21.500,232.500 10.500,242.500 636.500,246.500 636.139,248.312 171.500,249.500 628.500,254.500 5.500,263.500 4.500,264.500 866.500,282.951 196.219,286.500 385.500,287.500 387.500,288.500 141.500,294.131 386.500,298.072 398.979,297.500 449.500,307.948 563.480,333.123 918.500,344.500 358.500,346.500 569.240,350.324 154.710,357.412 350.500,356.500 454.500,371.500 932.500,372.500 513.959,375.735 425.846,377.764 44.500,381.000 167.500,381.500 166.500,382.500 71.500,386.500 903.500,396.000 791.390,399.231 5.500,402.500 37.500,406.500 633.126,412.420 557.984,413.475 559.500,412.500 131.976,414.500 132.000,416.500 140.500,417.049 590.500,416.500 527.000,419.500 439.500,424.500 441.500,424.500 439.500,426.500 989.500,432.500 968.500,435.000 391.695,441.721 656.418,441.809 254.020,451.901 746.483,457.791 573.927,459.800 432.500,460.500 626.500,463.500 352.500,469.500 390.500,473.000 287.249,477.337 423.500,476.500 736.899,477.929 222.000,477.500 422.500,477.500 738.500,477.500 956.227,477.812 955.500,479.500 392.284,481.467 393.315,495.467 485.500,501.500 351.586,509.801 845.500,513.500 858.500,515.500 441.123,527.902 9.500,531.500 445.500,541.000 374.500,543.500 725.000,546.500 877.792,547.861 839.500,547.500 879.500,549.500 1000.199,553.235 544.137,556.683 522.853,562.500 522.500,564.500 583.300,566.668 313.500,566.500 229.500,572.500 445.920,584.869 293.500,592.072 294.500,593.500 524.500,601.500 341.916,604.141 823.004,605.190 272.933,615.564 55.500,622.500 661.500,629.500 635.500,638.500 926.500,638.500 963.000,639.271 297.933,651.191 374.500,656.500 614.500,657.500 170.500,666.500 437.500,674.500 764.521,675.260 113.167,692.748 142.296,700.399 205.500,699.500 538.095,703.685 512.500,704.500 973.500,711.500 319.500,735.500 992.178,736.500 993.500,737.500 327.483,740.990 311.130,743.682 722.014,766.010 773.500,769.976 774.500,771.500 322.188,782.773 591.500,783.500 590.500,784.500 592.500,785.024 549.500,794.928 817.500,796.500 699.500,804.024 681.693,810.071 190.848,818.121 477.500,827.500 476.500,828.500 534.996,828.743 535.500,830.500 8.500,836.500 364.607,839.035 36.500,839.112 822.250,838.796 210.243,848.601 319.500,853.500 320.500,854.500 586.500,855.500 439.504,863.582 625.500,862.500 860.500,864.500 282.797,880.059 229.500,892.500 90.766,896.740 143.500,897.888 329.500,921.500 883.500,929.049 398.500,936.500 397.500,937.500 399.500,937.500 398.500,938.500 308.500,940.500 309.500,941.500 807.718,946.856 59.500,947.500 58.500,948.500 59.500,949.500 320.500,951.499 47.500,958.500 262.500,981.500 821.500,994.500 512.500,997.500 514.000,998.500 744.500,999.500 786.500,1004.500 404.651,1010.154 249.500,1017.500
AAR2 283.968,146.500 425.764,377.717 791.838,399.500 656.500,441.500 254.039,451.949 351.652,509.702 282.784,880.064 90.606,896.821
AAR3 52.500,87.500 425.500,377.500 254.046,452.015 351.500,509.500 142.500,524.500 1016.500,542.500 342.500,657.500 340.500,876.500 282.788,880.074 90.906,897.000
AAR4 283.981,146.500 425.773,377.743 791.500,399.500 656.500,441.500 253.998,451.965 351.671,509.707 282.791,880.079 90.575,896.816
AAR5 405.500,3.500 419.500,6.500 302.500,8.500 282.500,10.500 1007.500,11.500 628.500,13.500 750.500,13.500 238.500,14.500 260.500,14.500 83.500,15.500 713.500,22.500 592.500,23.500 59.500,26.500 668.500,38.500 701.500,38.500 993.500,38.500 827.500,39.500 728.500,41.500 168.500,42.500 625.500,44.500 454.500,45.500 696.500,47.500 964.500,49.500 319.500,52.500 9.500,54.500 310.500,55.500 576.500,55.500 746.500,56.500 494.500,58.500 473.500,62.500 275.500,63.500 574.500,63.500 801.500,65.500 683.500,67.500 954.500,70.500 382.500,83.500 910.500,92.500 471.500,93.500 398.500,95.500 58.500,97.500 109.500,97.500 943.500,97.500 414.500,104.500 218.500,105.500 721.500,107.500 116.500,108.500 186.500,110.500 508.500,110.500 45.500,111.500 948.500,111.500 533.500,119.500 264.500,123.500 193.500,124.500 293.500,124.500 919.500,137.500 477.500,138.500 589.500,138.500 151.500,139.500 595.500,141.500 99.500,143.500 5.500,146.500 303.500,147.500 235.500,148.500 214.500,157.500 478.500,163.500 698.500,165.500 129.500,166.500 494.500,167.500 933.500,179.500 778.500,181.500 319.500,185.500 555.500,185.500 622.500,186.500 942.500,186.500 81.500,190.500 96.500,190.500 753.500,190.500 436.500,191.500 637.500,191.500 319.500,193.500 822.500,193.500 582.500,198.500 198.500,200.500 981.500,207.500 313.500,222.500 710.500,224.500 261.500,227.500 245.500,230.500 810.500,233.500 322.500,237.500 452.500,237.500 565.500,241.500 882.500,242.500 520.500,243.500 417.500,252.500 886.500,252.500 52.500,255.500 225.500,256.500 195.500,257.500 397.500,261.500 567.500,261.500 175.500,270.500 393.500,271.500 583.500,274.500 197.500,276.500 220.500,279.500 192.500,280.500 690.500,282.500 731.500,283.500 1021.500,283.500 130.500,287.500 428.500,287.500 836.500,287.500 471.500,289.500 392.500,292.500 777.500,293.500 612.500,295.500 50.500,296.500 632.500,296.500 60.500,297.500 90.500,297.500 57.500,300.500 74.500,302.500 111.500,305.500 61.500,308.500 896.500,309.500 614.500,310.500 71.500,316.500 201.500,316.500 357.500,322.500 430.500,322.500 640.500,326.500 1000.500,327.500 773.500,329.500 938.500,331.500 284.500,337.500 29.500,339.500 589.500,340.500 140.500,343.500 193.500,345.500 537.500,349.500 324.500,352.500 629.500,353.500 87.500,354.500 619.500,355.500 707.500,355.500 88.500,358.500 499.500,370.500 536.500,370.500 356.500,373.500 189.500,374.500 513.500,376.500 725.500,382.500 695.500,386.500 319.500,388.500 960.500,388.500 361.500,390.500 889.500,391.500 876.500,392.500 297.500,394.500 622.500,395.500 10.500,399.500 216.500,399.500 710.500,414.500 167.500,417.500 243.500,417.500 278.500,417.500 208.500,419.500 12.500,420.500 82.500,422.500 510.500,423.500 167.500,426.500 893.500,427.500 863.500,429.500 371.500,442.500 385.500,444.500 249.500,447.500 324.500,448.500 250.500,449.500 667.500,449.500 252.961,451.252 395.500,451.500 225.500,454.500 257.890,455.358 666.500,456.500 105.500,463.500 285.500,465.500 651.500,465.500 654.500,471.500 1015.500,472.500 433.500,481.500 977.500,482.500 386.500,483.500 825.500,483.500 353.500,485.500 705.500,486.500 64.500,490.500 636.500,491.500 703.500,491.500 675.500,492.500 557.500,501.500 349.500,503.500 349.000,507.500 350.500,508.500 351.500,510.500 353.500,511.500 894.500,517.500 59.500,518.500 345.500,518.500 914.500,519.500 553.500,538.500 198.500,544.500 701.500,545.500 735.500,547.500 53.500,549.500 581.500,549.500 119.500,556.500 476.500,559.500 985.500,559.500 202.500,563.500 657.500,568.500 406.500,569.500 814.500,569.500 513.500,570.500 719.500,570.500 891.500,572.500 717.500,574.500 125.500,588.500 317.500,597.500 233.500,600.500 395.500,602.500 342.500,604.500 602.500,605.500 581.500,606.500 722.500,607.500 118.500,608.500 638.500,608.500 326.500,611.500 1021.500,612.500 101.500,620.500 965.500,625.500 877.500,627.500 19.500,629.500 218.500,630.500 841.500,636.500 38.500,639.500 613.500,639.500 829.500,653.500 165.500,655.500 307.500,655.500 460.500,656.500 669.500,656.500 601.500,657.500 140.500,659.500 256.500,659.500 387.500,663.500 849.500,663.500 999.500,670.500 559.500,672.500 128.500,674.500 56.500,678.500 171.500,679.500 430.500,680.500 553.500,680.500 155.500,684.500 698.500,687.500 40.500,688.500 646.500,688.500 171.500,689.500 514.500,690.500 912.500,698.500 640.500,701.500 696.500,702.500 364.500,703.500 147.500,708.500 965.500,712.500 1022.500,712.500 172.500,714.500 597.500,718.500 806.500,725.500 810.500,727.500 303.500,728.500 848.500,737.500 604.500,744.500 654.500,745.500 471.500,746.500 867.500,747.500 2.500,750.500 45.500,754.500 366.500,757.500 939.500,761.500 349.500,764.500 496.500,769.500 943.500,772.500 431.500,773.500 1015.500,776.500 1000.500,777.500 878.500,784.500 167.500,785.500 340.500,786.500 658.500,786.500 334.500,789.500 197.500,793.500 537.500,797.500 891.500,801.500 365.500,806.500 522.500,808.500 838.500,809.500 546.500,811.500 65.500,815.500 392.500,818.500 490.500,818.500 73.500,821.500 1002.500,824.500 560.500,826.500 421.500,829.500 849.500,832.500 363.500,835.500 727.500,839.500 711.500,842.500 240.500,843.500 215.500,850.500 633.500,850.500 892.500,857.500 590.500,862.500 5.500,865.500 581.500,865.500 894.500,865.500 936.500,866.500 282.794,880.048 528.500,875.500 884.500,879.500 523.500,881.500 446.500,888.500 116.500,891.500 630.500,892.500 52.500,893.500 89.500,894.884 90.500,896.500 91.984,897.500 93.096,899.500 505.500,899.500 337.500,903.500 754.500,903.500 3.500,906.500 259.500,906.500 743.500,911.500 898.500,914.500 544.500,915.500 505.500,917.500 854.500,917.500 268.500,918.500 528.500,919.500 224.500,921.500 270.500,922.500 699.500,922.500 718.500,922.500 353.500,927.500 580.500,934.500 582.500,935.500 595.500,940.500 836.500,942.500 50.500,946.500 241.500,953.500 252.500,954.500 500.500,957.500 702.500,957.500 668.500,958.500 667.500,959.500 820.500,965.500 116.500,967.500 243.500,967.500 761.500,968.500 143.500,971.500 455.500,985.500 269.500,994.500 793.500,997.500 107.500,1004.500 644.500,1004.500 693.500,1004.500 141.500,1006.500 406.500,1011.500 251.500,1013.500 669.500,1013.500 733.500,1014.500 768.500,1015.500 259.500,1017.500 502.500,1017.500 115.500,1022.500
AAR6 252.500,451.500 258.500,455.500 282.832,880.085
AAS0 419.376,3.848 1012.659,14.068 569.049,20.932 625.189,22.159 181.258,27.580 789.507,26.336 134.348,30.780 1013.175,30.911 184.556,43.609 989.814,44.276 553.674,45.930 837.736,46.230 467.494,62.390 913.880,66.338 865.866,78.257 710.860,80.500 242.622,82.716 484.446,99.315 786.440,100.691 827.617,109.631 744.217,112.965 110.427,121.909 550.334,121.544 761.926,127.026 411.168,134.698 215.435,146.835 375.435,147.188 948.145,152.836 251.778,153.500 580.885,155.041 979.736,155.973 681.520,158.665 852.558,159.507 671.872,164.038 148.025,165.021 621.538,176.398 448.974,196.004 557.637,203.458 990.406,207.188 575.142,210.964 683.601,208.864 704.596,213.862 745.339,223.069 722.147,227.196 703.248,225.469 709.288,224.603 323.303,226.707 680.451,230.748 422.392,236.853 1011.475,238.513 669.177,241.330 65.880,243.215 413.987,245.669 1009.879,250.503 560.906,256.614 938.556,263.267 827.022,264.981 132.170,269.258 504.321,268.978 376.889,279.481 886.235,282.782 579.148,289.614 828.687,292.304 780.716,297.702 443.985,299.116 548.377,307.004 488.786,309.486 12.679,319.688 186.452,320.543 796.742,327.067 946.607,326.856 319.609,330.776 752.015,337.659 626.030,343.603 603.029,344.534 635.228,357.454 389.545,358.418 231.347,360.897 145.016,363.016 596.385,366.615 990.138,368.698 427.643,373.103 869.928,373.286 501.500,376.551 783.936,376.874 787.286,380.305 315.631,382.519 192.857,384.837 398.665,386.909 477.148,395.621 900.150,395.962 395.487,396.149 1012.306,403.117 114.244,409.492 786.937,409.528 1012.608,409.727 572.529,414.567 553.245,417.594 509.448,418.795 845.417,421.003 987.947,437.504 141.278,438.902 470.247,438.017 4.417,439.768 249.567,441.826 854.430,449.552 599.550,457.184 541.490,458.762 116.986,464.550 310.020,466.763 559.700,469.460 997.472,467.727 18.496,468.653 305.415,469.105 872.572,470.469 690.465,472.767 115.436,474.583 176.607,474.133 976.544,486.487 555.066,488.891 440.870,487.338 460.517,489.587 754.261,492.743 1016.326,491.279 750.907,498.166 890.507,501.375 567.631,501.683 607.890,503.095 191.208,509.547 405.556,511.009 589.537,510.954 111.566,514.290 625.278,540.035 750.531,538.809 556.414,550.647 47.523,551.183 665.950,568.034 427.549,567.864 853.580,568.141 598.562,573.829 667.050,584.656 690.980,590.089 255.123,590.306 733.039,592.511 565.645,596.585 815.706,604.412 388.230,616.163 41.844,616.963 257.081,621.831 493.737,622.922 521.680,623.969 728.587,624.381 481.222,625.465 501.656,626.654 680.675,626.371 494.836,633.386 471.580,630.356 229.005,632.463 552.015,634.304 351.993,635.976 484.940,639.684 642.906,639.260 73.710,647.647 568.645,657.493 876.870,665.408 939.638,668.878 795.849,670.055 555.977,679.381 886.636,680.165 274.170,688.229 164.413,691.376 350.049,694.020 299.608,698.895 543.721,702.386 732.130,709.314 549.548,712.085 833.658,719.525 734.069,722.749 574.660,727.990 132.885,734.876 334.478,740.760 363.551,741.455 773.413,750.026 982.761,754.239 152.474,755.909 11.387,756.516 99.390,757.377 481.982,756.557 1018.688,757.269 445.175,757.175 156.430,763.392 98.640,766.655 300.669,770.033 379.084,770.328 842.685,770.937 909.491,772.095 956.866,779.011 588.836,782.375 200.583,795.154 320.535,795.831 658.195,799.620 617.533,799.153 915.436,800.699 501.295,800.694 841.587,802.689 910.623,803.656 58.974,807.564 593.581,818.167 834.769,822.088 580.221,825.391 996.483,826.271 143.486,828.710 780.041,829.922 679.053,837.022 319.594,837.570 1007.122,837.464 575.013,840.011 307.477,840.175 797.502,841.812 520.111,844.096 675.753,843.540 7.300,851.319 266.337,854.006 364.263,855.574 708.990,856.530 508.421,859.535 716.353,859.294 53.812,863.249 77.550,862.626 218.379,869.343 678.319,871.496 837.500,871.812 318.870,873.422 44.046,877.305 401.257,877.949 31.977,879.898 198.955,896.444 485.116,903.501 374.419,905.732 944.847,906.211 977.835,916.326 490.978,923.742 872.006,924.035 267.127,930.665 865.242,931.116 271.742,932.611 731.500,938.491 226.123,942.505 267.200,940.536 684.154,943.663 760.912,949.687 222.577,954.801 51.859,961.751 631.764,961.267 384.247,967.261 596.743,972.643 855.472,980.448 187.956,1001.002 195.630,1004.591 577.028,1015.995 762.511,1019.838
AAS1 748.801,1.765 1012.219,13.933 568.951,21.500 624.987,22.710 181.276,27.645 790.500,24.500 789.188,26.773 1013.180,30.703 134.017,30.983 2.453,38.041 553.500,45.049 837.500,45.500 467.794,62.441 913.669,66.514 865.781,78.263 711.500,79.500 242.617,82.752 711.500,81.500 484.304,99.261 786.246,100.500 745.500,112.500 761.500,127.500 411.500,135.500 581.500,154.500 979.419,156.500 680.500,159.500 448.979,195.930 575.351,210.331 683.457,208.500 722.500,223.500 745.500,223.500 702.920,225.210 721.798,227.851 680.500,230.951 1011.500,238.500 413.500,245.000 1009.500,250.500 560.500,256.500 504.500,269.500 131.500,270.500 376.752,278.701 580.500,289.500 443.774,299.226 445.500,298.500 796.628,327.176 752.039,337.854 625.500,342.500 626.500,343.500 389.500,358.500 595.500,367.500 869.500,372.500 868.500,373.500 870.500,373.500 783.500,377.000 193.211,384.520 899.500,394.500 477.500,396.500 1012.500,403.024 786.734,408.860 114.500,410.000 788.500,409.500 785.500,410.500 787.500,410.500 510.500,419.500 845.235,420.801 987.852,437.507 141.117,438.840 4.015,439.558 249.466,441.500 310.366,466.678 559.780,469.449 996.500,467.500 18.500,468.500 305.500,469.500 872.599,470.347 115.407,474.432 977.019,486.483 555.114,488.916 754.320,492.692 1016.500,490.500 607.873,503.025 590.500,510.500 111.500,512.500 111.500,514.500 625.288,540.047 751.500,538.500 556.012,549.967 666.024,567.984 666.977,584.575 565.734,596.549 814.809,604.211 816.500,603.500 388.315,616.315 42.000,617.500 257.208,621.891 493.500,623.500 728.032,624.226 481.500,625.500 228.500,631.500 494.500,633.500 552.500,635.500 568.500,657.500 796.500,670.500 887.072,678.500 886.074,680.546 349.730,694.026 300.500,699.500 543.500,702.500 548.500,711.500 834.500,718.500 833.500,720.500 133.005,734.536 334.640,740.835 363.598,741.488 982.500,754.500 1018.257,757.260 10.500,756.500 151.928,756.500 300.313,770.240 842.500,770.500 909.429,772.067 955.500,778.500 588.798,782.393 658.500,799.162 914.686,800.136 916.500,801.500 910.045,804.500 59.500,807.500 593.032,818.000 834.500,822.500 580.000,825.500 143.500,827.500 142.500,828.500 144.500,828.500 143.500,829.500 679.199,836.765 520.220,844.228 797.292,842.057 266.479,853.721 364.246,855.659 708.500,856.107 53.776,863.207 78.500,862.500 76.500,863.500 677.500,871.049 678.500,872.500 44.778,877.222 43.500,878.500 485.225,903.466 375.500,905.500 373.500,906.500 943.500,906.500 977.500,915.500 976.500,916.500 491.500,922.500 872.500,923.500 864.500,930.500 866.072,931.500 731.500,937.500 226.000,942.509 684.092,943.240 760.500,950.000 50.500,960.500 51.991,961.893 596.824,972.913 855.213,980.787 187.500,1001.500 195.500,1004.500
AAS2 181.273,27.725 242.500,82.500 243.500,83.500 449.070,196.123 575.500,208.500 702.500,226.500 987.500,437.982 559.891,469.500 555.217,488.936 754.352,492.681 625.236,540.079 665.500,567.500 363.500,741.500 588.500,782.500 520.434,844.219 364.156,855.742 225.826,942.728
AAS3 181.281,27.593 112.500,87.500 430.500,190.500 449.500,195.500 702.500,226.500 53.500,357.500 555.074,489.036 754.248,492.772 520.066,843.936 478.500,844.500 676.500,876.500
AAS4 181.294,27.734 243.500,83.500 449.020,195.984 575.500,208.500 702.500,226.500 987.500,437.995 559.932,469.500 555.261,488.882 754.353,492.671 625.225,540.076 363.500,741.500 588.500,782.500 520.393,844.366 364.178,855.759 225.810,942.750
AAS5 968.500,1.500 813.500,4.500 998.500,4.500 941.500,5.500 557.500,7.500 135.500,8.500 322.500,10.500 21.500,12.500 240.500,13.500 796.500,13.500 178.500,14.500 853.500,14.500 808.500,17.500 690.500,18.500 769.500,22.500 179.906,26.737 632.500,23.500 69.500,26.500 268.500,29.500 509.500,29.500 291.500,30.500 186.500,31.500 156.500,34.500 287.500,34.500 595.500,38.500 630.500,41.500 255.500,44.500 318.500,45.500 686.500,46.500 973.500,47.500 680.500,49.500 1014.500,49.500 213.500,51.500 186.500,52.500 430.500,55.500 700.500,55.500 842.500,56.500 570.500,58.500 75.500,61.500 541.500,62.500 341.500,63.500 768.500,64.500 27.500,65.500 869.500,65.500 133.500,67.500 763.500,67.500 260.500,69.500 2.500,71.500 728.500,72.500 169.500,79.500 668.500,80.500 746.500,80.500 542.500,81.500 446.500,83.500 716.500,83.500 58.500,87.500 955.500,87.500 21.500,90.500 509.500,93.500 438.500,95.500 951.500,97.500 786.500,98.500 114.500,99.500 285.500,102.500 452.500,106.500 544.500,106.500 671.500,107.500 715.500,107.500 114.500,108.500 920.500,111.500 475.500,119.500 311.500,120.500 915.500,122.500 928.500,122.500 210.500,123.500 465.500,125.500 399.500,127.500 387.500,128.500 585.500,129.500 462.500,134.500 657.500,134.500 899.500,137.500 457.500,138.500 569.500,138.500 387.500,144.500 55.500,146.500 144.500,146.500 291.500,148.500 985.500,154.500 284.500,157.500 609.500,158.500 466.500,160.500 688.500,163.500 760.500,165.500 722.500,167.500 763.500,179.500 761.500,181.500 986.500,181.500 555.500,185.500 493.500,187.500 698.500,191.500 899.500,191.500 446.500,192.500 541.500,193.500 135.500,195.500 136.500,196.500 343.500,196.500 865.500,196.500 746.500,198.500 354.500,200.500 1013.500,215.500 67.500,218.500 430.500,221.500 205.500,222.500 177.500,223.500 171.500,224.500 752.500,227.500 126.500,230.500 230.500,233.500 132.500,237.500 262.500,237.500 907.500,238.500 381.500,241.500 700.500,242.500 1000.500,242.500 944.500,243.500 313.500,246.500 345.500,246.500 269.500,252.500 425.500,254.500 430.500,254.500 73.500,256.500 971.500,256.500 286.500,257.500 413.500,261.500 849.500,261.500 575.500,264.500 480.500,265.500 615.500,267.500 841.500,267.500 541.500,270.500 865.500,270.500 596.500,272.500 795.500,272.500 453.500,274.500 85.500,276.500 741.500,276.500 601.500,283.500 657.500,284.500 1006.500,286.500 830.983,288.500 896.500,288.500 341.500,289.500 352.500,290.500 286.500,292.500 447.500,293.500 514.500,295.500 972.500,295.500 562.500,296.500 490.500,297.500 553.500,297.500 986.500,298.500 995.500,299.500 614.500,300.500 1002.500,301.500 210.500,302.500 35.500,305.500 781.500,307.500 283.500,309.500 560.500,310.500 1014.500,312.500 1008.500,315.500 140.500,316.500 148.500,318.500 425.500,319.500 276.500,322.500 171.500,324.500 751.500,324.500 578.500,326.500 744.500,329.500 920.500,331.500 412.500,332.500 103.500,334.500 749.500,335.500 895.500,341.500 318.500,342.500 62.500,343.500 509.500,343.500 732.500,344.500 119.500,345.500 515.500,345.500 289.500,348.500 473.500,349.500 683.500,355.500 940.500,356.500 92.500,358.500 164.500,358.500 749.500,359.500 733.500,360.500 445.500,361.500 897.500,363.500 597.500,366.500 541.500,370.500 267.500,374.500 756.500,374.500 848.500,379.500 852.500,379.500 19.500,380.500 95.500,381.500 387.500,381.500 959.500,382.500 941.500,386.500 510.500,388.500 186.500,389.500 626.500,389.500 131.500,392.500 569.500,394.500 310.500,399.500 517.500,399.500 762.500,404.500 998.500,409.500 60.500,415.500 541.500,416.500 537.500,417.500 613.500,417.500 648.500,417.500 254.500,418.500 284.500,419.500 489.500,422.500 513.500,426.500 217.500,428.500 304.500,431.500 130.500,437.500 573.500,440.500 629.500,442.500 217.500,444.500 647.500,444.500 650.500,445.500 528.500,455.500 409.500,458.500 933.500,465.500 41.500,466.500 803.500,467.500 950.500,471.500 335.500,475.500 131.500,478.500 376.500,479.500 184.500,480.500 798.500,483.500 33.500,484.500 229.500,484.500 551.253,484.500 773.500,485.500 211.500,486.500 551.500,486.500 553.228,487.146 555.500,489.500 751.500,489.500 753.500,490.843 1007.500,490.500 557.500,491.500 874.500,491.500 941.500,491.500 559.500,492.500 754.500,492.500 420.500,493.500 558.500,493.500 293.500,494.500 754.500,494.500 568.500,495.500 522.500,498.500 35.500,499.500 168.500,499.500 486.500,500.500 659.500,501.500 449.500,503.500 82.500,518.500 472.500,520.500 224.500,523.500 656.500,523.500 385.500,524.500 1018.500,530.500 699.500,531.500 515.500,536.500 24.500,541.500 593.500,541.500 727.500,541.500 92.500,542.500 871.500,545.500 714.500,546.500 915.500,547.500 481.500,548.500 231.500,549.500 771.500,549.500 676.500,559.500 163.500,560.500 76.500,561.500 328.500,561.500 598.500,561.500 807.500,561.500 1015.500,563.500 863.500,568.500 982.500,569.500 398.500,570.500 915.500,570.500 626.500,572.500 61.500,573.500 917.500,574.500 737.500,576.500 568.500,578.500 778.500,578.500 200.500,579.500 507.500,582.500 605.500,583.500 787.500,587.500 333.500,588.500 883.500,589.500 892.500,593.500 716.500,594.500 487.500,597.500 369.500,598.500 553.500,602.500 818.500,605.500 799.500,606.500 962.500,607.500 366.500,608.500 619.500,609.500 895.500,609.500 255.500,611.500 309.500,613.500 209.500,615.500 594.500,616.500 433.500,617.500 902.500,617.500 165.500,619.500 285.500,623.500 11.500,628.500 270.500,629.500 987.500,639.500 143.500,641.500 147.500,643.500 172.500,643.500 624.500,644.500 699.500,646.500 555.500,652.500 287.500,653.500 59.500,654.500 659.500,656.500 928.500,657.500 999.500,658.500 534.500,659.500 906.500,660.500 513.500,665.500 646.500,665.500 324.500,666.500 481.500,668.500 289.500,671.500 801.500,673.500 456.500,674.500 948.500,674.500 358.500,678.500 487.500,679.500 453.500,680.500 877.500,680.500 405.500,681.500 788.500,683.500 18.500,688.500 405.500,688.500 515.500,689.500 245.500,691.500 452.500,691.500 540.500,696.500 744.500,696.500 228.500,699.500 28.500,703.500 712.500,703.500 507.500,708.500 869.500,710.500 977.500,710.500 845.500,712.500 349.500,713.500 408.500,713.500 355.500,714.500 632.500,716.500 544.500,717.500 905.500,717.500 1007.500,718.500 1011.500,720.500 995.500,725.500 184.500,726.500 520.500,727.500 180.500,728.500 695.500,728.500 842.500,728.500 194.500,730.500 776.500,733.500 988.500,737.500 196.500,738.500 379.500,738.500 894.500,738.500 985.500,739.500 188.500,740.500 251.500,740.500 879.500,740.500 521.500,741.500 921.500,741.500 951.500,743.500 946.500,745.500 755.500,746.500 1010.500,746.500 95.500,748.500 3.500,749.500 559.500,753.500 251.500,754.500 266.500,756.500 411.500,757.500 564.500,757.500 1013.500,757.500 99.500,762.500 409.500,764.500 543.500,764.500 117.500,765.500 138.500,769.500 698.500,769.500 515.500,773.500 778.500,775.500 945.500,775.500 850.500,776.500 141.500,777.500 4.500,780.500 5.500,786.500 730.500,786.500 261.500,793.500 795.500,797.500 907.500,798.500 413.500,806.500 241.500,807.500 852.500,809.500 588.500,811.500 154.500,821.500 546.500,824.500 186.500,829.500 280.500,829.500 298.500,829.500 715.500,829.500 718.500,829.500 123.500,832.500 899.500,832.500 442.500,833.500 405.500,835.500 336.500,836.500 813.500,837.500 301.500,839.500 739.500,839.500 517.500,840.827 559.500,840.500 518.500,842.500 709.500,842.500 228.500,843.500 521.500,846.500 252.500,847.500 522.500,847.500 914.500,847.500 541.500,850.500 941.500,854.500 702.500,857.500 806.500,857.500 795.500,862.500 924.500,862.500 311.500,865.500 626.500,865.500 354.500,866.500 642.500,866.500 613.500,867.500 218.500,875.500 561.500,875.500 582.500,879.500 956.500,880.500 125.500,881.500 1001.500,884.500 600.500,891.500 370.500,892.500 521.500,892.500 756.500,893.500 574.500,897.500 119.500,898.500 239.500,899.500 345.500,899.500 492.500,902.500 173.500,903.500 597.500,911.500 405.500,912.500 778.500,914.500 386.500,915.500 337.500,917.500 112.500,918.500 372.500,919.500 80.500,922.500 762.500,927.500 565.500,928.500 168.500,930.500 41.500,931.500 616.500,932.500 344.500,934.500 346.500,935.500 102.500,936.500 420.500,937.500 574.500,942.500 228.500,944.500 97.500,945.500 808.500,945.500 708.500,951.500 666.500,953.500 1000.500,953.500 497.500,955.500 232.500,957.500 962.500,957.500 389.500,959.500 512.500,965.500 840.500,966.500 967.500,966.500 695.500,970.500 33.500,971.500 810.500,971.500 280.500,972.500 897.500,981.500 173.500,985.500 255.500,987.500 729.500,988.500 624.500,989.500 591.500,990.500 218.500,993.500 739.500,993.500 346.500,995.500 627.500,995.500 581.500,997.500 405.500,1000.500 933.500,1003.500 446.500,1004.500 495.500,1004.500 826.500,1004.500 269.500,1005.500 973.500,1005.500 783.500,1009.500 69.500,1011.500 348.500,1014.500 447.500,1014.500 604.500,1020.500 983.500,1021.500
AAS6 178.595,25.938 181.500,27.500 183.924,29.710 186.500,31.500 551.500,484.500 517.500,840.500
AAT0 205.783,6.232 79.609,7.511 400.136,7.443 971.426,9.016 681.494,15.627 322.552,21.566 210.817,35.920 724.405,43.233 953.846,44.413 921.906,53.127 888.195,60.715 400.220,67.497 181.033,73.258 467.843,76.456 896.848,77.042 947.431,83.011 872.505,87.007 431.857,87.384 591.530,93.958 425.969,94.763 324.363,100.247 278.261,101.496 356.737,104.552 53.604,107.339 202.352,113.836 769.208,112.849 101.306,123.872 126.681,124.358 368.558,124.977 676.514,126.998 775.803,127.348 345.872,138.611 38.892,147.589 759.845,147.072 393.209,155.191 464.097,156.149 313.846,160.463 139.500,160.959 529.000,166.586 189.836,172.297 147.480,176.426 47.549,191.727 527.831,192.326 699.942,192.608 573.351,200.290 624.256,200.774 211.265,208.960 180.630,213.842 661.050,219.751 913.093,223.849 424.373,229.424 202.130,244.916 792.292,248.871 74.484,251.813 422.889,253.688 762.823,257.062 637.881,260.599 597.494,267.073 43.008,269.453 371.112,272.109 26.258,273.990 521.525,275.558 988.185,279.604 821.155,290.594 563.751,292.821 905.080,292.442 939.685,296.193 678.988,296.441 584.831,299.175 142.803,300.068 365.922,299.881 227.831,309.461 63.017,312.160 851.995,311.360 948.992,312.173 855.049,322.487 877.792,333.486 292.585,344.836 114.007,347.920 523.021,355.803 795.504,358.862 516.116,364.067 389.527,368.785 321.073,372.130 429.506,388.276 604.751,391.308 474.618,393.065 755.374,395.158 564.334,397.385 543.099,400.287 585.150,403.215 694.963,400.004 572.422,405.466 567.251,408.400 15.424,415.176 826.790,413.500 548.278,421.350 706.520,424.168 23.885,428.581 265.734,430.318 541.667,434.835 882.393,435.996 444.367,440.952 425.536,440.393 91.261,443.340 972.760,442.912 959.374,443.519 664.727,446.315 236.875,454.486 915.714,459.171 918.520,465.192 690.328,467.212 322.336,472.583 774.665,483.115 447.601,487.607 653.324,492.993 810.774,492.948 906.751,499.315 124.050,504.683 87.569,511.822 476.440,511.417 697.203,517.326 312.144,519.576 399.597,519.459 701.537,519.234 927.189,523.542 999.778,525.779 307.405,530.661 770.202,535.629 454.293,538.459 953.368,538.302 539.464,543.960 712.213,546.299 216.279,546.305 915.342,548.320 30.620,553.000 518.530,553.183 553.019,553.380 789.408,558.595 399.860,562.365 354.450,569.086 814.022,571.271 284.848,575.444 520.383,576.034 842.344,593.344 435.911,619.840 515.874,629.349 713.619,635.030 499.043,639.105 647.000,640.059 712.500,641.448 249.462,644.173 324.709,644.027 365.694,643.883 420.125,646.590 51.108,655.815 458.636,656.313 556.728,658.759 1013.718,661.420 343.411,667.337 834.050,668.926 343.715,677.252 727.647,679.545 503.340,681.861 120.292,683.673 524.237,685.166 428.975,688.727 264.010,693.962 581.618,698.753 527.049,705.033 176.691,704.994 543.515,712.475 567.476,712.970 813.067,716.889 611.712,727.060 952.751,731.485 660.134,738.318 731.866,736.401 95.623,739.152 438.700,740.884 148.744,741.837 419.500,745.848 691.775,749.787 893.460,751.519 667.404,753.648 908.226,761.801 551.225,762.789 739.897,768.164 599.476,768.860 222.501,774.528 288.657,775.506 285.227,779.480 394.908,781.736 820.048,786.170 696.006,787.988 82.610,794.683 577.127,802.788 118.522,812.504 665.627,814.277 874.629,818.973 436.517,827.532 1012.344,829.202 164.684,832.655 965.759,840.495 578.470,843.803 546.143,845.491 104.373,846.290 775.821,847.502 519.256,855.083 106.411,856.407 528.176,855.573 602.840,859.813 782.969,859.618 524.228,864.787 191.035,861.284 508.426,862.287 903.080,864.561 982.697,865.439 979.347,870.122 501.238,870.488 830.326,870.747 517.285,874.502 599.158,885.481 11.443,887.528 416.984,888.582 116.574,896.029 914.584,895.469 596.409,912.293 280.736,914.345 915.991,916.669 605.492,919.462 389.835,921.490 635.435,925.165 294.286,944.247 867.944,945.042 889.004,949.928 68.013,956.325 741.672,962.427 938.325,963.554 271.299,965.304 669.462,972.440 409.419,978.431 703.131,977.532 558.444,988.495 775.829,990.767 811.643,998.144 819.569,997.970 775.169,998.456 991.697,1000.975 334.824,1002.139 363.060,1002.680 523.493,1003.177 687.789,1005.325 988.189,1010.371 439.959,1019.394 677.935,1017.637
AAT1 25.920,3.195 205.048,5.996 211.151,35.752 724.178,43.600 954.500,44.500 921.860,53.138 888.176,61.234 399.500,68.500 181.358,73.138 468.500,76.072 466.500,77.500 896.766,77.824 947.500,81.500 591.061,94.029 278.500,102.500 356.774,104.685 202.324,113.637 769.211,112.809 368.979,125.500 676.142,127.239 775.839,127.411 38.840,147.635 760.001,147.249 464.500,156.500 312.500,158.500 313.850,160.084 312.500,164.500 313.500,165.500 529.500,166.500 189.500,173.500 699.868,192.229 527.932,192.500 699.500,194.500 573.500,200.500 211.500,209.500 661.000,219.500 913.500,223.500 202.500,245.500 792.500,248.500 74.849,252.248 422.812,253.242 762.500,257.500 597.217,266.783 42.500,267.500 599.500,267.500 372.500,271.500 370.951,272.500 25.961,274.039 521.000,275.500 987.500,280.045 939.621,296.319 142.500,299.500 144.500,299.500 365.499,299.500 585.500,299.500 143.500,300.500 852.500,310.500 63.105,312.807 948.766,311.824 292.523,344.887 523.500,355.500 522.500,356.500 515.773,364.227 390.500,368.500 320.907,372.143 474.500,393.500 754.500,395.500 543.928,400.500 583.812,400.773 585.125,404.738 567.794,408.051 15.427,415.138 706.500,424.500 23.500,428.951 882.500,436.500 444.192,440.194 91.282,443.322 972.500,443.500 914.500,459.500 690.514,467.009 322.372,472.573 774.500,482.500 653.278,493.023 810.500,493.500 811.500,494.500 906.807,499.469 124.500,504.500 697.500,516.500 698.500,517.500 312.049,519.500 999.112,525.500 307.500,530.976 768.500,536.500 953.500,538.500 539.500,544.500 216.500,545.500 712.500,546.086 914.759,547.984 916.500,548.500 400.500,562.500 354.254,568.915 356.500,569.500 813.500,569.500 814.378,571.686 521.500,574.500 284.500,575.976 520.500,576.500 842.176,594.234 713.628,635.134 498.500,637.500 712.500,641.500 365.000,644.500 420.500,646.500 53.500,653.500 52.500,654.500 50.500,656.500 1013.576,661.388 344.049,667.500 727.500,679.500 503.500,682.000 524.176,685.174 581.459,698.523 527.064,705.064 177.500,705.500 811.500,716.500 813.500,716.500 812.500,717.500 814.500,717.500 813.500,718.500 611.689,726.966 952.500,731.500 660.071,738.242 732.500,736.500 731.500,737.500 437.500,740.500 149.419,742.235 440.500,741.500 691.976,749.500 667.984,753.506 551.500,761.500 907.970,762.002 739.548,768.234 222.500,774.500 288.470,775.631 285.000,779.500 394.500,781.500 696.500,787.500 82.873,794.264 577.098,802.839 118.511,812.578 874.500,818.500 873.500,819.500 966.070,840.552 546.500,844.500 106.378,856.448 603.500,859.500 782.500,859.951 526.500,860.500 602.500,860.500 904.500,863.500 903.500,864.932 982.807,865.269 524.500,866.500 501.500,869.500 979.267,869.874 517.500,873.500 599.500,885.500 417.500,886.500 11.499,887.500 416.974,888.803 116.742,895.928 914.500,895.500 605.500,920.500 294.032,944.173 888.983,949.567 742.093,962.785 938.000,963.500 669.630,972.326 408.500,976.500 409.780,978.799 776.500,990.500 810.500,997.500 812.000,998.500 991.500,1000.500 687.500,1004.500 677.500,1016.951 439.983,1019.396
AAT2 356.500,105.500 15.460,415.189 444.500,439.500 91.500,443.080 322.623,472.268 906.854,499.230 712.500,633.500 713.680,635.256 524.182,685.279 527.216,705.134 611.444,726.965 659.500,738.500 118.500,812.500 669.500,972.500 439.500,1019.500
AAT3 272.500,87.500 104.500,106.500 796.500,195.500 15.518,415.211 322.500,472.500 378.500,524.500 246.500,543.500 924.500,609.500 713.494,635.253 526.989,705.193 782.500,876.500
AAT4 356.500,105.500 15.429,415.171 444.500,439.500 91.500,443.046 322.500,472.503 906.822,499.222 712.500,633.500 713.690,635.266 524.192,685.255 527.345,705.123 611.467,726.980 659.500,738.500 118.500,812.500 669.500,972.500 439.500,1019.500
AAT5 952.500,1.500 417.500,3.500 663.500,3.500 779.500,4.500 964.500,4.500 901.500,5.500 421.500,6.500 95.500,8.500 300.500,8.500 862.500,9.500 632.500,13.500 150.500,14.500 823.500,14.500 662.500,18.500 403.500,24.500 939.500,25.500 112.500,26.500 388.500,29.500 629.500,29.500 421.500,30.500 342.500,34.500 477.500,34.500 931.500,39.500 572.500,45.500 426.500,47.500 77.500,48.500 335.500,51.500 314.500,52.500 211.500,54.500 178.500,55.500 790.500,55.500 948.500,56.500 680.500,58.500 459.500,63.500 155.500,65.500 997.500,65.500 249.500,67.500 881.500,67.500 651.500,70.500 832.500,72.500 805.500,74.500 420.500,77.500 762.500,80.500 662.500,81.500 866.500,83.500 212.500,87.500 75.500,88.500 605.500,88.500 165.500,90.929 98.500,93.500 683.500,93.500 313.500,97.500 968.500,98.500 296.500,99.500 465.500,102.500 557.500,103.500 590.500,104.500 382.500,105.500 44.500,106.500 632.500,106.500 724.500,106.500 284.500,108.500 772.500,109.500 328.500,110.500 658.500,110.500 68.500,112.500 631.500,114.500 663.500,119.500 499.500,120.500 654.500,122.500 31.500,123.500 44.500,123.500 350.500,123.500 525.500,127.500 511.500,128.500 701.500,129.500 397.500,131.500 581.500,133.500 201.500,134.500 556.500,134.500 751.500,134.500 973.500,137.500 251.500,139.500 864.500,139.500 198.500,141.500 513.500,142.500 503.500,144.500 157.500,146.500 246.500,146.500 391.500,148.500 829.500,153.500 31.500,155.500 376.500,157.500 301.500,158.500 554.500,160.500 796.500,163.500 317.500,164.500 880.500,165.500 731.500,166.500 832.500,167.500 92.500,173.500 655.500,175.500 859.500,181.500 60.500,182.500 571.500,183.500 894.500,186.500 190.500,187.500 708.500,191.500 909.500,191.500 575.500,193.500 46.500,194.500 915.500,196.500 133.500,199.500 187.500,214.500 232.500,216.500 383.500,218.500 39.500,221.500 754.500,221.500 511.500,223.500 954.500,224.500 397.500,227.500 485.500,230.500 694.500,233.500 976.500,235.500 146.500,236.500 990.500,238.500 498.500,239.500 12.500,244.500 410.500,244.500 381.500,250.500 256.500,252.500 180.500,253.500 899.500,254.500 904.500,254.500 533.500,255.500 843.500,256.500 925.500,256.500 752.500,257.500 705.500,261.500 283.500,262.500 922.500,265.500 31.500,268.500 957.500,270.500 259.500,271.500 1010.500,272.500 855.500,274.500 481.500,276.500 103.500,277.500 486.500,279.500 470.500,280.500 970.500,282.500 263.500,284.500 424.500,287.500 102.500,288.500 935.500,292.500 881.500,293.500 115.500,295.500 776.500,296.500 382.500,297.500 412.500,297.500 957.500,297.500 746.500,298.500 942.500,299.500 998.500,300.500 358.500,302.500 797.500,305.500 144.500,306.500 523.500,306.500 321.500,308.500 609.500,309.500 452.500,316.500 456.500,318.500 735.500,319.500 424.500,320.500 757.500,321.500 627.500,322.500 700.500,322.500 250.500,328.500 34.500,330.500 686.500,330.500 209.500,332.500 728.500,332.500 166.500,333.500 429.500,334.500 610.500,337.500 319.500,338.500 359.500,338.500 929.500,340.500 148.500,345.500 713.500,348.500 693.500,351.500 7.500,354.500 489.500,354.500 87.500,356.500 344.500,357.500 518.500,358.500 588.500,358.500 895.500,361.500 800.500,363.500 331.500,364.500 1020.500,370.500 850.500,373.500 695.500,374.500 43.500,377.500 817.500,381.500 373.500,383.500 249.500,387.500 936.500,388.500 612.500,389.500 30.500,390.500 400.500,391.500 589.500,392.500 780.500,399.500 915.500,399.500 634.500,404.500 70.500,405.500 304.500,410.500 13.447,413.669 692.500,412.500 322.500,415.500 706.500,422.500 763.500,422.500 124.500,424.500 65.500,426.500 716.500,427.500 487.500,428.500 481.500,430.500 572.500,431.500 875.500,435.500 430.500,437.500 611.500,440.500 471.500,444.500 880.500,445.500 757.500,454.500 438.500,458.500 593.500,462.500 711.500,463.500 976.500,465.500 99.500,466.500 233.500,466.500 862.500,466.500 1013.500,467.500 579.500,473.500 323.500,474.500 635.500,475.500 409.500,478.500 471.500,479.500 605.500,479.500 470.500,480.500 119.500,482.500 777.500,482.500 1.500,484.500 523.500,484.500 547.500,486.500 415.500,487.500 746.500,490.500 407.500,491.500 286.500,492.500 353.500,492.500 759.500,494.500 216.500,495.500 1022.500,498.500 680.500,499.500 119.500,502.500 925.500,503.500 572.500,518.500 598.500,520.500 704.500,523.500 968.500,523.500 110.500,524.500 315.500,524.500 62.500,530.500 162.500,536.500 714.500,542.500 818.500,542.500 917.500,544.500 309.500,546.500 933.500,548.500 705.500,549.500 203.500,550.500 389.500,551.500 426.500,554.500 561.500,555.500 345.500,558.500 92.500,560.500 500.500,561.500 752.500,561.500 215.500,562.500 806.500,563.500 856.500,563.500 431.500,564.500 283.500,565.500 414.500,570.500 546.500,570.500 952.500,570.500 449.500,571.500 481.500,574.500 427.500,575.500 249.500,577.500 294.500,579.500 740.500,579.500 642.500,580.500 17.500,583.500 117.500,584.500 905.500,588.500 484.500,594.500 324.500,595.500 97.500,598.500 411.500,598.500 201.500,599.500 1022.500,604.500 478.500,606.500 459.500,607.500 626.500,608.500 30.500,609.500 560.500,609.500 905.500,611.500 965.500,613.500 858.500,614.500 232.500,617.500 75.500,618.500 538.500,618.500 841.500,619.500 572.500,620.500 708.500,622.500 1013.500,623.500 800.500,625.500 95.500,627.500 797.500,628.500 955.500,629.500 26.500,630.500 711.500,631.500 916.500,632.500 712.500,634.500 714.500,634.500 715.500,635.500 714.500,636.500 715.500,637.500 683.500,640.500 829.500,641.500 145.500,643.500 817.500,643.500 842.500,643.500 331.500,647.500 399.500,651.500 94.500,652.500 145.500,653.500 899.500,653.500 841.500,654.500 153.500,656.500 237.500,657.500 510.500,658.500 587.500,659.500 118.500,660.500 488.500,661.500 245.500,664.500 581.500,664.500 707.500,664.500 55.500,666.500 188.500,666.500 738.500,667.500 825.500,671.500 381.500,673.500 674.500,678.500 327.500,681.500 186.500,682.500 3.500,684.500 879.500,684.500 326.500,688.500 699.500,688.500 511.500,691.500 720.500,691.500 190.500,694.500 798.500,696.500 1002.500,696.500 498.500,699.500 524.500,701.500 525.500,703.247 743.500,703.500 153.500,705.500 526.500,705.500 529.500,707.698 481.500,714.500 342.500,717.500 694.500,717.500 29.500,718.500 608.500,723.981 268.500,728.500 613.500,728.500 165.500,730.500 254.500,730.500 546.500,731.500 206.500,738.500 405.500,738.500 914.500,738.500 913.500,740.500 971.500,741.500 458.500,742.500 569.500,742.500 1.500,744.500 968.500,744.500 1018.500,745.500 835.500,746.500 66.500,747.500 189.500,748.500 101.500,749.500 416.500,751.500 459.500,751.500 486.500,751.500 697.500,753.500 38.500,754.500 530.500,755.500 416.500,756.500 149.500,758.500 534.500,758.500 683.500,764.500 281.500,765.500 689.500,767.500 265.500,773.500 948.500,775.500 95.500,776.500 346.500,776.500 319.500,777.500 419.500,777.500 11.500,778.500 56.500,779.500 200.500,780.500 453.500,785.500 944.500,786.500 497.500,793.500 683.500,798.500 699.500,808.500 758.500,808.500 760.500,811.500 261.500,821.500 666.500,823.500 461.500,828.500 643.500,829.500 891.500,829.500 894.500,829.500 624.500,830.500 305.500,832.500 61.500,833.500 587.500,835.500 503.500,839.500 941.500,842.500 462.500,843.500 695.500,845.500 160.500,848.500 429.500,850.500 847.500,850.500 271.500,855.500 566.500,855.500 58.500,858.500 742.500,862.500 264.500,863.500 726.500,866.500 1001.500,867.500 1000.500,870.500 584.500,875.500 168.500,886.500 511.500,886.500 544.500,888.500 374.500,890.500 198.500,891.500 950.500,891.500 718.500,892.500 869.500,892.500 639.500,895.500 421.500,898.500 836.500,898.500 995.500,902.500 410.500,903.500 579.500,903.500 437.500,904.500 763.500,912.500 62.500,915.500 732.500,915.500 701.500,917.500 26.500,918.500 714.500,919.500 398.500,921.500 684.500,921.500 760.500,924.500 497.500,927.500 409.500,931.500 1010.500,932.500 758.500,935.500 520.500,936.500 948.500,942.500 320.500,946.500 782.500,950.500 824.500,951.500 250.500,952.500 536.500,954.500 472.500,956.500 768.500,957.500 472.500,958.500 928.500,958.500 919.500,959.500 26.500,966.500 338.500,967.500 465.500,967.500 965.500,968.500 169.500,971.500 531.500,971.500 278.500,972.500 135.500,979.500 311.500,982.500 466.500,982.500 28.500,985.500 605.500,985.500 676.500,987.500 4.500,990.500 552.500,991.500 446.500,992.500 227.500,993.500 435.500,994.500 742.500,995.500 1019.500,995.500 886.500,998.500 611.500,1001.500 938.500,1001.500 271.500,1004.500 855.500,1004.500 949.500,1012.500 885.500,1013.500 724.500,1014.500 823.500,1014.500 962.500,1015.500 431.500,1017.500 439.500,1018.500 227.500,1022.500
AAT6 12.223,412.568 14.763,414.489 16.500,415.500 15.500,416.500 18.573,417.314 714.500,636.500 525.500,703.500
AAU0 970.923,8.399 570.948,14.528 814.843,16.935 444.464,20.500 332.380,21.897 992.965,37.027 370.973,50.423 969.540,50.556 80.990,51.425 112.150,55.169 364.232,56.632 591.690,60.101 769.509,60.533 875.499,67.534 334.609,73.562 221.544,97.738 47.970,105.733 826.712,108.549 822.795,128.756 225.797,133.134 477.962,155.538 765.973,159.281 478.356,173.956 353.230,174.788 177.724,181.188 284.551,185.620 11.810,207.352 703.801,207.936 886.483,210.153 458.303,215.731 646.217,216.994 640.743,220.140 727.094,238.434 920.164,251.128 705.075,258.809 144.441,267.817 202.526,269.254 825.479,270.262 587.876,290.432 458.009,290.522 708.580,294.747 174.318,298.171 1020.178,301.816 351.588,306.965 62.314,312.125 471.711,322.644 344.353,336.891 821.202,348.476 380.872,366.137 20.556,372.701 250.879,374.889 790.594,381.141 534.633,388.909 316.953,390.473 263.631,397.729 516.493,406.780 275.757,425.375 551.926,441.108 869.462,440.163 712.017,452.157 994.056,459.066 589.514,465.532 638.161,499.527 408.888,505.477 620.259,506.177 878.093,514.975 96.792,518.203 241.505,520.570 19.559,531.765 26.393,543.728 157.486,545.024 672.111,553.034 218.993,553.351 563.648,553.856 371.304,562.355 485.284,565.896 504.066,573.671 928.374,589.108 871.071,592.969 673.353,594.052 843.821,595.652 855.231,598.789 622.240,609.961 430.832,614.249 997.430,625.708 699.964,628.877 589.643,632.137 144.824,635.775 94.639,639.294 581.500,642.003 152.747,644.510 599.191,645.842 925.158,647.016 553.611,657.545 262.410,658.740 564.025,660.749 120.413,674.555 596.339,676.699 444.694,687.571 614.822,688.428 774.589,694.510 584.475,697.065 297.707,707.266 484.705,707.670 780.105,712.001 389.720,712.670 622.559,713.851 658.485,714.546 273.582,726.149 108.437,736.532 30.711,743.060 122.432,743.023 25.213,746.229 42.344,748.790 67.088,750.796 21.960,752.621 27.815,754.427 330.415,756.867 43.266,759.470 23.205,758.968 10.861,760.121 65.131,765.602 51.868,769.650 420.047,771.515 590.672,771.865 629.155,771.620 477.272,773.839 620.319,774.326 486.352,776.814 908.057,778.988 993.000,778.486 670.503,782.155 133.795,786.178 352.702,785.975 485.778,788.915 738.983,790.490 962.803,792.282 969.105,797.433 450.670,798.448 114.477,801.707 432.041,803.182 12.997,808.523 271.742,809.221 658.145,809.149 1012.497,815.388 545.533,816.021 180.730,829.167 78.551,830.632 185.684,831.865 488.581,832.334 862.075,834.994 534.729,841.188 495.924,845.095 461.882,847.803 449.517,848.995 415.972,849.971 816.441,850.546 392.125,861.457 400.085,867.486 891.540,866.152 966.706,866.469 120.187,868.192 346.635,867.602 463.853,869.073 603.401,871.161 478.566,875.174 450.296,876.420 621.031,878.714 280.067,882.472 517.673,885.019 392.530,886.400 464.534,887.936 207.474,889.587 671.175,890.037 480.202,890.449 764.492,892.553 816.918,902.179 358.306,904.406 273.369,908.189 256.102,909.893 662.717,912.050 738.924,920.893 255.832,921.995 295.570,921.737 479.505,931.290 370.479,932.115 296.031,932.877 503.102,937.948 512.450,942.486 425.676,943.685 748.826,947.419 25.472,955.983 77.957,959.847 266.636,970.836 711.373,970.560 296.912,975.975 254.368,988.165 381.279,995.106 253.172,998.495 200.366,1002.486 993.767,1003.795 619.290,1007.307 859.695,1013.876 558.557,1018.305 154.211,1020.089
AAU1 970.500,8.500 571.000,14.500 814.500,16.500 815.500,17.500 332.500,21.500 331.500,22.500 370.940,50.441 969.602,50.750 80.500,50.500 81.500,51.500 80.500,52.500 113.500,53.500 112.242,55.436 363.500,55.500 769.505,60.284 591.035,60.525 875.500,66.948 334.500,72.948 220.500,97.500 47.697,105.712 826.500,109.500 822.960,128.449 821.500,130.500 225.714,133.002 478.097,155.580 478.250,174.174 353.052,175.500 11.826,207.250 703.500,207.500 887.072,210.500 646.454,216.989 640.500,218.500 641.500,219.500 728.500,236.500 727.063,238.456 920.772,251.187 706.500,258.500 705.000,259.500 144.500,267.500 825.449,270.117 588.237,290.198 458.049,290.500 709.500,294.500 708.500,295.500 173.500,298.500 1020.587,301.351 351.727,306.888 344.371,337.014 820.500,348.500 822.500,348.500 382.500,366.500 251.250,375.174 248.500,375.500 789.787,381.213 791.500,380.500 533.500,387.500 316.500,389.052 317.500,390.500 316.500,391.902 318.500,391.500 263.500,398.500 516.948,406.500 275.903,425.420 552.500,439.500 551.267,440.797 553.500,440.500 711.820,451.734 712.500,453.500 994.363,459.234 590.213,466.213 637.824,499.234 618.500,503.500 408.717,505.675 620.158,505.982 619.500,509.500 877.797,514.797 241.500,520.500 18.500,530.500 20.500,533.500 672.217,553.500 219.499,553.500 563.863,553.918 504.500,573.500 928.361,589.395 870.500,592.500 871.500,593.500 673.500,595.500 843.500,595.500 622.014,609.516 430.862,614.378 997.500,625.500 700.420,628.935 590.500,630.500 144.500,635.500 143.500,636.500 582.500,640.500 581.500,642.158 599.535,645.854 152.500,645.500 925.245,646.970 262.500,658.500 263.500,659.500 563.343,660.420 445.500,687.500 443.500,688.500 615.500,689.500 774.500,694.500 585.000,696.500 298.500,706.500 297.500,707.500 484.500,707.500 389.500,711.500 779.500,711.500 622.584,713.959 624.500,714.500 658.500,714.500 273.500,725.500 108.500,737.052 30.732,742.956 121.500,743.500 122.500,744.500 25.646,746.438 42.257,748.908 66.500,749.500 67.500,750.500 21.949,752.890 68.500,751.500 27.976,754.446 26.500,756.500 43.310,759.470 23.429,759.500 65.199,765.236 52.367,769.471 629.500,771.500 590.500,772.500 477.737,774.098 620.500,775.500 486.098,776.500 908.500,778.500 907.500,779.902 670.951,781.500 132.500,784.500 352.500,785.500 134.000,786.500 485.500,789.500 738.794,790.315 963.500,791.500 962.052,792.500 969.064,797.619 451.500,797.500 450.500,798.500 451.500,799.500 113.500,801.500 432.058,803.171 13.008,808.277 658.430,809.242 271.787,809.213 1012.176,815.218 545.565,815.664 180.639,828.968 78.500,829.500 488.848,831.990 78.500,831.500 185.763,832.198 486.500,833.500 861.932,834.980 533.500,840.500 534.500,842.500 496.000,845.500 462.110,848.169 816.506,850.421 415.747,850.338 449.500,849.500 392.127,861.490 400.297,867.511 345.500,866.500 891.500,866.500 966.500,866.500 347.000,867.500 464.133,869.174 120.164,868.774 347.500,869.500 603.327,871.036 478.500,873.500 479.027,875.250 450.450,876.471 478.500,878.500 480.500,878.500 620.813,878.772 479.500,879.500 279.934,882.251 517.725,885.071 392.586,886.660 515.500,885.500 464.785,888.103 670.500,889.000 207.500,889.500 480.500,890.500 671.500,890.948 764.500,890.500 764.483,892.712 816.767,902.720 357.500,904.500 273.771,908.485 256.500,909.500 255.500,910.500 661.500,911.500 662.902,912.500 738.500,919.500 296.500,920.500 739.500,920.500 256.270,922.260 294.500,921.500 737.500,921.500 479.567,931.334 370.372,932.083 295.500,933.500 514.606,940.398 512.500,941.500 424.500,943.500 511.883,943.800 748.604,947.513 25.500,954.500 24.865,956.274 78.761,959.524 266.519,970.970 710.723,970.318 712.500,971.500 297.500,976.500 254.442,988.275 380.500,995.500 252.500,997.500 253.500,998.500 252.500,999.500 994.126,1003.844 619.181,1007.238 859.500,1012.500 860.500,1015.500 558.177,1018.218 560.500,1018.500 153.983,1019.995
AAU2 370.978,50.489 43.500,758.939 816.500,850.500 479.503,931.378
AAU3 371.500,49.500 630.500,190.500 948.500,543.500 966.500,844.500 816.500,850.500 479.578,931.486
AAU4 370.990,50.491 43.500,758.964 816.500,850.500 479.463,931.383
AAU5 1004.500,1.500 481.500,3.500 727.500,3.500 843.500,4.500 4.500,5.500 973.500,5.500 501.500,6.500 404.500,8.500 972.500,9.500 53.500,12.500 702.500,13.500 218.500,14.500 419.500,17.500 742.500,18.500 690.500,23.500 995.500,25.500 168.500,26.500 48.500,30.500 479.500,30.500 360.500,34.500 495.500,34.500 678.500,38.500 1019.500,38.500 85.500,39.500 904.500,41.500 837.500,44.500 664.500,45.500 470.500,47.500 886.500,47.500 111.500,48.500 800.500,49.500 276.500,52.500 374.500,53.500 826.500,56.500 221.500,59.500 772.500,61.500 489.500,62.500 596.500,63.500 716.500,64.500 1003.500,64.500 821.500,65.500 81.500,67.500 713.500,67.500 552.500,68.500 676.500,72.500 314.500,77.500 678.500,80.500 574.500,81.500 784.500,83.500 581.500,88.500 167.500,91.500 817.500,93.500 290.500,97.500 341.500,97.500 151.500,98.500 923.500,98.500 334.500,99.500 525.500,102.500 627.500,103.500 666.500,104.500 46.500,105.500 468.500,105.500 740.500,106.500 313.500,108.500 444.500,110.500 776.500,110.500 196.500,112.500 840.500,122.500 880.500,123.500 463.500,124.500 563.500,124.500 703.500,127.500 891.500,129.500 775.500,133.500 139.500,138.500 415.500,139.500 6.500,140.500 364.500,141.500 681.500,142.500 157.500,143.500 187.500,143.500 393.500,143.500 655.500,148.500 49.500,154.500 287.500,155.500 604.500,157.500 525.500,158.500 901.500,158.500 972.500,163.500 204.500,166.500 14.500,168.500 302.500,173.500 389.500,181.500 248.500,182.500 755.500,183.500 1011.500,185.500 46.500,187.500 366.500,187.500 362.500,190.500 563.500,190.500 578.500,190.500 211.500,191.500 918.500,191.500 95.500,192.500 714.500,193.500 266.500,194.500 408.500,196.500 615.500,196.500 127.500,197.500 371.500,199.500 387.500,208.500 95.500,209.500 399.500,216.500 505.500,218.500 165.500,221.500 866.500,221.500 147.500,222.500 587.500,224.500 591.500,230.500 774.500,233.500 887.500,234.500 628.500,235.500 52.500,236.500 246.500,236.500 459.500,239.500 955.500,241.500 262.500,243.500 562.500,243.500 926.500,243.500 506.500,244.500 917.500,246.500 507.500,250.500 380.500,252.500 859.500,252.500 306.500,253.500 651.500,255.500 989.500,256.500 47.500,257.500 645.500,257.500 900.500,257.500 855.500,261.500 175.500,265.500 506.500,265.500 82.500,266.500 423.500,268.500 423.500,271.500 160.500,273.500 17.500,275.500 748.500,276.500 702.500,279.500 674.500,280.500 487.500,284.500 922.500,287.500 41.500,288.500 455.000,289.500 985.500,289.500 115.500,293.500 319.500,295.500 142.500,296.500 980.500,296.500 119.500,297.500 90.500,298.500 153.500,298.500 603.500,300.500 630.500,302.500 862.500,302.500 725.500,304.500 13.500,306.500 313.500,308.500 535.500,308.500 815.500,309.500 62.500,311.500 840.500,315.500 690.500,316.500 818.500,322.500 104.500,327.500 464.500,328.500 248.500,330.500 900.500,330.500 430.500,332.500 388.500,333.500 766.500,337.500 409.500,342.500 843.500,348.500 7.500,350.500 837.500,351.500 149.500,354.500 631.500,354.500 504.500,357.500 682.500,358.500 754.500,358.500 11.500,362.500 28.500,366.500 70.500,366.500 109.500,371.500 861.500,374.500 322.500,375.500 731.500,379.500 404.500,380.500 408.500,380.500 599.500,380.500 967.500,381.500 525.500,383.500 389.500,387.500 60.500,389.500 168.500,390.500 534.500,391.500 712.500,393.500 135.500,395.500 460.500,396.500 982.500,399.500 93.500,400.500 486.500,404.500 322.500,405.500 590.500,410.500 732.500,415.500 201.500,418.500 277.500,418.500 312.500,418.500 982.500,419.500 448.500,421.500 274.500,422.500 171.500,423.500 734.500,423.500 550.500,424.500 732.500,428.500 1002.500,431.500 77.500,435.500 862.500,437.500 305.500,438.500 377.500,441.500 855.500,450.500 858.500,451.500 607.500,452.500 461.500,455.500 394.500,456.500 743.500,458.500 269.500,459.500 391.500,464.500 556.500,467.500 693.500,468.500 972.500,472.500 401.500,476.500 197.500,479.500 446.500,480.500 189.500,484.500 886.500,484.500 123.500,485.500 319.500,485.500 596.500,491.500 140.500,493.500 207.500,493.500 738.500,494.500 934.500,496.500 53.500,503.500 211.500,503.500 877.500,504.500 528.500,519.500 717.500,519.500 642.500,524.500 896.500,524.500 255.500,525.500 887.500,537.500 113.500,539.500 139.500,540.500 103.500,543.500 666.500,543.500 772.500,543.500 597.500,546.500 658.500,546.500 106.500,548.500 156.500,549.500 287.500,549.500 641.500,550.500 145.500,551.500 325.500,552.500 499.500,556.500 297.500,559.500 32.500,561.500 692.500,562.500 962.500,562.500 734.500,564.500 355.500,565.500 136.500,569.500 271.500,570.500 406.500,571.500 139.500,572.500 349.500,572.500 863.500,572.500 872.500,572.500 851.500,574.500 221.500,578.500 64.500,580.500 136.500,580.500 276.500,580.500 722.500,580.500 626.500,581.500 136.500,586.500 444.500,588.500 281.500,589.500 15.500,599.500 329.500,599.500 119.500,600.500 133.500,604.500 940.500,605.500 506.500,609.500 934.500,609.500 157.500,611.500 795.500,612.500 720.500,615.500 739.500,616.500 408.500,619.500 953.500,621.500 907.500,624.500 779.500,627.500 1007.500,627.500 800.500,629.500 855.500,630.500 950.500,630.500 38.500,632.500 914.500,640.500 465.500,641.500 671.500,641.500 851.500,642.500 175.500,644.500 845.500,644.500 870.500,644.500 357.500,648.500 435.500,652.500 683.500,652.500 142.500,653.500 191.500,654.500 705.500,655.500 281.500,658.500 489.500,659.500 6.500,661.500 241.500,665.500 573.500,665.500 699.500,665.500 33.500,670.500 868.500,672.500 439.500,674.500 365.500,675.500 762.500,679.500 290.500,682.500 961.500,682.500 292.500,683.500 139.500,685.500 7.500,686.500 937.500,689.500 456.500,695.500 476.500,703.500 194.500,705.500 453.500,706.500 543.500,708.500 1016.500,708.500 389.500,710.500 323.500,712.500 791.500,714.500 850.500,714.500 797.500,715.500 2.500,716.500 622.500,718.500 411.500,720.500 421.500,727.500 634.500,727.500 970.500,728.500 863.500,729.500 557.500,731.500 646.500,731.500 950.500,732.500 422.500,739.500 654.500,739.500 853.500,739.500 334.500,740.500 31.500,741.500 341.500,742.500 3.500,743.500 389.500,743.500 904.500,743.500 1015.500,743.500 435.500,745.500 438.500,747.500 241.500,748.500 597.500,749.500 501.500,750.500 786.500,752.500 829.500,752.500 856.500,752.500 11.500,755.500 703.500,755.500 816.500,756.500 678.500,757.500 964.500,758.500 377.500,759.500 762.500,759.500 871.500,765.500 463.500,766.500 575.500,767.500 909.500,774.500 60.500,777.500 231.500,777.500 142.500,778.500 330.500,786.500 110.500,788.500 798.500,790.500 140.500,791.500 657.500,794.500 971.500,798.500 815.500,799.500 261.500,800.500 401.500,800.500 475.500,800.500 549.500,808.500 200.500,809.500 783.500,809.500 842.500,809.500 844.500,812.500 351.500,816.500 670.500,819.500 768.500,819.500 796.500,821.500 377.500,822.500 282.500,826.500 856.500,827.500 1001.500,828.500 422.500,830.500 699.500,830.500 668.500,831.500 323.500,833.500 75.500,834.500 638.500,834.500 573.500,836.500 751.500,841.500 675.500,846.500 478.500,848.500 116.500,849.500 791.500,851.500 33.500,856.500 226.500,856.500 993.500,858.500 76.500,859.500 119.500,864.500 248.500,864.500 623.500,866.500 938.500,866.500 966.500,867.500 917.500,868.500 882.500,871.500 466.500,875.500 794.500,875.500 787.500,876.500 347.500,882.500 435.500,882.500 808.500,882.500 171.500,886.500 542.500,886.500 980.500,886.500 305.500,887.500 984.500,891.500 718.500,892.500 385.500,896.500 191.500,899.500 606.500,899.500 325.500,900.500 431.500,900.500 48.500,902.500 761.500,903.500 281.500,904.500 698.500,904.500 969.500,906.500 201.500,907.500 105.500,908.500 712.500,911.500 828.500,915.500 436.500,916.500 424.500,920.500 958.500,920.500 384.500,922.500 144.500,923.500 585.500,923.500 604.500,923.500 478.679,929.895 193.500,928.500 587.500,929.500 204.500,932.500 787.500,932.500 112.500,934.500 308.500,935.500 510.500,935.500 114.500,936.500 118.500,936.500 283.500,941.500 424.500,945.500 99.500,946.500 220.500,947.500 750.500,948.500 278.500,951.500 314.500,952.500 772.500,952.500 722.500,954.500 1010.500,956.500 282.500,958.500 440.500,959.500 506.500,961.500 245.500,963.500 249.500,968.500 515.500,969.500 905.500,971.500 852.500,972.500 318.500,973.500 872.500,976.500 737.500,979.500 50.500,983.500 2.500,984.500 175.500,986.500 247.500,988.500 715.500,989.500 608.500,990.500 571.500,991.500 196.500,994.500 17.500,995.500 617.500,996.500 667.500,1000.500 833.500,1000.500 359.500,1001.500 887.500,1004.500 398.500,1005.500 447.500,1005.500 778.500,1005.500 225.500,1006.500 919.500,1006.500 944.500,1009.500 725.500,1010.500 7.500,1012.500 21.500,1014.500 443.500,1014.500 286.500,1015.500 385.500,1015.500 29.500,1018.500 272.500,1018.500 512.500,1021.500 875.500,1022.500
AAU6 477.721,928.987 479.500,928.500 482.500,933.500 481.500,934.500 482.500,935.878
AAV0 695.694,8.966 397.887,15.029 959.581,22.823 653.071,29.210 187.170,36.882 702.478,38.015 157.749,44.009 139.615,44.680 285.536,47.008 726.942,48.435 786.624,48.904 804.526,49.878 574.272,54.174 483.536,59.988 39.498,66.542 886.000,70.985 274.686,72.286 584.848,72.416 101.835,76.599 724.508,76.767 857.060,87.182 152.083,88.943 434.408,88.998 645.385,103.297 430.671,111.355 548.099,114.165 114.701,117.154 717.513,127.006 359.660,132.161 933.272,137.518 303.244,139.589 413.992,140.958 856.561,142.705 603.509,144.668 699.546,145.937 108.177,157.554 17.046,158.000 653.741,163.059 45.377,166.702 80.751,180.751 581.779,182.459 88.031,186.207 937.273,188.286 98.708,193.349 439.728,198.702 704.488,202.014 730.992,202.500 148.997,203.328 617.234,205.536 219.418,207.203 816.540,211.504 82.341,217.043 748.968,227.050 868.917,227.547 32.394,231.400 484.447,233.481 192.738,236.738 98.402,241.295 426.298,240.450 433.739,242.991 508.624,243.379 168.128,244.427 519.108,245.102 552.088,248.346 80.324,251.509 324.557,252.730 398.107,252.750 10.169,258.009 645.464,259.250 819.185,263.471 8.655,271.364 768.909,273.757 1013.598,273.888 147.847,278.516 405.172,278.913 44.160,280.335 206.697,283.833 159.959,284.535 301.337,283.994 380.263,286.523 505.969,289.529 316.196,292.094 308.002,294.937 597.576,303.326 37.452,303.481 329.911,313.585 609.393,314.600 150.799,316.514 76.168,321.274 90.416,318.983 193.380,322.075 482.904,322.079 551.786,322.067 170.512,323.163 44.995,334.141 303.787,338.218 840.020,345.451 1012.306,345.993 701.940,348.974 646.465,350.206 326.679,353.452 46.460,355.489 97.061,356.883 493.828,357.774 521.212,363.508 480.563,364.479 809.634,365.666 564.682,365.020 55.474,367.908 246.125,367.597 86.535,368.786 279.648,369.840 62.758,373.894 77.518,373.403 499.645,378.142 900.544,382.529 762.131,383.282 535.734,384.967 753.129,384.489 41.804,386.478 949.645,386.644 30.773,388.256 496.208,391.849 838.694,395.278 368.864,400.515 202.877,400.588 1018.052,400.503 77.932,402.280 31.529,408.790 554.163,410.514 631.751,411.306 952.200,417.422 525.105,417.598 512.239,431.753 300.473,433.146 328.005,434.323 157.640,439.005 179.479,438.462 44.064,442.739 799.399,442.857 833.459,445.128 411.912,446.202 632.484,447.788 507.648,448.371 366.852,452.500 160.873,454.271 178.719,453.724 474.756,453.340 618.490,454.363 822.842,455.467 368.695,458.751 473.557,462.414 159.394,467.858 522.265,471.682 810.691,474.613 82.711,476.718 313.568,486.436 559.710,487.849 519.061,492.190 109.171,494.416 608.143,495.518 60.872,497.053 160.450,523.905 4.577,526.449 979.522,528.380 149.800,531.504 165.913,532.625 908.788,533.437 143.500,535.819 643.842,537.480 226.294,539.256 998.006,546.420 99.840,549.617 120.926,549.874 132.843,556.415 330.429,560.101 405.270,565.339 914.015,578.615 313.366,584.439 205.724,589.521 565.217,589.210 988.244,591.900 310.645,596.129 325.628,596.481 554.468,594.428 850.013,597.627 426.820,606.269 813.543,605.531 263.558,608.025 360.621,618.111 155.481,619.432 601.597,622.176 465.982,623.514 75.992,624.395 893.773,633.251 515.511,639.073 435.279,640.931 299.911,641.264 649.984,642.429 376.317,646.819 233.507,652.025 550.002,653.439 741.041,654.058 242.001,655.593 232.862,657.373 763.220,657.952 185.000,666.687 548.787,665.787 679.493,668.214 299.827,671.073 847.089,671.674 237.516,672.883 449.422,673.451 192.250,674.734 277.725,674.716 624.497,688.159 954.201,690.442 324.584,694.609 918.502,696.734 129.193,699.971 222.717,703.500 87.232,707.857 929.825,711.020 715.986,713.014 880.525,716.009 192.655,720.817 189.285,726.569 269.164,726.555 248.572,730.873 539.952,732.670 885.247,736.303 269.909,741.945 343.407,740.842 506.001,741.032 145.742,741.502 555.559,742.349 709.736,742.588 336.076,741.994 287.733,745.580 118.287,749.895 270.709,756.032 895.778,757.767 781.459,759.339 267.965,759.972 809.158,762.158 239.638,767.426 252.137,763.590 113.140,767.041 322.235,767.534 599.970,772.169 235.279,772.690 273.094,772.723 766.728,775.736 8.411,777.513 838.283,778.500 447.370,782.780 145.333,782.560 163.896,784.441 594.570,784.242 842.260,785.203 10.013,788.883 247.165,790.386 587.376,789.528 705.433,794.088 427.390,799.005 271.862,803.506 664.286,810.014 633.394,813.244 31.599,813.848 294.744,813.744 329.841,814.032 721.424,816.866 764.095,821.521 238.404,826.682 860.239,828.909 306.163,833.395 1014.293,835.956 899.214,842.516 150.597,850.872 159.404,852.097 862.966,851.005 289.692,854.822 758.273,860.386 919.746,865.126 76.439,867.606 442.882,870.417 226.965,874.116 404.745,874.555 279.996,881.458 453.148,888.628 358.676,893.174 365.671,895.137 58.869,900.550 74.246,902.595 146.338,901.609 746.949,905.800 233.812,910.384 125.994,909.994 85.766,912.664 888.445,911.532 327.285,913.833 419.896,914.711 65.406,918.574 411.007,918.420 719.001,919.701 11.224,920.438 671.332,922.685 726.152,923.111 42.870,926.258 577.307,927.188 275.674,927.770 906.985,926.977 565.904,930.254 138.992,931.678 359.309,933.029 373.403,932.544 479.990,938.723 467.846,943.171 376.213,945.604 79.798,947.450 195.986,950.350 491.088,951.479 482.025,951.930 899.605,956.417 103.325,956.684 322.343,959.984 64.486,962.840 659.495,969.395 707.074,972.045 417.971,974.334 403.601,974.397 209.448,978.604 1007.001,977.310 591.613,980.016 406.974,985.523 293.199,990.788 506.392,995.454 687.421,994.917 971.375,996.388 114.698,1003.610 298.500,1006.174 756.441,1010.209 971.957,1009.760 162.962,1012.480 488.333,1012.352 338.750,1014.392 382.143,1017.104
AAV1 695.500,8.785 694.500,10.500 652.707,29.500 187.255,37.010 157.465,43.987 726.918,48.500 285.500,48.500 787.500,49.000 804.699,49.986 573.500,55.500 38.500,66.500 275.500,71.500 724.773,76.773 857.500,86.500 858.500,88.500 645.350,103.412 430.500,111.500 933.812,137.773 413.867,141.054 856.500,142.951 602.500,144.500 699.629,145.978 108.500,156.500 653.760,163.028 44.991,166.723 582.500,181.500 88.104,185.725 88.500,188.500 704.210,202.088 731.500,202.500 617.500,205.500 816.500,211.500 81.951,217.500 749.500,227.000 32.250,231.260 484.313,233.287 98.787,241.213 433.514,242.996 552.157,248.303 79.500,251.500 324.758,251.812 397.500,253.500 10.500,258.500 645.882,259.699 769.500,273.500 1013.500,273.500 404.500,278.500 206.000,283.500 208.500,284.500 379.500,286.500 317.000,292.500 37.500,303.147 597.500,302.500 598.500,303.500 609.500,313.928 150.884,316.383 76.149,321.276 193.437,321.975 45.500,334.500 302.500,338.500 840.500,345.500 701.199,349.235 646.500,349.500 326.472,353.458 46.006,355.526 96.778,357.222 494.500,356.500 493.500,357.500 809.579,365.666 55.344,368.014 245.500,367.500 77.500,373.500 500.500,378.500 535.780,385.066 752.951,384.500 30.213,388.213 31.500,389.500 496.500,391.500 368.500,399.500 77.708,401.814 369.500,400.500 1018.500,400.500 952.500,417.045 328.176,434.234 43.918,442.784 833.500,445.928 411.500,446.500 160.500,454.951 473.500,462.500 522.500,471.500 82.715,476.646 313.500,486.500 60.500,497.068 160.500,523.500 159.500,524.500 4.959,526.493 149.500,531.500 166.500,532.000 643.744,537.410 226.500,538.500 99.927,549.958 121.500,549.500 913.500,577.500 313.222,584.185 989.500,592.500 311.241,595.210 325.723,596.418 309.820,597.199 426.926,606.450 813.500,606.500 360.500,617.500 516.000,639.500 435.203,641.203 650.500,642.500 376.500,645.500 375.500,646.500 377.500,647.500 763.845,657.681 549.500,665.399 184.802,666.491 547.500,666.500 678.500,667.500 678.500,669.500 449.500,672.500 237.500,673.500 954.500,690.049 323.500,695.500 129.500,698.500 128.500,699.500 222.500,702.500 87.500,707.500 929.781,710.919 880.500,715.500 192.500,721.500 248.500,730.500 539.226,732.923 884.500,736.500 145.500,741.500 270.267,741.787 506.500,741.500 556.154,742.091 709.500,742.703 554.500,743.500 118.500,749.500 117.500,750.500 119.500,750.500 271.500,755.500 269.500,756.500 781.323,759.220 895.796,757.647 809.026,762.270 251.500,763.500 239.700,768.159 599.904,772.790 234.500,772.500 235.500,773.500 767.500,775.500 8.500,777.500 447.427,782.774 145.500,782.500 164.500,784.112 594.500,783.500 842.500,785.500 10.261,789.004 586.500,788.500 588.000,789.500 247.500,790.500 705.012,794.955 663.500,809.500 664.500,811.024 633.340,813.268 330.213,813.787 763.728,821.246 238.451,826.609 859.730,828.814 861.500,829.500 306.213,832.787 1014.000,835.500 151.500,850.500 160.500,851.500 289.843,854.690 919.753,864.785 227.205,874.239 452.849,888.752 358.500,892.500 59.000,900.500 73.500,902.500 75.176,903.234 233.793,910.350 85.518,912.241 719.500,920.500 670.716,922.716 726.976,922.500 725.500,923.500 577.500,926.500 276.049,927.500 578.500,927.500 566.500,930.500 358.500,932.500 360.500,932.500 480.500,939.049 467.463,943.296 375.773,944.812 79.694,947.759 376.500,946.500 195.996,950.199 491.052,951.460 481.500,951.500 482.500,952.500 899.500,957.112 64.500,962.500 659.500,968.500 707.500,971.500 418.001,974.033 403.500,975.500 209.418,978.620 506.503,995.562 687.254,994.909 114.500,1003.500 298.302,1006.047 755.500,1010.000 488.500,1012.500 338.500,1014.072 383.500,1015.500 381.973,1017.514 551.519,1021.767
AAV2 726.755,48.777 413.500,140.500 76.253,321.481 193.504,321.904 82.707,476.766 325.741,596.201 929.762,710.961 780.500,759.500 233.605,910.281
AAV3 104.500,87.500 76.184,321.219 193.497,321.618 831.500,356.500 220.500,524.500 20.500,543.500 650.500,609.500 558.500,657.500 929.771,710.958 1006.500,843.500 248.500,876.500 233.699,910.500
AAV4 726.769,48.782 413.500,140.500 76.116,321.517 193.502,321.954 82.736,476.777 325.500,596.032 929.795,710.979 233.564,910.263
AAV5 383.500,3.500 393.500,3.500 639.500,3.500 747.500,4.500 932.500,4.500 879.500,5.500 407.500,6.500 296.500,8.500 254.500,10.500 973.500,11.500 166.500,13.500 216.500,14.500 238.500,14.500 787.500,14.500 281.500,17.500 885.500,25.500 58.500,26.500 944.500,29.500 242.500,34.500 377.500,34.500 681.500,38.500 883.500,38.500 973.500,38.500 726.500,41.500 160.500,42.500 291.500,44.500 426.500,45.500 660.500,46.500 676.500,47.500 917.500,47.500 594.500,49.500 261.500,52.500 957.500,53.500 908.500,54.500 496.500,55.500 654.500,56.500 386.500,58.500 913.500,60.500 642.500,61.500 189.500,63.500 492.500,63.500 614.500,64.500 899.500,64.500 997.500,66.500 609.500,67.500 460.500,68.500 118.500,69.500 387.500,70.500 882.500,70.500 576.500,72.500 49.500,79.500 634.500,80.500 36.500,87.500 921.500,87.500 431.500,88.500 1007.500,89.500 995.500,90.500 511.500,93.500 114.500,97.500 165.500,97.500 840.500,98.500 168.500,99.500 355.500,102.500 496.500,104.500 298.500,105.500 568.500,106.500 656.500,106.500 220.500,108.500 292.500,110.500 624.500,110.500 161.500,111.500 38.500,112.500 431.500,120.500 557.500,125.500 391.500,131.500 199.500,134.500 544.500,134.500 739.500,134.500 919.500,137.500 513.500,138.500 625.500,138.500 185.500,139.500 788.500,139.500 944.500,139.500 94.500,141.500 875.500,142.500 905.500,142.500 361.500,144.500 1007.500,145.500 72.500,146.500 319.500,147.500 235.500,148.500 691.500,153.500 925.500,154.500 316.500,157.500 728.500,165.500 918.500,172.500 321.500,178.500 393.500,178.500 719.500,179.500 31.500,181.500 707.500,181.500 932.500,181.500 421.500,183.500 732.500,186.500 28.500,187.500 497.500,188.500 4.500,190.500 203.500,190.500 218.500,190.500 875.500,190.500 366.500,193.500 55.500,195.500 802.500,196.500 31.500,199.500 68.500,216.500 907.500,220.500 590.500,221.500 893.500,221.500 329.500,224.500 768.500,224.500 275.500,226.500 306.500,230.500 208.500,235.500 65.500,236.500 25.500,239.500 150.500,239.500 513.500,241.500 447.500,242.500 826.500,242.500 452.500,243.500 656.500,243.500 862.500,251.500 467.500,254.500 472.500,254.500 89.500,255.500 99.500,256.500 413.500,256.500 495.500,256.500 320.500,257.500 457.500,261.500 889.500,270.500 271.500,271.500 610.500,272.500 807.500,272.500 108.500,276.500 705.500,276.500 78.500,279.500 528.500,282.500 847.500,283.500 615.500,284.500 303.500,289.500 433.500,293.500 653.500,293.500 488.500,295.500 304.500,296.500 469.500,296.500 958.500,296.500 988.500,296.500 454.500,297.500 517.500,297.500 600.500,300.500 982.500,301.500 808.500,305.500 779.500,307.500 832.500,309.500 670.500,310.500 429.500,314.500 262.500,315.500 978.500,315.500 1007.500,315.500 98.500,316.500 71.500,317.500 187.500,317.500 70.500,318.500 190.500,318.500 74.500,319.500 189.500,319.500 191.789,320.682 265.500,319.500 980.500,319.500 76.980,321.673 60.500,322.500 78.500,322.500 152.500,322.500 194.559,323.284 197.223,324.777 433.500,324.500 555.500,328.500 385.500,329.500 559.500,331.500 779.500,333.500 655.500,337.500 695.500,337.500 625.500,341.500 48.500,342.500 267.500,345.500 63.500,348.500 245.500,349.500 793.500,353.500 303.500,355.500 389.500,355.500 630.500,356.500 790.500,357.500 862.500,357.500 397.500,359.500 391.500,360.500 93.500,361.500 297.500,369.500 252.500,374.500 139.500,376.500 629.500,378.500 302.500,379.500 306.500,379.500 497.500,379.500 974.500,379.500 565.500,380.500 387.500,386.500 19.500,388.500 666.500,388.500 82.500,389.500 57.500,390.500 1017.500,393.500 822.500,398.500 957.500,398.500 314.500,403.500 677.500,405.500 971.500,416.500 23.500,417.500 58.500,417.500 688.500,417.500 828.500,419.500 902.500,421.500 494.500,422.500 308.500,423.500 906.500,426.500 681.500,427.500 867.500,433.500 618.500,436.500 235.500,444.500 234.500,445.500 529.500,449.500 279.500,451.500 141.500,454.500 68.500,455.500 818.500,457.500 894.500,464.500 266.500,466.500 427.500,467.500 188.500,468.500 666.500,471.500 764.500,474.500 63.500,475.500 845.500,477.500 891.500,478.500 1.500,479.500 880.500,479.500 801.500,482.500 474.500,483.500 735.500,483.500 931.500,483.500 469.500,485.500 819.500,486.500 857.500,490.500 805.500,492.500 225.500,494.500 696.500,494.500 526.500,495.500 514.500,498.500 41.500,499.500 172.500,499.500 905.500,506.500 168.500,518.500 357.500,518.500 643.500,518.500 562.500,520.500 288.500,523.500 542.500,523.500 925.500,523.500 449.500,524.500 24.500,531.500 729.500,531.500 738.500,535.500 485.500,536.500 643.500,536.500 645.500,537.500 709.500,537.500 735.500,538.500 559.500,541.500 240.500,542.500 346.500,542.500 179.500,545.500 240.500,545.500 883.500,545.500 706.500,546.500 909.500,547.500 235.500,549.500 763.500,549.500 548.500,553.500 557.500,553.500 970.500,553.500 897.500,557.500 624.500,559.500 111.500,560.500 26.500,561.500 278.500,561.500 765.500,561.500 410.500,563.500 855.500,564.500 377.500,565.500 943.500,568.500 54.500,570.500 807.500,570.500 1017.500,570.500 177.500,573.500 686.500,578.500 758.500,578.500 898.500,578.500 607.500,582.500 770.500,584.500 1007.500,589.500 142.500,592.500 984.500,593.500 519.500,597.500 835.500,597.500 607.500,598.500 387.500,600.500 691.500,600.500 352.500,604.500 814.500,605.500 791.500,606.500 346.500,608.500 878.500,608.500 591.500,609.500 867.500,609.500 552.500,616.500 121.500,619.500 78.500,625.500 147.500,626.500 73.500,628.500 239.500,629.500 334.500,629.500 444.500,630.500 218.500,632.500 42.500,634.500 69.500,637.500 45.500,640.500 221.500,641.500 737.500,646.500 520.500,651.500 307.500,653.500 77.500,654.500 241.500,654.500 433.500,655.500 726.500,656.500 935.500,656.500 362.500,657.500 875.500,657.500 390.500,659.500 609.500,663.500 939.500,663.500 41.500,664.500 423.500,665.500 120.500,667.500 167.500,671.500 2.500,678.500 834.500,678.500 576.500,680.500 233.500,681.500 588.500,681.500 622.500,683.500 196.500,688.500 808.500,688.500 335.500,689.500 390.500,696.500 594.500,696.500 854.500,701.500 920.500,702.500 578.500,703.500 929.833,711.064 911.500,706.500 354.500,707.500 329.500,708.500 494.500,708.500 675.500,710.500 783.500,710.500 121.500,714.500 380.500,716.500 721.500,718.500 721.500,725.500 934.500,725.500 242.500,727.500 127.500,728.500 415.500,728.500 819.500,729.500 6.500,730.500 446.500,733.500 700.500,737.500 932.500,737.500 107.500,738.500 954.500,739.500 1017.500,739.500 639.500,740.500 697.500,741.500 289.500,742.500 692.500,744.500 623.500,745.500 738.500,745.500 796.500,746.500 901.500,747.500 801.500,748.500 10.500,750.500 573.500,750.500 309.500,753.500 8.500,756.500 143.500,757.500 294.500,757.500 195.500,764.500 783.500,764.500 139.500,767.500 766.500,768.500 294.500,769.500 707.500,772.500 99.500,773.500 642.500,774.500 380.500,775.500 551.500,775.500 468.500,776.500 10.500,777.500 485.500,777.500 760.500,777.500 528.500,778.500 654.500,779.500 695.500,781.500 186.500,782.500 576.500,784.500 885.500,784.500 615.500,785.500 14.500,786.500 996.500,788.500 861.500,792.500 663.500,795.500 151.500,797.500 343.500,797.500 503.500,801.500 863.500,806.500 436.500,809.500 168.500,811.500 720.500,820.500 68.500,823.500 596.500,824.500 871.500,827.500 772.500,828.500 864.500,828.500 882.500,828.500 273.500,829.500 276.500,829.500 12.500,830.500 695.500,831.500 983.500,834.500 906.500,835.500 375.500,837.500 895.500,838.500 153.500,840.500 972.500,841.500 331.500,842.500 886.500,842.500 115.500,845.500 976.500,846.500 299.500,850.500 755.500,854.500 780.500,854.500 26.500,855.500 531.500,857.500 638.500,857.500 970.500,857.500 266.500,862.500 239.500,864.500 572.500,865.500 574.500,867.500 589.500,868.500 202.500,875.500 547.500,875.500 920.500,880.500 89.500,881.500 562.500,881.500 989.500,884.500 790.500,885.500 115.500,886.500 154.500,888.500 1016.500,889.500 844.500,890.500 574.500,891.500 344.500,892.500 780.500,892.500 716.500,893.500 273.500,895.500 512.500,897.500 163.500,899.500 269.500,899.500 900.500,900.500 567.500,902.500 1004.500,902.500 145.500,903.500 3.500,904.500 230.500,906.500 931.500,906.500 231.500,907.500 234.500,910.500 237.500,914.500 496.500,914.500 144.500,915.500 85.500,917.500 638.500,919.500 74.500,921.500 263.500,922.500 282.500,922.500 186.500,924.500 933.500,926.500 323.500,928.500 974.500,930.500 557.500,931.500 378.500,932.500 630.500,933.500 936.500,934.500 940.500,934.500 886.500,935.500 542.500,943.500 939.500,944.500 34.500,946.500 72.500,951.500 474.500,953.500 283.500,955.500 16.500,957.500 183.500,959.500 997.500,961.500 612.500,966.500 737.500,966.500 639.500,970.500 829.500,970.500 582.500,971.500 54.500,972.500 429.500,978.500 664.500,980.500 762.500,981.500 716.500,982.500 979.500,986.500 445.500,988.500 344.500,989.500 1022.500,994.500 279.500,995.500 211.500,997.500 323.500,999.500 489.500,999.500 689.500,999.500 7.500,1000.500 174.500,1001.500 602.500,1002.500 517.500,1003.500 143.500,1012.500 671.500,1012.500 381.500,1013.500 944.500,1013.500 135.500,1014.500 912.500,1016.500 132.500,1020.500 392.500,1020.500 455.500,1022.500 658.500,1022.500
AAV6 192.500,320.500 77.500,321.500 197.500,324.500 925.500,705.500 927.841,707.791 929.726,710.765 930.500,712.500 931.783,714.176 933.500,715.500 934.500,716.500
AAW0 137.807,5.057 383.581,5.159 244.199,6.685 606.375,8.347 905.415,9.855 37.176,17.055 450.399,18.714 303.034,19.086 876.006,18.473 332.556,20.655 206.091,24.992 232.539,26.437 39.752,30.007 606.412,30.543 428.321,41.616 406.503,44.851 93.666,45.678 1002.358,49.702 814.268,56.000 996.104,65.540 25.848,69.659 541.106,70.861 826.611,72.109 324.160,77.484 485.481,77.182 251.294,82.254 378.898,83.096 516.244,84.608 217.361,88.538 262.860,89.028 533.050,88.707 771.196,88.881 487.254,91.709 134.523,95.958 414.823,98.489 576.024,100.817 379.769,126.505 178.089,127.929 819.507,130.548 572.049,132.433 11.603,143.863 179.745,146.350 975.760,149.610 836.785,151.791 473.932,169.220 900.984,171.000 33.734,178.422 407.816,195.363 104.447,193.139 805.635,195.748 985.292,200.405 26.984,202.320 259.268,204.283 215.971,211.493 143.101,215.847 938.643,219.000 411.678,228.595 104.501,230.371 55.458,233.020 334.963,233.214 637.424,234.700 23.192,238.554 896.481,240.470 89.758,242.326 476.927,241.956 463.765,247.006 996.461,249.527 790.372,255.386 200.146,264.441 406.867,267.684 264.851,271.369 531.387,275.525 350.633,279.119 938.243,285.245 297.507,295.683 63.267,299.344 400.698,303.911 719.818,307.231 506.304,307.393 318.845,308.577 179.462,310.042 541.029,314.733 336.150,315.371 468.060,319.019 644.098,348.098 135.600,357.156 849.349,356.587 920.050,359.324 399.802,361.614 860.523,364.031 433.487,366.540 511.145,365.994 993.341,368.977 678.012,378.995 847.609,380.465 1009.889,379.874 800.165,387.410 832.215,386.785 244.000,388.834 618.483,390.469 623.122,394.355 773.908,396.983 815.275,397.315 144.607,398.509 109.536,407.460 234.570,407.842 371.758,415.397 90.210,416.683 27.145,420.047 12.495,422.532 17.850,423.578 559.146,426.918 128.151,430.148 249.832,430.336 441.641,432.906 945.486,435.911 741.743,438.284 133.503,443.468 510.438,443.448 280.124,447.040 9.381,449.211 409.271,452.847 813.097,455.027 45.069,458.063 469.603,458.861 458.278,460.496 757.829,468.559 883.334,470.802 370.602,475.486 448.673,476.100 51.760,481.779 871.534,482.335 907.913,483.906 601.636,487.954 379.594,492.469 948.015,493.303 645.274,497.162 659.651,501.396 556.137,509.389 310.478,515.069 724.907,517.405 611.230,520.107 381.536,520.763 66.719,522.407 200.736,521.581 76.620,531.375 483.181,530.656 706.241,535.441 383.982,541.195 998.138,541.267 929.669,541.456 1018.770,541.728 319.583,551.785 408.783,551.833 36.108,556.519 711.464,566.363 23.982,571.298 880.519,573.746 876.883,578.317 601.563,577.541 24.581,579.362 712.774,584.785 705.717,585.565 458.056,591.870 382.599,595.062 834.714,595.593 83.901,596.916 958.405,600.407 984.156,599.433 904.232,601.477 960.551,608.209 816.027,612.541 378.371,613.395 242.047,616.104 170.956,619.744 666.168,620.944 375.677,623.394 405.420,625.851 257.592,630.071 696.636,632.237 92.736,634.385 198.371,641.446 677.353,645.687 306.252,645.038 631.212,649.823 375.260,655.607 954.326,659.491 252.138,665.614 177.172,666.384 654.586,669.182 96.712,670.640 955.752,681.000 494.103,690.765 633.715,691.637 234.166,694.958 1012.337,695.062 789.019,696.764 298.471,698.824 489.057,700.048 783.492,703.738 322.225,704.259 509.993,708.475 1006.514,708.803 145.223,711.412 324.396,711.970 482.373,713.059 802.930,713.849 374.267,719.771 554.146,720.191 739.490,727.791 694.126,729.623 211.345,733.502 975.493,739.772 312.003,739.493 837.414,744.139 263.763,746.533 794.322,749.884 198.454,752.471 553.177,752.741 934.021,752.296 629.336,757.519 319.756,758.989 849.272,762.150 417.320,767.567 876.923,775.991 622.537,777.441 225.784,780.643 690.505,783.307 918.617,787.767 981.089,789.802 149.272,792.001 793.382,792.713 34.321,793.360 324.659,796.531 837.586,803.367 85.080,812.763 139.284,813.265 92.532,815.720 780.895,817.674 152.755,821.690 599.165,832.591 657.573,832.775 67.515,833.356 639.286,834.707 951.610,837.305 451.463,837.456 995.444,845.689 546.266,849.700 988.526,852.176 559.042,873.515 801.104,873.456 649.730,877.334 520.559,880.574 344.167,896.982 527.465,903.246 812.835,903.451 111.496,907.324 594.380,924.620 318.971,931.550 336.868,932.349 213.161,945.512 435.144,948.586 336.336,949.328 531.967,954.401 876.305,955.978 536.273,964.301 332.500,968.797 84.810,970.304 753.157,971.939 229.182,985.854 456.868,989.695 313.590,1001.888 491.004,1002.225 456.463,1006.184 307.605,1019.470 886.763,1019.220
AAW1 905.500,10.500 450.810,18.500 876.500,18.500 449.500,19.500 205.500,24.500 232.500,26.500 39.500,29.500 605.500,30.500 2.500,39.500 428.500,41.500 407.214,44.740 406.500,46.500 1002.512,49.804 995.500,64.500 997.500,65.500 996.500,66.500 541.500,71.500 826.500,71.500 324.345,77.526 515.905,83.751 532.794,88.776 770.500,88.500 134.500,95.500 135.500,96.500 415.049,97.500 415.500,99.500 576.076,101.025 380.000,126.500 571.594,132.216 819.500,130.500 573.500,133.500 11.694,143.665 179.500,147.500 975.592,149.638 474.220,169.201 33.500,178.000 34.888,179.500 407.858,195.250 215.989,211.429 214.500,212.500 142.500,215.500 411.500,229.500 334.994,232.994 24.000,238.500 89.058,242.556 94.000,241.500 477.500,242.500 200.500,264.500 406.500,267.500 350.500,278.500 938.500,285.500 297.495,295.653 400.500,304.500 719.819,307.250 506.500,307.500 179.500,310.500 336.500,315.500 541.500,315.500 643.500,349.000 135.431,357.516 848.500,356.500 850.500,356.500 849.500,357.500 399.500,360.928 860.500,364.086 433.492,366.665 993.450,368.984 847.658,380.643 1009.971,379.717 800.352,387.464 244.787,388.213 832.500,387.500 618.500,390.500 774.500,397.500 108.819,406.769 110.500,407.500 109.500,408.500 371.500,415.500 90.000,416.500 28.162,418.500 17.500,422.500 17.500,424.500 128.248,429.849 249.500,430.500 441.500,432.500 945.606,435.940 133.778,443.778 9.357,449.158 813.761,454.832 45.248,457.930 458.236,459.764 758.500,467.500 371.049,475.500 448.247,476.215 871.594,482.368 908.217,483.578 906.500,483.500 601.517,488.001 948.500,493.500 645.277,497.068 555.500,509.500 310.699,515.063 725.213,517.213 611.500,519.500 66.616,522.365 382.500,520.500 610.500,520.500 199.500,521.500 381.500,521.500 482.500,530.500 484.500,530.500 76.535,531.740 706.263,535.444 385.500,541.500 929.500,541.500 998.439,541.500 319.735,551.682 408.500,552.024 36.327,556.186 711.500,565.500 876.861,578.234 601.500,577.500 459.500,592.500 382.717,594.775 834.928,595.418 83.500,596.500 904.384,601.401 958.777,600.521 984.500,599.500 960.500,607.500 816.500,611.500 242.222,616.222 170.500,620.500 405.500,624.765 406.500,626.500 257.951,629.500 696.787,632.213 306.467,644.041 676.665,644.751 307.500,645.500 631.299,649.963 679.625,649.354 374.500,655.500 252.500,666.049 654.778,668.222 653.500,670.500 494.132,690.830 789.127,696.728 1013.500,694.500 1012.500,695.500 489.500,699.500 1006.500,708.500 145.500,710.500 144.500,712.072 481.500,713.500 803.500,713.500 482.500,714.500 554.375,720.709 374.500,721.500 739.500,728.000 693.500,729.500 693.500,731.500 211.567,733.650 974.919,739.752 264.500,746.500 553.119,752.631 933.994,752.006 198.633,752.952 319.500,759.500 876.500,775.500 623.500,777.500 225.669,780.695 690.147,783.500 918.605,787.831 148.907,792.244 85.044,812.739 92.394,816.228 781.159,817.804 67.368,833.220 599.361,832.766 657.159,833.053 639.500,834.500 451.500,837.500 951.500,837.500 995.188,845.758 546.208,849.716 988.774,852.184 559.114,873.409 801.049,873.461 812.500,903.500 594.500,924.500 319.500,931.500 317.951,932.500 213.500,946.500 434.500,947.500 337.500,948.500 433.500,948.500 435.500,948.500 531.500,954.500 753.134,971.916 84.500,971.500 228.787,985.787 229.500,987.500 312.777,1001.477 491.269,1002.077 456.743,1005.830
AAW2 324.500,76.500 323.500,77.500 407.851,195.217 297.437,295.692 9.404,449.278 706.349,535.218 319.714,551.670 876.500,577.500 877.500,578.500 904.500,600.500 904.500,602.500 494.751,690.796 789.291,696.912 84.990,812.588 546.500,849.500 753.170,971.852
AAW3 134.500,87.500 344.500,190.500 407.939,195.290 297.498,295.631 987.500,356.500 9.318,449.311 138.500,524.500 706.500,535.500 1002.500,542.500 319.590,551.739 789.500,696.968 84.500,812.500 752.820,972.500
AAW4 324.500,76.500 323.500,77.500 407.820,195.208 297.398,295.777 9.475,449.333 706.393,535.147 319.706,551.677 876.500,577.500 877.500,578.500 904.500,600.500 904.500,602.500 494.767,690.793 789.264,696.916 84.994,812.557 753.217,971.795
AAW5 964.500,1.500 443.500,3.500 815.500,4.500 998.500,4.500 137.500,8.500 342.500,8.500 916.500,9.500 306.500,10.500 760.500,13.500 148.500,14.500 111.500,15.500 806.500,17.500 660.500,18.500 361.500,24.500 68.500,26.500 318.500,29.500 559.500,29.500 928.500,29.500 250.500,34.500 385.500,34.500 715.500,38.500 516.500,45.500 356.500,47.500 17.500,48.500 44.500,50.500 224.500,52.500 462.500,55.500 898.500,56.500 628.500,58.500 299.500,59.500 423.500,63.500 726.500,63.500 105.500,65.500 951.500,65.500 819.500,67.500 650.500,68.500 601.500,70.500 68.500,71.500 788.500,72.500 585.500,79.500 714.500,80.500 606.500,81.500 808.500,83.500 172.500,87.500 33.500,88.500 559.500,88.500 22.500,93.500 607.500,93.500 182.500,97.500 233.500,97.500 571.500,97.500 39.500,98.500 815.500,98.500 419.500,102.500 523.500,103.500 562.500,104.500 956.500,104.500 614.500,106.500 706.500,106.500 823.500,107.500 867.500,107.500 195.500,108.500 340.500,110.500 672.500,110.500 96.500,112.500 729.500,119.500 160.500,120.500 581.500,120.500 141.500,123.500 154.500,123.500 452.500,123.500 796.500,123.500 377.500,124.500 475.500,124.500 705.500,125.500 627.500,127.500 613.500,128.500 797.500,129.500 673.500,133.500 575.500,134.500 837.500,134.500 29.500,138.500 655.500,138.500 767.500,138.500 787.500,141.500 293.500,143.500 573.500,144.500 235.500,146.500 324.500,146.500 581.500,147.500 924.500,147.500 513.500,148.500 963.500,153.500 175.500,155.500 582.500,157.500 664.500,160.500 918.500,163.500 124.500,166.500 579.500,166.500 847.500,166.500 954.500,167.500 181.500,171.500 202.500,173.500 623.500,178.500 695.500,178.500 997.500,179.500 989.500,181.500 190.500,182.500 783.500,185.500 719.500,187.500 867.500,188.500 409.475,196.641 920.500,191.500 97.500,192.500 712.500,193.500 258.500,194.500 377.500,195.500 569.500,196.500 74.500,197.500 988.500,198.500 305.500,199.500 333.500,208.500 360.500,216.500 862.500,221.500 631.500,222.500 623.500,223.500 579.500,226.500 690.500,230.500 168.500,234.500 646.500,235.500 70.500,236.500 262.500,236.500 509.500,236.500 744.500,237.500 874.500,237.500 624.500,239.500 276.500,243.500 574.500,243.500 940.500,243.500 118.500,244.500 506.500,244.500 903.500,246.500 935.500,246.500 643.500,255.500 965.500,256.500 23.500,257.500 621.500,257.500 878.500,257.500 821.500,261.500 153.500,265.500 484.500,265.500 62.500,266.500 193.500,268.500 411.500,268.500 815.500,271.500 335.500,273.500 900.500,274.500 694.500,276.500 269.500,277.500 638.500,279.500 628.500,280.500 102.500,283.500 419.500,284.500 191.500,285.500 554.500,287.500 234.500,288.500 358.983,289.500 906.500,290.500 297.804,295.899 820.500,292.500 971.500,293.500 197.500,295.500 16.500,296.500 466.500,296.500 21.500,297.500 500.500,297.500 530.500,297.500 70.500,301.500 713.500,303.500 707.500,309.500 230.500,310.500 722.500,310.500 62.500,311.500 406.500,313.500 398.500,316.500 427.500,316.500 553.500,316.500 709.500,322.500 782.500,322.500 331.500,329.500 161.500,330.500 338.500,332.500 706.500,337.500 417.500,338.500 457.500,338.500 461.500,339.500 381.500,342.500 828.500,342.500 580.500,343.500 383.500,351.500 71.500,354.500 143.500,356.500 65.500,357.500 390.500,357.500 203.500,360.500 191.500,361.500 915.500,361.500 818.500,363.500 347.500,364.500 944.500,365.500 957.500,370.500 994.500,370.500 808.500,373.500 653.500,374.500 505.500,379.500 845.500,379.500 174.500,380.500 178.500,380.500 369.500,380.500 848.500,380.500 735.500,381.500 795.500,382.500 275.500,383.500 213.500,387.500 814.500,388.500 863.500,388.500 883.500,390.500 378.500,393.500 612.500,399.500 747.500,399.500 120.500,404.500 982.500,404.500 503.500,406.500 680.500,412.500 368.500,415.500 869.500,416.500 877.500,417.500 953.500,417.500 988.500,417.500 590.500,418.500 614.500,419.500 835.500,422.500 188.500,424.500 135.500,426.500 778.500,427.500 35.500,430.500 521.500,430.500 580.500,431.500 741.500,435.500 881.500,435.500 675.500,440.500 621.500,444.500 5.665,446.612 19.500,445.500 10.159,449.704 13.500,449.500 186.500,449.500 311.500,450.500 1014.500,450.500 302.500,451.500 49.500,452.500 838.500,455.500 717.500,458.500 827.500,463.500 622.500,465.500 96.500,466.500 243.500,466.500 377.500,466.500 1010.500,466.500 117.500,468.500 769.500,473.500 639.500,478.500 676.500,480.500 317.500,482.500 248.500,484.500 509.500,484.500 701.500,484.500 699.500,486.500 910.500,490.500 967.500,494.500 410.500,495.500 450.500,498.500 216.500,499.500 367.500,502.500 525.500,502.500 161.500,504.500 609.500,507.500 848.500,520.500 91.500,522.500 928.500,523.500 148.500,524.500 312.500,524.500 523.500,524.500 266.500,530.500 305.500,532.500 291.500,538.500 313.500,539.500 975.500,540.500 586.500,541.500 117.500,542.500 265.500,542.500 964.500,544.500 779.500,545.500 840.500,545.500 451.500,546.500 308.500,548.500 783.500,549.500 319.500,550.500 320.500,551.500 453.500,551.500 52.500,554.500 61.500,554.500 456.500,554.500 323.500,555.500 765.500,556.500 355.500,558.500 880.500,559.500 94.500,560.500 605.500,560.500 764.500,561.500 10.500,562.500 862.500,563.500 285.500,565.500 831.500,565.500 238.500,568.500 375.500,569.500 114.500,570.500 388.500,570.500 520.500,570.500 927.500,571.500 936.500,571.500 124.500,573.500 935.500,582.500 40.500,585.500 173.500,588.500 739.500,588.500 98.500,595.500 779.500,600.500 43.500,601.500 710.500,604.500 906.500,606.500 119.500,607.500 274.500,608.500 702.500,608.500 206.500,609.500 941.500,609.500 195.500,610.500 559.500,611.500 938.500,611.500 607.500,613.500 13.500,615.500 541.500,615.500 481.500,619.500 328.500,622.500 416.500,625.500 497.500,626.500 411.500,628.500 620.500,639.500 383.500,640.500 557.500,641.500 901.500,642.500 791.500,652.500 291.500,654.500 459.500,654.500 686.500,654.500 879.500,656.500 116.500,658.500 610.500,659.500 72.500,661.500 671.500,665.500 804.500,665.500 601.500,668.500 440.500,671.500 3.500,673.500 775.500,675.500 524.500,678.500 645.500,679.500 914.500,680.500 571.500,681.500 926.500,681.500 958.500,683.500 631.500,684.500 490.500,687.500 64.500,689.500 601.500,689.500 924.500,690.500 323.500,691.500 514.500,691.500 536.500,696.500 789.500,698.500 753.500,702.500 1000.500,702.500 485.500,703.500 672.500,703.500 472.500,707.500 799.500,710.500 731.500,712.500 231.500,713.500 290.500,713.500 245.500,714.500 474.500,714.500 514.500,716.500 422.500,717.500 779.500,717.500 885.500,718.500 893.500,720.500 895.500,725.500 84.500,726.500 303.500,728.500 744.500,728.500 1019.500,729.500 84.500,730.500 382.500,731.500 233.500,738.500 855.500,739.500 810.500,740.500 822.500,740.500 455.500,741.500 855.500,741.500 897.500,743.500 908.500,745.500 739.500,746.500 996.500,746.500 9.500,749.500 628.500,749.500 236.500,750.500 529.500,753.500 357.500,757.500 959.500,757.500 634.500,758.500 523.500,764.500 93.500,765.500 525.500,767.500 708.500,769.500 145.500,773.500 657.500,773.500 70.500,775.500 828.500,775.500 916.500,776.500 317.500,777.500 939.500,777.500 194.500,778.500 994.500,778.500 120.500,780.500 670.500,782.500 914.500,782.500 40.500,785.500 351.500,785.500 528.500,786.500 842.500,786.500 339.500,793.500 863.500,797.500 5.500,802.500 619.500,808.500 678.500,808.500 85.500,812.500 86.500,814.500 506.500,818.500 604.500,818.500 224.500,821.500 618.500,823.500 728.500,826.500 598.500,827.500 869.500,827.500 589.500,829.500 823.500,829.500 826.500,829.500 199.500,832.500 785.500,839.500 613.500,840.500 998.500,841.500 787.500,842.500 543.500,846.500 354.500,847.500 655.500,850.500 927.500,854.500 94.500,855.500 364.500,855.500 883.500,857.500 990.500,857.500 296.500,858.500 590.500,862.500 1.500,865.500 583.500,865.500 632.500,866.500 920.500,866.500 870.500,867.500 889.500,868.500 870.500,870.500 424.500,875.500 761.500,875.500 86.500,881.500 279.500,881.500 750.500,881.500 532.500,885.500 978.500,885.500 303.500,886.500 342.500,888.500 184.500,890.500 10.500,891.500 770.500,891.500 976.500,892.500 445.500,895.500 708.500,897.500 654.500,898.500 365.500,899.500 471.500,899.500 84.500,901.500 642.500,902.500 218.500,903.500 387.500,903.500 744.500,903.500 1015.500,905.500 163.500,907.500 1000.500,908.500 774.500,910.500 723.500,911.500 531.500,912.500 878.500,914.500 524.500,915.500 683.500,922.500 702.500,922.500 942.500,927.500 733.500,928.500 342.500,930.500 213.500,931.500 368.500,931.500 979.500,931.500 28.500,934.500 352.500,935.500 356.500,935.500 642.500,937.500 571.500,940.500 728.500,942.500 387.500,945.500 86.500,946.500 564.500,950.500 612.500,951.500 327.500,953.500 348.500,954.500 857.500,955.500 280.500,956.500 586.500,957.500 292.500,958.500 747.500,959.500 561.500,962.500 749.500,966.500 549.500,967.500 31.500,971.500 191.500,971.500 755.500,975.500 987.500,978.500 198.500,981.500 131.500,982.500 862.500,984.500 480.500,987.500 955.500,988.500 850.500,989.500 432.500,993.500 261.500,994.500 578.500,995.500 859.500,995.500 777.500,996.500 605.500,1000.500 630.500,1004.500 679.500,1004.500 1010.500,1004.500 455.500,1005.500 127.500,1006.500 494.500,1006.500 146.500,1009.500 229.500,1011.500 749.500,1014.500 782.500,1015.500 518.500,1017.500 137.500,1022.500
AAW6 407.372,194.854 296.816,294.998 5.500,446.500 8.241,448.233 10.500,449.500 11.500,450.500 12.500,451.500 13.500,452.500
AAX0 96.780,6.525 967.506,23.657 668.550,30.394 454.551,34.573 661.441,39.078 94.517,50.697 892.908,50.357 480.385,54.849 38.275,60.715 473.507,61.354 270.671,75.350 298.210,76.102 355.221,79.499 281.678,80.100 451.866,85.388 119.496,91.203 10.550,95.890 846.915,95.351 920.129,94.685 591.692,119.535 417.487,124.978 4.993,128.452 775.201,131.907 1013.499,132.698 506.365,134.144 890.436,136.527 345.266,137.761 24.005,142.980 500.729,145.715 873.413,153.100 601.347,155.928 965.629,167.688 190.493,168.216 30.281,170.501 68.407,175.487 194.320,186.658 606.208,187.123 909.547,189.548 686.209,193.587 868.100,193.506 872.224,200.088 640.685,211.369 944.763,213.351 757.917,221.942 763.672,226.588 32.579,231.168 941.127,233.274 23.053,232.974 968.253,240.757 75.311,245.987 524.317,247.115 601.553,250.318 915.482,250.500 980.035,250.298 486.478,258.175 145.034,261.308 431.165,263.652 313.723,266.482 529.413,268.012 761.846,269.424 60.155,272.164 630.210,273.396 647.368,274.788 767.332,275.796 394.600,273.997 364.500,284.500 574.704,284.681 369.961,290.000 631.818,291.222 695.529,296.680 408.448,310.895 929.673,310.289 263.166,316.615 737.637,320.200 450.798,320.138 872.836,320.210 216.844,327.734 425.131,335.260 807.349,337.946 15.920,338.557 582.969,341.138 574.585,342.280 288.453,349.141 791.257,352.276 67.064,354.102 451.123,353.679 359.631,355.484 520.747,361.524 161.359,364.266 703.862,364.475 56.440,375.077 212.162,377.712 965.172,387.194 566.027,387.547 133.176,389.616 495.012,390.430 479.853,398.935 729.992,403.613 804.603,405.699 501.707,406.643 140.738,415.982 806.632,419.587 582.599,419.333 786.442,424.548 459.089,426.405 101.215,435.503 936.642,436.010 431.615,438.439 910.000,437.985 630.583,440.443 560.379,450.592 471.818,449.495 582.637,459.436 674.849,459.527 680.725,460.695 778.521,465.988 585.880,463.625 4.491,464.689 561.163,469.126 831.082,472.632 762.284,474.442 787.321,473.610 579.517,476.765 462.200,477.981 773.251,477.511 43.236,480.925 810.588,480.732 786.807,481.961 746.210,484.357 369.095,484.440 967.314,483.702 242.582,485.855 733.170,490.344 548.974,494.971 611.979,499.495 941.680,499.921 212.287,499.339 754.563,502.601 505.746,507.593 834.100,509.026 698.858,509.628 638.128,513.766 490.272,514.346 428.275,515.512 643.562,514.998 21.933,516.933 208.040,517.298 448.075,519.504 534.514,523.500 639.912,525.870 597.129,528.507 628.432,526.658 626.968,532.496 723.475,534.189 476.710,542.255 691.589,543.205 939.751,542.491 527.157,544.989 640.131,545.916 397.773,551.757 705.551,553.610 711.810,560.464 889.827,560.922 679.812,568.243 554.000,569.039 17.443,571.831 770.130,571.660 373.533,579.641 487.798,577.854 655.864,581.455 457.305,585.121 984.222,586.295 298.337,586.695 978.507,588.602 188.396,590.787 679.285,591.278 774.739,593.466 363.724,598.736 613.179,605.740 485.172,607.673 31.895,612.510 407.064,615.183 584.699,633.437 25.654,634.420 823.509,635.186 817.979,637.167 797.531,638.827 493.426,649.479 609.539,659.437 917.132,670.273 519.086,691.354 386.795,693.444 789.463,695.452 316.160,699.930 599.078,701.875 303.911,709.225 341.701,710.143 330.049,712.222 611.616,713.801 719.430,713.476 294.977,714.675 647.010,717.496 738.530,717.245 164.563,719.853 946.703,721.320 908.618,726.857 849.998,728.021 943.966,730.952 51.254,732.482 110.414,735.437 526.421,736.502 277.744,740.788 675.331,742.010 651.585,745.408 32.439,749.639 92.995,749.257 577.585,748.522 60.539,750.543 457.168,751.083 947.990,758.222 635.270,758.529 885.376,759.516 119.273,760.590 165.178,769.216 1017.069,771.166 50.703,773.634 24.268,779.254 894.282,783.282 908.565,784.559 654.534,785.814 360.390,790.170 865.859,790.706 72.252,801.737 823.371,801.004 455.467,819.802 361.548,819.465 22.885,826.958 29.514,835.735 90.858,837.088 590.781,844.231 656.349,849.355 866.668,850.404 934.812,849.498 773.995,853.901 274.455,859.505 122.509,860.210 355.285,862.283 396.475,862.407 552.606,863.708 228.961,865.696 208.710,871.368 945.640,876.104 920.373,881.009 724.142,882.500 320.354,883.023 956.856,884.438 728.660,884.674 165.084,889.455 226.312,892.981 336.119,896.623 1011.000,901.954 237.467,905.073 414.232,909.661 826.970,923.136 106.659,925.915 850.095,925.410 258.525,929.159 628.785,929.921 303.770,932.831 712.524,942.966 468.006,943.616 1008.880,946.158 814.446,949.422 355.385,949.551 609.520,954.251 573.813,956.653 796.610,958.176 751.710,961.707 3.026,962.103 778.916,964.773 729.833,977.491 674.146,981.317 548.506,982.246 6.942,985.820 870.506,985.813 751.190,991.800 650.437,997.687 54.474,999.212 716.520,999.941 932.350,1003.088 423.990,1009.004 732.353,1011.165 43.477,1013.508 67.420,1016.538
AAX1 97.500,5.500 96.500,7.500 967.500,24.500 661.500,39.500 473.596,61.276 38.500,61.500 299.500,75.049 354.999,79.978 451.932,85.500 10.800,95.895 846.871,94.996 591.500,119.500 774.944,131.785 1013.328,132.796 506.335,134.389 344.951,137.500 600.862,155.745 29.500,170.049 31.500,170.024 606.500,187.024 909.811,189.665 686.500,194.000 867.976,194.500 872.398,200.328 641.049,211.500 757.500,221.500 758.500,222.500 763.699,226.440 941.198,233.193 524.500,247.500 914.860,250.266 980.500,250.072 144.500,261.951 60.331,272.587 631.500,272.500 647.531,274.737 630.500,273.500 767.263,275.893 364.500,284.500 363.500,285.500 370.017,289.920 631.928,290.500 632.500,292.500 695.500,296.500 408.347,311.247 263.192,316.835 737.761,320.128 451.500,320.500 873.500,320.500 216.947,327.817 16.500,338.500 15.500,339.500 582.500,340.500 791.022,352.285 67.242,353.812 66.500,355.500 161.360,364.146 57.500,373.500 56.500,374.500 211.500,376.500 212.500,378.107 565.500,387.500 133.500,389.500 479.500,398.500 140.909,415.318 806.720,419.669 787.500,424.500 101.200,435.930 431.759,437.977 430.500,439.500 433.500,439.500 630.467,440.455 560.270,451.557 582.500,459.500 681.500,460.500 680.500,461.500 779.484,462.568 585.342,463.887 3.500,463.500 4.718,464.822 778.067,467.291 560.500,469.500 562.500,469.500 831.382,472.390 788.500,472.500 762.230,474.276 760.500,475.500 462.270,478.026 43.352,480.992 811.000,480.500 744.500,482.500 746.213,484.051 369.500,483.500 368.500,484.500 243.000,485.500 941.647,499.843 612.040,499.586 505.500,506.500 504.500,507.500 506.220,508.201 833.500,508.500 698.500,509.500 638.049,513.500 637.500,515.500 208.213,517.213 448.500,519.182 597.146,528.396 628.845,526.500 476.868,542.078 691.832,543.237 640.195,545.852 527.500,545.000 889.500,561.000 679.808,568.232 17.634,571.799 373.552,579.499 487.500,577.500 655.500,581.261 456.500,585.500 983.812,586.227 297.500,586.500 188.500,591.500 363.500,599.500 613.500,604.500 485.500,607.500 32.500,610.500 31.800,612.332 407.063,615.412 585.500,632.500 584.233,633.822 25.500,634.500 493.123,649.302 609.500,659.500 386.500,693.500 789.500,693.500 789.516,695.719 316.214,700.047 303.955,709.209 330.057,712.282 294.500,714.000 611.744,714.077 329.500,714.500 646.500,717.500 850.500,727.951 944.235,730.801 943.500,732.500 111.500,735.500 277.500,740.500 674.500,742.500 32.188,748.773 31.500,750.500 456.755,751.245 947.745,758.367 884.500,760.500 119.500,761.500 165.500,769.500 1017.234,770.824 51.500,774.500 25.500,778.500 24.500,779.500 909.072,784.500 866.199,791.235 455.442,819.808 22.388,826.999 28.500,835.500 90.500,836.500 90.500,838.500 591.000,844.500 656.500,849.500 866.500,850.261 773.500,853.500 774.500,854.500 274.298,859.305 122.259,860.755 552.500,862.500 229.500,865.500 208.500,870.500 209.500,871.500 319.500,882.500 956.562,884.500 164.500,888.500 1010.500,902.045 414.443,909.524 827.500,922.500 826.500,923.500 106.500,925.500 850.000,925.500 105.500,926.500 303.500,933.500 1009.500,946.500 814.500,949.500 609.500,954.500 574.500,956.500 796.737,958.182 778.500,964.500 870.716,985.439 650.382,997.439 717.024,1000.500 67.500,1016.500 47.655,1021.015
AAX2 647.482,274.741 767.237,275.944 777.978,467.500 941.548,499.825 597.071,528.686 640.182,545.916 679.817,568.079 373.587,579.407 455.405,819.840
AAX3 282.500,87.500 850.500,195.500 647.500,274.500 767.163,275.918 941.500,499.500 200.500,524.500 596.500,528.500 10.500,543.500 640.088,546.008 679.882,567.500 373.575,579.391 528.500,609.500 404.500,657.500 455.416,819.729
AAX4 647.489,274.753 767.319,276.036 777.991,467.500 941.530,499.817 597.072,528.722 640.169,545.924 679.791,568.095 373.612,579.383 455.370,819.918
AAX5 933.500,5.500 541.500,7.500 115.500,8.500 894.500,9.500 1011.500,11.500 204.500,13.500 760.500,13.500 146.500,14.500 821.500,14.500 109.500,15.500 610.500,23.500 383.500,24.500 905.500,25.500 63.500,26.500 328.500,29.500 377.500,30.500 264.500,34.500 399.500,34.500 709.500,38.500 520.500,39.500 752.500,41.500 192.500,42.500 372.500,43.500 677.500,44.500 412.500,45.500 780.500,46.500 90.500,50.500 270.500,52.500 178.500,55.500 788.500,55.500 149.500,61.500 609.500,62.500 702.500,63.500 259.500,65.500 927.500,65.500 171.500,67.500 695.500,67.500 72.500,71.500 796.500,72.500 269.500,79.500 635.500,79.500 854.500,80.500 668.500,81.500 588.500,83.500 234.500,87.500 97.500,88.500 193.500,90.500 96.500,93.500 815.500,93.500 248.500,97.500 299.500,97.500 101.500,98.500 873.500,98.500 280.500,99.500 858.500,101.500 569.500,103.500 610.500,104.500 414.500,105.500 76.500,106.500 895.500,107.500 939.500,107.500 267.500,108.500 412.500,110.500 744.500,110.500 168.500,112.500 782.500,122.500 820.500,123.500 403.500,124.500 803.500,129.500 579.500,138.500 691.500,138.500 174.500,141.500 693.500,141.500 475.500,142.500 151.500,146.500 240.500,146.500 483.500,147.500 475.500,148.500 430.500,157.500 743.500,158.500 610.500,160.500 876.500,163.500 960.500,165.500 88.500,166.500 914.500,167.500 600.500,172.500 545.500,178.500 617.500,178.500 929.500,181.500 130.500,182.500 713.500,185.500 947.500,185.500 643.500,187.500 157.500,191.500 866.500,191.500 43.500,192.500 658.500,193.500 326.500,196.500 533.500,196.500 36.500,197.500 281.500,199.500 584.500,200.500 366.500,216.500 898.500,221.500 179.500,222.500 617.500,224.500 565.500,226.500 527.500,227.500 621.500,227.500 593.500,230.500 881.500,234.500 216.500,236.500 696.500,237.500 826.500,237.500 449.500,239.500 943.500,241.500 242.500,243.500 542.500,243.500 908.500,243.500 88.500,244.500 298.500,252.500 777.500,252.500 220.500,253.500 923.500,254.500 928.500,254.500 953.500,256.500 487.500,257.500 517.500,257.500 717.500,261.500 293.500,262.500 13.500,265.500 340.500,265.500 938.500,265.500 41.500,268.500 261.500,268.500 767.700,276.327 907.500,270.500 203.500,271.500 611.500,271.500 902.500,272.500 606.500,274.500 705.500,274.500 378.500,276.500 256.500,279.500 212.500,280.500 690.500,282.500 1007.500,283.500 402.500,287.500 545.500,287.500 942.983,288.500 619.500,292.500 549.500,293.500 609.500,296.500 570.500,297.500 633.500,297.500 46.500,299.500 704.500,300.500 72.500,302.500 304.500,302.500 187.500,304.500 117.500,305.500 515.500,305.500 886.500,305.500 831.500,307.500 37.500,308.500 706.500,310.500 166.500,316.500 152.500,318.500 403.500,319.500 383.500,321.500 239.500,322.500 312.500,322.500 95.500,324.500 657.500,324.500 452.500,326.500 783.500,328.500 591.500,329.500 743.500,331.500 698.500,332.500 957.500,333.500 859.500,338.500 385.500,340.500 968.500,342.500 391.500,343.500 614.500,344.500 399.500,345.500 451.500,353.500 437.500,355.500 525.500,355.500 445.500,356.500 774.500,356.500 563.500,359.500 569.500,360.500 282.500,365.500 324.500,365.500 430.500,370.500 254.500,373.500 584.500,374.500 692.500,379.500 696.500,379.500 887.500,379.500 340.500,380.500 959.500,380.500 697.500,386.500 431.500,388.500 486.500,389.500 240.500,399.500 375.500,399.500 756.500,403.500 132.500,404.500 109.500,406.500 258.500,412.500 429.500,416.500 423.500,417.500 499.500,417.500 534.500,417.500 142.500,418.500 145.500,418.500 468.500,419.500 352.500,422.500 968.500,422.500 463.500,426.500 396.500,427.500 1018.500,427.500 685.500,429.500 151.500,430.500 224.500,431.500 90.500,437.500 553.500,437.500 303.500,440.500 983.500,440.500 694.500,445.500 670.500,448.500 1015.500,449.500 759.500,451.500 605.500,454.500 546.500,455.500 425.500,458.500 435.500,462.500 304.500,465.500 927.500,465.500 33.500,466.500 767.500,467.500 950.500,471.500 289.500,473.500 18.500,475.500 119.500,478.500 171.500,479.500 305.500,479.500 795.500,481.500 671.500,483.500 742.500,483.500 161.500,484.500 709.500,485.500 374.500,490.500 37.500,491.500 997.500,492.500 522.500,493.500 900.500,494.500 716.500,495.500 912.500,497.500 660.500,498.500 175.500,499.500 308.500,499.500 630.500,500.500 943.500,501.500 963.500,506.500 208.500,520.500 570.500,520.500 592.784,523.171 302.500,523.500 919.500,523.500 645.500,531.500 682.500,535.500 699.500,538.500 351.500,540.500 964.500,540.500 636.500,541.500 1018.500,541.500 637.500,542.940 280.500,544.500 77.500,545.500 138.500,545.500 642.500,547.500 327.500,548.500 79.500,549.500 611.500,549.500 643.243,549.870 804.500,553.500 115.500,556.500 466.500,559.500 967.500,559.500 880.500,560.500 82.500,561.500 581.500,561.500 216.500,563.500 663.500,564.500 171.500,565.500 676.500,565.500 566.500,567.500 684.500,569.500 778.500,569.500 192.500,570.500 185.500,571.500 194.500,571.500 416.500,572.500 683.500,572.500 875.500,572.500 370.666,577.113 482.500,578.500 373.500,579.500 374.500,580.500 376.941,583.174 225.500,583.500 536.500,586.500 365.500,587.500 632.500,591.500 472.500,593.500 306.500,594.500 399.500,597.500 999.500,597.500 439.500,606.500 6.500,608.500 532.500,608.500 255.500,609.500 226.500,611.500 321.500,614.500 845.500,614.500 55.500,617.500 27.500,620.500 706.500,621.500 1011.500,622.500 883.500,625.500 910.500,627.500 963.500,628.500 34.500,629.500 138.500,630.500 942.500,631.500 754.500,633.500 765.500,636.500 759.500,639.500 921.500,642.500 946.500,642.500 445.500,646.500 535.500,650.500 783.500,650.500 244.500,651.500 21.500,653.500 993.500,653.500 468.500,656.500 677.500,656.500 106.500,657.500 670.500,657.500 741.500,658.500 276.500,659.500 648.500,660.500 403.500,663.500 249.500,665.500 382.500,665.500 207.500,668.500 160.500,674.500 345.500,675.500 904.500,677.500 74.500,678.500 720.500,678.500 161.500,680.500 585.500,680.500 488.500,683.500 93.500,688.500 674.500,688.500 201.500,689.500 186.500,696.500 386.500,696.500 393.500,702.500 656.500,702.500 569.500,704.500 643.500,706.500 96.500,707.500 69.500,708.500 234.500,708.500 721.500,712.500 843.500,713.500 48.500,714.500 84.500,716.500 359.500,717.500 461.500,718.500 453.500,720.500 435.500,725.500 648.500,725.500 978.500,726.500 642.500,727.500 131.500,728.500 278.500,728.500 770.500,729.500 150.500,733.500 640.500,737.500 326.500,738.500 419.500,739.500 644.500,739.500 705.500,739.500 347.500,740.500 11.500,741.500 411.500,741.500 928.500,741.500 15.500,742.500 481.500,743.500 484.500,745.500 303.500,746.500 564.500,746.500 174.500,749.500 343.500,750.500 99.500,753.500 952.500,754.500 944.500,755.500 98.500,757.500 920.500,757.500 945.500,763.500 33.500,764.500 663.500,764.500 779.500,765.500 680.500,768.500 218.500,769.500 598.500,774.500 328.500,775.500 499.500,775.500 760.500,775.500 410.500,776.500 837.500,776.500 166.500,782.500 897.500,784.500 641.500,785.500 40.500,786.500 358.500,786.500 243.500,797.500 435.500,797.500 77.500,798.500 555.500,798.500 695.500,798.500 773.500,798.500 623.500,800.500 593.500,801.500 53.500,806.500 598.500,807.500 161.500,808.500 220.500,808.500 520.500,809.500 456.161,820.583 112.500,818.500 210.500,818.500 212.500,820.500 815.500,820.500 176.500,823.500 182.500,824.500 242.500,826.500 379.500,827.500 842.500,828.500 936.500,828.500 954.500,828.500 88.500,830.500 96.500,833.500 51.500,835.500 54.500,842.500 22.500,847.500 694.500,847.500 859.500,854.500 126.500,855.500 627.500,857.500 734.500,857.500 342.500,862.500 765.500,862.500 894.500,862.500 291.500,864.500 357.500,864.500 777.500,864.500 640.500,865.500 378.500,866.500 651.500,867.500 665.500,868.500 298.500,875.500 727.500,879.500 14.500,881.500 207.500,881.500 680.500,881.500 442.500,885.500 888.500,885.500 642.500,891.500 402.500,892.500 553.500,892.500 784.500,893.500 131.500,898.500 544.500,898.500 265.500,899.500 371.500,899.500 701.500,902.500 116.500,903.500 141.500,904.500 157.500,906.500 59.500,907.500 890.500,908.500 627.500,911.500 431.500,912.500 766.500,914.500 412.500,915.500 375.500,917.500 724.500,917.500 90.500,921.500 374.500,921.500 581.500,922.500 600.500,922.500 510.500,924.500 241.500,927.500 268.500,930.500 141.500,931.500 306.500,935.500 310.500,935.500 596.500,937.500 780.500,942.500 954.500,943.500 552.500,951.500 942.500,953.500 252.500,954.500 190.500,956.500 490.500,957.500 634.500,958.500 635.500,959.500 80.500,967.500 207.500,967.500 115.500,971.500 72.500,972.500 566.500,972.500 128.500,976.500 1005.500,978.500 234.500,981.500 330.500,982.500 481.500,985.500 534.500,987.500 839.500,990.500 402.500,991.500 454.500,991.500 298.500,992.500 460.500,993.500 981.500,993.500 277.500,994.500 761.500,996.500 650.500,997.500 777.500,997.500 901.500,999.500 595.500,1000.500 168.500,1003.500 89.500,1004.500 626.500,1004.500 675.500,1004.500 1008.500,1004.500 453.500,1005.500 955.500,1009.500 227.500,1011.500 233.500,1013.500 494.500,1014.500 593.500,1014.500 760.500,1015.500 111.500,1022.500
AAX6 767.848,276.590 370.500,576.500 456.025,820.462
AAY0 888.118,8.127 830.493,10.972 724.277,21.512 159.880,31.050 92.075,49.047 424.704,50.893 852.900,49.675 686.293,55.692 130.369,55.401 857.551,60.982 127.842,65.162 892.269,64.555 653.241,65.523 700.998,67.109 532.586,68.111 837.225,83.788 508.490,87.291 956.740,86.576 357.380,88.315 399.296,91.686 254.523,92.991 575.481,96.216 66.320,101.540 611.818,103.525 841.268,104.445 309.684,107.468 189.295,108.475 33.596,110.039 619.017,112.944 644.142,114.451 86.093,116.363 263.881,117.865 121.847,135.371 70.292,138.314 394.325,139.291 862.133,152.740 446.510,156.636 923.639,159.140 359.154,161.022 578.611,169.993 48.827,171.373 50.531,176.297 825.571,175.509 772.605,179.502 760.627,185.290 181.734,193.441 360.220,196.129 338.004,198.336 291.810,198.791 687.617,207.983 628.493,208.544 727.018,216.558 892.588,215.496 190.308,216.874 555.815,219.324 731.893,220.930 885.450,231.363 828.302,245.480 502.028,247.414 149.271,254.738 734.261,257.028 522.351,265.288 761.814,271.493 325.445,273.268 415.529,274.429 791.288,274.747 155.821,282.835 322.431,283.806 644.442,288.264 402.126,293.189 607.744,293.290 380.504,295.878 760.606,298.775 391.254,300.335 492.563,302.017 387.513,305.031 362.010,307.000 524.270,311.491 375.153,324.559 295.289,327.211 206.217,338.141 374.500,339.599 251.461,340.482 624.010,343.435 29.625,346.625 500.440,349.798 105.314,354.179 550.133,355.080 554.948,355.187 650.324,357.198 677.573,359.181 891.629,364.167 958.667,366.030 143.378,368.352 711.635,368.384 575.176,375.899 286.552,383.686 268.761,390.520 308.464,425.645 344.529,436.334 732.883,440.617 415.707,441.518 115.413,444.569 431.994,444.648 863.283,451.422 610.800,456.870 979.506,458.315 400.246,458.324 185.681,461.410 612.280,463.020 334.892,470.050 276.573,474.214 98.208,478.560 410.807,478.553 952.876,481.141 552.017,487.481 640.616,491.881 732.131,492.482 817.516,492.547 834.637,496.141 195.292,509.258 294.110,513.620 952.597,516.495 195.284,521.122 1012.985,521.948 427.636,529.158 254.562,537.959 476.869,540.340 666.327,541.876 915.247,544.678 416.130,544.936 350.437,552.369 764.668,552.524 939.494,560.625 825.863,560.852 515.160,566.822 938.262,566.055 685.624,567.599 635.064,569.850 12.773,570.493 192.335,571.486 601.915,571.768 116.487,571.998 457.343,576.962 385.802,576.550 553.562,580.666 346.432,583.089 436.861,582.368 614.482,582.885 507.703,585.315 868.312,590.779 467.780,594.013 485.682,594.311 295.052,602.108 653.504,602.770 890.236,613.747 371.381,618.126 257.304,618.571 558.577,623.489 748.077,625.049 805.619,624.715 899.112,632.276 283.942,632.506 758.945,633.091 512.332,636.920 636.024,638.421 288.271,641.341 187.427,648.722 401.000,661.591 551.474,662.973 936.208,665.489 887.440,672.550 385.377,673.831 866.779,676.487 997.066,678.058 997.415,687.784 221.035,688.528 568.493,699.507 596.748,704.193 539.624,713.737 376.838,716.134 603.283,728.699 527.451,730.127 519.086,733.034 144.478,733.599 527.496,739.864 6.807,739.335 83.257,736.890 760.668,741.509 432.879,741.301 843.484,742.504 511.985,743.872 836.472,745.895 651.023,750.013 276.688,752.984 524.740,751.404 801.770,753.231 508.612,754.120 610.962,753.926 621.966,756.693 274.965,757.980 804.000,760.434 731.611,770.179 938.712,775.021 133.354,778.612 699.663,778.786 825.818,778.287 215.070,778.703 910.320,788.042 82.866,797.474 728.470,801.007 439.036,803.940 724.227,815.779 989.741,823.720 881.192,825.612 731.007,829.928 605.817,837.183 995.540,837.836 427.234,844.267 93.410,853.276 134.147,854.983 185.131,854.551 650.992,854.917 579.999,864.268 220.825,869.774 695.292,872.366 857.316,875.650 324.580,881.509 467.149,887.496 1002.813,891.347 134.637,891.301 698.002,891.798 140.608,899.608 946.344,898.848 348.779,902.975 840.932,909.332 510.717,911.826 956.049,913.002 1019.701,916.856 542.572,921.407 970.581,922.178 434.497,927.607 166.128,931.315 336.005,931.297 489.461,932.525 408.530,938.505 1005.975,939.520 713.020,940.279 731.604,950.745 34.090,955.669 858.193,954.529 65.128,966.295 486.127,978.376 1014.496,979.151 518.834,982.494 635.222,982.903 592.826,993.795 145.507,1005.005 548.156,1013.395 331.317,1021.141
AAY1 889.500,8.500 831.500,11.500 724.500,20.500 723.500,22.052 159.758,30.955 161.500,31.500 92.024,49.500 424.914,51.054 852.772,50.187 686.195,55.489 129.500,56.500 857.819,61.045 891.500,64.500 653.052,65.500 702.500,65.500 700.773,67.188 532.500,67.500 699.500,68.500 532.500,69.500 837.279,83.772 956.500,86.500 508.500,88.098 399.119,91.782 255.500,92.500 254.500,93.500 66.281,101.616 611.882,103.500 841.500,103.500 310.500,107.500 189.500,108.500 190.500,109.500 34.500,110.500 618.500,112.500 619.500,113.500 85.483,116.019 264.500,116.500 87.500,117.500 263.500,118.500 121.500,135.500 70.500,137.500 393.500,140.500 862.238,153.762 922.500,159.500 359.011,160.989 48.995,171.607 579.500,170.500 578.500,171.500 50.500,176.500 52.500,176.500 825.500,176.500 772.999,179.500 760.500,184.500 761.500,185.500 181.777,193.223 361.500,196.000 359.500,196.500 338.056,198.263 291.965,199.446 627.948,207.500 686.500,207.500 687.500,208.500 727.224,216.533 894.500,215.500 189.500,216.500 893.500,216.500 188.500,217.500 191.500,217.500 731.052,220.500 828.696,245.625 501.500,247.500 149.970,255.030 734.146,257.030 762.500,270.500 325.258,272.970 415.500,274.500 155.500,282.500 321.787,282.787 154.500,283.500 156.500,283.500 323.500,283.500 322.500,284.948 644.213,287.213 644.500,289.500 399.903,291.685 402.639,294.607 404.500,292.500 608.160,293.243 760.413,299.035 762.500,298.500 387.438,304.870 361.500,305.500 360.500,306.500 362.477,307.223 524.500,309.500 524.164,311.923 374.000,323.500 294.989,326.989 296.500,328.500 206.500,337.500 251.500,339.500 373.500,339.500 250.500,340.500 623.765,343.235 30.500,346.500 500.389,349.878 105.523,353.977 550.500,354.500 650.500,357.500 677.599,359.309 891.794,364.055 958.500,365.948 142.923,368.403 711.500,368.198 576.500,374.500 575.044,375.945 286.089,382.768 269.500,390.500 268.500,391.500 307.500,425.000 344.223,436.223 342.500,437.500 732.500,440.052 414.500,441.500 416.500,441.500 114.500,444.500 432.500,444.500 862.500,450.500 610.774,456.904 979.915,458.354 399.223,458.777 977.500,458.500 185.643,461.381 611.500,462.500 612.500,463.500 334.500,470.500 276.500,472.500 277.500,474.000 275.500,474.500 410.500,478.948 953.500,479.500 953.203,482.203 552.500,486.500 551.213,488.213 731.948,492.581 640.500,493.500 834.742,496.235 194.500,508.500 294.500,513.500 951.500,516.500 953.500,517.000 194.500,521.000 1011.500,520.500 1013.000,521.500 1013.500,523.500 427.500,529.500 254.568,537.876 665.500,541.500 915.206,544.899 416.500,545.000 350.500,551.500 349.500,552.500 765.247,552.753 350.500,553.500 825.948,560.500 939.480,560.955 938.168,565.711 515.287,567.148 686.196,567.490 684.500,567.500 12.500,569.500 193.500,569.500 601.938,571.959 635.500,569.500 192.532,571.035 116.500,571.500 11.500,572.500 457.344,576.945 384.500,575.500 385.902,576.500 553.564,580.590 614.324,582.484 437.000,582.500 346.052,583.500 612.500,584.500 868.000,590.500 467.782,593.973 869.500,591.500 485.500,595.500 295.500,601.500 294.500,602.500 653.500,602.500 890.000,613.500 372.000,617.500 259.500,618.500 748.000,624.500 805.882,625.500 283.693,632.097 758.500,631.500 899.500,632.500 758.499,633.500 513.500,635.500 512.500,636.500 511.500,637.500 637.500,638.500 287.500,640.500 288.500,641.500 187.223,648.223 551.445,662.839 400.500,662.500 936.315,665.574 887.367,672.931 867.500,676.500 997.757,677.500 998.147,687.250 221.500,689.500 997.500,689.500 596.500,704.500 597.500,705.500 539.500,713.500 376.500,716.000 603.500,729.500 519.500,731.500 144.500,732.500 519.500,733.500 8.500,735.500 526.500,735.500 83.500,736.951 6.907,739.574 528.500,739.500 759.500,740.500 761.500,740.500 527.500,741.500 760.500,742.000 762.500,741.500 843.500,742.948 511.500,743.500 837.214,746.043 835.500,745.500 651.500,749.500 525.052,750.500 276.687,753.195 800.500,752.500 610.836,754.226 802.000,753.500 509.500,754.500 621.500,757.072 731.500,769.500 938.389,775.011 940.500,774.500 699.676,778.834 133.089,778.280 824.500,777.500 826.213,778.213 215.052,778.500 910.018,787.982 82.500,797.500 728.500,801.000 439.710,803.238 729.500,802.500 438.500,804.500 439.500,805.500 724.233,815.767 989.500,823.948 880.958,825.500 605.500,838.000 996.500,837.500 427.500,844.500 92.984,853.198 134.249,855.061 184.500,854.500 579.500,863.500 220.500,869.500 695.241,872.331 466.954,888.054 134.500,892.000 1002.500,891.500 1004.500,891.500 140.684,900.009 946.164,899.226 348.855,902.945 840.980,909.301 510.710,911.911 507.500,911.500 956.094,913.018 1020.500,916.500 541.500,920.500 543.500,920.948 970.500,921.500 541.500,922.500 969.500,922.500 435.000,927.500 165.734,931.479 489.505,932.599 409.500,937.500 408.500,938.882 1006.239,939.522 713.500,939.928 731.535,951.093 858.500,953.500 33.917,955.758 65.500,965.500 64.500,966.500 65.500,967.500 486.226,978.335 1014.500,978.500 1012.500,979.500 484.500,980.500 635.255,983.021 592.828,993.789 595.500,995.500 548.223,1013.223
AAY2 836.500,83.500 733.500,257.500 285.500,382.500 610.697,456.907 185.748,461.502 601.500,572.500 456.500,576.500 457.500,577.500 553.743,580.577 467.782,594.087 551.500,663.500 134.500,854.500 695.261,872.330 511.500,912.500 593.500,993.500
AAY3 156.500,106.500 84.500,196.500 610.948,456.989 185.850,461.500 553.877,580.500 467.899,593.959 208.500,658.500 1018.500,844.500 695.148,872.247
AAY4 836.500,83.500 733.500,257.500 285.500,382.500 610.667,456.876 185.753,461.503 601.500,572.500 456.500,576.500 457.500,577.500 553.751,580.551 467.799,594.211 551.500,663.500 134.500,854.500 695.312,872.340 593.500,993.500
AAY5 435.500,3.500 681.500,3.500 982.500,4.500 927.500,5.500 455.500,6.500 141.500,8.500 324.500,10.500 25.500,12.500 680.500,13.500 300.500,14.500 322.500,14.500 155.500,15.500 367.500,17.500 797.500,22.500 439.500,24.500 135.500,26.500 420.500,29.500 661.500,29.500 356.500,34.500 491.500,34.500 660.500,38.500 1003.500,38.500 69.500,39.500 862.500,41.500 302.500,42.500 479.500,44.500 540.500,45.500 894.500,46.500 488.500,47.500 904.500,47.500 135.500,48.500 166.500,50.500 223.500,54.500 516.500,55.500 650.500,58.500 309.500,59.500 589.500,62.500 794.500,64.500 127.500,67.500 649.500,67.500 767.500,67.500 557.500,70.500 30.500,71.500 739.500,74.500 571.500,79.500 700.500,80.500 61.500,90.500 994.500,92.500 553.500,93.500 673.500,93.500 118.500,97.500 169.500,97.500 995.500,97.500 830.500,98.500 710.500,101.500 393.500,103.500 418.500,104.500 470.500,106.500 562.500,106.500 51.500,108.500 821.500,110.500 908.500,111.500 863.500,122.500 876.500,122.500 160.500,123.500 504.500,123.500 87.500,124.500 187.500,124.500 411.500,125.500 529.500,129.500 235.500,131.500 433.500,133.500 55.500,134.500 815.500,137.500 403.500,138.500 515.500,138.500 14.500,141.500 539.500,141.500 323.500,142.500 337.500,144.500 11.500,146.500 100.500,146.500 359.500,147.500 704.500,147.500 361.500,148.500 785.500,153.500 314.500,157.500 400.500,157.500 498.500,160.500 575.500,165.500 938.500,165.500 631.500,166.500 748.500,167.500 426.500,172.500 992.500,172.500 119.500,180.500 79.500,181.500 964.500,181.500 467.500,183.500 711.500,185.500 413.500,187.500 495.500,193.500 113.500,195.500 640.500,195.500 327.500,196.500 863.500,196.500 752.500,198.500 875.500,208.500 184.500,216.500 223.500,216.500 327.500,218.500 1005.500,220.500 461.500,222.500 423.500,224.500 862.500,224.500 311.500,227.500 405.500,227.500 411.500,230.500 604.500,233.500 717.500,234.500 890.500,235.500 60.500,236.500 283.500,239.500 773.500,241.500 322.500,244.500 303.500,250.500 411.500,255.500 415.500,256.500 733.500,256.500 277.500,257.500 618.500,257.500 551.500,261.500 123.500,262.500 855.500,264.500 162.500,265.500 905.500,267.500 105.500,271.500 513.500,271.500 852.500,272.500 27.500,273.500 586.500,274.500 347.500,276.500 316.500,280.500 806.500,282.500 839.500,283.500 889.500,284.500 504.500,287.500 555.500,289.500 546.500,290.500 609.500,293.500 831.500,293.500 402.500,294.500 627.500,296.500 90.500,297.500 120.500,297.500 604.500,297.500 80.500,299.500 114.500,302.500 346.500,302.500 229.500,304.500 145.500,305.500 916.500,305.500 271.500,306.500 843.500,307.500 345.500,309.500 524.500,310.500 614.500,310.500 218.500,316.500 473.500,319.500 164.500,320.500 355.500,322.500 428.500,322.500 255.500,324.500 808.500,329.500 981.500,331.500 476.500,332.500 938.500,332.500 177.500,334.500 332.500,337.500 436.500,342.500 186.500,343.500 870.500,344.500 257.500,345.500 409.500,348.500 573.500,349.500 354.500,352.500 735.500,355.500 781.500,360.500 719.500,369.500 515.500,370.500 388.500,373.500 235.500,374.500 587.500,376.500 742.500,379.500 746.500,379.500 937.500,379.500 378.500,380.500 265.500,381.500 825.500,382.500 287.500,384.500 655.500,386.500 290.500,388.500 306.500,388.500 788.500,390.500 957.500,391.500 946.500,392.500 684.500,395.500 114.500,399.500 320.500,399.500 724.500,403.500 562.500,404.500 81.500,406.500 966.500,414.500 435.500,417.500 511.500,417.500 546.500,417.500 192.500,419.500 298.500,420.500 376.500,422.500 992.500,422.500 812.500,423.500 1006.500,427.500 681.500,429.500 141.500,430.500 561.500,435.500 132.500,437.500 611.500,437.500 627.500,440.500 721.500,442.500 759.500,444.500 752.500,445.500 756.500,448.500 756.500,450.500 58.500,451.500 607.500,454.500 74.500,457.500 181.500,457.984 246.500,458.500 612.500,458.500 183.500,459.500 663.500,467.500 464.500,468.500 956.500,471.500 46.500,475.500 371.500,475.500 240.500,478.500 227.500,479.500 361.500,479.500 153.500,483.500 787.500,483.500 303.500,486.500 181.500,491.500 674.500,493.500 856.500,498.500 383.500,499.500 516.500,499.500 842.500,500.500 1017.500,501.500 151.500,502.500 261.500,507.500 969.500,518.500 514.500,520.500 819.500,521.500 644.500,523.500 898.500,523.500 799.500,524.500 382.500,531.500 94.500,536.500 85.500,538.500 115.500,539.500 787.500,540.500 392.500,541.500 612.500,542.500 217.500,546.500 36.500,547.500 225.500,548.500 813.500,548.500 563.500,549.500 63.500,550.500 253.500,551.500 886.500,553.500 895.500,553.500 611.500,556.500 201.500,558.500 989.500,559.500 584.500,561.500 257.500,564.500 842.500,569.500 92.500,570.500 186.500,570.500 220.500,570.500 599.500,571.500 245.500,573.500 753.500,576.500 592.500,578.500 726.500,578.500 148.500,579.500 32.500,580.500 483.500,580.500 377.500,582.500 488.500,584.500 748.500,586.500 583.500,587.500 463.500,589.500 655.500,589.500 465.260,590.866 463.500,591.500 467.500,593.111 464.500,593.500 632.500,593.500 468.857,595.248 471.500,596.500 225.500,597.500 470.500,597.500 529.500,597.500 105.500,598.500 321.500,598.500 471.500,599.500 109.500,600.500 411.500,600.500 82.500,604.500 531.500,606.500 698.500,607.500 102.500,608.500 632.500,608.500 355.500,609.500 633.500,609.500 1017.500,610.500 51.500,613.500 989.500,614.500 684.500,619.500 810.500,621.500 87.500,623.500 189.500,626.500 893.500,627.500 35.500,629.500 130.500,629.500 240.500,630.500 54.500,639.500 766.500,639.500 989.500,640.500 997.500,642.500 1022.500,642.500 561.500,650.500 809.500,650.500 270.500,651.500 51.500,653.500 1.500,654.500 189.500,655.500 335.500,655.500 490.500,656.500 688.500,657.500 156.500,659.500 870.500,666.500 113.500,668.500 958.500,670.500 531.500,672.500 830.500,677.500 1020.500,677.500 111.500,679.500 81.500,680.500 505.500,680.500 225.500,683.500 996.500,687.500 454.500,690.500 540.500,693.500 852.500,698.500 676.500,702.500 161.500,703.500 697.500,706.500 150.500,707.500 137.500,708.500 302.500,708.500 501.500,710.500 609.500,710.500 457.500,712.500 1009.500,713.500 260.500,716.500 174.500,717.500 631.500,718.500 878.500,727.500 371.500,728.500 518.500,728.500 996.500,729.500 158.500,731.500 588.500,737.500 820.500,737.500 814.500,739.500 513.500,740.500 554.500,741.500 598.500,745.500 741.500,748.500 342.500,749.500 976.500,749.500 8.500,751.500 51.500,751.500 78.500,751.500 988.500,755.500 254.500,757.500 703.500,757.500 62.500,758.500 233.500,764.500 867.500,764.500 892.500,768.500 430.500,769.500 377.500,773.500 532.500,775.500 606.500,776.500 890.500,777.500 664.500,778.500 843.500,781.500 328.500,782.500 720.500,784.500 9.500,785.500 787.500,785.500 190.500,786.500 508.500,786.500 558.500,789.500 67.500,793.500 395.500,797.500 587.500,797.500 239.500,798.500 717.500,798.500 857.500,798.500 935.500,798.500 743.500,801.500 245.500,806.500 79.500,807.500 327.500,808.500 386.500,808.500 694.500,809.500 438.500,811.500 985.500,814.500 1006.500,820.500 376.500,823.500 486.500,826.500 633.500,827.500 165.500,828.500 343.500,829.500 591.500,829.500 594.500,829.500 7.500,832.500 324.500,833.500 281.500,835.500 207.500,839.500 493.500,840.500 298.500,842.500 447.500,845.500 282.500,847.500 956.500,847.500 203.500,850.500 623.500,850.500 31.500,855.500 308.500,855.500 816.500,857.500 969.500,862.500 74.500,863.500 981.500,864.500 537.500,865.500 853.500,867.500 692.771,868.823 693.500,870.500 695.500,872.500 696.500,873.500 768.500,874.500 424.500,875.500 740.500,879.500 90.500,881.500 283.500,881.500 373.500,881.500 145.500,885.500 332.500,888.500 164.500,890.500 734.500,891.500 504.500,892.500 655.500,892.500 431.500,895.500 648.500,897.500 295.500,899.500 10.500,901.500 550.500,902.500 128.500,903.500 233.500,903.500 135.500,906.500 527.500,911.500 337.500,912.500 650.500,914.500 250.500,915.500 193.500,917.500 986.500,917.500 734.500,919.500 906.500,920.500 164.500,921.500 351.500,922.500 370.500,922.500 266.500,924.500 630.500,927.500 44.500,930.500 64.500,931.500 665.500,931.500 728.500,933.500 202.500,934.500 986.500,935.500 215.500,940.500 670.500,943.500 59.500,945.500 784.500,945.500 234.500,950.500 724.500,951.500 1007.500,952.500 507.500,955.500 956.500,955.500 966.500,957.500 398.500,958.500 409.500,959.500 484.500,960.500 533.500,968.500 949.500,970.500 904.500,971.500 374.500,972.500 950.500,975.500 144.500,982.500 487.500,982.500 98.500,983.500 712.500,984.500 345.500,987.500 805.500,988.500 690.500,989.500 210.500,991.500 262.500,991.500 873.500,992.500 47.500,994.500 350.500,995.500 531.500,996.500 480.500,998.500 643.500,999.500 809.500,999.500 197.500,1001.500 528.500,1001.500 960.500,1002.500 885.500,1003.500 958.500,1008.500 739.500,1009.500 25.500,1011.500 551.500,1012.500 63.500,1013.500 485.500,1013.500 332.500,1014.500 431.500,1014.500 598.500,1015.500 85.500,1017.500 328.500,1017.500 584.500,1020.500 959.500,1021.500 913.500,1022.500 1013.500,1022.500
AAY6 464.500,590.500 469.500,595.500
AAZ0 467.259,3.379 257.935,4.065 9.485,4.838 212.535,5.744 441.439,13.247 204.413,14.705 241.034,16.175 774.027,15.354 551.340,22.681 927.442,27.638 794.497,30.327 352.654,39.752 696.074,41.849 438.628,45.718 788.308,47.269 362.517,48.995 995.557,49.773 952.348,50.493 983.447,51.585 178.841,51.370 978.334,53.823 973.021,56.012 555.540,59.510 897.014,59.713 406.293,62.420 979.099,63.031 1004.292,64.729 992.567,65.677 404.102,68.740 855.160,68.642 89.684,77.721 678.858,81.316 135.587,84.147 673.482,85.069 564.079,86.627 814.795,91.155 885.226,108.858 411.334,109.614 560.995,117.303 501.888,119.340 66.161,126.692 110.990,126.310 724.759,129.909 181.930,134.181 815.229,134.174 836.215,134.198 3.395,140.000 1018.311,144.996 229.749,147.076 84.487,147.874 77.356,149.326 279.062,151.412 609.877,151.464 520.392,152.508 852.979,151.979 434.467,165.498 859.140,169.454 274.611,169.520 597.976,178.935 803.320,181.684 599.555,183.432 846.276,186.245 343.308,186.685 296.137,196.635 858.942,203.940 950.030,207.596 1013.024,209.884 351.421,210.681 967.709,218.291 37.408,221.108 345.728,220.760 568.453,224.626 418.306,226.992 67.384,229.626 471.662,229.713 613.098,232.555 810.475,233.208 829.970,238.333 243.783,239.549 526.451,243.847 917.599,253.274 871.797,255.404 353.172,257.416 571.497,257.974 727.985,261.454 767.881,268.610 517.500,269.500 38.015,270.658 730.838,278.017 30.480,282.504 752.447,286.492 892.208,290.463 860.712,298.324 344.339,307.141 13.874,307.490 126.314,313.876 370.465,322.291 969.995,324.000 962.816,331.343 3.944,332.792 929.092,332.131 96.467,336.093 574.421,340.090 596.694,345.656 787.274,343.559 751.642,346.958 61.505,348.332 123.993,352.290 156.869,353.181 455.714,354.112 607.336,353.294 613.040,354.866 649.969,354.425 635.584,359.289 958.538,361.785 180.132,363.426 607.198,364.566 843.598,365.853 151.967,370.500 624.117,377.763 754.587,384.509 881.036,394.012 811.994,396.628 297.475,400.778 273.177,403.143 92.031,404.548 459.484,407.994 369.574,411.466 1012.589,416.754 267.956,417.715 722.903,419.978 523.323,418.924 415.098,420.092 104.818,420.355 606.422,423.327 617.228,422.490 492.045,432.223 667.093,431.914 735.655,433.854 49.489,435.497 533.575,438.344 935.447,440.044 885.826,455.266 427.591,459.142 874.349,459.703 695.347,467.504 341.044,472.903 99.100,476.826 550.759,480.096 832.170,485.477 251.850,496.405 462.298,495.409 116.902,497.589 709.307,509.538 962.440,510.478 180.775,516.500 488.208,532.841 86.641,540.512 262.677,544.713 469.561,549.475 376.762,554.836 759.664,556.273 841.015,555.646 879.194,559.544 218.751,562.723 603.826,565.143 676.191,573.979 585.611,580.604 178.433,583.896 652.867,589.158 275.180,591.671 759.888,595.360 72.448,599.642 507.018,602.120 996.644,606.188 220.526,627.006 316.520,629.951 449.499,653.093 555.178,652.694 779.483,665.770 490.709,670.129 973.883,672.253 481.500,670.994 304.443,688.430 551.072,690.228 576.148,697.036 134.942,699.969 205.463,700.530 613.573,705.006 146.455,707.096 276.843,707.678 489.586,706.396 545.070,712.101 293.021,717.828 887.149,720.897 133.866,724.114 750.772,727.483 392.903,729.600 118.371,731.137 1010.467,730.648 85.558,732.914 832.090,732.665 564.262,737.692 101.199,742.451 58.518,743.740 1006.406,746.003 718.791,745.027 348.932,746.331 448.518,746.119 743.505,763.463 596.721,769.266 232.953,775.843 896.702,781.356 707.459,784.565 25.588,787.848 375.122,789.956 511.107,790.623 100.507,801.714 739.678,811.708 844.623,813.500 172.465,814.257 443.231,813.547 657.559,814.346 1001.316,816.791 43.134,818.773 400.017,818.648 879.350,824.130 160.918,826.647 197.508,826.190 505.521,827.022 734.183,827.535 420.472,831.870 894.353,833.001 237.527,833.464 643.711,855.799 597.307,859.337 430.591,859.298 717.019,860.540 979.915,861.647 332.478,870.739 9.042,872.113 819.817,872.214 371.303,874.289 288.296,878.911 308.417,878.157 734.326,878.723 318.769,880.222 580.049,882.057 221.208,883.521 1008.475,889.498 926.310,890.930 399.509,892.540 576.239,904.976 413.287,906.182 794.119,907.249 172.842,920.383 169.326,925.341 755.394,923.141 396.539,924.175 459.894,924.845 982.757,929.240 920.789,931.830 276.978,938.958 1010.769,938.522 251.751,941.979 439.520,945.454 126.557,946.676 197.702,947.296 254.358,949.830 958.243,950.696 597.411,953.490 894.381,956.696 1002.302,958.295 417.344,959.733 839.427,960.397 449.398,966.100 107.530,966.183 666.890,969.304 331.331,970.865 875.615,975.737 584.215,983.525 932.192,984.781 782.568,998.761 902.734,1002.531 249.713,1003.357 895.688,1007.802 700.430,1009.602 871.492,1016.456 1008.374,1018.566 414.557,1017.589
AAZ1 466.960,3.209 257.812,3.773 212.595,5.875 441.000,13.500 241.169,16.076 774.500,15.500 551.500,23.112 927.500,28.500 794.743,29.899 351.500,40.500 695.500,42.500 438.737,45.673 788.157,47.198 984.758,51.188 178.500,52.500 978.500,53.500 973.500,56.500 897.037,59.816 555.569,59.512 406.000,62.500 978.500,62.500 403.500,68.976 673.478,85.132 135.500,84.500 814.750,91.166 561.951,117.500 502.049,119.500 66.178,126.710 725.500,129.500 181.835,134.141 815.456,134.458 1017.500,146.500 84.124,147.500 229.500,147.500 77.500,150.500 609.754,151.093 279.500,151.500 520.755,152.488 435.500,164.500 859.203,169.448 274.589,169.346 599.500,182.500 847.500,183.500 846.231,186.332 295.500,195.500 1014.500,209.500 38.000,221.500 568.235,224.479 613.211,232.807 242.500,239.500 244.500,239.500 918.500,253.500 517.500,269.000 731.500,278.500 30.500,282.500 892.500,291.500 860.500,298.500 344.500,306.888 14.500,307.888 127.500,313.500 370.000,322.500 929.500,331.928 963.000,331.500 4.083,333.228 3.500,335.500 787.500,342.951 593.000,343.500 597.457,345.094 62.500,348.500 123.861,352.237 455.500,353.500 612.789,353.809 156.500,354.500 613.500,355.500 635.500,359.500 958.500,362.500 843.500,365.951 151.500,370.500 152.500,371.500 624.524,377.500 754.500,385.500 880.792,394.208 811.500,397.500 298.500,400.500 272.944,402.872 297.500,401.500 369.381,411.633 267.812,418.227 722.410,420.416 415.500,420.000 523.500,419.500 606.000,422.500 493.000,431.500 491.500,432.500 735.500,433.500 49.500,434.500 533.072,438.500 934.500,439.500 935.853,440.500 695.500,466.500 695.500,468.500 341.500,471.500 342.500,472.500 341.500,473.500 549.500,479.500 832.245,485.359 462.500,495.049 251.571,496.485 116.500,496.500 488.500,532.951 87.500,539.500 86.500,541.500 377.009,554.768 759.471,556.332 840.500,555.500 376.500,556.500 219.500,562.500 677.049,574.500 177.500,584.500 652.500,588.951 759.706,595.252 996.500,606.500 219.500,626.500 317.500,630.500 450.500,652.500 554.500,652.500 449.500,653.500 450.500,654.500 490.500,670.500 973.891,672.241 302.500,687.500 304.438,688.101 550.500,689.500 549.500,690.500 551.500,690.500 135.500,699.500 205.254,699.836 206.500,701.500 616.500,701.893 613.407,705.210 276.611,707.521 146.049,707.500 545.055,712.077 292.888,717.500 886.951,720.500 133.934,724.578 750.500,728.000 118.500,730.500 85.407,732.778 831.500,733.049 58.500,743.500 1006.370,746.048 719.500,744.500 348.805,746.464 718.000,745.500 743.500,763.500 596.500,769.500 233.068,775.815 894.500,780.500 896.870,781.268 706.500,783.500 375.013,789.976 511.112,791.500 101.134,801.293 739.500,811.500 845.500,812.500 657.422,814.247 843.951,813.500 443.000,814.500 1001.309,816.899 43.188,818.758 400.500,819.500 879.500,824.500 160.881,826.598 197.072,825.500 505.225,826.760 506.500,828.500 894.504,833.280 643.609,855.873 597.500,859.500 717.500,860.500 979.500,861.500 332.676,871.037 9.500,872.500 370.853,874.500 369.500,875.500 288.500,878.500 735.500,878.500 287.000,879.500 318.500,879.500 734.500,879.500 579.199,881.765 1009.500,889.500 927.000,890.500 925.500,891.500 399.574,892.500 576.482,904.787 794.203,907.244 577.500,906.500 172.500,920.500 169.090,925.357 460.500,923.500 459.500,925.068 920.728,931.927 1010.500,937.500 1011.500,938.500 252.500,942.500 439.765,945.482 126.862,946.342 197.728,947.230 894.478,956.588 1002.500,957.500 1002.500,959.500 449.126,966.064 667.500,969.500 875.500,975.500 874.500,976.500 931.500,984.500 932.500,985.500 895.850,1007.657 700.613,1009.441 871.296,1016.498 1008.435,1018.546
AAZ2 788.500,47.500 673.505,85.029 814.734,91.246 859.045,169.426 846.500,186.127 832.220,485.426 973.500,671.500 1006.293,746.014 374.500,789.500 375.500,790.500 1001.500,817.500 168.944,925.500 197.500,947.500 894.755,956.772 1008.366,1018.416
AAZ3 673.701,85.097 1014.500,86.500 814.500,91.500 859.268,169.400 927.500,356.500 832.500,485.500 358.500,543.500 1006.229,745.897 375.500,790.500 1008.500,1019.500
AAZ4 788.500,47.500 673.503,85.008 814.753,91.231 858.909,169.410 846.500,186.080 832.301,485.300 1006.242,746.002 374.500,789.500 375.500,790.500 1001.500,817.500 168.972,925.500 197.500,947.500 894.770,956.777 1008.343,1018.370
AAZ5 401.500,3.500 647.500,3.500 763.500,4.500 948.500,4.500 489.500,7.500 63.500,8.500 262.500,8.500 624.500,13.500 114.500,14.500 136.500,14.500 657.500,14.500 155.500,17.500 580.500,17.500 505.500,22.500 149.500,24.500 863.500,25.500 748.500,29.500 378.500,38.500 330.500,39.500 639.500,39.500 93.500,44.500 238.500,45.500 448.500,46.500 709.500,47.500 812.500,51.500 711.500,53.500 676.500,54.500 1004.500,54.500 402.500,56.500 985.056,58.500 354.500,61.500 67.500,62.500 286.500,64.500 741.500,64.500 379.500,65.500 249.500,67.500 92.500,68.500 33.500,70.500 528.500,70.500 213.500,74.500 707.500,78.500 182.500,80.500 668.500,80.500 58.500,81.500 670.500,81.500 671.500,82.500 674.500,86.500 677.500,89.104 501.500,89.500 489.500,90.500 678.500,90.500 939.500,92.500 817.500,95.500 339.500,97.500 79.500,98.500 86.500,101.500 817.500,102.500 858.500,103.500 105.500,107.500 149.500,107.500 501.500,107.500 640.500,109.500 970.500,109.500 394.500,111.500 692.500,122.500 707.500,130.500 869.500,132.500 479.500,133.500 832.500,133.500 3.500,134.500 181.500,137.500 869.500,137.500 413.500,138.500 340.500,140.500 661.500,143.500 545.500,147.500 854.500,164.500 1000.500,164.500 585.500,165.500 962.500,166.500 857.500,168.500 859.500,169.500 183.500,170.500 861.167,171.577 630.500,171.500 864.500,173.858 723.500,174.500 539.500,177.500 609.500,177.500 255.500,179.500 883.500,180.500 84.500,181.500 587.500,182.500 894.500,185.500 190.500,186.500 845.500,186.500 126.500,189.500 327.500,189.500 342.500,189.500 991.500,189.500 873.500,190.500 529.500,192.500 137.500,194.500 668.500,194.500 148.500,195.500 886.500,195.500 778.500,197.500 179.500,207.500 273.500,215.500 357.500,217.500 27.500,220.500 505.500,221.500 495.500,222.500 499.500,223.500 395.500,226.500 489.500,226.500 608.500,228.500 644.500,232.500 749.500,233.500 337.500,235.500 562.500,236.500 928.500,237.500 305.500,238.500 795.500,240.500 330.500,243.500 745.500,245.500 777.500,245.500 196.500,251.500 675.500,251.500 118.500,252.500 841.500,253.500 846.500,253.500 316.500,254.500 479.500,254.500 491.500,255.500 461.500,256.500 831.500,260.500 1011.500,263.500 318.500,264.500 916.500,264.500 15.500,267.500 235.500,267.500 643.500,270.500 986.500,271.500 40.500,272.500 457.500,275.500 85.500,276.500 1011.500,283.500 654.500,286.500 797.500,286.500 40.500,287.500 717.500,288.500 881.500,291.500 27.500,293.500 51.500,294.500 912.500,294.500 728.500,295.500 850.500,296.500 710.500,297.500 336.500,298.500 988.500,299.500 487.500,303.500 421.500,304.500 174.500,305.500 139.500,307.500 942.500,309.500 28.500,310.500 704.500,314.500 552.500,315.500 564.500,317.500 706.500,321.500 8.500,326.500 388.500,327.500 355.500,328.500 185.500,329.500 350.500,331.500 720.500,336.500 453.500,338.500 615.500,344.500 1013.500,344.500 969.500,348.500 365.500,350.500 763.500,350.500 531.500,353.500 37.500,355.500 125.500,355.500 41.500,356.500 151.500,360.500 879.500,360.500 176.500,361.500 1016.500,369.500 860.500,372.500 711.500,373.500 166.500,374.500 49.500,376.500 936.500,379.500 531.500,380.500 823.500,380.500 379.500,382.500 269.500,386.500 1017.500,387.500 634.500,388.500 48.500,389.500 400.500,390.500 576.500,392.500 968.500,398.500 716.500,403.500 360.500,409.500 800.500,411.500 470.500,414.500 909.500,416.500 985.500,416.500 1020.500,416.500 723.500,417.500 644.500,418.500 803.500,421.500 338.500,422.500 142.500,423.500 43.500,425.500 759.500,425.500 461.500,427.500 969.500,428.500 429.500,429.500 504.500,430.500 609.500,433.500 352.500,436.500 827.500,436.500 551.500,443.500 988.500,444.500 982.500,447.500 925.500,453.500 731.500,457.500 640.500,464.500 116.500,465.500 263.500,465.500 397.500,465.500 6.500,466.500 141.500,467.500 440.500,471.500 540.500,474.500 724.500,477.500 851.500,478.500 215.500,483.500 247.500,485.500 711.500,485.500 577.500,486.500 910.500,489.500 444.500,491.500 507.500,491.500 214.500,498.500 761.500,498.500 894.500,498.500 200.500,500.500 641.500,506.500 894.500,517.500 59.500,518.500 343.500,518.500 920.500,519.500 28.500,523.500 460.500,523.500 189.500,524.500 412.500,529.500 790.500,530.500 471.500,531.500 524.500,535.500 275.500,536.500 545.500,538.500 205.500,540.500 842.500,540.500 62.500,542.500 166.500,542.500 733.500,545.500 630.500,547.500 339.500,548.500 107.500,549.500 633.500,549.500 817.500,550.500 440.500,553.500 449.500,553.500 141.500,556.500 753.500,557.500 254.500,559.500 492.500,559.500 995.500,559.500 900.500,560.500 128.500,561.500 178.500,563.500 226.500,563.500 823.500,563.500 604.500,567.500 496.500,569.500 768.500,569.500 900.500,569.500 599.500,570.500 293.500,571.500 302.500,571.500 540.500,572.500 1007.500,572.500 879.500,573.500 823.500,574.500 639.500,576.500 476.500,578.500 548.500,578.500 24.500,580.500 777.500,589.500 816.500,593.500 654.500,594.500 753.500,597.500 327.500,598.500 343.500,600.500 645.500,600.500 764.500,605.500 314.500,608.500 575.500,609.500 853.500,609.500 578.500,611.500 251.500,613.500 677.500,614.500 183.500,615.500 890.500,617.500 169.500,619.500 407.500,620.500 361.500,623.500 233.500,626.500 258.500,628.500 408.500,629.500 318.500,632.500 173.500,637.500 406.500,639.500 981.500,639.500 98.500,640.500 845.500,646.500 634.500,651.500 679.500,652.500 399.500,653.500 165.500,654.500 562.500,654.500 2.500,655.500 812.500,656.500 1021.500,656.500 949.500,657.500 478.500,659.500 594.500,659.500 960.500,660.500 721.500,663.500 33.500,664.500 159.500,664.500 539.500,665.500 672.500,665.500 346.500,666.500 204.500,667.500 475.500,668.500 240.500,671.500 821.500,672.500 539.500,675.500 266.500,678.500 912.500,678.500 638.500,680.500 501.500,683.500 251.500,688.500 830.500,688.500 85.500,691.500 296.500,691.500 598.500,696.500 908.500,702.500 383.500,703.500 572.500,703.500 819.500,704.500 879.500,706.500 326.500,707.500 305.500,708.500 470.500,708.500 719.500,710.500 553.500,712.500 57.500,713.500 116.500,713.500 61.500,714.500 671.500,718.500 176.500,727.500 69.500,728.500 842.500,729.500 350.500,733.500 488.500,738.500 577.500,739.500 804.500,739.500 867.500,739.500 1001.500,739.500 1003.768,742.397 524.500,740.500 536.500,740.500 157.500,741.500 540.500,741.500 42.500,742.500 558.500,745.500 1004.500,745.840 1009.117,750.121 351.500,746.500 606.500,746.500 617.500,748.500 856.500,749.500 407.500,750.500 934.500,750.500 977.500,750.500 1004.500,750.500 159.500,753.500 887.500,753.500 11.500,757.500 617.500,757.500 1002.500,757.500 145.500,764.500 771.500,764.500 173.500,767.500 352.500,769.500 195.500,773.500 293.500,773.500 446.500,775.500 617.500,775.500 878.500,775.500 845.500,776.500 945.500,776.500 820.500,777.500 584.500,778.500 732.500,779.500 700.500,784.500 747.500,785.500 106.500,789.500 452.500,789.500 947.500,792.500 649.500,800.500 617.500,801.500 973.500,806.500 197.500,808.500 256.500,808.500 562.500,809.500 270.500,811.500 759.500,814.500 1002.500,819.500 1004.500,819.500 716.500,820.500 34.500,824.500 548.500,824.500 108.500,826.500 682.500,828.500 940.500,829.500 373.500,832.500 934.500,832.500 810.500,835.500 799.500,838.500 229.500,839.500 55.500,840.500 502.500,847.500 783.500,849.500 179.500,850.500 655.500,854.500 440.500,857.500 593.500,862.500 111.500,864.500 182.500,866.500 440.500,867.500 457.500,868.500 14.500,874.500 1022.500,874.500 895.500,880.500 346.500,881.500 747.500,884.500 100.500,885.500 736.500,889.500 294.500,891.500 68.500,892.500 219.500,892.500 448.500,893.500 839.500,897.500 670.500,900.500 357.500,902.500 901.500,902.500 294.500,903.500 559.500,905.500 723.500,906.500 414.500,907.500 364.500,914.500 330.500,917.500 514.500,919.500 282.500,927.500 760.500,927.500 722.500,930.500 146.500,932.500 400.500,933.500 900.500,933.500 720.500,934.500 724.500,934.500 929.500,939.500 60.500,942.500 312.500,943.500 697.500,944.500 374.500,945.500 790.500,945.500 200.500,950.500 218.500,951.500 486.500,953.500 412.500,955.500 410.500,957.500 920.500,959.500 625.500,961.500 908.500,964.500 563.500,966.500 197.500,970.500 389.500,970.500 638.500,971.500 168.500,975.500 209.500,981.500 505.500,984.500 575.500,986.500 25.500,988.500 462.500,990.500 514.500,990.500 133.500,992.500 19.500,993.500 632.500,994.500 913.500,994.500 859.500,996.500 804.500,997.500 531.500,1000.500 254.500,1002.500 694.500,1003.500 199.500,1005.500 212.500,1008.500 1009.500,1008.500 287.500,1010.500 791.500,1011.500 767.500,1013.500 1007.500,1016.500 714.500,1019.500 1005.500,1021.500
AAZ6 677.500,89.500 860.500,171.500 861.500,172.500 1001.500,739.500 1003.781,743.202 1005.500,744.500 1006.500,746.500 1007.500,747.500 1009.000,749.500 1010.500,751.006
ABA0 103.374,3.842 22.612,4.301 341.454,5.443 949.644,7.520 762.629,13.007 176.500,17.056 250.367,17.850 435.409,20.270 429.291,29.176 704.381,36.291 825.455,42.209 432.668,45.999 125.165,49.040 1006.569,53.751 605.754,57.870 765.512,60.323 266.633,65.481 589.798,69.185 976.742,73.471 414.000,81.222 991.140,85.152 358.638,85.331 318.167,90.657 612.451,91.732 82.542,99.322 386.379,100.514 714.615,102.550 971.404,103.496 368.717,108.213 540.630,110.804 763.974,109.525 300.101,118.203 322.630,117.165 489.937,118.195 814.077,118.637 661.862,126.605 453.682,130.275 404.522,142.631 333.495,144.216 129.989,145.482 433.484,144.144 538.362,158.958 881.520,165.835 441.232,172.737 893.147,176.711 134.892,177.605 99.000,188.613 884.969,200.799 501.013,204.483 706.916,213.627 798.481,212.927 404.584,225.236 232.997,236.311 586.052,242.460 435.500,244.793 306.680,259.704 521.079,258.571 255.013,259.994 844.085,264.769 556.607,265.155 325.880,272.337 553.711,274.164 953.330,283.323 339.799,297.111 775.099,300.236 927.778,301.809 673.577,302.641 816.774,304.028 493.731,307.520 996.597,311.869 462.641,314.979 609.701,316.419 214.809,317.465 726.829,317.706 511.360,321.844 681.314,326.869 166.343,331.904 421.463,332.440 98.825,335.178 325.064,340.965 543.875,340.595 495.102,342.245 110.981,349.498 809.360,350.400 118.010,356.424 861.438,368.983 357.163,370.035 773.170,370.950 473.170,373.512 56.996,384.494 997.148,385.637 597.611,397.557 772.519,405.361 292.866,405.639 704.404,405.929 750.190,406.964 145.638,410.332 270.171,414.141 222.799,415.496 604.629,420.454 364.645,427.163 315.963,434.393 971.430,434.486 327.922,445.558 395.916,453.116 222.329,456.665 562.986,455.718 914.450,460.815 369.741,468.271 158.604,476.166 733.946,480.111 934.553,479.516 97.495,482.606 567.513,483.081 824.478,484.564 399.376,489.145 730.360,490.360 243.775,493.538 809.984,502.847 131.737,502.316 787.871,504.608 96.302,507.559 798.493,509.460 794.609,514.030 768.783,514.931 98.308,515.849 902.278,515.391 74.121,524.133 141.558,526.504 934.709,526.315 701.163,532.123 781.102,532.947 57.930,534.784 286.699,538.925 613.024,539.018 443.819,539.535 657.150,543.334 779.696,547.992 103.199,548.958 514.902,550.148 153.812,559.672 363.606,559.996 908.216,564.019 550.466,565.669 264.206,565.665 959.970,571.867 965.000,572.048 250.682,575.436 187.796,580.833 123.591,585.144 689.412,587.631 671.500,593.534 985.497,594.303 295.590,598.004 46.280,602.577 353.000,613.787 133.511,615.465 101.022,620.942 708.982,630.665 115.096,636.146 518.937,638.901 193.612,639.534 744.587,643.292 816.666,652.576 158.843,653.507 833.246,656.744 585.852,659.362 799.959,668.556 500.386,671.317 225.296,676.113 674.593,677.306 733.214,676.581 18.370,683.721 27.084,683.709 1021.515,686.434 809.951,689.920 183.149,701.705 285.759,708.743 592.362,707.313 956.455,707.877 363.337,709.736 689.927,718.019 297.618,718.419 591.821,719.208 67.335,725.278 84.806,737.443 649.275,739.896 253.618,741.095 7.192,742.759 824.833,742.535 186.033,747.519 413.408,756.255 812.106,757.965 875.337,757.331 744.576,760.877 512.033,764.584 585.964,769.431 63.582,773.995 382.450,774.858 914.209,787.642 779.362,788.309 738.958,791.991 853.221,793.897 831.691,797.941 1006.325,799.354 954.183,804.961 905.543,806.382 686.026,807.722 82.546,810.271 863.254,812.295 1019.389,811.916 882.009,813.985 647.400,821.546 290.343,824.166 162.163,830.947 762.515,829.642 344.000,832.390 673.170,837.788 576.434,846.688 677.000,847.284 957.837,850.376 908.150,860.560 51.290,863.615 790.680,877.151 773.856,888.455 607.332,889.702 948.514,891.210 174.494,907.964 396.266,922.819 167.751,927.253 469.418,927.039 529.172,929.067 18.168,932.173 763.069,931.521 965.286,931.438 995.462,938.977 933.889,943.909 330.913,946.011 659.177,960.611 920.041,959.876 819.997,962.608 911.045,962.347 657.231,965.552 919.874,965.529 1001.428,965.725 919.833,970.869 515.494,973.701 903.000,973.069 104.662,975.411 596.026,981.246 916.323,982.308 898.987,983.642 240.362,989.118 465.375,988.161 1008.824,993.482 1020.728,997.551
ABA1 949.500,7.500 251.500,18.500 429.107,29.500 703.500,36.500 432.349,46.160 124.500,48.500 126.500,48.500 1006.745,54.776 606.161,58.284 764.500,61.500 589.778,69.185 413.500,81.500 991.500,84.928 317.500,90.500 612.738,91.871 81.500,98.500 82.500,99.500 386.072,100.287 971.500,102.500 540.588,110.825 322.679,116.689 300.057,118.189 489.856,118.227 814.746,119.091 453.500,130.500 333.500,143.951 130.025,145.462 537.500,159.500 881.500,165.773 880.500,167.500 440.500,172.500 440.500,174.500 893.168,176.770 98.958,188.947 884.928,201.500 706.555,213.602 798.500,213.384 404.500,225.068 585.924,242.791 306.500,260.036 844.155,264.609 325.881,271.939 339.500,297.107 927.951,301.500 816.235,304.199 493.765,307.572 995.500,312.500 461.500,314.500 608.500,316.049 510.951,322.018 680.500,326.500 681.500,327.500 166.402,331.842 99.500,333.500 98.227,335.227 325.150,340.918 543.500,339.500 495.787,342.213 111.180,349.244 109.500,351.500 356.787,369.671 860.500,369.500 773.704,371.089 472.821,373.223 474.000,377.500 597.500,397.500 292.500,406.000 704.147,405.731 604.500,419.500 328.500,447.500 396.049,453.500 563.270,455.026 222.651,456.642 734.203,480.203 97.500,482.758 568.000,482.500 398.500,489.500 730.000,489.500 807.576,501.283 810.362,504.130 96.395,507.799 794.931,513.577 768.227,515.227 73.500,523.928 141.648,526.514 935.204,526.204 700.500,531.500 701.500,532.951 57.500,533.500 58.500,534.500 286.500,539.086 612.500,538.500 779.500,548.500 515.094,550.185 153.500,559.500 362.500,559.500 907.964,563.889 550.495,565.338 264.500,565.500 550.500,567.500 960.500,571.500 250.559,575.238 188.000,580.500 186.500,581.951 689.388,587.520 985.773,594.188 296.500,596.500 295.328,598.267 46.328,602.528 353.500,613.500 100.500,621.000 707.500,630.500 708.500,631.500 115.500,636.500 519.500,639.500 744.500,642.500 817.049,652.500 585.768,659.244 225.235,675.986 674.928,677.500 732.500,677.500 1020.186,679.895 18.358,683.866 26.937,683.477 183.171,701.530 285.793,708.724 591.500,706.500 363.307,709.728 591.500,719.500 649.528,739.809 253.759,740.790 647.500,740.500 7.075,743.058 254.500,742.500 186.500,746.500 185.500,748.024 512.500,764.500 585.500,769.112 382.500,774.500 913.625,787.374 739.500,792.500 853.295,793.925 1006.436,799.481 954.193,805.003 686.500,807.500 81.500,808.500 82.356,810.373 863.372,812.351 1019.478,811.970 161.806,830.931 164.500,831.500 673.500,837.500 672.500,838.500 908.419,860.500 51.414,863.792 948.536,891.140 397.500,920.500 396.500,923.500 167.500,927.500 18.180,932.293 762.500,931.500 995.500,938.500 934.000,943.500 331.500,945.500 330.500,946.500 658.999,960.510 911.000,961.500 656.500,964.500 919.500,964.500 1001.500,966.500 920.500,970.500 902.500,971.500 515.488,973.229 919.500,972.500 902.500,973.500 104.770,974.958 595.500,980.500 594.500,981.500 596.500,981.500 916.500,981.500 917.500,982.500 1020.500,997.500
ABA2 489.500,118.500 140.500,526.019 142.500,526.500 908.500,563.500 46.423,602.455 585.769,659.432 225.500,675.500 1020.373,679.935 285.794,708.688 363.500,709.462 853.024,793.500 954.276,804.872 863.452,812.364
ABA3 278.500,87.500 618.500,190.500 566.500,543.500 1016.500,657.500 585.500,659.500 1020.500,679.500 285.748,708.615 954.500,804.500 863.056,812.361 828.500,876.500
ABA4 489.500,118.500 140.500,526.500 142.500,526.500 908.500,563.500 46.233,602.461 585.681,659.603 225.500,675.500 1020.212,679.918 285.791,708.707 363.500,709.478 853.019,793.500 954.253,804.894 863.539,812.351
ABA5 958.500,1.500 803.500,4.500 988.500,4.500 929.500,5.500 328.500,8.500 975.500,11.500 710.500,13.500 100.500,14.500 255.500,17.500 708.500,17.500 588.500,18.500 311.500,24.500 859.500,25.500 32.500,26.500 553.500,29.500 554.500,38.500 893.500,38.500 983.500,38.500 738.500,41.500 178.500,42.500 480.500,45.500 326.500,47.500 1007.500,47.500 365.500,52.500 61.500,54.500 362.500,55.500 634.500,55.500 514.500,58.500 33.500,61.500 786.500,61.500 319.500,63.500 616.500,63.500 169.500,65.500 727.500,67.500 572.500,68.500 222.500,69.500 495.500,70.500 984.500,70.500 662.500,72.500 127.500,79.500 636.500,80.500 536.500,81.500 746.500,83.500 77.500,90.500 994.500,92.500 677.500,93.500 476.500,95.500 1005.500,97.500 830.500,98.500 347.500,102.500 872.500,104.500 952.500,105.500 536.500,106.500 626.500,106.500 200.500,108.500 262.500,110.500 919.500,110.500 93.500,111.500 990.500,111.500 421.500,119.500 862.500,119.500 259.500,120.500 388.500,122.500 80.500,123.500 317.500,125.500 269.500,128.500 1005.500,133.500 336.500,134.500 717.500,137.500 427.500,138.500 944.500,140.500 221.500,142.500 719.500,142.500 749.500,142.500 955.500,142.500 905.500,145.500 994.500,145.500 195.500,147.500 183.500,148.500 603.500,153.500 136.500,157.500 77.500,158.500 453.500,158.500 298.500,160.500 786.500,165.500 217.500,166.500 485.500,166.500 292.500,172.500 858.500,172.500 140.500,173.500 221.500,178.500 293.500,178.500 983.500,179.500 947.500,180.500 369.500,185.500 672.500,186.500 992.500,186.500 275.500,187.500 429.500,188.500 946.500,189.500 119.500,190.500 134.500,190.500 791.500,190.500 294.500,193.500 870.500,193.500 1003.500,194.500 510.500,195.500 728.500,196.500 632.500,198.500 971.500,198.500 254.500,200.500 113.500,216.500 879.500,220.500 572.500,221.500 877.500,221.500 329.500,223.500 279.500,226.500 245.500,227.500 339.500,227.500 384.500,230.500 514.500,233.500 627.500,234.500 804.500,235.500 998.500,235.500 812.500,238.500 687.500,241.500 1020.500,242.500 296.500,243.500 658.500,243.500 238.500,244.500 44.500,252.500 1000.500,252.500 211.500,257.500 297.500,257.500 520.500,258.500 479.500,261.500 657.500,261.500 65.500,262.500 803.500,264.500 686.500,265.500 9.500,268.500 15.500,271.500 423.500,271.500 774.500,272.500 973.500,272.500 502.500,274.500 615.500,274.500 227.500,276.500 877.500,276.500 702.500,282.500 1019.500,283.500 152.500,287.500 856.500,287.500 511.500,289.500 693.500,292.500 895.500,294.500 148.500,296.500 536.500,296.500 693.500,296.500 658.500,297.500 796.500,300.500 404.500,302.500 263.500,304.500 179.500,305.500 573.500,305.500 940.500,305.500 295.500,306.500 504.500,307.500 57.500,308.500 878.500,309.500 504.500,310.500 710.500,310.500 32.500,313.500 613.500,313.500 475.500,314.500 334.500,315.500 182.500,316.500 437.500,319.500 128.500,320.500 459.500,321.500 325.500,322.500 398.500,322.500 761.500,324.500 572.500,326.500 944.500,327.500 735.500,329.500 350.500,330.500 882.500,331.500 493.500,340.500 885.500,341.500 308.500,342.500 513.500,343.500 497.500,345.500 253.500,348.500 845.500,350.500 203.500,351.500 529.500,353.500 1009.500,353.500 525.500,355.500 613.500,355.500 30.500,358.500 102.500,358.500 402.500,365.500 444.500,365.500 669.500,369.500 465.500,370.500 498.500,370.500 304.500,373.500 624.500,374.500 525.500,376.500 5.500,379.500 805.500,386.500 423.500,388.500 856.500,390.500 726.500,395.500 166.500,399.500 372.500,399.500 742.500,403.500 576.500,404.500 968.500,414.500 439.500,417.500 515.500,417.500 550.500,417.500 288.500,420.500 682.500,420.500 413.500,422.500 788.500,423.500 723.500,425.500 974.500,427.500 653.500,429.500 113.500,430.500 299.500,434.500 503.500,435.500 74.500,437.500 311.500,440.500 693.500,442.500 740.500,445.500 936.500,448.500 730.500,450.500 32.500,451.500 667.500,454.500 598.500,455.500 104.500,457.500 929.500,457.500 455.500,458.500 766.500,466.500 897.500,467.500 933.500,467.500 555.500,473.500 296.500,475.500 405.500,478.500 467.500,479.500 646.500,479.500 733.500,479.500 89.500,482.500 359.500,483.500 993.500,483.500 299.500,484.500 495.500,484.500 27.500,486.500 489.500,486.500 359.500,487.500 718.500,490.500 383.500,491.500 260.500,492.500 327.500,492.500 240.500,495.500 64.500,496.500 274.500,498.500 587.500,499.500 720.500,499.500 20.500,501.500 803.500,506.500 365.500,507.500 526.500,518.500 715.500,518.500 1001.500,518.500 550.500,520.500 630.500,523.500 36.500,524.500 775.500,524.500 272.500,531.500 1020.500,535.500 773.500,536.500 1003.500,537.500 293.500,541.500 855.500,541.500 1003.500,541.500 366.500,542.500 491.500,545.500 548.500,545.500 169.500,546.500 6.500,547.500 781.500,548.500 248.500,554.500 387.500,555.500 569.500,556.500 139.500,558.500 658.500,559.500 921.500,559.500 514.500,561.500 560.500,563.500 179.500,564.500 956.500,567.500 55.500,569.500 818.500,569.500 64.500,570.500 196.500,570.500 917.500,570.500 565.500,573.500 155.500,574.500 939.500,576.500 978.500,578.500 686.500,581.500 427.500,588.500 102.500,592.500 950.500,593.500 559.500,597.500 873.500,597.500 643.500,598.500 425.500,600.500 729.500,600.500 43.500,601.500 45.500,601.500 585.500,602.500 751.500,606.500 914.500,607.500 562.500,611.500 233.500,613.500 347.500,617.500 818.500,617.500 89.500,619.500 846.500,619.500 319.500,620.500 56.500,625.500 129.500,626.500 41.500,628.500 209.500,629.500 304.500,629.500 28.500,634.500 55.500,637.500 284.500,639.500 45.500,640.500 227.500,641.500 575.500,642.500 865.500,650.500 89.500,651.500 297.500,654.500 627.500,655.500 768.500,656.500 977.500,656.500 966.500,657.500 584.500,658.500 11.500,659.500 570.500,659.500 587.500,661.500 655.500,663.500 991.500,663.500 93.500,664.500 467.500,665.500 270.500,666.500 251.500,671.500 815.500,672.500 222.500,673.500 727.500,673.500 350.500,674.500 230.500,676.500 1010.500,677.500 1019.000,677.500 798.500,678.500 621.500,680.500 139.500,681.500 492.500,681.500 478.500,683.500 1022.200,683.500 125.500,684.500 646.500,687.500 7.500,688.500 123.500,689.500 466.500,690.500 891.500,690.500 78.500,691.500 598.500,693.500 186.500,696.500 390.500,696.500 896.500,698.500 640.500,701.500 457.500,702.500 718.500,702.500 187.500,703.500 281.500,704.500 286.200,709.129 647.500,706.500 100.500,707.500 65.500,708.500 230.500,708.500 469.500,710.500 815.500,713.500 44.500,716.500 638.500,716.500 982.500,716.500 423.500,718.500 624.500,727.500 742.500,729.500 666.500,737.500 865.500,737.500 338.500,738.500 453.500,739.500 676.500,739.500 739.500,739.500 371.500,740.500 421.500,741.500 932.500,741.500 408.500,744.500 450.500,745.500 520.500,746.500 541.500,748.500 780.500,749.500 69.500,753.500 797.500,753.500 932.500,754.500 802.500,755.500 953.500,756.500 535.500,757.500 665.500,761.500 77.500,764.500 707.500,764.500 823.500,765.500 697.500,772.500 79.500,773.500 368.500,775.500 808.500,775.500 468.500,776.500 895.500,776.500 487.500,777.500 766.500,777.500 548.500,778.500 240.500,782.500 650.500,784.500 709.500,785.500 104.500,786.500 422.500,786.500 86.500,789.500 691.500,795.500 991.500,797.500 433.500,798.500 573.500,798.500 651.500,798.500 425.500,800.500 953.500,803.500 747.500,805.500 541.500,806.500 860.215,807.280 176.500,807.500 763.500,807.500 822.500,807.500 862.500,811.500 864.500,814.125 865.500,815.500 866.500,816.500 502.500,817.500 600.500,817.500 612.500,819.500 179.500,820.500 564.500,822.500 582.500,823.500 823.500,826.500 545.500,828.500 793.500,828.500 796.500,828.500 526.500,829.500 197.500,831.500 975.500,831.500 473.500,834.500 408.500,835.500 895.500,836.500 387.500,838.500 849.500,841.500 380.500,842.500 619.500,844.500 363.500,849.500 91.500,854.500 284.500,854.500 554.500,854.500 82.500,857.500 263.500,862.500 392.500,862.500 827.500,863.500 283.500,864.500 865.500,864.500 65.500,865.500 918.500,865.500 158.500,867.500 184.500,870.500 832.500,873.500 140.500,874.500 828.500,874.500 170.500,879.500 548.500,880.500 741.500,880.500 190.500,881.500 619.500,884.500 994.500,884.500 416.500,885.500 784.500,887.500 422.500,890.500 152.500,891.500 69.500,892.500 853.500,894.500 52.500,897.500 1020.500,897.500 743.500,898.500 849.500,898.500 155.500,902.500 594.500,902.500 763.500,902.500 553.500,906.500 148.500,910.500 240.500,914.500 662.500,917.500 920.500,918.500 618.500,920.500 904.500,920.500 65.500,922.500 84.500,922.500 1014.500,923.500 798.500,930.500 379.500,931.500 458.500,933.500 766.500,934.500 942.500,934.500 6.500,937.500 930.500,938.500 969.500,939.500 98.500,942.500 370.500,943.500 496.500,945.500 982.500,949.500 422.500,953.500 243.500,955.500 692.500,955.500 994.500,956.500 931.500,961.500 546.500,966.500 671.500,966.500 905.500,966.500 373.500,970.500 733.500,970.500 486.500,971.500 570.500,980.500 660.500,981.500 608.500,982.500 777.500,984.500 845.500,986.500 115.500,990.500 602.500,991.500 760.500,992.500 579.500,993.500 135.500,995.500 34.500,998.500 209.500,999.500 375.500,999.500 84.500,1001.500 299.500,1009.500 609.500,1010.500 111.500,1012.500 647.500,1012.500 45.500,1013.500 916.500,1013.500 1015.500,1013.500 160.500,1015.500 673.500,1016.500 916.500,1016.500 150.500,1020.500 527.500,1021.500 477.500,1022.500 577.500,1022.500 680.500,1022.500
ABA6 286.260,708.985
ABB0 349.605,7.707 777.801,18.349 533.784,24.400 763.865,27.424 636.138,34.633 739.083,49.357 766.237,69.558 645.936,74.272 253.978,75.978 511.728,77.647 519.424,78.117 918.854,79.606 187.873,82.084 9.713,83.287 896.450,83.585 348.085,91.112 45.563,94.184 158.125,98.375 949.872,100.313 656.096,124.091 15.258,126.233 590.713,126.899 822.383,134.724 801.220,138.801 576.994,139.962 779.526,139.454 167.283,143.210 51.474,143.983 972.844,154.470 210.389,156.306 715.029,160.600 745.348,165.039 489.211,165.090 945.875,164.830 144.920,169.361 830.679,169.283 826.810,172.484 284.026,180.133 130.995,183.753 863.288,182.717 631.421,193.486 748.573,212.691 602.103,215.793 491.018,215.924 45.027,227.718 67.464,238.568 812.576,238.845 430.166,241.174 450.153,242.953 594.959,243.323 798.009,245.218 651.500,248.936 735.547,251.481 911.021,255.545 71.326,260.131 891.250,260.515 754.610,268.861 353.502,272.205 807.418,274.605 856.533,283.040 671.927,288.827 765.140,292.906 893.689,293.611 747.033,296.934 767.234,300.436 678.371,303.503 916.981,308.414 798.461,310.806 574.818,317.043 689.159,315.370 151.164,319.500 404.559,321.805 856.210,324.994 506.382,327.474 52.889,331.739 546.100,332.766 811.265,344.576 662.831,361.841 882.452,368.700 993.928,370.474 376.343,378.519 118.787,380.576 970.013,380.579 316.275,381.331 876.487,381.684 533.208,386.260 989.354,385.032 664.660,385.832 903.817,388.532 493.926,398.307 312.363,400.245 788.993,400.559 742.880,403.265 812.494,416.374 128.405,422.876 519.286,433.560 683.441,434.596 588.377,436.425 955.316,451.193 808.149,455.380 816.269,456.095 550.500,461.227 334.356,469.865 285.614,484.638 156.182,486.762 287.655,505.374 322.560,505.030 799.129,507.434 300.485,517.426 799.762,519.338 1002.346,518.679 251.537,519.392 57.289,520.964 991.887,524.534 125.463,525.169 246.353,531.302 343.678,534.035 762.255,533.260 987.686,540.279 760.426,541.599 765.447,541.978 234.503,543.016 645.294,543.404 302.324,545.235 351.418,547.719 965.599,547.899 70.214,551.168 840.284,553.002 452.585,555.841 221.294,563.310 352.794,563.380 56.784,575.249 45.121,579.887 176.633,583.368 830.831,583.465 282.558,592.157 1002.510,592.670 672.996,596.132 915.163,598.588 446.329,600.593 280.608,606.284 735.117,609.420 790.729,611.712 558.637,614.106 196.718,622.140 416.727,621.346 205.502,623.436 53.018,626.740 67.069,628.945 656.216,629.748 569.932,630.926 756.418,636.711 698.080,639.325 745.706,642.691 979.504,642.836 872.478,646.823 372.845,652.568 981.985,651.836 925.510,663.346 204.210,669.077 299.838,669.658 931.873,669.135 330.025,671.227 561.013,678.463 758.427,682.005 957.983,683.119 554.431,696.328 785.670,700.373 206.978,717.363 503.736,716.509 397.535,717.807 710.845,723.669 202.338,725.961 6.406,731.091 503.020,731.810 585.249,731.497 943.195,734.293 762.983,738.334 365.032,740.496 372.754,740.838 492.480,742.589 407.592,743.158 734.861,746.500 406.223,750.265 652.015,756.332 105.189,764.250 138.462,764.063 247.716,764.722 475.250,767.757 616.867,767.642 810.257,767.930 838.387,770.500 507.296,775.219 436.290,779.586 292.979,781.054 312.547,787.249 763.381,787.999 51.422,797.406 262.807,810.944 901.452,811.012 536.551,823.225 877.795,830.003 565.585,831.123 261.286,831.587 574.078,838.853 780.723,845.283 95.725,847.673 195.334,851.334 108.390,855.338 191.440,855.719 890.866,860.668 18.285,861.000 268.264,862.526 340.112,861.731 569.349,865.106 752.062,875.921 385.067,876.723 204.111,881.492 650.349,882.318 666.278,887.541 157.256,889.035 390.691,889.179 563.608,890.354 642.603,891.361 658.502,895.305 638.175,900.439 647.107,901.608 586.738,908.308 619.489,909.263 290.171,909.972 138.411,920.961 982.722,921.574 103.273,928.898 496.866,931.382 729.411,936.288 339.868,947.270 585.064,950.170 1010.318,953.318 463.853,955.564 249.284,965.044 417.812,972.375 262.523,976.635 559.697,983.298 770.151,987.146 200.739,992.465 489.448,993.439 608.305,993.779 464.437,995.349 884.100,998.873 880.396,1002.656 422.439,1005.882 495.395,1010.008 949.801,1009.381 338.351,1019.355
ABB1 349.804,7.858 348.500,9.500 777.817,18.295 533.921,24.765 635.500,35.500 765.874,69.690 646.500,73.500 512.105,77.861 519.476,78.248 919.052,79.500 187.666,82.319 895.500,82.500 897.500,84.500 348.245,90.790 46.500,93.500 655.500,124.500 657.500,124.500 590.971,126.809 656.500,125.500 15.500,126.500 589.500,128.500 778.500,137.500 576.254,139.562 801.248,139.476 578.500,140.500 780.000,140.500 51.500,142.500 52.500,143.500 168.500,143.500 51.000,144.500 972.713,154.587 974.500,155.500 745.421,165.036 488.782,165.177 945.999,164.729 143.500,168.500 145.500,168.500 144.500,170.000 830.500,169.500 826.500,173.000 283.500,179.500 131.064,183.549 748.555,212.832 602.052,215.767 491.477,215.796 44.972,227.577 67.500,237.500 813.354,238.822 811.500,238.500 68.500,239.500 429.500,241.500 431.500,241.500 450.500,241.500 449.500,243.499 797.816,245.168 650.500,248.500 735.500,251.500 754.948,269.500 353.500,273.500 807.476,274.752 856.760,283.072 672.500,287.500 671.500,288.500 765.113,292.702 746.500,296.500 767.010,300.634 797.500,310.500 574.774,317.031 404.500,321.500 405.500,322.500 855.500,324.500 52.500,330.500 51.500,331.500 53.500,332.500 546.218,332.823 52.500,333.500 810.500,343.500 812.210,344.755 810.500,346.500 662.716,361.805 882.500,368.500 992.500,369.500 994.222,370.222 375.500,379.500 876.500,381.948 533.222,386.213 989.549,385.227 664.500,385.500 664.500,387.500 902.500,388.500 494.902,397.500 311.997,400.285 493.500,399.500 788.500,401.500 811.500,417.052 129.500,423.500 683.439,434.682 519.215,433.751 588.500,435.500 587.500,437.500 955.478,451.216 817.160,455.757 815.500,456.500 334.500,470.500 285.500,483.500 156.099,486.865 287.589,505.490 322.559,504.859 799.809,519.392 251.500,518.500 1002.787,519.213 250.500,519.500 57.500,520.500 125.500,524.500 992.000,524.500 246.240,531.206 247.500,533.500 344.147,533.750 987.469,540.253 764.500,541.500 233.500,542.500 760.500,542.500 766.500,542.500 234.500,543.500 302.500,543.500 301.500,544.500 302.500,545.500 351.737,547.760 965.914,547.716 70.500,551.500 70.500,553.500 221.246,563.262 352.719,563.281 56.815,575.513 45.267,580.001 176.500,582.500 176.500,584.500 671.500,595.500 673.772,596.187 914.964,598.136 446.516,600.022 280.500,606.500 735.500,609.500 790.727,611.653 558.500,613.500 557.500,614.948 559.500,614.500 196.533,622.202 416.948,621.500 197.500,624.500 53.239,626.795 67.500,628.500 655.781,629.480 66.500,629.500 569.764,630.801 657.500,630.500 698.086,639.377 980.500,641.500 979.500,642.500 872.500,646.500 372.897,652.546 926.500,663.500 205.500,667.500 204.415,669.425 299.824,669.485 932.500,668.500 329.490,671.027 331.500,671.500 560.500,678.500 559.500,679.500 958.252,683.023 758.500,683.500 554.368,696.340 785.600,700.340 207.500,716.000 397.402,717.688 503.777,716.777 206.736,718.120 710.500,722.500 709.500,723.500 711.500,723.500 202.274,725.963 587.500,730.500 503.500,732.000 585.500,731.500 943.500,733.500 761.500,736.500 762.655,738.682 764.500,737.500 372.426,740.682 364.500,740.500 493.037,742.274 734.871,746.610 652.500,755.500 651.500,756.500 653.500,756.500 104.500,761.500 105.270,764.908 138.500,764.052 247.751,764.891 474.500,767.500 617.500,767.500 507.096,775.135 436.500,777.500 436.328,779.837 293.252,781.022 762.880,787.264 263.189,811.189 877.793,829.655 566.500,829.500 261.500,830.500 573.500,838.948 780.500,844.500 94.500,847.500 195.569,851.514 109.000,854.500 191.141,855.074 107.500,855.948 268.371,862.498 339.500,862.500 569.052,865.500 384.226,876.500 751.929,876.129 753.500,877.500 204.265,881.444 650.967,882.277 665.500,886.500 157.435,888.944 390.882,889.500 642.948,889.500 643.500,891.500 642.500,892.500 658.000,895.500 638.500,900.500 646.500,902.098 648.500,901.500 586.213,908.787 619.500,908.500 290.484,910.002 619.500,910.500 138.257,921.170 982.787,920.787 983.500,922.500 103.229,929.037 496.500,931.500 729.500,936.500 338.500,947.500 585.047,950.012 1009.500,953.500 464.500,954.500 249.616,965.193 418.083,972.247 262.223,977.223 559.500,983.500 770.500,986.500 201.500,993.000 489.761,993.328 608.500,993.500 463.500,995.500 885.500,997.500 883.500,998.500 880.337,1002.536 495.454,1009.953 949.773,1009.227 338.346,1019.350 743.000,1022.500
ABB2 746.120,164.500 574.500,316.500 662.598,362.097 533.500,385.500 532.500,386.500 799.764,519.815 698.500,638.500 697.500,639.500 554.483,696.309 734.500,746.500 506.500,775.500
ABB3 210.500,87.500 110.500,106.500 746.500,164.500 922.500,195.500 231.500,357.500 662.722,362.162 799.500,520.500 722.500,524.500 102.500,610.500 902.500,657.500 554.222,696.149 756.500,844.500 44.500,877.500
ABB4 746.500,164.500 574.500,316.500 662.567,362.135 533.500,385.500 532.500,386.500 799.774,519.802 698.500,638.500 697.500,639.500 554.547,696.321 734.500,746.500 506.500,775.500
ABB5 447.500,3.500 693.500,3.500 809.500,4.500 994.500,4.500 348.500,8.500 918.500,9.500 650.500,13.500 780.500,13.500 166.500,14.500 125.500,15.500 802.500,17.500 365.500,24.500 63.500,26.500 320.500,29.500 561.500,29.500 928.500,29.500 335.500,30.500 250.500,34.500 385.500,34.500 562.500,38.500 705.500,38.500 516.500,39.500 823.500,39.500 695.500,44.500 428.500,45.500 792.500,49.500 333.500,51.500 519.500,52.500 538.500,55.500 808.500,55.500 377.500,59.500 209.500,61.500 365.500,65.500 285.500,67.500 915.500,67.500 768.500,68.500 900.500,72.500 883.500,74.500 349.500,79.500 926.500,80.500 730.500,81.500 328.500,87.500 291.500,90.500 299.500,91.500 925.500,93.500 724.500,95.500 66.500,99.500 625.500,102.500 735.500,103.500 776.500,104.500 580.500,105.500 242.500,106.500 37.500,108.500 81.500,108.500 433.500,108.500 578.500,110.500 910.500,110.500 334.500,112.500 963.500,119.500 394.500,120.500 992.500,122.500 55.500,130.500 971.500,133.500 593.500,134.500 944.500,134.500 115.500,135.500 335.500,138.500 953.500,138.500 41.500,139.500 625.500,139.500 208.500,140.500 855.500,142.500 841.500,144.500 509.500,146.500 598.500,146.500 855.500,147.500 847.500,148.500 259.500,154.500 493.500,155.500 826.500,157.500 127.500,159.500 368.500,166.500 809.500,166.500 377.500,171.500 386.500,173.500 969.500,175.500 167.500,180.500 887.500,183.500 901.500,185.500 186.500,187.500 506.500,187.500 902.500,193.500 454.500,194.500 596.500,196.500 803.500,196.500 315.500,197.500 569.500,199.500 639.500,216.500 733.500,218.500 88.500,222.500 393.500,222.500 831.500,224.500 735.500,227.500 829.500,227.500 872.500,230.500 994.500,233.500 77.500,235.500 842.500,235.500 268.500,236.500 460.500,236.500 932.500,237.500 38.500,238.500 677.500,239.500 724.500,243.500 264.500,244.500 15.500,247.500 47.500,247.500 611.500,250.500 474.500,252.500 953.500,252.500 741.500,255.500 761.500,256.500 45.500,257.500 127.500,257.500 725.500,257.500 978.500,257.500 517.500,262.500 247.500,265.500 578.500,265.500 156.500,266.500 517.500,268.500 217.500,271.500 541.500,271.500 278.500,273.500 129.500,275.500 767.500,276.500 395.500,277.500 782.500,280.500 254.500,283.500 571.500,284.500 327.500,285.500 708.500,287.500 382.500,288.500 516.983,289.500 203.500,293.500 159.500,294.500 684.500,296.500 52.500,297.500 250.500,297.500 702.500,297.500 732.500,297.500 184.500,298.500 247.500,298.500 34.500,299.500 730.500,302.500 962.500,302.500 765.500,305.500 487.500,308.500 715.500,308.500 542.500,310.500 378.500,311.500 718.500,313.500 137.500,315.500 709.500,316.500 838.500,316.500 764.500,320.500 63.500,322.500 926.500,322.500 833.500,324.500 212.500,327.500 373.500,330.500 1014.500,330.500 527.500,332.500 16.500,333.500 880.500,337.500 633.500,339.500 817.500,342.500 199.500,344.500 149.500,350.500 968.500,352.500 273.500,354.500 753.500,354.500 267.500,356.500 355.500,356.500 596.500,357.500 387.500,360.500 363.500,361.500 662.860,361.500 982.500,363.500 513.500,364.500 667.500,366.500 307.500,370.500 150.500,371.500 1018.500,373.500 871.500,374.500 225.500,377.500 408.500,380.500 412.500,380.500 601.500,380.500 945.500,381.500 405.500,387.500 535.500,387.500 536.500,389.500 36.500,390.500 13.500,391.500 539.500,392.500 680.500,399.500 746.500,399.500 880.500,399.500 86.500,405.500 625.500,406.500 989.500,417.500 41.500,418.500 76.500,418.500 744.500,419.500 24.500,420.500 234.500,421.500 938.500,422.500 944.500,427.500 538.500,428.500 211.500,430.500 687.500,430.500 752.500,431.500 835.500,434.500 1.500,436.500 596.500,437.500 803.500,440.500 469.500,441.500 165.500,443.500 797.500,444.500 208.500,446.500 406.500,449.500 549.500,450.500 143.500,455.500 419.500,458.500 971.500,458.500 1005.500,462.500 91.500,464.500 260.500,467.500 397.500,468.500 23.500,474.500 818.500,475.500 4.500,479.500 133.500,480.500 182.500,480.500 1022.500,480.500 669.500,482.500 955.500,483.500 628.500,484.500 889.500,484.500 61.500,485.500 1007.500,491.500 943.500,493.500 468.500,494.500 367.500,495.500 660.500,499.500 187.500,500.500 817.500,502.500 975.500,502.500 200.500,519.500 387.500,519.500 673.500,519.500 198.500,521.500 990.500,522.500 268.500,524.500 522.500,524.500 248.500,534.500 738.500,536.500 487.500,537.500 731.500,538.500 749.500,539.500 2.500,542.500 68.500,543.500 248.500,543.500 352.500,543.500 972.500,544.500 348.500,545.500 141.500,546.500 202.500,546.500 837.500,546.500 724.500,548.500 857.500,548.500 419.500,549.500 191.500,550.500 909.500,551.500 940.500,554.500 57.500,556.500 239.500,557.500 841.500,558.500 334.500,560.500 601.500,560.500 182.500,562.500 464.500,562.500 294.500,564.500 739.500,565.500 668.500,568.500 805.500,569.500 940.500,570.500 671.500,571.500 881.500,571.500 359.500,572.500 368.500,572.500 602.500,573.500 327.500,574.500 697.500,577.500 54.500,581.500 447.500,583.500 884.500,587.500 723.500,588.500 835.500,590.500 1018.500,592.500 694.500,595.500 481.500,598.500 795.500,598.500 369.500,599.500 701.500,601.500 569.500,603.500 354.500,605.500 787.500,607.500 885.500,610.500 235.500,612.500 618.500,612.500 283.500,614.500 707.500,615.500 584.500,617.500 427.500,618.500 892.500,618.500 163.500,620.500 916.500,620.500 190.500,629.500 448.500,631.500 1013.500,637.500 698.500,638.500 202.500,640.500 973.500,640.500 115.500,642.500 451.500,643.500 574.500,645.500 719.500,651.500 965.500,651.500 165.500,655.500 660.500,657.500 869.500,657.500 805.500,658.500 937.500,659.500 472.500,660.500 425.500,666.500 558.500,666.500 385.500,669.500 187.500,672.500 693.500,674.500 350.500,675.500 284.500,679.500 922.500,679.500 773.500,681.500 293.500,682.500 648.500,682.500 680.500,684.500 265.500,689.500 844.500,689.500 369.500,690.500 550.500,691.500 552.500,694.500 554.500,695.500 562.500,697.500 557.244,699.500 756.500,702.500 472.500,704.500 841.500,707.500 294.500,708.500 281.500,709.500 446.500,709.500 101.500,715.500 328.500,715.500 340.500,717.500 695.500,719.500 693.500,721.500 896.500,726.500 194.500,728.500 79.500,729.500 371.500,729.500 418.500,734.500 658.500,738.500 566.500,739.500 600.500,741.500 612.500,741.500 231.500,742.500 627.500,742.500 647.500,744.500 529.500,746.500 624.500,746.500 473.500,747.500 728.500,747.500 328.500,750.500 269.500,754.500 628.500,754.500 108.500,756.500 133.500,758.500 205.500,765.500 827.500,765.500 943.500,766.500 836.500,769.500 173.500,774.500 506.500,775.500 438.500,776.500 870.500,776.500 518.500,777.500 531.500,778.500 810.500,778.500 706.500,780.500 769.500,782.500 254.500,783.500 721.500,786.500 124.500,787.500 13.500,794.500 867.500,796.500 215.500,799.500 693.500,799.500 833.500,799.500 911.500,799.500 715.500,802.500 87.500,808.500 333.500,809.500 392.500,809.500 266.500,811.500 442.500,812.500 979.500,815.500 1009.500,821.500 370.500,824.500 382.500,825.500 902.500,825.500 621.500,828.500 157.500,829.500 320.500,831.500 881.500,831.500 1009.500,832.500 767.500,833.500 314.500,834.500 202.500,837.500 687.500,838.500 457.500,841.500 627.500,843.500 158.500,844.500 401.500,846.500 910.500,848.500 173.500,851.500 903.500,855.500 72.500,856.500 855.500,858.500 962.500,858.500 569.500,866.500 884.500,866.500 911.500,868.500 929.500,869.500 926.500,871.500 506.500,876.500 832.500,880.500 461.500,882.500 834.500,882.500 18.500,887.500 367.500,887.500 390.500,889.500 192.500,891.500 780.500,892.500 552.500,893.500 982.500,893.500 451.500,896.500 247.500,899.500 660.500,899.500 90.500,902.500 632.500,903.500 313.500,904.500 728.500,904.500 1001.500,906.500 233.500,907.500 519.500,913.500 858.500,915.500 504.500,916.500 471.500,918.500 820.500,918.500 234.500,919.500 164.500,922.500 450.500,922.500 190.500,923.500 629.500,923.500 648.500,923.500 267.500,928.500 890.500,928.500 683.500,929.500 163.500,932.500 919.500,932.500 260.500,934.500 282.500,936.500 286.500,936.500 238.500,937.500 566.500,938.500 495.500,941.500 666.500,943.500 752.500,943.500 6.500,947.500 894.500,952.500 157.500,954.500 164.500,955.500 104.500,957.500 408.500,958.500 585.500,960.500 387.500,963.500 716.500,966.500 375.500,968.500 649.500,969.500 883.500,971.500 221.500,972.500 1002.500,972.500 16.500,977.500 913.500,979.500 130.500,982.500 224.500,983.500 170.500,984.500 363.500,986.500 499.500,987.500 412.500,988.500 867.500,989.500 756.500,990.500 256.500,992.500 308.500,992.500 152.500,993.500 300.500,994.500 388.500,996.500 546.500,999.500 413.500,1001.500 1008.500,1003.500 913.500,1004.500 463.500,1005.500 908.500,1009.500 385.500,1014.500 441.500,1015.500 488.500,1016.500 1003.500,1017.500 222.500,1018.500 486.500,1021.500 748.500,1021.500
ABB6
ABC0 31.669,4.766 270.981,7.676 985.092,10.756 493.303,12.415 505.638,14.640 13.489,21.153 638.754,21.552 316.183,22.923 529.608,29.406 707.170,39.433 195.699,54.035 31.609,55.889 149.439,55.683 893.643,69.813 516.150,68.679 329.938,70.648 506.189,75.530 709.482,76.003 561.316,83.656 527.857,88.411 460.123,91.636 386.538,105.183 687.881,105.848 629.813,110.000 946.051,116.837 793.038,119.336 457.448,123.354 268.523,131.183 413.224,134.349 693.200,136.516 107.480,138.309 626.578,138.981 499.598,145.489 586.367,159.638 781.954,162.274 163.241,164.245 568.528,164.530 195.646,177.039 392.330,179.290 483.044,180.032 190.211,182.553 908.427,182.492 594.009,184.018 570.513,191.127 629.604,192.964 29.211,194.406 948.672,206.880 734.427,210.197 505.010,210.963 591.528,210.777 454.092,212.259 1000.076,214.663 863.367,215.257 365.865,227.038 572.504,229.212 268.000,231.523 331.810,239.240 666.008,240.559 661.524,242.759 82.690,245.354 566.044,246.707 782.822,250.489 816.342,253.502 380.596,257.873 324.570,259.570 884.259,263.180 866.446,264.933 561.125,265.663 815.284,274.891 501.572,283.953 365.490,287.468 839.363,289.868 39.054,290.938 571.992,291.636 145.720,292.500 314.470,293.618 801.657,295.416 654.776,296.836 947.210,297.886 909.535,299.754 556.186,307.283 176.769,311.427 452.748,318.003 1019.572,317.768 238.004,325.583 32.333,333.072 948.521,338.824 60.488,346.551 793.408,347.847 220.234,359.239 777.715,359.725 598.771,367.567 251.450,367.975 661.433,367.812 235.141,376.529 97.468,379.058 316.997,381.460 544.287,386.710 937.255,388.375 298.522,395.579 975.982,400.650 913.421,399.518 995.847,399.620 999.320,404.874 641.652,405.714 446.357,408.508 532.186,408.310 519.639,410.874 760.202,412.272 930.578,415.547 991.794,414.145 557.223,417.504 1002.445,421.165 997.553,424.493 629.153,431.194 696.933,435.215 475.171,438.095 619.232,440.605 651.671,440.278 941.585,441.623 923.656,445.099 914.376,445.161 49.684,446.004 42.591,448.144 796.602,456.009 257.721,466.613 228.217,467.878 845.915,469.762 962.398,470.148 784.298,472.160 926.342,471.836 310.299,473.707 782.054,477.531 660.370,478.484 865.453,480.839 494.823,482.854 613.204,486.044 1018.612,486.662 1013.452,490.305 101.762,494.109 220.196,493.546 635.070,501.052 507.585,502.440 97.367,506.112 953.172,509.158 640.180,509.386 328.094,510.795 84.934,512.889 461.736,513.376 140.031,516.000 510.704,516.338 928.592,516.568 186.387,518.143 695.462,521.951 948.547,522.986 561.614,526.406 372.690,526.934 166.837,532.529 101.904,539.590 945.007,541.708 934.829,547.632 327.506,548.757 155.200,552.050 560.135,552.352 922.104,554.604 940.046,559.465 928.135,560.771 869.085,570.593 906.496,572.799 586.106,574.342 793.033,575.596 459.849,579.007 555.909,578.913 514.025,585.249 147.836,588.624 898.591,593.274 966.440,593.976 251.986,598.498 430.534,609.393 955.997,612.215 714.873,619.639 968.156,620.407 773.557,623.514 555.074,624.789 712.970,625.306 13.551,631.517 655.964,633.998 496.190,637.822 1018.977,647.987 516.169,651.128 432.078,651.892 803.642,653.740 681.865,653.190 377.386,659.469 221.306,661.427 636.765,661.271 1018.579,669.720 381.902,672.098 870.838,673.604 432.435,678.153 44.511,680.489 798.545,682.587 483.387,684.149 292.971,690.209 355.541,694.615 854.366,693.849 147.268,701.761 11.603,703.269 297.042,703.962 728.912,706.957 270.555,710.302 95.338,712.835 545.209,725.922 985.902,729.133 674.581,731.542 871.537,747.452 470.863,754.389 198.313,761.998 510.371,762.572 288.878,769.211 586.819,767.024 244.446,772.634 953.716,776.341 642.972,779.050 694.695,781.706 610.823,785.757 339.542,786.239 72.058,795.537 746.172,807.518 1009.514,808.483 518.257,820.577 413.311,824.354 504.271,824.036 764.483,824.920 205.879,833.094 334.236,833.075 1004.624,838.508 606.864,839.489 342.779,849.966 455.670,852.057 964.396,853.266 979.967,851.989 1017.407,855.163 142.430,861.419 534.838,865.554 178.743,867.609 335.566,869.560 42.910,869.588 750.426,871.536 194.568,873.929 181.234,877.776 509.164,884.355 558.563,884.853 789.465,900.979 240.127,911.666 431.852,911.492 135.095,912.286 90.434,919.586 562.513,923.272 777.590,926.606 473.719,928.641 125.563,929.189 15.393,930.497 347.412,932.162 149.535,936.791 10.275,938.322 495.049,945.153 798.479,944.820 926.950,953.910 759.281,958.632 459.651,959.685 851.387,960.662 155.365,964.886 262.005,968.470 665.618,969.981 55.266,980.155 988.997,980.981 90.437,985.880 308.159,984.580 42.003,985.528 317.857,999.706 233.228,999.503 159.963,1002.028 962.117,1009.088 735.845,1009.412 158.474,1011.288 194.018,1014.367 545.046,1015.046 276.434,1017.419 675.105,1018.486 50.527,1021.241 954.516,1021.081
ABC1 31.500,4.500 985.500,10.500 638.500,21.500 195.500,53.500 32.500,56.500 893.649,69.855 629.925,109.881 945.500,116.500 413.319,134.635 586.500,159.500 781.500,161.500 190.258,182.285 908.500,183.500 28.500,194.500 1000.500,214.901 998.500,215.500 567.500,246.500 817.500,254.500 866.765,264.838 562.000,265.500 502.500,284.500 654.500,296.500 801.500,296.500 946.500,297.500 556.500,307.500 176.863,311.500 453.500,317.500 238.500,326.107 32.500,333.500 220.500,359.500 598.769,367.480 235.500,377.086 1020.442,379.347 937.006,387.994 976.004,400.606 999.500,404.500 1000.500,405.500 445.500,408.500 519.500,411.500 760.419,412.425 930.598,415.534 629.500,429.500 475.500,437.500 474.500,438.500 941.545,441.509 783.500,472.500 310.500,473.500 494.514,482.537 865.500,481.500 613.325,486.145 634.500,499.500 635.500,500.500 634.000,501.500 328.500,510.896 462.500,514.500 695.500,521.500 949.474,522.783 946.500,522.500 101.500,540.500 944.920,541.746 326.500,548.500 939.360,558.047 928.500,561.500 941.738,562.275 792.500,575.500 898.756,593.215 251.968,598.337 955.967,612.033 713.226,625.226 13.500,631.500 496.490,637.798 1018.546,647.997 432.500,650.500 516.500,651.107 803.625,653.740 431.955,652.500 681.952,653.038 221.500,662.500 432.500,677.500 355.916,694.230 147.212,701.703 11.500,703.500 297.217,703.783 270.500,710.000 545.143,725.748 985.500,729.500 198.181,761.955 288.813,769.310 245.500,772.500 694.463,781.859 611.174,786.054 1009.500,808.500 505.500,823.500 764.719,825.138 504.500,824.500 334.494,833.187 205.500,834.500 1004.683,838.398 606.923,839.549 455.599,852.129 964.500,853.500 1016.500,854.500 178.533,867.500 335.441,869.227 195.255,873.828 240.024,911.500 474.024,928.500 851.293,960.718 459.500,959.500 154.500,964.500 90.372,985.974 317.696,999.590 319.500,1000.500 962.500,1008.500 158.230,1011.505 674.982,1018.371 338.930,1021.577 127.932,1022.500
ABC2 893.688,69.817 1020.616,379.285 975.911,400.538 930.715,415.535 939.500,557.500 803.732,653.625 288.817,769.273 455.597,852.049 850.984,960.500
ABC3 893.670,69.792 466.500,190.500 1020.500,378.979 976.034,400.544 930.275,415.839 264.500,524.500 138.500,543.500 803.500,654.037 612.500,657.500 288.806,769.336 455.753,852.256 548.500,876.500
ABC4 893.749,69.850 1020.643,379.297 975.957,400.604 930.746,415.521 939.500,557.500 803.759,653.579 288.826,769.246 455.561,852.021 850.995,960.500
ABC5 960.500,1.500 435.500,3.500 681.500,3.500 457.500,6.500 15.500,12.500 770.500,13.500 258.500,14.500 280.500,14.500 768.500,17.500 648.500,18.500 369.500,24.500 897.500,25.500 70.500,26.500 340.500,29.500 723.500,38.500 843.500,39.500 397.500,44.500 729.500,44.500 564.500,45.500 136.500,50.500 314.500,52.500 216.500,55.500 828.500,55.500 986.500,56.500 714.500,58.500 954.500,61.500 679.500,62.500 782.500,63.500 893.193,69.480 979.500,65.500 733.500,67.500 80.500,71.500 743.500,74.500 573.500,88.500 129.500,90.929 68.500,93.500 777.500,93.500 874.500,101.500 577.500,103.500 614.500,104.500 416.500,105.500 68.500,106.500 678.500,106.500 336.500,108.500 400.500,110.500 235.500,111.500 110.500,112.500 553.500,120.500 784.500,123.500 465.500,124.500 835.500,129.500 727.500,133.500 694.500,134.500 75.500,138.500 681.500,138.500 793.500,138.500 343.500,139.500 813.500,141.500 559.500,148.500 1013.500,153.500 638.500,157.500 477.500,158.500 1012.500,165.500 980.500,167.500 668.500,172.500 212.500,173.500 959.500,179.500 142.500,182.500 984.500,186.500 599.500,187.500 266.500,190.500 467.500,190.500 482.500,190.500 820.500,191.500 1021.500,191.500 703.500,193.500 180.500,194.500 844.500,195.500 416.500,216.500 679.500,223.500 633.500,226.500 701.500,227.500 689.500,230.500 248.500,234.500 734.500,235.500 840.500,237.500 970.500,237.500 714.500,239.500 390.500,243.500 684.500,243.500 26.500,244.500 234.500,244.500 318.500,252.500 947.500,252.500 392.500,253.500 69.500,255.500 74.500,255.500 719.500,255.500 11.500,257.500 691.500,257.500 873.500,261.500 167.500,265.500 419.500,268.500 615.500,270.500 839.500,271.500 369.500,273.500 934.500,274.500 758.500,276.500 706.500,279.500 698.500,280.500 166.500,283.500 203.500,284.500 243.500,285.500 294.500,288.500 959.500,289.500 870.500,292.500 5.500,294.500 80.500,296.500 934.500,296.500 106.500,297.500 30.500,298.500 550.500,302.500 995.500,305.500 299.500,308.500 340.500,310.500 176.500,311.500 824.500,315.500 545.500,316.500 675.500,316.500 806.500,322.500 727.500,324.500 277.500,330.500 34.500,332.500 460.500,332.500 414.500,333.500 549.500,338.500 593.500,339.500 137.500,341.500 167.500,344.500 165.500,346.500 985.500,348.500 575.500,351.500 283.500,354.500 765.500,354.500 135.500,362.500 44.500,364.500 198.500,366.500 268.500,371.500 62.500,374.500 931.500,374.500 599.500,380.500 659.500,381.500 497.500,383.500 477.500,387.500 66.500,389.500 544.500,391.500 713.500,392.500 85.500,395.500 971.500,395.500 974.500,398.500 852.500,399.500 975.500,400.500 649.500,404.500 112.500,405.500 981.500,406.500 330.500,415.500 807.500,416.500 931.500,416.500 811.500,417.500 887.500,417.500 922.500,417.500 932.500,417.500 518.500,418.500 528.500,419.500 600.500,420.500 656.500,422.500 719.500,426.500 650.500,427.500 248.500,428.500 815.500,435.500 853.500,437.500 245.500,441.500 553.500,444.500 984.500,445.500 968.500,448.500 35.500,452.500 923.500,454.500 846.500,455.500 197.500,458.500 598.500,458.500 891.500,463.500 414.500,472.500 724.500,478.500 845.500,479.500 708.500,480.500 270.500,484.500 721.500,484.500 506.500,492.500 573.500,492.500 290.500,496.500 520.500,498.500 1022.500,498.500 290.500,499.500 841.500,499.500 974.500,499.500 278.500,501.500 453.500,502.500 241.500,504.500 697.500,507.500 890.500,518.500 902.500,520.500 978.500,523.500 208.500,524.500 374.500,524.500 99.500,525.500 381.500,530.500 438.500,536.500 183.500,537.500 121.500,541.500 758.500,541.500 120.500,545.500 1008.500,545.500 631.500,546.500 470.500,547.500 1.500,550.500 324.500,554.500 867.500,555.500 322.500,560.500 833.500,560.500 194.500,562.500 1001.500,565.500 660.500,570.500 389.500,571.500 302.500,573.500 29.500,574.500 464.500,579.500 33.500,589.500 762.500,592.500 537.500,598.500 111.500,599.500 319.500,599.500 119.500,601.500 558.500,606.500 541.500,607.500 106.500,609.500 636.500,609.500 316.500,612.500 1009.500,613.500 900.500,614.500 628.500,618.500 800.500,622.500 914.500,625.500 985.500,626.500 210.500,631.500 861.500,637.500 68.500,640.500 855.500,640.500 777.500,651.500 224.500,652.500 802.500,653.500 927.500,654.500 805.500,655.500 233.500,656.500 804.500,656.500 297.500,657.500 562.500,658.500 28.500,660.500 484.500,661.500 247.500,664.500 59.500,669.500 889.500,671.500 570.500,679.500 11.500,681.500 306.500,682.000 326.500,684.500 7.500,685.500 926.500,688.500 512.500,689.500 39.500,690.500 364.500,691.500 442.500,694.500 472.500,702.500 529.500,707.500 1004.500,707.500 126.500,709.500 793.500,713.500 852.500,713.500 4.500,715.500 58.500,717.500 996.500,717.500 676.500,726.500 660.500,728.500 968.500,731.500 761.500,740.500 476.500,745.500 409.500,746.500 504.500,746.500 614.500,747.500 274.500,750.500 916.500,750.500 205.500,754.500 954.500,756.500 683.500,758.500 44.500,759.500 803.500,762.500 288.910,769.405 197.500,765.500 789.500,765.500 735.500,773.500 223.500,774.500 891.500,777.500 758.500,778.500 532.500,779.500 943.500,785.500 695.500,786.500 410.500,787.500 991.500,793.500 325.500,798.500 517.500,798.500 159.500,799.500 777.500,799.500 665.500,802.500 131.500,807.500 586.500,810.500 324.500,812.500 869.500,815.500 198.500,819.500 296.500,819.500 896.500,821.500 510.500,823.500 244.500,824.500 461.500,828.500 908.500,829.500 1002.500,829.500 1020.500,829.500 405.500,830.500 140.500,831.500 569.500,833.500 112.500,834.500 449.500,840.500 78.500,843.500 463.500,843.500 1012.500,843.500 239.500,846.500 452.500,847.500 455.500,850.500 933.500,850.500 329.500,851.500 457.500,855.500 599.500,855.500 792.500,855.500 549.500,858.500 656.500,858.500 304.500,863.500 743.500,865.500 332.500,867.500 186.500,875.500 514.500,875.500 185.500,882.500 1006.500,890.500 832.500,891.500 774.500,893.500 710.500,894.500 77.500,899.500 946.500,901.500 52.500,904.500 221.500,904.500 77.500,905.500 734.500,915.500 321.500,918.500 670.500,918.500 84.500,919.500 338.500,920.500 60.500,923.500 507.500,923.500 526.500,923.500 426.500,925.500 163.500,928.500 188.500,931.500 210.500,932.500 220.500,936.500 224.500,936.500 404.500,936.500 433.500,941.500 698.500,943.500 878.500,944.500 694.500,945.500 384.500,947.500 858.500,953.500 171.500,954.500 695.500,956.500 542.500,959.500 537.500,960.500 975.500,967.500 471.500,969.500 879.500,971.500 588.500,985.500 129.500,986.500 179.500,988.500 765.500,993.500 647.500,994.500 252.500,996.500 445.500,997.500 131.500,1002.500 886.500,1003.500 801.500,1004.500 841.500,1006.500 903.500,1011.500 126.500,1015.500 372.500,1016.500 90.500,1018.500
ABC6 889.721,65.542 893.482,69.546 897.221,73.677 288.938,769.473
ABD0 651.635,7.861 948.051,7.480 607.114,23.240 941.174,24.088 784.239,29.567 1016.167,29.623 651.479,35.420 838.187,46.940 93.141,49.782 628.201,53.750 731.880,62.488 977.290,61.486 220.975,84.061 661.987,85.281 785.758,85.372 829.432,90.675 517.511,91.487 904.050,92.198 275.179,97.250 293.505,114.218 543.500,117.239 961.744,120.280 913.143,125.565 608.456,126.544 1003.092,129.399 374.164,132.838 726.010,132.016 407.572,136.268 915.340,136.419 325.353,144.313 713.517,149.003 777.992,150.152 252.681,160.067 539.349,160.328 914.662,163.746 66.139,166.564 549.189,166.673 421.209,170.806 532.630,189.505 654.437,193.858 216.359,201.700 609.386,201.525 942.647,208.745 664.334,210.702 942.889,216.917 897.526,219.981 378.865,222.380 988.522,222.272 227.308,225.688 752.087,231.124 9.637,238.375 965.209,239.153 1005.240,243.261 818.528,261.226 852.236,265.998 796.515,266.144 158.026,275.857 992.162,309.231 310.062,320.532 863.633,319.649 742.865,325.826 680.176,328.233 7.455,337.731 730.674,337.242 52.988,344.486 361.356,344.862 653.263,347.546 737.374,348.483 48.483,354.732 355.495,365.436 891.212,369.486 477.103,371.052 74.608,372.337 376.971,373.513 493.476,377.099 538.600,381.270 322.432,387.592 548.711,388.300 256.015,395.288 588.133,397.561 665.951,399.943 246.368,404.610 580.010,407.645 811.949,416.790 838.807,418.318 985.709,424.284 215.062,425.178 26.153,429.425 654.980,435.031 171.472,436.527 716.156,436.495 457.001,445.534 516.064,448.372 73.541,451.871 672.638,456.263 266.477,461.008 661.802,463.861 338.444,468.710 638.662,475.500 722.549,482.253 11.331,488.805 151.367,487.692 424.529,487.621 1006.990,490.575 384.603,493.003 515.293,494.681 71.422,500.396 837.818,508.254 400.472,513.567 66.018,522.356 897.817,523.670 854.619,532.425 116.714,533.483 159.155,534.824 383.736,535.307 1015.373,539.860 710.502,542.802 977.712,542.344 193.510,544.830 208.342,546.491 861.678,548.347 937.290,548.671 673.695,549.692 1012.278,551.847 167.148,552.718 604.792,557.328 83.939,558.011 91.078,561.242 1009.517,560.247 691.354,569.386 414.608,570.125 904.231,572.486 155.309,579.827 814.813,590.452 728.808,593.552 601.157,594.409 1008.516,596.502 648.788,604.473 391.205,611.419 620.458,617.204 200.280,620.673 1010.184,624.518 545.637,628.114 404.951,631.329 916.724,630.703 3.995,640.202 11.809,641.003 694.965,645.672 815.786,652.517 1021.115,651.231 158.477,659.294 642.275,663.021 628.083,663.562 271.558,664.356 448.991,666.115 805.428,669.981 969.870,675.198 955.997,676.303 34.351,677.718 42.722,680.313 531.057,678.829 498.497,678.963 731.472,680.739 970.829,685.581 810.875,688.057 1006.372,698.977 550.736,701.794 112.684,709.771 938.427,713.994 457.743,718.628 275.827,719.397 624.606,721.430 106.945,730.856 399.871,731.771 41.848,734.248 797.527,732.749 255.160,735.525 661.841,737.452 326.902,741.408 583.203,750.238 845.150,759.844 890.264,765.539 315.432,768.759 148.610,768.145 158.429,778.509 934.758,785.598 37.162,791.426 434.032,794.117 143.752,794.361 479.988,795.419 337.745,804.593 636.139,804.350 209.168,808.917 82.738,809.588 397.487,815.334 455.419,818.524 765.563,820.315 394.405,820.556 685.615,820.831 853.719,822.263 825.954,823.160 196.545,827.529 160.746,833.912 597.051,830.465 172.579,835.164 232.457,837.542 735.186,837.460 827.705,837.896 176.987,842.503 162.846,846.585 681.074,847.270 307.831,848.410 614.284,848.016 151.576,850.629 553.035,848.954 737.386,851.168 977.132,856.848 143.311,868.636 135.527,881.512 161.253,879.295 895.311,882.144 72.019,887.925 66.140,890.492 674.504,890.624 511.875,893.343 542.894,894.989 586.034,897.519 14.808,901.126 639.298,915.439 116.542,919.162 533.303,921.290 391.832,923.267 152.291,925.020 214.297,928.728 853.549,940.166 230.624,944.422 526.269,947.429 444.015,948.007 295.563,950.044 129.606,952.630 147.987,952.963 157.409,954.849 292.136,955.144 447.302,957.684 70.382,958.150 64.617,960.448 32.442,964.513 575.448,968.855 73.226,969.933 276.021,969.018 958.648,972.858 767.656,975.196 417.067,975.513 465.955,977.944 63.283,977.926 133.776,981.816 624.388,982.625 65.459,984.003 575.604,984.010 85.186,987.259 717.525,988.060 35.897,999.599 146.564,1002.036 584.755,1007.202 120.128,1008.472 945.258,1009.757 370.732,1012.311 760.118,1014.785 417.269,1017.263
ABD1 651.695,7.908 607.500,23.500 784.249,29.663 627.500,53.500 628.500,54.500 731.500,62.500 661.780,84.799 785.500,84.500 663.500,85.500 786.500,86.500 829.500,90.500 904.085,92.176 274.955,97.805 374.500,131.500 375.500,132.500 374.500,133.500 778.000,150.500 252.500,159.500 253.500,160.500 914.616,164.133 549.500,165.500 548.500,166.500 550.500,166.500 549.500,167.500 2.621,191.598 942.274,208.923 943.500,217.500 379.500,222.500 227.345,225.902 8.500,238.500 1005.794,243.776 852.176,266.013 158.032,275.022 1.500,305.024 3.500,305.500 992.500,309.500 310.731,320.500 680.500,328.500 7.500,338.045 736.500,349.500 355.517,365.290 74.500,372.500 493.298,377.362 538.500,381.500 811.500,416.500 838.500,418.500 171.473,436.554 654.500,435.500 515.891,448.208 661.500,464.500 338.393,468.785 639.500,475.500 11.766,488.766 837.500,507.500 836.500,508.500 838.500,508.500 837.500,509.500 65.500,521.500 897.500,523.500 855.041,532.188 116.917,533.453 208.500,546.024 1012.067,552.034 166.939,552.678 604.955,557.500 83.500,559.500 90.935,561.178 690.976,569.500 154.500,579.500 155.500,580.500 1008.500,596.500 649.500,604.500 391.139,611.445 545.244,628.194 11.779,641.231 694.981,645.711 815.687,652.333 158.500,659.976 642.200,662.800 448.821,666.224 968.500,674.500 956.213,676.213 42.775,680.227 531.043,678.500 498.500,679.500 970.936,685.763 810.922,688.089 938.500,713.500 625.000,721.500 106.991,730.956 41.802,734.330 798.500,732.500 583.932,750.500 845.248,759.725 315.394,768.703 149.500,768.500 158.197,778.621 934.714,785.566 434.500,793.500 433.500,794.500 209.500,808.500 396.500,815.500 765.500,821.500 854.124,822.500 159.713,831.059 161.167,835.269 171.500,835.500 827.500,838.500 176.500,843.500 307.500,847.500 614.500,847.914 681.068,847.500 307.500,849.500 151.763,850.996 976.988,856.943 143.247,868.586 161.500,879.500 895.500,882.024 14.737,901.076 392.500,923.500 853.430,940.292 129.693,952.724 447.500,957.932 64.500,961.500 31.787,965.213 33.500,964.500 73.500,969.500 465.796,978.070 63.500,977.500 62.500,978.500 64.500,978.500 133.760,981.817 624.000,982.500 575.500,983.500 85.305,987.273 717.500,988.500 35.879,999.650 584.515,1007.202 119.783,1008.783 944.500,1009.500 370.500,1012.500 760.500,1014.500 759.500,1015.500
ABD2 651.890,7.500 227.500,225.500 851.500,265.500 171.500,436.500 338.323,468.788 694.925,645.728 42.749,680.285 845.229,759.728 315.420,768.700 161.500,835.902 133.822,981.890 85.324,987.273 35.879,999.810
ABD3 512.500,190.500 842.500,195.500 111.500,357.500 338.500,468.500 716.500,524.500 695.225,646.236 42.819,680.162 845.405,759.675 315.047,768.650 778.500,876.500 133.500,981.500 85.188,987.256 35.500,999.500 36.500,1000.500
ABD4 651.931,7.500 227.500,225.500 851.500,265.500 171.500,436.500 338.285,468.791 695.016,645.609 42.727,680.362 845.236,759.775 315.446,768.759 161.500,835.936 133.846,981.891 85.338,987.312 35.905,999.802
ABD5 968.500,1.500 435.500,3.500 667.500,3.500 779.500,4.500 485.500,7.500 45.500,8.500 790.500,9.500 190.500,10.500 52.500,13.500 608.500,13.500 94.500,14.500 116.500,14.500 973.500,14.500 606.500,17.500 460.500,18.500 553.500,22.500 197.500,24.500 937.500,25.500 186.500,29.500 535.500,38.500 823.500,38.500 590.500,41.500 26.500,42.500 189.500,44.500 354.500,45.500 642.500,47.500 100.500,52.500 1002.500,54.500 310.500,55.500 273.500,63.500 799.500,65.500 43.500,67.500 675.500,67.500 174.500,69.500 950.500,70.500 653.500,74.500 143.500,79.500 464.500,83.500 99.500,91.500 631.500,93.500 206.500,97.500 257.500,97.500 230.500,99.500 940.500,104.500 602.500,106.500 264.500,108.500 155.500,111.500 32.500,112.500 593.500,125.500 383.500,131.500 910.500,133.500 939.500,137.500 533.500,138.500 645.500,138.500 965.500,142.500 995.500,142.500 177.500,143.500 117.500,146.500 206.500,146.500 766.500,147.500 409.500,148.500 809.500,153.500 430.500,157.500 265.500,158.500 702.500,163.500 770.500,165.500 960.500,172.500 89.500,180.500 960.500,181.500 447.500,183.500 501.500,185.500 731.500,185.500 429.500,187.500 676.500,195.500 440.500,200.500 866.500,224.500 383.500,227.500 416.500,230.500 538.500,233.500 448.500,237.500 578.500,237.500 816.500,238.500 326.500,239.500 703.500,241.500 300.500,243.500 666.500,243.500 82.500,253.500 805.500,254.500 810.500,254.500 431.500,255.500 755.500,256.500 409.500,257.500 799.500,261.500 834.500,265.500 153.500,271.500 557.500,271.500 65.500,273.500 620.500,274.500 414.500,276.500 1013.500,276.500 372.500,279.500 820.500,282.500 113.500,284.500 580.500,287.500 723.500,287.500 651.500,289.500 606.500,292.500 1001.500,293.500 276.500,296.500 820.500,297.500 296.500,299.500 313.500,300.500 819.500,305.500 139.500,308.500 188.500,310.500 26.500,311.500 366.500,313.500 486.500,316.500 488.500,318.500 616.500,322.500 720.500,322.500 513.500,324.500 908.500,326.500 50.500,330.500 224.500,332.500 174.500,333.500 319.500,338.500 921.500,340.500 299.500,342.500 740.500,342.500 953.500,343.500 961.500,345.500 737.500,348.500 907.500,349.500 315.500,351.500 690.500,352.500 501.500,354.500 119.500,356.500 41.500,357.500 540.500,358.500 161.500,360.500 866.500,365.500 863.500,370.500 900.500,370.500 708.500,373.500 82.500,380.500 86.500,380.500 277.500,380.500 183.500,383.500 157.500,387.500 780.500,388.500 894.500,389.500 246.500,391.500 432.500,393.500 881.500,394.500 618.500,399.500 824.500,399.500 190.500,404.500 592.500,404.500 30.500,405.500 302.500,410.500 416.500,415.500 899.500,417.500 975.500,417.500 1010.500,417.500 650.500,419.500 950.500,419.500 754.500,420.500 824.500,422.500 238.500,424.500 856.500,427.500 450.500,428.500 176.500,438.500 113.500,443.500 739.500,444.500 145.500,445.500 511.500,445.500 104.500,449.500 517.500,449.500 408.500,451.500 954.500,455.500 470.500,457.500 847.500,458.500 983.500,463.500 469.500,466.500 338.500,468.500 777.500,473.500 751.500,479.500 885.500,479.500 752.500,480.500 381.500,482.500 265.500,484.500 795.500,486.500 663.500,487.500 1014.500,490.500 436.500,491.500 673.500,491.500 554.500,492.500 621.500,492.500 318.500,496.500 536.500,498.500 287.500,504.500 729.500,507.500 948.500,518.500 111.500,519.500 397.500,519.500 233.500,522.500 44.500,524.500 300.500,524.500 207.500,525.500 197.500,541.500 832.500,541.500 34.500,546.500 1003.500,549.500 288.500,554.500 344.500,560.500 855.500,560.500 768.500,561.500 475.500,562.500 108.500,564.500 496.500,568.500 812.500,570.500 511.500,571.500 721.500,571.500 448.500,573.500 177.500,574.500 789.500,574.500 197.500,589.500 747.500,590.500 407.500,598.500 721.500,598.500 297.500,599.500 331.500,601.500 635.500,601.500 543.500,603.500 328.500,605.500 794.500,606.500 850.500,609.500 155.500,612.500 86.500,615.500 478.500,617.500 321.500,618.500 786.500,618.500 24.500,626.500 339.500,627.500 413.500,628.500 19.500,629.500 187.500,630.500 6.500,635.500 7.500,638.500 224.500,640.500 789.500,640.500 696.500,646.500 593.500,647.500 707.500,647.500 697.500,650.500 377.500,653.500 49.500,655.500 245.500,656.500 391.500,656.500 544.500,657.500 683.500,658.500 316.500,660.500 413.500,664.500 193.500,669.500 11.500,672.500 601.500,673.500 41.718,679.397 174.500,675.500 341.500,676.500 886.500,678.500 69.500,681.500 493.500,681.500 11.500,682.500 356.500,682.500 372.500,684.500 922.500,688.500 37.500,690.500 368.500,691.500 472.500,694.500 274.500,697.500 238.500,704.500 499.500,705.500 208.500,709.500 383.500,713.500 933.500,714.500 138.500,715.500 579.500,719.500 283.500,722.500 830.500,726.500 832.500,728.500 313.500,729.500 72.500,732.500 284.500,734.500 408.500,739.500 458.500,741.500 470.500,741.500 99.500,742.500 499.500,742.500 451.500,746.500 546.500,746.500 407.500,747.500 771.500,748.500 924.500,750.500 972.500,751.500 18.500,752.500 845.007,759.493 201.500,754.500 206.500,758.500 309.500,764.500 97.500,765.500 311.500,765.500 19.500,768.500 315.500,768.500 316.500,769.500 1003.500,773.500 425.500,776.500 671.500,777.500 638.500,778.500 414.500,779.500 526.500,785.500 839.500,785.500 43.500,799.500 65.500,807.500 214.500,809.500 514.500,810.500 90.500,811.500 785.500,815.500 785.500,821.500 132.500,824.500 666.500,825.500 206.500,827.500 353.500,828.500 921.500,828.500 822.500,829.500 77.500,830.500 317.500,830.500 56.500,831.500 451.500,833.500 269.500,840.500 97.500,841.500 814.500,843.500 163.500,851.500 453.500,855.500 646.500,855.500 413.500,858.500 520.500,858.500 852.500,858.500 579.500,863.500 708.500,863.500 428.500,866.500 168.500,867.500 456.500,867.500 30.500,875.500 20.500,876.500 37.500,882.500 829.500,885.500 987.500,886.500 712.500,891.500 214.500,893.500 660.500,893.500 551.500,894.500 141.500,900.500 748.500,901.500 858.500,903.500 3.500,904.500 354.500,904.500 635.500,906.500 891.500,906.500 398.500,911.500 480.500,915.500 122.500,916.500 426.500,918.500 850.500,922.500 540.500,928.500 333.500,929.500 1002.500,931.500 172.500,935.500 178.500,936.500 600.500,944.500 96.500,947.500 879.500,953.500 550.500,954.500 92.500,958.500 236.500,959.500 308.500,961.500 680.500,967.500 807.500,967.500 307.500,969.500 533.500,971.500 695.500,971.500 626.500,976.500 131.500,979.500 132.500,980.500 654.500,981.500 82.500,984.932 136.500,985.160 83.500,986.500 85.500,986.500 87.546,989.871 245.500,989.500 341.500,993.500 539.500,994.500 1005.500,996.500 34.500,997.500 35.500,999.500 103.500,1000.500 38.500,1002.500 311.500,1004.500 844.500,1004.500 893.500,1004.500 200.500,1005.500 943.500,1012.500 817.500,1014.500 291.500,1022.500
ABD6 43.045,680.560 845.107,759.583 132.500,980.500 86.500,989.500
ABE0 510.273,4.764 983.880,6.191 661.565,9.989 813.394,24.989 206.853,31.245 4.509,42.455 556.412,49.499 769.412,50.994 323.164,59.201 744.813,58.550 943.130,59.134 451.491,60.561 333.663,62.439 434.463,64.649 589.764,69.350 576.260,75.258 538.906,91.094 760.781,91.157 235.425,93.068 274.760,93.215 183.353,94.368 808.371,95.832 914.377,99.988 361.844,100.960 311.037,110.797 82.553,117.005 546.833,118.346 345.010,120.525 115.080,124.017 131.839,127.236 373.802,129.062 159.710,134.366 871.851,133.939 43.184,140.772 876.677,142.790 351.564,144.447 516.631,148.433 147.090,150.840 369.867,153.345 876.099,163.553 619.555,163.003 327.263,164.158 299.843,170.468 758.935,176.896 847.836,176.984 114.268,182.718 322.486,185.370 39.834,189.471 258.602,190.498 61.622,190.990 973.157,193.627 637.208,194.961 913.125,195.994 919.828,205.839 767.011,210.410 872.774,210.582 449.063,215.310 673.384,214.404 906.022,217.163 879.478,219.260 46.476,228.969 570.027,228.675 289.716,229.351 457.570,236.035 915.140,241.684 810.644,253.929 12.240,253.800 492.976,259.302 68.789,267.460 836.495,269.240 758.348,276.286 187.096,280.038 88.702,290.361 609.636,292.181 866.963,292.008 964.769,296.041 552.710,299.354 817.833,303.146 522.578,304.444 189.938,311.296 720.696,316.514 186.188,321.077 822.062,322.639 832.117,322.989 687.498,326.239 697.651,324.524 163.247,334.449 566.742,334.445 182.216,335.928 756.789,342.750 155.123,343.401 528.275,344.713 775.014,343.984 351.213,345.264 818.526,345.892 742.527,349.538 767.771,357.541 750.080,358.579 908.596,361.849 790.864,365.586 1012.066,365.549 781.269,373.649 944.604,372.879 714.463,374.990 34.186,381.374 129.290,384.426 831.409,393.005 754.368,394.972 1002.260,395.328 767.585,401.240 818.239,407.374 859.454,412.165 512.262,414.052 267.887,414.960 381.358,414.625 724.253,419.887 389.303,431.290 651.548,433.995 581.756,433.870 794.098,435.000 633.107,437.729 809.668,442.661 919.246,443.505 208.159,445.548 729.097,446.461 800.462,445.364 494.425,452.763 586.344,456.105 162.856,459.348 374.152,460.145 212.541,466.910 21.749,468.514 516.013,468.507 70.295,486.031 886.486,495.590 840.731,501.576 210.527,504.018 510.197,505.054 715.888,507.613 104.103,514.438 640.047,514.409 141.582,514.736 689.993,522.011 463.735,525.727 684.310,529.012 276.060,539.240 121.232,539.911 644.504,543.429 941.140,549.536 209.336,551.993 4.811,557.098 153.166,561.314 190.840,561.212 490.499,566.980 762.495,566.146 721.313,573.333 584.110,573.918 810.587,582.044 800.098,585.206 72.450,589.155 763.848,589.596 110.142,591.232 741.849,590.386 160.238,592.210 691.031,592.497 423.009,594.620 205.922,603.068 462.154,604.122 151.784,607.300 795.901,610.641 118.003,613.275 255.466,614.830 778.769,617.290 922.302,621.384 794.498,623.772 901.355,625.510 216.343,631.662 363.930,634.373 241.283,641.685 124.601,645.140 63.107,649.511 779.484,660.440 592.305,660.994 15.880,663.657 35.668,665.693 38.219,671.403 606.163,672.545 131.298,673.540 454.371,674.404 861.575,675.806 242.029,676.640 29.279,679.531 111.239,679.494 69.727,682.396 219.512,684.578 143.894,687.828 703.594,687.115 38.663,688.106 33.196,690.591 396.636,691.616 325.560,691.545 404.183,692.342 114.537,693.974 235.207,693.079 293.448,693.575 119.861,695.361 353.724,699.823 745.138,702.035 314.700,719.620 387.447,719.778 145.702,727.000 232.965,732.471 769.294,736.452 92.736,741.687 179.713,741.353 840.260,748.274 365.385,750.993 43.467,755.784 37.705,758.663 828.703,763.967 890.407,766.577 937.508,767.103 989.223,777.527 201.985,782.581 195.870,789.005 325.512,790.985 508.842,793.021 602.447,793.039 591.414,796.518 983.934,803.678 581.418,809.968 285.379,811.285 302.691,824.278 238.500,827.980 33.910,837.277 536.718,843.717 792.471,845.756 461.677,849.134 81.507,850.861 188.184,860.604 200.948,873.550 238.851,872.611 617.667,880.567 186.128,883.900 384.489,887.416 132.607,898.978 387.406,899.999 459.804,901.713 82.411,908.821 16.358,919.723 995.971,921.510 275.243,925.046 232.283,929.258 457.902,934.266 12.319,942.261 488.802,942.276 665.678,941.145 456.671,943.633 298.902,946.043 765.733,950.905 86.734,964.149 95.512,965.543 329.540,967.728 206.784,973.666 886.536,983.828 552.040,990.478 757.988,996.513 121.890,1000.592 129.716,1000.312 910.978,1014.732 991.414,1014.833 988.318,1020.785
ABE1 510.500,4.500 982.500,5.500 984.252,6.204 812.500,24.500 813.500,25.500 206.500,32.000 4.538,42.749 452.500,60.500 333.341,62.648 335.500,63.500 589.542,68.973 590.500,70.500 576.500,75.500 760.578,91.283 538.500,91.500 235.549,93.061 275.500,93.500 182.500,94.500 362.500,99.500 361.500,100.500 310.500,110.500 311.500,111.500 82.500,116.500 546.500,119.500 114.500,124.500 131.500,127.000 374.500,127.500 373.500,128.500 373.500,130.500 159.812,134.227 872.018,133.982 43.500,141.500 877.011,142.674 516.500,148.024 517.500,149.500 146.500,151.500 876.659,162.538 328.500,164.500 300.500,169.500 759.500,175.500 113.777,182.523 40.500,189.500 257.500,191.500 636.500,194.928 638.500,194.976 912.500,195.500 919.500,206.500 450.500,214.500 449.500,215.500 448.500,216.500 905.757,217.500 878.500,218.500 570.500,228.500 457.483,236.006 915.005,241.953 810.772,253.979 12.500,253.500 493.080,259.469 68.500,267.500 836.500,269.500 87.500,290.500 609.500,291.500 964.500,296.500 552.500,299.500 817.616,303.186 189.812,310.773 720.669,316.476 186.207,321.157 822.257,322.257 832.139,323.127 687.983,324.220 698.500,324.500 687.211,328.191 163.229,334.239 566.534,334.572 182.242,335.627 180.500,336.500 757.023,342.484 774.500,342.951 528.151,344.772 776.500,343.500 351.500,345.500 742.500,350.000 767.716,357.817 749.500,356.500 750.500,357.500 749.000,358.500 752.500,361.000 781.484,373.767 944.500,373.500 714.250,375.005 34.500,380.500 33.500,381.500 129.500,383.500 831.342,392.830 767.500,400.500 768.500,401.500 767.500,402.500 818.237,407.251 819.500,408.500 859.500,411.500 512.765,414.500 381.500,414.500 651.667,433.822 580.500,433.500 794.248,435.151 632.500,437.000 809.500,443.500 918.500,443.500 730.500,445.500 800.500,445.500 728.888,446.500 494.329,452.623 586.500,454.500 586.500,456.500 162.806,459.579 373.500,459.500 374.500,460.951 212.526,466.894 515.500,467.500 68.500,484.500 70.068,486.145 840.500,501.500 510.391,504.645 509.500,506.500 640.175,514.496 104.740,515.214 141.500,514.500 463.500,524.500 464.500,525.500 463.500,526.500 275.500,539.928 644.500,543.500 941.277,549.500 5.072,556.500 6.500,557.500 153.123,561.299 191.038,561.049 490.475,566.904 721.500,573.000 810.500,582.500 799.500,583.500 800.000,585.500 462.280,604.061 152.500,607.405 796.025,610.506 118.500,612.500 255.766,615.022 778.641,617.016 901.500,625.500 125.500,645.500 63.120,649.579 779.500,659.928 592.787,661.213 15.861,663.649 778.500,661.500 38.500,671.928 453.500,675.500 862.188,676.227 859.500,676.500 69.450,682.735 219.500,684.500 143.444,687.781 703.500,687.500 38.928,688.500 396.872,691.587 324.500,691.500 404.500,692.951 114.768,694.216 353.574,699.500 355.500,700.500 315.500,720.500 233.500,731.500 769.500,736.000 92.810,741.745 179.500,740.500 840.255,748.328 365.500,751.500 828.500,763.500 827.500,764.500 830.500,764.500 936.500,767.500 988.888,777.500 202.500,782.500 508.773,792.812 591.500,796.500 983.500,802.500 985.500,803.500 581.500,808.500 580.500,809.500 582.500,809.500 536.685,844.045 791.500,844.500 792.500,846.500 461.500,849.500 188.500,860.500 187.500,861.500 201.363,873.478 618.500,880.500 186.027,883.863 383.500,886.500 387.532,899.948 132.500,899.500 459.807,901.245 82.230,908.834 16.321,919.445 997.500,920.500 994.500,921.500 995.500,922.500 276.500,923.500 275.500,925.500 458.005,934.366 11.500,941.500 12.500,942.500 489.500,942.500 299.201,945.921 297.500,947.500 86.817,964.123 329.500,966.500 206.919,973.871 552.500,989.876 757.812,996.227 121.979,1000.559 909.500,1014.500 911.500,1014.500 991.500,1015.000 988.430,1021.127
ABE2 720.690,316.298 767.500,358.500 212.486,466.823 214.500,465.500 490.500,567.500 63.116,649.722 15.951,663.639 185.808,883.739 86.868,964.058
ABE3 720.746,316.290 971.500,356.500 212.679,466.856 856.500,609.500 63.500,649.500 662.500,657.500 15.902,663.891 518.500,844.500 850.500,876.500 86.830,964.059
ABE4 720.700,316.218 767.500,358.500 212.434,466.719 214.500,465.500 490.500,567.500 63.121,649.732 15.991,663.606 185.991,883.500 86.951,964.019
ABE5 962.500,1.500 433.500,3.500 679.500,3.500 911.500,5.500 103.500,8.500 989.500,11.500 620.500,13.500 742.500,13.500 126.500,14.500 91.500,15.500 323.500,17.500 642.500,18.500 79.500,26.500 364.500,29.500 605.500,29.500 976.500,29.500 294.500,34.500 429.500,34.500 598.500,38.500 941.500,38.500 5.500,39.500 2.500,40.500 816.500,41.500 252.500,42.500 428.500,43.500 558.500,45.500 804.500,46.500 832.500,47.500 63.500,48.500 792.500,49.500 306.500,52.500 203.500,54.500 510.500,55.500 936.500,56.500 670.500,58.500 169.500,61.500 866.500,64.500 297.500,65.500 233.500,67.500 759.500,67.500 706.500,68.500 364.500,69.500 647.500,70.500 691.500,79.500 912.500,80.500 940.500,83.500 703.500,88.500 263.500,90.500 247.500,91.500 873.500,93.500 310.500,97.500 919.500,98.500 629.500,103.500 22.500,105.500 440.500,105.500 77.500,111.500 273.500,111.500 154.500,112.500 727.500,114.500 609.500,120.500 824.500,123.500 641.500,127.500 607.500,128.500 697.500,133.500 309.500,134.500 643.500,138.500 755.500,138.500 234.500,141.500 753.500,141.500 47.500,143.500 529.500,144.500 187.500,146.500 276.500,146.500 497.500,148.500 524.500,157.500 365.500,158.500 741.500,158.500 804.500,163.500 20.500,166.500 475.500,166.500 743.500,166.500 76.500,173.500 189.500,181.500 863.500,181.500 64.500,182.500 835.500,185.500 902.500,186.500 196.500,187.500 679.500,188.500 538.500,193.500 88.500,194.500 221.500,195.500 752.500,195.500 447.500,196.500 979.500,196.500 878.500,198.500 217.500,208.500 951.500,208.500 274.500,216.500 431.500,218.500 800.500,221.500 77.500,222.500 557.500,222.500 533.500,223.500 968.500,224.500 479.500,226.500 525.500,230.500 694.500,233.500 803.500,234.500 538.500,235.500 994.500,235.500 164.500,236.500 628.500,237.500 758.500,237.500 990.500,238.500 492.500,239.500 877.500,241.500 172.500,243.500 472.500,243.500 838.500,243.500 416.500,244.500 395.500,250.500 813.500,256.500 889.500,256.500 461.500,257.500 712.500,257.500 645.500,261.500 223.500,262.500 957.500,264.500 262.500,265.500 187.500,268.500 897.500,270.500 195.500,271.500 484.500,276.500 59.500,277.500 448.500,279.500 418.500,280.500 910.500,282.500 981.500,284.500 308.500,287.500 128.983,289.500 661.500,289.500 674.500,290.500 604.500,292.500 765.500,293.500 852.500,295.500 290.500,296.500 688.500,296.500 843.500,296.500 306.500,297.500 336.500,297.500 276.500,299.500 926.500,300.500 308.500,302.500 540.500,302.500 363.500,305.500 761.500,305.500 489.500,306.500 53.500,308.500 722.110,318.349 936.500,310.500 566.500,315.500 406.500,316.500 272.500,320.500 581.500,321.500 415.500,322.500 488.500,322.500 245.500,324.500 819.500,324.500 956.500,327.500 933.500,328.500 757.500,329.500 898.500,331.500 382.500,332.500 69.500,334.500 192.500,337.500 459.500,343.500 666.500,344.500 47.500,345.500 437.500,345.500 219.500,348.500 389.500,349.500 805.500,350.500 991.500,353.500 497.500,355.500 585.500,355.500 812.500,356.500 976.500,357.500 24.500,358.500 571.500,359.500 549.500,360.500 772.500,360.500 253.500,361.500 136.500,363.500 691.500,363.500 248.500,365.500 290.500,365.500 531.500,369.500 335.500,370.500 198.500,373.500 43.500,374.500 403.500,376.500 691.500,386.500 309.500,388.500 946.500,388.500 333.500,390.500 869.500,391.500 598.500,395.500 54.500,399.500 189.500,399.500 576.500,403.500 412.500,404.500 951.500,405.500 828.500,414.500 287.500,416.500 293.500,417.500 369.500,417.500 344.500,419.500 267.500,422.500 646.500,423.500 601.500,425.500 3.500,428.500 525.500,429.500 151.500,434.500 926.500,436.500 403.500,440.500 817.500,440.500 521.500,444.500 716.500,448.500 822.500,450.500 354.500,455.500 890.500,456.500 221.500,462.500 208.270,463.500 210.458,465.257 94.500,465.500 588.500,465.500 735.500,465.500 869.500,465.500 212.842,467.188 460.500,466.500 609.500,467.500 215.500,468.500 960.500,474.500 59.500,478.500 127.500,479.500 261.500,479.500 126.500,480.500 801.500,481.500 685.500,483.500 183.500,484.500 729.500,485.500 414.500,490.500 990.500,491.500 33.500,492.500 964.500,494.500 796.500,495.500 1016.500,497.500 315.500,499.500 448.500,499.500 784.500,500.500 179.500,507.500 110.500,515.500 418.500,518.500 607.500,518.500 731.500,521.500 562.500,523.500 822.500,523.500 181.500,524.500 336.500,531.500 17.500,532.500 54.500,536.500 77.500,539.500 418.500,542.500 704.500,542.500 211.500,546.500 98.500,548.500 231.500,548.500 569.500,549.500 173.500,558.500 700.500,559.500 938.500,559.500 419.500,560.500 566.500,561.500 23.500,562.500 600.500,563.500 127.500,569.500 250.500,570.500 689.500,571.500 698.500,571.500 363.500,573.500 651.500,573.500 235.500,574.500 173.500,575.500 382.500,580.500 777.500,582.500 855.500,583.500 914.500,584.500 182.500,587.500 591.500,588.500 998.500,594.500 801.500,597.500 91.500,598.500 715.500,600.500 1019.500,600.500 891.500,602.500 662.500,604.500 106.500,606.500 218.500,608.500 895.500,609.500 424.500,614.500 443.500,615.500 661.500,617.500 100.500,618.500 389.500,619.500 623.500,620.500 557.500,623.500 356.500,625.500 437.500,626.500 436.500,628.500 491.500,629.500 586.500,629.500 484.500,632.500 248.500,640.500 805.500,642.500 944.500,644.500 253.500,651.500 738.500,651.500 66.929,652.500 261.500,654.500 609.500,655.500 755.500,655.500 906.500,656.500 74.500,658.500 141.500,659.500 11.500,660.921 18.330,665.698 51.500,664.500 177.500,664.500 503.500,668.500 302.500,671.500 879.500,672.500 364.500,678.500 485.500,679.500 451.500,680.500 746.500,683.500 419.500,684.500 958.500,687.500 311.500,688.500 890.500,688.500 399.500,689.500 724.500,690.500 322.500,691.500 770.500,693.500 746.500,701.500 557.500,702.500 818.500,702.500 303.500,703.500 488.500,703.500 291.500,708.500 456.500,708.500 657.500,710.500 765.500,710.500 125.500,714.500 354.500,714.500 978.500,716.500 781.500,720.500 215.500,728.500 509.500,728.500 656.500,728.500 939.500,729.500 4.500,730.500 308.500,731.500 185.500,738.500 700.500,738.500 740.500,740.500 752.500,740.500 762.500,741.500 785.500,741.500 768.500,744.500 695.500,745.500 790.500,745.500 631.500,746.500 888.500,746.500 1007.500,747.500 134.500,750.500 473.500,753.500 173.500,754.500 306.500,755.500 178.500,756.500 478.500,757.500 931.500,757.500 292.500,758.500 463.500,764.500 71.500,765.500 193.500,766.500 481.500,767.500 646.500,769.500 491.500,773.500 8.500,775.500 186.500,776.500 870.500,776.500 273.500,777.500 889.500,777.500 144.500,778.500 337.500,785.500 878.500,789.500 375.500,793.500 709.500,797.500 901.500,797.500 543.500,798.500 3.500,799.500 143.500,799.500 221.500,799.500 543.500,806.500 381.500,807.500 40.500,808.500 359.500,821.500 776.500,824.500 276.500,825.500 468.500,829.500 562.500,829.500 580.500,829.500 730.500,830.500 165.500,833.500 730.500,833.500 701.500,835.500 628.500,836.500 87.500,838.500 597.500,839.500 672.500,842.500 815.500,845.500 529.500,850.500 959.500,850.500 245.500,855.500 438.500,855.500 708.500,855.500 222.500,858.500 972.500,862.500 375.500,863.500 504.500,863.500 937.500,864.500 395.500,865.500 977.500,865.500 280.500,868.500 948.500,874.500 259.500,876.500 256.500,880.500 913.500,881.500 1016.500,885.500 187.500,886.500 794.500,888.500 632.500,890.500 456.500,891.500 192.500,892.500 687.500,898.500 78.500,899.500 817.500,899.500 923.500,899.500 522.500,901.500 743.500,903.500 134.500,904.500 659.500,904.500 655.500,906.500 551.500,907.500 346.500,909.500 128.500,911.500 244.500,915.500 150.500,918.500 588.500,918.500 844.500,919.500 995.500,922.500 1012.500,922.500 908.500,924.500 665.500,927.500 457.500,928.500 57.500,929.500 565.500,931.500 370.500,934.500 866.500,934.500 684.500,935.500 688.500,935.500 640.500,936.500 960.500,937.500 883.500,940.500 2.500,943.500 665.500,945.500 366.500,946.500 804.500,950.500 270.500,952.500 545.500,953.500 220.500,954.500 43.500,956.500 802.500,957.500 86.187,963.589 951.500,959.500 725.500,962.500 451.500,967.500 145.500,971.500 305.500,971.500 497.500,971.500 250.500,972.500 300.500,976.500 426.500,981.500 361.500,982.500 466.500,983.500 70.500,985.500 700.500,987.500 145.500,989.500 46.500,990.500 592.500,991.500 644.500,991.500 465.500,994.500 766.500,995.500 23.500,996.500 971.500,997.500 906.500,998.500 122.500,1000.500 765.500,1000.500 257.500,1004.500 794.500,1004.500 843.500,1004.500 150.500,1005.500 619.500,1005.500 931.500,1012.500 443.500,1013.500 865.500,1013.500 706.500,1014.500 805.500,1014.500 954.500,1015.500 924.500,1020.500 265.500,1022.500
ABE6 715.500,310.500 716.500,312.500 718.029,313.500 719.491,315.500 721.727,318.113 724.786,321.192 208.500,463.500 17.500,664.500 19.500,666.500 86.513,963.935
ABF0 713.543,4.023 548.219,19.184 313.762,20.942 562.046,25.527 472.933,27.613 420.244,28.565 467.862,31.031 484.477,33.293 508.567,34.690 772.119,34.967 469.599,38.946 118.074,41.782 485.865,44.045 466.537,43.965 454.853,45.307 865.469,48.412 507.349,49.710 925.959,49.502 494.702,54.160 935.451,52.496 96.591,53.449 795.219,64.807 934.421,65.343 575.097,69.228 897.022,76.033 877.416,81.239 556.853,85.348 712.740,90.258 997.454,92.868 459.824,93.721 51.307,98.743 77.191,102.509 936.182,110.682 622.607,111.792 523.512,114.634 627.548,114.489 124.358,118.267 984.796,119.378 943.466,123.883 907.720,127.098 894.795,128.489 859.896,129.890 835.159,141.861 136.728,145.993 909.253,148.914 843.347,147.886 788.773,148.548 565.099,151.210 924.289,154.531 894.984,156.506 721.952,163.956 965.049,164.729 835.289,167.021 909.480,168.061 925.556,170.491 650.452,171.558 800.459,185.274 715.568,189.507 698.606,191.197 253.323,201.932 698.462,203.045 737.717,202.693 114.848,207.387 923.815,211.664 812.534,212.771 738.294,213.531 948.110,218.235 271.976,219.751 957.655,222.760 318.607,222.549 868.392,224.133 200.050,227.430 479.732,235.919 336.959,239.301 528.878,239.664 308.948,249.404 256.093,248.716 709.777,250.383 235.013,250.325 739.402,255.386 443.395,266.292 698.089,266.886 822.718,274.238 697.040,276.789 646.263,280.302 232.993,288.693 144.029,293.297 602.957,296.481 1002.568,297.755 98.922,299.866 810.122,306.147 2.811,312.979 545.721,315.384 901.688,325.270 233.881,329.098 247.825,332.403 725.858,343.076 225.474,357.439 919.973,362.436 760.561,373.982 996.619,374.634 335.740,380.185 202.686,394.398 683.832,395.717 915.362,398.675 731.738,400.568 417.903,401.640 755.237,408.673 140.779,417.980 631.370,420.868 146.369,423.709 496.838,423.542 455.968,427.014 558.900,433.130 106.352,439.180 211.456,447.228 346.867,452.659 204.231,455.252 380.196,465.336 374.901,467.789 594.731,468.473 992.060,471.912 445.402,472.552 948.503,477.828 227.584,482.834 884.550,490.677 768.503,494.994 793.488,494.470 898.978,494.293 938.806,503.969 762.343,515.276 899.999,525.966 658.960,528.161 161.070,537.275 483.424,557.984 543.894,566.049 823.323,568.922 992.528,580.463 511.277,586.343 126.508,586.959 911.327,587.699 1009.367,587.545 143.698,591.272 708.517,601.205 931.614,611.592 235.381,615.867 138.285,620.670 717.034,640.065 321.555,641.761 521.659,642.641 624.901,643.971 217.668,667.577 968.008,668.564 372.109,673.679 404.100,676.059 572.534,675.792 154.194,683.779 432.051,688.679 12.514,691.108 962.870,698.673 256.999,699.661 279.229,705.112 758.563,713.508 873.606,728.358 391.221,734.568 176.824,739.153 710.592,739.408 470.780,742.536 737.138,744.424 597.726,749.413 1017.373,752.301 930.224,755.991 756.927,759.002 350.034,765.684 342.616,770.606 586.200,777.509 231.387,778.318 551.985,780.096 574.623,784.454 997.983,784.484 673.496,786.061 577.466,788.475 710.813,788.343 443.609,790.309 750.466,790.461 874.257,790.743 975.994,792.643 574.350,797.995 984.968,801.490 306.505,806.153 845.467,809.476 818.389,811.448 886.520,813.263 193.367,815.365 298.000,816.970 861.274,817.765 22.657,823.800 417.654,827.636 313.835,831.676 616.744,831.505 563.204,844.539 582.176,847.936 221.645,849.661 582.141,854.500 667.806,854.435 780.899,856.924 960.808,862.507 549.960,864.294 255.562,865.537 651.402,868.125 738.916,870.158 778.735,874.759 484.303,878.859 37.718,880.580 385.243,886.924 372.620,889.829 717.958,895.661 592.378,896.715 700.585,904.251 640.705,907.347 357.929,908.815 998.375,917.762 366.858,923.169 857.655,922.607 299.442,924.043 339.906,929.110 876.648,935.069 945.663,948.088 147.961,950.314 425.859,952.622 252.988,960.035 194.340,966.746 843.670,976.137 374.684,977.426 726.158,980.832 902.282,991.473 430.975,995.663 749.928,1000.416 361.142,1003.044 173.351,1004.351 672.329,1013.072
ABF1 472.796,27.563 420.500,28.500 467.500,32.049 484.580,32.933 508.500,33.500 509.500,35.500 464.741,37.669 470.559,39.325 119.500,41.500 485.786,44.107 465.500,43.500 466.500,44.500 453.500,45.500 926.062,49.175 495.024,53.689 497.500,54.500 492.500,56.500 795.500,65.500 935.500,66.500 575.500,69.147 897.500,74.500 897.500,76.500 877.280,81.438 557.500,84.500 713.500,90.500 712.500,91.500 997.287,92.697 460.201,93.220 461.500,94.500 77.336,102.809 935.500,110.049 937.185,111.222 622.579,111.988 627.500,113.500 523.500,114.500 628.500,114.500 627.500,115.500 124.500,119.500 984.914,119.500 943.500,123.500 907.539,127.004 859.500,129.500 835.224,141.974 136.500,146.500 843.489,147.838 909.419,148.798 565.500,152.500 895.172,156.721 925.500,158.500 924.500,159.500 722.017,164.017 964.789,163.809 966.500,164.500 835.223,166.786 965.500,165.500 909.292,168.023 649.500,171.500 800.500,185.500 715.500,190.500 253.483,201.871 698.500,202.500 737.500,202.500 697.500,204.500 923.771,211.649 812.765,212.655 948.500,218.500 959.972,220.994 956.500,222.500 957.500,223.976 955.500,224.500 956.500,225.500 198.500,226.500 200.226,227.774 478.500,235.500 480.500,235.500 337.500,239.500 308.895,249.506 255.761,248.795 712.500,248.500 709.130,250.652 739.500,256.500 698.009,266.968 443.000,266.500 696.801,276.235 144.500,293.500 602.500,295.500 603.500,296.500 1002.500,297.500 810.500,307.500 2.500,312.147 545.895,315.703 234.126,329.261 725.500,343.500 225.443,357.735 920.072,362.500 760.615,373.834 996.500,374.500 202.500,394.500 558.500,431.500 559.000,433.500 106.170,439.227 211.500,446.500 346.768,452.799 204.000,455.500 380.500,464.500 379.500,465.500 374.500,468.500 595.500,468.500 992.239,471.832 948.500,478.500 884.802,490.657 899.500,494.500 939.500,503.024 899.000,525.500 160.799,537.306 162.500,537.500 823.049,568.500 144.500,591.049 931.500,611.000 521.770,642.624 217.734,667.568 968.070,668.466 969.500,669.500 371.975,673.782 404.787,676.213 402.500,676.500 432.500,688.500 12.970,690.980 11.500,692.500 257.500,699.500 758.500,713.500 872.500,727.500 874.500,727.500 873.000,729.500 392.500,733.500 391.261,734.816 710.500,738.500 177.000,739.500 711.500,739.500 736.500,745.500 598.500,749.500 756.847,759.013 930.500,756.500 350.500,764.500 586.168,777.184 231.500,777.500 552.500,779.500 550.500,780.500 576.833,788.225 672.500,787.500 710.500,788.500 750.500,790.500 573.858,798.239 306.399,806.145 886.787,812.787 298.500,817.500 22.500,823.845 417.729,827.500 313.942,831.706 418.500,829.500 221.678,849.673 582.500,848.500 667.755,854.462 581.780,855.201 959.833,862.225 962.500,862.500 961.500,863.500 550.500,864.500 738.761,870.205 482.951,878.500 485.500,879.500 37.500,880.500 384.722,886.860 718.500,894.500 699.500,904.500 701.500,905.500 358.500,908.500 998.500,917.500 299.500,922.500 857.500,922.500 300.500,923.500 366.500,924.000 299.500,924.500 339.787,929.213 876.968,935.184 945.500,947.500 148.500,948.500 944.500,948.500 945.951,949.500 194.347,966.786 374.213,977.213 725.500,980.500 671.500,1012.500
ABF2 485.500,44.500 923.852,211.625 309.500,249.500 106.092,439.500 522.155,642.769 756.899,758.937 221.500,849.500 194.370,966.795
ABF3 98.500,87.500 923.725,211.626 226.500,524.500 104.500,543.500 836.500,657.500 757.092,759.067 726.500,844.500 934.500,876.500 194.241,966.803
ABF4 485.500,44.500 923.884,211.624 106.052,439.500 522.179,642.776 756.924,758.901 221.500,849.500 194.358,966.821
ABF5 970.500,1.500 447.500,3.500 693.500,3.500 929.500,5.500 457.500,6.500 541.500,7.500 332.500,8.500 304.500,10.500 650.500,13.500 272.500,14.500 294.500,14.500 129.500,15.500 694.500,18.500 389.500,24.500 83.500,26.500 306.500,29.500 537.500,29.500 904.500,29.500 311.500,30.500 402.500,38.500 529.500,38.500 631.500,39.500 98.500,43.500 100.500,45.500 450.500,46.500 707.500,47.500 400.500,49.500 734.500,49.500 89.500,52.500 768.500,54.500 352.500,55.500 769.500,60.500 205.500,62.500 9.500,63.500 899.500,64.500 823.500,66.500 325.500,67.500 282.500,68.500 726.500,70.500 422.500,72.500 405.500,74.500 44.500,77.500 257.500,79.500 470.500,80.500 476.500,83.500 831.500,89.500 305.500,93.500 228.500,95.500 918.500,96.500 969.500,96.500 590.500,98.500 942.500,98.500 616.500,104.500 12.500,105.500 276.500,106.500 368.500,106.500 499.500,107.500 543.500,107.500 962.500,107.500 653.500,110.500 849.500,110.500 734.500,111.500 283.500,114.500 289.500,119.500 725.500,122.500 738.500,122.500 971.500,123.500 47.500,124.500 195.500,127.500 177.500,128.500 369.500,129.500 273.500,133.500 689.500,137.500 949.500,138.500 540.500,139.500 371.500,141.500 149.500,142.500 649.500,142.500 679.500,142.500 883.500,142.500 795.500,145.500 876.500,145.500 398.500,147.500 29.500,148.500 357.500,153.500 577.500,154.500 831.500,157.500 50.500,160.500 368.500,165.500 316.500,167.500 573.500,170.500 4.500,172.500 109.500,175.500 339.500,179.500 679.500,180.500 333.500,181.500 558.500,181.500 313.500,185.500 724.500,186.500 734.500,189.500 933.500,189.500 948.500,189.500 581.500,190.500 153.500,193.500 794.500,195.500 1001.500,195.500 513.500,196.500 404.500,198.500 741.500,198.500 920.533,208.140 687.500,207.500 381.500,208.500 926.044,213.892 637.500,215.500 813.500,215.500 311.500,220.500 791.500,221.500 767.500,222.500 771.500,223.500 184.500,224.500 697.500,225.500 657.500,226.500 751.500,226.500 784.500,229.500 894.500,232.500 734.500,234.500 352.500,235.500 166.500,238.500 696.500,238.500 662.500,242.500 4.500,243.500 606.500,243.500 309.500,249.500 779.500,251.500 527.500,254.500 405.500,256.500 697.500,260.500 875.500,260.500 930.500,264.500 31.500,267.500 425.500,269.500 937.500,269.500 639.500,270.500 724.500,273.500 538.500,275.500 490.500,278.500 249.500,283.500 408.500,286.500 88.500,287.500 947.500,291.500 782.500,295.500 980.500,295.500 392.500,298.500 668.500,301.500 873.500,304.500 220.500,305.500 599.500,305.500 403.500,307.500 968.500,309.500 56.500,310.500 420.500,312.500 561.500,315.500 564.500,317.500 857.500,320.500 700.500,321.500 613.500,323.500 1012.500,325.500 149.500,329.500 329.500,331.500 848.500,331.500 688.500,336.500 349.500,341.500 794.500,341.500 546.500,342.500 196.500,344.500 607.500,344.500 1001.500,344.500 807.500,347.500 993.500,348.500 397.500,350.500 791.500,350.500 95.500,355.500 183.500,355.500 430.500,356.500 884.500,362.500 415.500,363.500 998.500,364.500 16.500,365.500 265.500,369.500 67.500,370.500 958.500,372.500 803.500,373.500 264.500,374.500 171.500,376.500 681.500,378.500 8.500,380.500 491.500,382.500 475.500,386.500 125.500,388.500 766.500,388.500 151.500,390.500 404.500,395.500 914.500,398.500 25.500,399.500 404.500,403.500 802.500,403.500 238.500,404.500 779.500,405.500 504.500,409.500 938.500,411.500 642.500,414.500 109.500,417.500 892.500,418.500 162.500,419.500 984.500,419.500 356.500,420.500 79.500,422.500 93.500,426.500 815.500,427.500 297.500,429.500 983.500,433.500 135.500,435.500 712.500,436.500 157.500,437.500 921.500,439.500 571.500,440.500 109.500,441.500 235.500,442.500 859.500,443.500 274.500,445.500 270.500,448.500 480.500,448.500 619.500,449.500 296.500,450.500 620.500,450.500 680.500,456.500 489.500,457.500 890.500,457.500 930.500,464.500 406.500,465.500 553.500,465.500 687.500,465.500 433.500,467.500 194.500,468.500 984.500,477.500 983.500,478.500 91.500,479.500 974.500,479.500 623.500,481.500 917.500,482.500 523.500,483.500 951.500,486.500 967.500,490.500 327.500,494.500 794.500,494.500 137.500,499.500 270.500,499.500 775.500,501.500 933.500,501.500 585.500,503.500 7.500,507.500 672.500,520.500 416.500,523.500 682.500,523.500 583.500,524.500 816.500,529.500 932.500,535.500 683.500,536.500 464.500,542.500 570.500,542.500 622.500,544.500 433.500,545.500 494.500,545.500 113.500,546.500 18.500,548.500 751.500,548.500 523.500,549.500 27.500,550.500 221.500,551.500 876.500,553.500 885.500,553.500 274.500,554.500 415.500,555.500 613.500,556.500 215.500,558.500 750.500,559.500 1021.500,559.500 626.500,561.500 896.500,561.500 682.500,563.500 301.500,564.500 143.500,565.500 221.500,569.500 994.500,569.500 244.500,570.500 376.500,570.500 795.500,571.500 804.500,571.500 826.500,571.500 475.500,573.500 347.500,574.500 127.500,577.500 534.500,580.500 139.500,588.500 715.500,588.500 408.500,592.500 240.500,594.500 74.500,595.500 775.500,598.500 232.500,606.500 211.500,607.500 376.500,608.500 804.500,608.500 41.500,610.500 319.500,610.500 693.500,611.500 755.500,613.500 648.500,614.500 159.500,615.500 336.500,618.500 378.500,620.500 825.500,623.500 624.500,625.500 943.500,626.500 631.500,628.500 799.500,629.500 894.500,629.500 1002.500,630.500 602.500,634.500 818.500,639.500 369.500,640.500 510.500,640.500 565.500,640.500 523.500,642.500 689.500,643.500 714.500,643.500 138.500,645.500 249.500,651.500 497.500,651.500 982.500,651.500 763.500,653.500 713.500,654.500 901.500,655.500 23.500,656.500 178.500,657.500 387.500,657.500 840.500,657.500 382.500,658.500 453.500,659.500 1012.500,659.500 459.500,664.500 585.500,664.500 64.500,666.500 638.500,667.500 716.500,671.500 866.500,674.500 21.500,676.500 875.500,679.500 853.500,680.500 805.500,681.500 136.500,682.500 1013.500,683.500 174.500,684.500 757.500,688.500 863.500,689.500 586.500,699.500 336.500,702.500 151.500,703.500 408.500,703.500 917.500,703.500 82.500,704.500 443.500,707.500 920.500,707.500 257.500,711.500 365.500,711.500 217.500,713.500 745.500,713.500 804.500,713.500 763.500,714.500 20.500,717.500 958.500,717.500 295.500,718.500 397.500,719.500 401.500,721.500 407.500,726.500 620.500,726.500 845.500,728.500 115.500,729.500 262.500,729.500 760.500,730.500 170.500,734.500 436.500,738.500 865.500,738.500 354.500,739.500 737.500,740.500 392.500,741.500 404.500,741.500 422.500,742.500 958.500,742.500 45.500,743.500 519.500,744.500 536.500,746.500 359.500,747.500 618.500,747.500 637.500,749.500 244.500,750.500 415.500,751.500 932.500,751.500 975.500,751.500 1002.500,751.500 752.782,754.204 520.500,754.500 877.500,754.500 994.500,755.500 754.500,756.500 756.215,757.252 860.500,756.500 1005.500,757.500 128.500,758.500 758.500,761.500 681.500,762.500 759.500,763.500 761.500,763.500 33.500,765.500 661.500,765.500 760.500,765.500 228.500,770.500 75.500,774.500 616.500,775.500 352.500,776.500 523.500,776.500 780.500,776.500 440.500,777.500 757.500,777.500 443.500,778.500 720.500,778.500 550.500,785.500 8.500,787.500 326.500,787.500 1012.500,789.500 877.500,793.500 45.500,799.500 523.500,799.500 510.500,808.500 154.500,812.500 705.500,815.500 851.500,817.500 2.500,819.500 100.500,819.500 116.500,821.500 723.500,821.500 780.500,829.500 874.500,829.500 892.500,829.500 10.500,831.500 986.500,833.500 295.500,840.500 123.500,841.500 842.500,843.500 518.500,848.500 667.500,849.500 153.500,851.500 555.500,855.500 846.500,855.500 351.500,858.500 458.500,858.500 545.500,863.500 670.500,863.500 61.500,865.500 545.500,865.500 97.500,866.500 425.500,868.500 437.500,869.500 432.500,871.500 31.500,882.500 410.500,882.500 823.500,885.500 614.500,886.500 963.500,886.500 374.500,892.500 580.500,893.500 1001.500,899.500 83.500,900.500 256.500,903.500 417.500,903.500 856.500,903.500 1.500,904.500 362.500,904.500 887.500,906.500 612.500,909.500 143.500,913.500 486.500,915.500 132.500,916.500 442.500,918.500 880.500,918.500 632.500,920.500 816.500,921.500 946.500,930.500 807.500,931.500 960.500,931.500 545.500,932.500 372.500,933.500 114.500,936.500 388.500,943.500 973.500,945.500 76.500,947.500 120.500,951.500 150.500,952.500 606.500,952.500 558.500,954.500 836.500,956.500 852.500,958.500 280.500,959.500 194.133,966.574 21.500,968.500 289.500,969.500 677.500,971.500 654.500,976.500 519.500,979.500 852.500,982.500 55.500,988.500 523.500,989.500 868.500,992.500 649.500,993.500 6.500,994.500 849.500,994.500 132.500,996.500 413.500,996.500 331.500,997.500 171.500,1001.500 31.500,1006.500 774.500,1009.500 337.500,1015.500
ABF6 918.500,206.500 920.209,207.236 921.865,209.500 925.697,214.103 928.500,216.032 756.500,757.500 194.344,966.821
ABG0 749.520,5.361 356.989,6.600 518.775,8.550 139.779,15.261 516.480,21.095 763.278,24.690 808.762,24.681 476.141,25.614 104.564,29.458 472.347,34.095 771.149,33.372 477.163,35.593 52.002,50.993 768.430,51.197 942.512,53.193 253.212,57.971 3.000,59.742 547.500,65.383 372.823,67.994 710.820,70.268 699.465,73.512 261.159,78.044 691.359,88.145 668.539,90.430 530.848,93.544 431.282,96.558 737.029,96.584 348.372,97.982 834.723,99.461 485.150,112.305 387.764,117.779 65.571,124.831 241.882,124.373 607.856,128.646 445.703,129.255 433.879,132.585 231.432,140.919 27.299,140.286 35.155,142.431 691.458,143.399 175.667,149.185 846.514,151.619 71.426,153.182 68.436,160.130 171.888,164.361 555.361,166.173 158.935,172.822 437.002,174.493 901.659,181.503 255.092,183.410 657.003,186.613 741.560,190.010 601.340,194.351 136.244,194.277 657.026,195.882 93.982,196.869 459.221,198.742 605.840,201.370 381.111,204.511 167.378,208.925 800.490,209.508 626.705,220.650 316.309,223.244 278.996,226.508 428.476,230.588 399.413,232.341 954.087,244.061 187.419,263.146 600.293,266.195 1002.766,266.255 466.989,269.623 214.721,277.143 417.470,278.700 493.069,278.115 23.005,281.841 221.573,286.492 26.500,295.360 691.551,301.630 211.494,310.925 724.905,329.129 542.638,329.705 946.785,331.072 940.859,332.096 200.740,333.972 421.209,336.779 516.128,342.665 287.542,344.552 278.190,351.615 301.929,352.938 220.015,355.989 292.727,358.612 386.984,359.692 126.327,359.268 271.866,359.358 280.357,362.295 251.915,363.677 521.269,373.864 88.562,375.500 39.077,381.886 209.885,395.323 725.408,393.854 352.305,411.403 81.692,413.428 37.655,414.829 107.066,416.614 178.500,421.380 109.867,433.455 667.340,435.674 223.928,440.795 590.814,447.564 861.354,454.812 154.575,458.007 379.809,466.215 25.102,471.207 760.306,471.665 667.167,474.925 608.260,481.294 194.240,483.978 666.607,484.834 891.276,488.487 217.470,491.155 836.592,491.837 176.231,493.664 326.832,492.781 346.706,493.396 943.106,493.251 776.193,498.371 478.806,501.079 231.435,502.855 1007.316,507.976 645.608,512.305 28.970,512.786 26.000,518.690 540.279,519.925 228.704,522.751 248.298,531.585 94.374,532.468 674.120,538.460 189.334,539.242 322.377,545.414 973.816,554.537 284.671,568.614 600.684,570.284 240.502,574.206 221.251,579.266 400.965,579.531 911.106,581.008 481.011,584.923 648.713,586.706 319.454,588.344 398.738,589.029 565.558,597.540 371.128,605.709 296.789,609.914 778.845,615.575 410.438,616.432 816.567,622.024 201.717,629.728 612.659,632.505 3.252,636.474 481.993,636.325 874.674,638.129 7.287,639.630 162.845,643.397 1018.402,646.869 197.149,652.650 173.808,656.155 44.529,675.891 316.167,675.486 669.379,677.122 953.306,676.694 857.524,679.012 361.988,680.914 256.414,684.443 430.517,693.072 735.192,695.035 226.968,705.107 831.329,711.447 304.531,717.488 18.749,719.524 1000.533,726.790 396.995,730.704 248.628,736.139 488.338,739.248 389.607,740.253 140.003,763.733 129.513,775.644 663.743,779.765 238.794,783.297 86.916,784.152 367.006,783.662 106.599,783.627 100.514,785.360 257.217,788.787 63.413,790.925 106.313,795.389 128.510,798.059 935.450,798.985 859.006,802.398 564.779,802.880 600.598,805.168 843.444,814.506 703.562,817.407 195.161,823.179 444.609,823.312 238.574,839.698 410.462,839.730 145.076,841.660 135.770,848.191 272.719,869.428 580.245,870.757 340.998,883.492 985.062,883.874 813.429,885.527 56.172,889.791 75.914,901.785 639.622,901.741 688.982,908.271 644.350,916.944 361.464,917.822 33.488,919.419 922.780,922.226 113.711,930.090 749.007,942.361 276.844,944.797 868.945,949.287 534.496,958.983 414.857,969.457 263.879,971.582 206.929,977.480 677.038,980.631 726.536,983.397 865.834,991.382 38.038,994.548 494.645,999.522 198.487,1001.828 573.853,1006.727 828.765,1010.516 82.502,1014.154
ABG1 749.500,5.500 139.500,15.235 516.470,20.975 807.500,24.500 808.500,25.500 52.516,50.957 942.500,53.500 253.500,57.500 2.227,59.773 698.928,73.500 700.500,74.500 260.500,77.049 691.487,88.221 669.500,89.500 668.500,90.500 348.500,98.500 834.951,99.500 484.978,112.012 387.732,117.811 65.500,124.500 64.500,125.500 66.500,125.500 607.500,128.896 445.500,129.500 231.464,140.945 35.500,142.500 176.500,148.500 67.500,160.500 69.500,160.500 68.500,161.500 171.500,164.500 158.928,173.500 658.500,195.500 94.005,196.973 458.977,198.712 604.500,200.500 381.500,204.500 167.481,208.910 799.500,209.500 626.755,220.458 428.530,230.681 399.392,232.311 599.500,266.500 215.500,276.500 417.500,278.500 23.500,281.500 26.500,295.500 691.500,302.500 725.500,328.500 724.000,329.500 946.918,330.929 940.500,331.928 516.059,342.262 287.500,344.500 278.000,351.500 302.500,353.500 275.500,354.976 281.500,354.500 219.500,356.500 387.000,359.464 293.500,359.500 39.500,381.500 38.500,383.000 210.060,395.260 80.500,413.500 82.500,413.500 81.500,414.500 107.108,416.795 109.908,433.578 667.149,435.635 223.500,441.500 154.626,457.950 760.255,471.776 667.238,474.962 607.500,480.500 890.500,488.500 176.136,493.542 326.500,492.500 483.500,497.500 776.259,498.348 480.500,499.500 231.414,502.800 478.432,501.297 1007.500,507.500 643.500,510.500 645.771,512.166 25.928,518.643 540.500,518.500 540.500,520.928 228.728,522.759 675.176,537.766 188.500,538.500 673.500,538.500 973.987,554.553 600.500,570.049 241.500,574.500 221.500,579.500 481.500,583.500 320.500,587.500 398.787,588.787 371.778,606.222 1.500,606.500 816.500,621.500 202.500,630.500 6.500,640.000 196.500,652.500 44.835,675.798 670.500,677.500 667.500,678.500 361.742,680.396 430.468,692.771 397.500,730.500 248.500,736.500 129.500,776.049 238.558,783.945 87.210,783.076 367.021,783.623 83.500,783.500 107.500,783.500 106.500,784.500 364.500,785.500 128.188,798.227 935.452,799.265 858.500,802.500 195.500,823.500 145.500,841.500 135.500,848.500 580.159,870.701 273.500,869.500 341.191,883.569 985.128,884.051 813.490,885.443 55.500,889.500 639.500,902.049 689.060,908.290 644.383,917.025 361.494,918.019 33.781,919.451 922.506,922.163 113.500,929.500 749.249,942.249 276.500,945.500 867.500,947.500 869.168,949.236 534.500,958.500 263.270,971.026 206.955,977.500 677.045,980.630 726.708,983.242 865.500,990.500 865.500,992.500 494.500,999.500 198.500,1002.500 572.500,1006.500 574.500,1006.500 573.500,1007.500 82.500,1014.500
ABG2 516.500,20.916 387.500,117.829 231.441,140.880 398.964,232.500 110.500,433.500 154.500,457.795 231.418,502.794 646.500,512.500 25.956,518.572 228.976,522.949 974.004,554.517 366.912,783.481 238.500,784.868 580.500,870.500 579.500,871.500 644.388,917.002 676.500,979.500
ABG3 231.227,140.980 416.500,190.500 154.500,457.500 231.410,502.690 25.768,518.758 158.500,524.500 90.500,543.500 974.500,554.500 724.500,657.500 366.500,783.500 602.500,844.500 644.444,917.020
ABG4 516.500,20.946 387.500,117.893 231.458,140.834 398.500,232.500 110.500,433.500 154.500,457.500 231.457,502.814 646.500,512.500 25.972,518.548 228.798,522.774 974.002,554.512 366.943,783.485 238.500,784.500 580.500,870.500 579.500,871.500 644.391,916.979 676.500,979.500
ABG5 805.500,4.500 990.500,4.500 929.500,5.500 340.500,8.500 886.500,9.500 979.500,11.500 606.500,13.500 228.500,14.500 250.500,14.500 83.500,15.500 732.500,17.500 514.500,18.500 287.500,24.500 803.500,25.500 1000.500,25.500 495.500,29.500 285.500,30.500 823.500,38.500 913.500,38.500 682.500,41.500 122.500,42.500 302.500,43.500 605.500,44.500 444.500,45.500 987.500,47.500 696.500,49.500 672.500,55.500 223.500,59.500 325.500,63.500 191.500,65.500 859.500,65.500 113.500,67.500 637.500,67.500 700.500,72.500 547.500,79.500 770.500,80.500 13.500,88.500 547.500,88.500 97.500,90.500 103.500,91.500 613.500,93.500 731.500,93.500 196.500,97.500 247.500,97.500 43.500,98.500 829.500,98.500 898.500,98.500 226.500,99.500 810.500,101.500 513.500,103.500 534.500,104.500 338.500,105.500 608.500,106.500 700.500,106.500 266.500,108.500 656.500,110.500 64.500,112.500 607.500,114.500 977.500,122.500 990.500,122.500 272.500,123.500 612.500,123.500 281.500,124.500 507.500,125.500 427.500,128.500 141.500,134.500 693.500,134.500 909.500,137.500 228.500,138.500 230.500,140.032 740.500,139.500 58.500,141.500 231.927,141.500 563.500,141.500 233.500,142.500 327.500,142.500 827.500,142.500 857.500,142.500 235.500,143.500 297.500,144.500 973.500,145.500 38.500,146.500 243.500,148.500 210.500,157.500 398.500,160.500 854.500,165.500 899.500,170.500 279.500,178.500 351.500,178.500 987.500,180.500 339.500,183.500 389.500,185.500 702.500,186.500 1022.500,186.500 311.500,187.500 469.500,188.500 179.500,190.500 194.500,190.500 530.500,191.500 729.500,191.500 399.500,193.500 898.500,193.500 9.500,195.500 219.500,196.500 646.500,198.500 989.500,198.500 266.500,200.500 655.500,208.500 944.500,215.500 440.500,221.500 213.500,222.500 193.500,223.500 129.500,226.500 85.500,227.500 179.500,227.500 137.500,230.500 280.500,233.500 377.500,234.500 969.500,235.500 528.500,238.500 720.500,242.500 568.500,243.500 343.500,246.500 375.500,246.500 756.500,252.500 73.500,255.500 397.500,256.500 479.500,256.500 53.500,257.500 273.500,261.500 875.500,261.500 490.500,265.500 609.500,267.500 3.500,270.500 519.500,270.500 302.500,274.500 108.500,276.500 701.500,276.500 74.500,279.500 520.500,282.500 545.500,283.500 638.500,287.500 780.983,288.500 287.500,289.500 471.500,292.500 417.500,293.500 491.500,296.500 456.500,297.500 519.500,297.500 572.500,300.500 962.500,301.500 170.500,302.500 393.500,305.500 764.500,305.500 119.500,306.500 947.500,307.500 766.500,309.500 602.500,310.500 966.500,312.500 972.500,315.500 1001.500,315.500 107.500,316.500 393.500,321.500 263.500,322.500 336.500,322.500 161.500,324.500 883.500,328.500 697.500,329.500 310.500,330.500 857.500,331.500 342.500,332.500 15.500,334.500 881.500,337.500 921.500,337.500 447.500,340.500 8.500,343.500 455.500,343.500 294.500,347.500 213.500,348.500 503.500,353.500 985.500,353.500 824.500,356.500 603.500,359.500 180.500,363.500 575.500,369.500 379.500,370.500 572.500,374.500 991.500,378.500 652.500,379.500 656.500,379.500 847.500,379.500 304.500,380.500 923.500,380.500 663.500,386.500 356.500,388.500 468.500,389.500 429.500,390.500 790.500,390.500 967.500,391.500 351.500,394.500 660.500,395.500 136.500,399.500 266.500,399.500 52.500,404.500 764.500,409.500 868.500,414.500 96.500,419.500 396.500,419.500 188.500,420.500 264.500,422.500 880.500,422.500 657.500,425.500 357.500,426.500 910.500,427.500 581.500,429.500 185.500,434.500 125.500,440.500 491.500,442.500 91.500,444.500 521.500,444.500 524.500,445.500 738.500,448.500 536.500,450.500 611.500,451.500 457.500,454.500 912.500,456.500 86.500,458.500 319.500,463.500 110.500,465.500 887.500,465.500 494.500,466.500 657.500,467.500 422.500,468.500 912.500,471.500 243.500,473.500 1008.500,474.500 307.500,475.500 109.500,478.500 171.500,479.500 305.500,479.500 168.500,480.500 725.500,483.500 35.500,484.500 793.500,485.500 237.500,486.500 113.500,487.500 462.500,490.500 980.500,494.500 804.500,495.500 1006.500,497.500 227.500,498.500 227.500,500.500 230.112,501.500 21.500,502.500 232.875,503.500 233.500,505.500 234.500,506.500 33.500,507.500 647.500,514.500 25.500,517.500 351.500,518.500 635.500,518.500 146.500,520.500 29.500,521.500 227.500,521.500 391.500,521.500 30.500,522.500 182.500,523.500 813.500,523.500 231.500,526.500 528.500,529.500 912.500,530.500 589.500,531.500 673.500,538.500 345.500,540.500 513.500,541.500 661.500,541.500 202.500,542.500 308.500,542.500 322.500,544.500 137.500,545.500 198.500,545.500 841.500,545.500 668.500,546.500 883.500,547.500 449.500,548.500 191.500,549.500 731.500,549.500 969.500,549.500 913.500,550.500 807.500,557.500 524.500,559.500 116.500,561.500 615.500,561.500 232.500,563.500 683.500,564.500 205.500,565.500 610.500,567.500 768.500,569.500 900.500,569.500 286.500,570.500 809.500,570.500 291.500,571.500 300.500,571.500 1013.500,572.500 273.500,573.500 887.500,573.500 845.500,574.500 659.500,576.500 144.500,579.500 431.500,582.500 523.500,583.500 878.500,586.500 974.500,591.500 824.500,593.500 658.500,594.500 555.500,598.500 830.500,605.500 811.500,606.500 235.500,611.500 608.500,611.500 193.500,615.500 574.500,616.500 910.500,619.500 337.500,623.500 134.500,625.500 441.500,626.500 238.500,628.500 291.500,629.500 386.500,629.500 106.500,634.500 109.500,637.500 46.500,640.500 281.500,641.500 776.500,644.500 915.500,650.500 165.500,654.500 527.500,655.500 673.500,655.500 826.500,656.500 11.500,657.500 464.500,657.500 6.500,658.500 516.500,659.500 994.500,660.500 755.500,663.500 67.500,664.500 193.500,664.500 551.500,668.500 342.500,671.500 843.500,673.500 470.500,674.500 641.500,675.500 350.500,678.500 990.500,678.500 722.500,680.500 375.500,681.500 726.500,681.500 333.500,688.500 908.500,688.500 768.500,690.500 172.500,699.500 1016.500,702.500 678.500,703.500 937.500,704.500 482.500,707.500 469.500,708.500 634.500,708.500 827.500,710.500 289.500,714.500 570.500,716.500 357.500,728.500 649.500,728.500 796.500,728.500 35.500,730.500 124.500,730.500 856.500,738.500 963.500,739.500 166.500,740.500 229.500,740.500 924.500,740.500 936.500,740.500 962.500,741.500 581.500,742.500 19.500,744.500 941.500,745.500 12.500,746.500 897.500,746.500 241.500,748.500 400.500,750.500 965.500,750.500 723.500,753.500 427.500,754.500 562.500,755.500 748.500,757.500 607.500,764.500 741.500,764.500 313.500,765.500 423.500,766.500 711.500,767.500 318.500,769.500 301.500,773.500 813.500,773.500 976.500,775.500 384.500,776.500 44.500,777.500 320.500,778.500 363.500,778.500 90.500,779.500 364.500,781.500 366.500,783.500 1016.500,784.500 273.500,785.500 9.500,786.500 410.500,786.500 728.500,786.500 369.500,787.500 358.500,789.500 31.500,796.500 549.500,797.500 741.500,797.500 871.500,798.500 937.500,798.500 1011.500,798.500 65.500,799.500 885.500,801.500 924.500,807.500 125.500,815.500 460.500,818.500 558.500,818.500 168.500,821.500 60.500,825.500 644.500,826.500 242.500,829.500 336.500,829.500 354.500,829.500 525.500,829.500 773.500,829.500 776.500,829.500 512.500,830.500 979.500,832.500 426.500,836.500 917.500,837.500 415.500,839.500 875.500,842.500 406.500,843.500 643.500,845.500 466.500,847.500 247.500,855.500 58.500,858.500 846.500,862.500 267.500,865.500 833.500,865.500 124.500,866.500 125.500,868.896 578.500,868.500 579.500,869.500 1009.500,875.500 8.500,880.500 817.500,880.500 681.500,881.500 26.500,882.500 417.500,885.500 342.500,887.500 402.500,890.500 224.500,891.500 978.500,891.500 168.500,893.500 340.500,901.500 892.500,902.500 573.500,903.500 986.500,903.500 235.500,906.500 491.500,906.500 645.963,919.308 955.500,911.500 753.500,912.500 38.500,915.500 700.500,915.500 410.500,918.500 318.500,921.500 602.500,921.500 348.500,922.500 783.500,922.500 802.500,922.500 690.500,924.500 413.500,927.500 480.500,931.500 67.500,932.500 930.500,932.500 166.500,934.500 666.500,934.500 488.500,935.500 492.500,935.500 432.500,936.500 752.500,937.500 669.500,940.500 894.500,942.500 38.500,944.500 596.500,946.500 634.500,950.500 374.500,954.500 885.500,955.500 328.500,958.500 782.500,958.500 789.500,959.500 852.500,960.500 593.500,962.500 232.500,967.500 359.500,967.500 597.500,967.500 885.500,968.500 261.500,971.500 382.500,982.500 332.500,983.500 501.500,985.500 546.500,987.500 853.500,990.500 462.500,993.500 983.500,993.500 279.500,994.500 481.500,1001.500 214.500,1003.500 275.500,1011.500 797.500,1012.500 307.500,1013.500 729.500,1013.500 578.500,1014.500 677.500,1014.500 321.500,1017.500 564.500,1017.500 822.500,1020.500 175.500,1022.500
ABG6 235.500,143.500 642.500,914.086 645.833,918.969 647.500,922.500
ABH0 918.257,3.751 924.513,11.393 306.000,12.417 760.915,16.265 708.047,19.683 792.654,21.132 97.878,25.247 589.724,24.902 274.493,25.507 972.573,27.175 359.352,28.352 811.332,30.339 355.416,31.405 389.037,32.091 861.567,33.163 81.868,41.985 1016.658,46.168 653.799,52.915 194.744,53.560 312.413,59.909 826.511,70.805 45.709,72.932 469.993,75.303 196.847,78.070 475.207,79.473 516.315,84.476 731.576,85.161 812.439,87.411 192.846,91.166 181.579,94.518 193.293,97.402 568.491,108.505 123.002,112.092 174.494,115.747 600.092,116.671 929.496,120.489 196.609,121.483 699.408,122.159 127.765,122.736 685.796,122.762 999.515,126.616 206.220,134.229 1012.379,134.319 443.130,138.590 914.682,149.088 561.423,151.309 833.808,155.626 830.196,162.836 596.646,165.738 536.403,174.340 553.309,175.074 135.873,175.756 320.652,181.992 305.902,189.890 807.051,190.993 841.203,195.517 813.232,195.234 913.717,197.660 605.159,205.592 767.280,207.939 503.831,212.505 304.575,213.444 1008.813,214.029 110.463,214.813 326.331,222.683 166.717,226.913 464.868,226.101 417.739,229.388 246.739,231.573 73.686,242.308 157.481,243.752 534.751,243.334 470.649,245.503 211.596,246.458 761.666,248.866 372.308,252.247 924.344,252.316 261.432,264.698 459.292,266.658 426.063,271.122 373.376,272.081 741.730,276.028 777.952,275.203 445.030,277.956 553.988,279.026 507.032,283.273 615.131,282.758 686.004,284.346 931.247,288.779 413.487,288.423 783.495,289.356 797.351,296.186 590.074,296.926 635.390,297.836 218.872,305.104 45.430,306.642 667.287,307.823 656.887,312.577 971.433,313.168 369.996,316.420 6.568,319.734 326.852,319.642 258.188,325.110 576.472,326.261 343.563,346.285 576.855,346.540 794.717,351.481 582.937,354.173 140.110,352.982 572.322,354.156 385.360,357.815 588.054,364.737 808.512,364.938 749.535,365.604 573.463,366.947 243.499,369.068 435.954,372.990 577.127,376.966 703.620,380.168 74.930,384.322 178.879,384.283 869.584,389.007 186.942,393.322 316.109,393.368 431.395,392.304 848.984,392.703 510.480,414.180 699.699,416.750 84.493,421.500 327.029,423.822 335.876,427.733 297.594,429.728 451.511,430.010 217.491,434.053 1019.187,445.476 554.038,458.386 813.593,472.865 159.714,481.720 705.206,483.460 674.947,495.710 263.491,496.269 569.546,496.181 898.704,498.898 837.550,502.252 626.732,504.083 314.566,505.522 787.172,506.942 397.800,520.062 670.993,524.284 723.477,543.540 80.117,544.870 8.496,546.617 764.318,548.701 799.307,553.182 625.934,554.094 695.836,560.399 765.415,560.969 366.945,576.815 612.548,577.919 985.640,581.033 70.461,580.147 285.076,586.413 513.971,586.540 545.440,587.794 773.986,602.368 851.321,605.093 848.843,609.426 858.394,610.317 552.712,616.326 305.005,626.462 240.691,626.274 427.994,640.684 82.772,647.777 855.287,650.305 989.387,649.511 783.199,650.465 391.511,651.172 866.619,654.836 708.773,660.219 184.881,673.867 278.854,670.635 807.269,671.973 36.699,680.294 353.372,682.074 603.401,684.873 911.559,685.854 907.213,692.962 971.633,692.813 672.731,699.705 665.066,702.795 321.735,705.279 946.421,707.135 376.331,708.162 385.906,710.662 424.530,718.302 734.856,718.594 642.447,719.552 153.238,735.633 1015.433,738.228 660.547,753.951 669.470,755.761 550.980,767.714 951.427,780.350 454.152,783.492 760.081,785.083 1014.371,787.681 961.062,791.528 223.847,794.370 517.673,795.367 704.629,797.502 933.132,801.603 370.504,803.315 757.897,807.743 340.902,813.928 770.455,818.448 852.674,819.124 10.457,820.647 117.074,828.404 771.454,830.224 209.647,830.698 649.919,837.971 19.282,838.790 1003.456,850.064 740.896,850.725 144.265,860.705 911.947,864.168 335.179,875.406 899.623,879.213 826.298,879.982 181.684,885.693 778.891,889.965 911.245,889.878 805.211,889.909 619.522,892.175 795.504,895.854 366.900,906.646 884.515,913.444 6.893,916.212 327.537,930.245 231.435,932.744 796.584,934.340 719.630,946.058 666.658,948.163 126.655,957.125 312.528,980.973 826.220,987.770 66.402,995.376 627.093,997.028 245.028,1000.395 472.148,1008.302 471.988,1014.479 937.670,1015.750 945.670,1015.586 1017.562,1020.841
ABH1 918.072,3.500 924.052,11.278 305.752,12.338 760.291,16.109 708.500,18.500 707.500,20.500 792.500,20.500 587.500,23.500 589.942,24.998 972.458,27.027 811.782,29.823 355.500,31.000 389.086,32.057 860.840,33.243 862.500,32.500 1021.704,38.188 81.500,41.500 80.500,42.500 1016.500,46.000 652.948,52.500 195.000,53.500 312.427,59.794 826.509,70.953 46.500,72.049 44.813,73.228 469.961,75.299 47.500,73.500 197.652,78.382 196.500,74.500 192.500,77.500 516.500,84.500 731.500,84.500 812.500,88.052 193.443,96.944 123.000,112.500 174.495,115.518 599.500,116.772 601.500,118.500 929.079,120.234 128.204,122.252 196.948,121.500 699.197,121.914 685.500,122.500 999.500,126.500 207.098,134.500 442.763,138.198 914.816,148.500 913.500,149.500 560.500,151.500 833.500,154.500 833.500,156.500 830.239,163.205 536.187,174.401 553.759,175.017 136.500,174.500 135.500,175.500 136.500,176.500 305.500,190.500 806.500,191.000 813.500,194.500 840.937,195.494 913.475,197.461 767.245,208.076 503.765,212.406 109.500,213.500 1008.500,214.000 303.500,214.500 109.500,215.500 111.500,215.500 325.500,221.500 326.500,222.500 325.500,223.500 166.234,226.586 464.644,226.011 418.500,228.500 417.500,229.500 246.500,232.052 75.500,242.500 157.500,243.500 534.500,243.500 471.500,245.500 211.500,246.500 761.500,249.500 924.052,251.500 922.500,252.500 261.500,262.500 262.500,264.052 458.500,266.500 426.136,271.014 373.228,271.813 777.500,273.500 741.692,276.059 445.138,278.027 778.500,275.500 554.040,278.835 506.500,282.500 615.500,282.500 507.500,283.888 616.500,283.500 414.500,287.500 930.935,288.729 413.500,288.500 782.500,288.500 783.982,289.507 781.500,289.500 590.500,296.500 797.000,296.500 588.500,297.500 635.500,298.000 637.500,298.500 45.406,306.875 218.500,304.500 668.500,306.948 656.797,311.797 971.500,312.500 657.500,313.500 6.659,319.526 576.500,325.902 577.500,346.500 794.747,351.513 796.500,348.500 580.296,350.941 140.080,352.998 583.500,352.500 572.098,354.500 583.500,355.000 580.500,356.500 384.500,357.500 587.787,364.213 748.500,364.500 808.500,364.500 573.813,366.772 749.500,366.500 243.398,368.795 571.500,367.500 436.500,373.500 577.500,375.500 576.500,376.500 703.500,378.500 704.500,380.500 75.500,383.500 179.500,383.500 74.500,384.500 869.864,388.729 431.210,392.245 849.083,393.083 187.079,393.765 316.500,393.500 512.500,413.500 700.500,417.500 327.116,423.697 298.500,428.500 451.500,430.500 217.500,434.769 553.912,458.911 813.184,472.500 159.500,481.500 706.500,482.500 705.213,484.213 674.907,495.751 263.000,496.500 838.500,502.445 626.763,504.082 787.113,507.015 397.672,519.868 671.302,524.285 400.223,525.223 722.500,543.500 8.532,546.582 80.500,544.500 79.500,545.500 800.500,553.500 695.750,560.468 765.500,560.500 366.903,577.179 612.951,577.500 985.669,581.054 283.500,586.500 545.236,587.704 773.591,602.733 848.500,608.500 858.500,610.500 553.500,616.500 305.215,626.598 427.500,641.500 82.500,647.500 855.344,650.436 784.500,649.500 782.500,650.500 989.500,651.500 708.500,660.500 183.500,671.072 278.500,671.500 807.500,672.052 184.500,674.500 186.500,674.500 353.413,682.001 37.500,681.500 603.500,685.500 907.500,691.500 971.500,691.500 972.500,694.500 673.500,699.948 664.500,701.500 665.500,702.928 321.724,705.049 946.500,705.500 375.500,708.500 945.500,708.500 947.500,708.500 383.500,709.500 385.952,710.901 424.842,717.944 734.500,716.500 641.500,718.500 643.500,718.500 735.109,718.891 642.522,720.205 154.500,734.500 153.198,736.500 1015.948,737.500 659.500,755.500 669.500,756.500 952.000,780.500 760.500,785.500 961.500,793.500 517.703,795.305 703.500,797.500 370.500,802.500 370.000,804.500 758.001,807.966 340.743,813.826 770.453,817.790 768.500,818.500 852.560,819.280 769.500,819.500 10.500,820.500 770.500,820.500 117.500,829.500 771.500,829.500 210.500,830.500 18.500,836.500 19.500,837.500 649.500,837.500 19.000,839.500 1002.500,849.500 1003.500,850.500 912.500,863.500 334.500,875.500 898.500,878.500 825.500,879.500 899.500,879.500 826.500,880.500 901.500,880.500 911.364,889.986 619.500,893.500 795.500,895.500 367.500,907.500 6.863,916.676 327.030,930.030 231.846,932.500 796.500,934.948 719.243,946.500 826.337,987.386 66.500,994.500 627.500,996.500 244.939,1000.368 472.500,1008.500 472.064,1014.496 945.975,1015.025 935.500,1015.500 937.500,1016.500 944.500,1016.500 1018.500,1020.500 1017.052,1021.500 53.500,1022.500
ABH2 469.907,75.254 536.500,174.500 503.776,212.274 168.500,227.500 445.187,278.079 553.500,279.500 794.805,351.501 140.087,353.114 675.045,495.500 787.500,507.500 8.500,546.232 985.500,581.500 855.500,650.500 244.912,1000.197
ABH3 470.500,74.500 469.500,75.500 106.500,87.500 22.500,106.500 422.500,190.500 772.500,195.500 503.935,212.500 444.992,278.076 794.789,351.460 140.500,352.500 8.500,546.500 906.500,609.500 244.500,999.500
ABH4 469.899,75.252 536.500,174.500 503.783,212.255 168.500,227.500 445.129,278.060 553.500,279.500 794.804,351.500 140.080,353.152 675.500,495.500 787.500,507.500 8.500,546.154 855.500,650.500 244.791,1000.199
ABH5 980.500,1.500 457.500,3.500 703.500,3.500 821.500,4.500 943.500,5.500 471.500,6.500 159.500,8.500 366.500,8.500 918.500,9.500 7.500,12.500 224.500,13.500 674.500,13.500 294.500,14.500 359.500,17.500 810.500,17.500 427.500,24.500 937.500,25.500 108.500,26.500 352.500,29.500 566.500,38.500 909.500,38.500 999.500,38.500 382.500,43.500 685.500,44.500 416.500,45.500 780.500,46.500 88.500,50.500 497.500,52.500 211.500,54.500 944.500,56.500 902.500,61.500 433.500,63.500 295.500,65.500 953.500,65.500 710.500,72.500 470.500,76.500 248.500,77.500 473.500,78.500 546.500,80.500 434.500,81.500 628.500,83.500 389.500,88.500 993.500,89.500 987.500,90.500 908.500,92.500 457.500,93.500 386.500,95.500 54.500,97.500 105.500,97.500 756.500,98.500 84.500,99.500 676.500,101.500 383.500,103.500 424.500,104.500 492.500,106.500 584.500,106.500 978.500,111.500 529.500,114.500 545.500,119.500 978.500,119.500 373.500,120.500 550.500,122.500 957.500,122.500 970.500,122.500 238.500,123.500 582.500,123.500 161.500,124.500 261.500,124.500 391.500,128.500 581.500,129.500 91.500,134.500 817.500,137.500 95.500,139.500 710.500,139.500 44.500,141.500 361.500,142.500 81.500,143.500 361.500,144.500 31.500,146.500 120.500,146.500 678.500,147.500 337.500,148.500 721.500,153.500 344.500,157.500 440.500,160.500 664.500,163.500 742.500,165.500 589.500,166.500 933.500,170.500 938.500,172.500 540.500,177.500 641.500,179.500 427.500,185.500 38.500,187.500 517.500,188.500 913.500,190.500 388.500,193.500 70.500,196.500 277.500,196.500 314.500,200.500 723.500,208.500 1007.500,215.500 81.500,218.500 755.500,220.500 162.500,221.500 430.500,221.500 733.500,221.500 173.500,222.500 554.500,224.500 37.500,226.500 68.500,230.500 171.500,230.500 1018.500,234.500 444.500,235.500 638.500,235.500 466.500,238.500 873.500,238.500 654.500,242.500 954.500,242.500 290.500,243.500 490.500,243.500 886.500,243.500 1001.500,254.500 301.500,256.500 383.500,256.500 210.500,257.500 169.500,261.500 341.500,261.500 523.500,264.500 854.500,264.500 107.500,271.500 416.500,272.500 440.875,273.500 78.500,274.500 403.500,276.500 443.500,276.929 446.500,277.500 702.500,278.500 644.500,279.500 449.500,282.056 60.500,282.500 361.500,283.500 103.500,284.500 440.500,286.500 871.500,286.500 112.500,287.500 781.500,288.500 772.500,289.500 879.500,292.500 390.500,295.500 782.500,295.500 949.500,295.500 908.500,296.500 971.500,296.500 756.500,297.500 4.500,300.500 455.500,304.500 204.500,305.500 583.500,305.500 355.500,307.500 166.500,309.500 348.500,312.500 324.500,315.500 353.500,315.500 483.500,315.500 476.500,317.500 757.500,320.500 611.500,321.500 684.500,321.500 49.500,324.500 902.500,325.500 234.500,327.500 215.500,328.500 35.500,329.500 210.500,331.500 726.500,331.500 164.500,332.500 427.500,333.500 925.500,339.500 752.500,341.500 502.500,342.500 571.500,344.500 961.500,344.500 729.500,347.500 791.500,348.500 793.500,350.500 649.500,350.500 610.500,351.500 796.020,353.539 911.500,352.500 353.500,353.500 861.500,354.500 949.500,354.500 853.500,355.500 146.500,356.500 634.500,364.500 676.500,364.500 711.500,369.500 576.500,372.500 910.500,373.500 998.500,378.500 1002.500,378.500 255.500,380.500 103.500,382.500 11.500,386.500 720.500,387.500 384.500,388.500 789.500,389.500 869.500,389.500 130.500,390.500 293.500,391.500 719.500,393.500 430.500,398.500 636.500,398.500 16.500,403.500 878.500,403.500 397.500,405.500 146.500,409.500 288.500,414.500 779.500,416.500 855.500,416.500 890.500,416.500 761.500,421.500 773.500,425.500 700.500,426.500 298.500,427.500 473.500,427.500 457.500,429.500 625.500,433.500 853.500,436.500 931.500,439.500 15.500,442.500 647.500,443.500 60.500,445.500 264.500,448.500 17.500,454.500 474.500,456.500 835.500,457.500 746.500,464.500 224.500,465.500 371.500,465.500 505.500,465.500 257.500,467.500 16.500,468.500 502.500,471.500 650.500,474.500 979.500,474.500 781.500,477.500 842.500,477.500 833.500,478.500 967.500,478.500 828.500,479.500 343.500,483.500 88.500,490.500 769.500,490.500 656.500,491.500 711.500,491.500 81.500,494.500 564.500,494.500 384.500,495.500 362.500,498.500 897.500,498.500 483.500,501.500 792.500,512.500 802.500,517.500 991.500,517.500 253.500,518.500 804.500,519.500 882.500,522.500 290.500,523.500 497.500,523.500 618.500,530.500 299.500,531.500 368.500,535.500 359.500,537.500 944.500,541.500 376.500,546.500 402.500,547.500 849.500,548.500 353.500,549.500 539.500,550.500 148.500,553.500 157.500,553.500 570.500,553.500 487.500,557.500 1008.500,558.500 255.500,559.500 632.500,560.500 884.500,560.500 130.500,561.500 932.500,562.500 553.500,563.500 228.500,569.500 502.500,569.500 634.500,569.500 333.500,570.500 543.500,570.500 262.500,572.500 1017.500,572.500 607.500,573.500 384.500,578.500 830.500,578.500 722.500,579.500 131.500,583.500 198.500,584.500 299.500,587.500 865.500,587.500 393.500,589.500 258.500,594.500 965.500,597.500 993.500,599.500 273.500,600.500 153.500,602.500 367.500,606.500 952.500,607.500 458.500,608.500 175.500,609.500 453.500,609.500 899.500,612.500 299.500,614.500 829.500,614.500 192.500,616.500 35.500,617.500 536.500,619.500 654.500,621.500 740.500,624.500 31.500,626.500 733.500,627.500 899.500,628.500 994.500,628.500 912.500,631.500 753.500,636.500 537.500,639.500 678.500,639.500 911.500,640.500 241.500,642.500 421.500,646.500 451.500,650.500 699.500,650.500 201.500,652.500 947.500,652.500 265.500,656.500 539.500,656.500 534.500,657.500 599.500,658.500 132.500,659.500 486.500,660.500 29.500,668.500 886.500,670.500 379.500,673.500 964.500,677.500 568.500,678.500 1021.500,679.500 963.500,680.500 310.500,683.500 881.500,687.500 990.500,695.500 170.500,696.500 688.500,698.500 233.500,702.500 488.500,702.500 985.500,702.500 399.500,704.500 489.500,706.500 960.500,706.500 939.500,707.500 203.500,712.500 725.500,712.500 784.500,712.500 721.500,713.500 950.500,713.500 992.500,715.500 785.500,727.500 676.500,729.500 266.500,738.500 316.500,740.500 328.500,740.500 352.500,741.500 384.500,744.500 442.500,745.500 510.500,746.500 623.500,747.500 527.500,748.500 836.500,750.500 879.500,750.500 906.500,750.500 85.500,753.500 813.500,753.500 828.500,755.500 977.500,756.500 559.500,757.500 944.500,757.500 133.500,764.500 731.500,764.500 843.500,765.500 296.500,769.500 753.500,772.500 241.500,773.500 416.500,775.500 587.500,775.500 848.500,775.500 508.500,776.500 935.500,776.500 809.500,781.500 294.500,782.500 706.500,784.500 164.500,786.500 482.500,786.500 142.500,789.500 857.500,795.500 355.500,797.500 831.500,798.500 909.500,798.500 259.500,808.500 318.500,808.500 334.500,811.500 857.500,814.500 849.500,820.500 852.500,820.500 212.500,823.500 760.500,824.500 328.500,826.500 11.500,828.500 936.500,828.500 6.500,829.500 24.500,829.500 439.500,829.500 442.500,829.500 188.500,830.500 147.500,835.500 569.500,837.500 20.500,839.500 71.500,839.500 156.500,842.500 62.500,843.500 778.500,847.500 17.500,850.500 437.500,850.500 745.500,854.500 938.500,854.500 184.500,855.500 726.500,857.500 919.500,862.500 24.500,863.500 439.500,864.500 919.500,864.500 477.500,865.500 792.500,865.500 536.500,866.500 824.500,866.500 801.500,867.500 808.500,870.500 412.500,874.500 744.500,874.500 400.500,875.500 766.500,879.500 831.500,879.500 126.500,881.500 319.500,881.500 792.500,881.500 578.500,885.500 192.500,890.500 778.500,891.500 988.500,892.500 734.500,897.500 283.500,898.500 698.500,898.500 144.500,901.500 688.500,902.500 849.500,902.500 264.500,903.500 433.500,903.500 291.500,904.500 43.500,906.500 299.500,906.500 213.500,907.500 18.500,909.500 818.500,910.500 549.500,912.500 882.500,914.500 906.500,914.500 518.500,915.500 508.500,919.500 16.500,920.500 196.500,921.500 482.500,921.500 671.500,922.500 690.500,922.500 356.500,930.500 382.500,931.500 350.500,933.500 558.500,935.500 756.500,942.500 122.500,946.500 644.500,951.500 74.500,952.500 34.500,954.500 887.500,955.500 338.500,958.500 794.500,958.500 862.500,960.500 252.500,967.500 379.500,967.500 897.500,968.500 279.500,971.500 414.500,981.500 353.500,982.500 456.500,983.500 639.500,985.500 708.500,987.500 167.500,989.500 62.500,990.500 29.500,991.500 668.500,993.500 161.500,994.500 906.500,998.500 243.500,999.500 45.500,1000.500 245.500,1000.500 597.500,1001.500 928.500,1001.500 245.500,1002.500 318.500,1003.500 768.500,1004.500 817.500,1004.500 124.500,1005.500 471.500,1012.500 612.500,1014.500 711.500,1014.500 872.500,1015.500 355.500,1017.500 856.500,1020.500
ABH6
ABI0 315.300,3.608 33.384,8.213 457.156,12.685 507.698,12.526 1010.305,14.444 627.823,15.154 674.750,17.597 989.752,24.943 388.524,26.041 599.552,29.267 376.202,30.462 747.822,31.507 1003.927,36.073 664.179,39.282 340.132,42.271 378.030,44.782 773.523,48.935 338.982,49.661 458.513,57.149 85.000,58.224 719.166,60.372 802.573,61.081 859.260,64.657 696.876,67.730 688.443,69.664 57.171,78.215 362.683,79.782 407.887,79.679 579.224,82.153 187.934,82.499 658.337,83.419 586.282,84.269 263.779,88.134 648.199,88.250 841.059,88.531 189.994,89.611 454.402,98.478 570.819,100.107 702.546,100.534 217.856,101.384 440.439,105.576 142.958,107.341 285.976,110.309 40.068,117.940 732.064,118.504 901.156,119.768 309.119,124.490 267.784,124.221 854.470,128.603 381.679,130.136 29.402,132.235 336.264,131.255 42.233,133.766 122.457,135.851 530.431,136.708 91.506,139.494 200.367,139.417 823.837,147.111 260.500,148.536 229.469,151.013 854.220,152.410 607.396,155.745 213.136,155.668 199.108,158.024 217.459,157.856 129.460,158.224 528.536,158.786 183.657,160.686 369.208,173.841 223.393,173.494 851.033,174.465 250.522,175.069 836.450,175.692 287.503,179.470 643.894,179.750 190.887,181.074 62.419,181.266 228.680,185.506 334.988,185.011 234.519,189.327 436.500,189.468 744.636,189.291 793.163,191.760 822.160,191.788 664.477,192.555 115.250,197.259 684.662,197.011 133.478,199.632 411.153,205.996 112.826,206.435 118.274,206.335 830.784,207.287 674.033,208.865 166.728,210.618 654.372,215.670 472.198,230.170 640.520,233.452 738.947,234.380 978.707,234.218 816.342,238.145 188.356,238.556 194.651,241.143 52.537,242.725 142.008,245.008 575.165,247.611 560.391,249.161 594.653,249.924 725.719,252.711 869.080,251.664 134.901,253.282 321.188,253.987 255.119,258.447 495.519,259.172 369.772,260.266 321.177,262.535 399.284,263.322 652.619,265.698 679.595,268.850 527.126,270.322 255.513,276.861 468.251,276.875 379.979,278.511 215.141,281.947 538.495,281.808 91.317,289.173 425.746,293.754 531.452,296.517 176.219,303.878 642.523,304.465 226.990,307.520 244.444,310.244 7.107,312.713 886.557,314.443 386.517,316.345 925.721,315.983 419.445,317.186 721.963,316.996 913.873,320.440 30.040,320.487 656.930,323.253 530.475,323.370 378.252,328.488 435.012,329.425 345.276,331.313 25.367,333.304 394.119,334.610 856.439,334.177 781.769,336.484 816.947,339.192 189.786,343.269 377.859,343.138 495.539,342.981 864.678,347.966 28.599,354.052 403.375,354.494 961.275,357.745 591.368,359.345 788.013,360.393 801.853,364.951 998.693,364.672 550.755,365.531 108.217,366.432 921.190,368.457 299.189,380.920 400.853,384.483 461.796,388.139 890.628,388.431 635.522,393.520 567.225,394.240 790.052,395.998 350.985,401.666 793.852,403.403 849.470,403.136 277.968,404.721 826.518,404.526 267.245,407.885 542.159,408.494 488.820,414.529 194.304,433.395 395.352,437.262 579.299,444.228 336.837,447.674 20.488,449.743 509.003,452.550 193.470,456.432 202.881,458.600 88.273,459.219 874.295,470.416 78.397,475.181 932.014,475.635 51.777,480.509 888.544,481.278 477.313,482.377 543.691,483.332 914.522,482.146 1020.263,482.719 445.517,487.034 333.486,490.038 280.409,491.012 418.673,494.748 856.846,499.593 965.187,501.530 20.857,509.816 581.732,509.036 26.397,509.872 300.142,513.584 454.363,513.328 796.452,518.476 596.522,522.828 336.647,524.339 42.705,536.839 74.528,566.517 36.306,566.007 388.296,571.276 480.716,590.266 30.478,595.001 785.979,597.006 67.401,603.512 906.292,606.854 858.345,607.699 863.729,609.458 551.465,615.565 75.445,619.817 698.965,624.761 385.515,637.173 545.606,643.442 327.510,651.807 610.366,655.453 422.765,667.089 18.120,671.563 361.008,671.470 538.254,672.958 192.722,675.700 117.669,682.870 573.571,684.258 955.680,684.287 95.177,689.873 433.528,691.504 782.721,697.671 808.431,704.910 848.556,718.988 32.286,728.805 605.304,728.730 316.854,730.960 381.467,732.986 481.893,737.595 661.019,740.101 3.226,753.781 269.972,754.982 305.494,759.277 933.599,765.514 648.570,768.697 609.483,770.766 331.625,771.317 817.253,783.704 749.455,790.181 999.635,792.528 141.917,795.231 224.006,797.366 150.166,805.536 404.980,810.507 541.218,810.782 110.894,814.616 283.776,828.564 863.527,839.012 137.735,842.947 298.393,841.007 309.546,840.993 1002.929,842.883 55.289,843.965 242.287,849.788 856.391,858.636 643.877,862.397 432.738,873.406 468.180,888.530 313.829,892.937 795.030,893.473 896.548,894.989 887.088,904.620 370.301,905.633 820.281,916.428 768.397,923.147 216.123,933.836 101.052,943.911 243.519,948.827 164.215,965.196 989.150,964.642 125.585,970.591 526.927,973.009 807.012,976.486 628.062,981.529 772.418,981.706 482.885,995.712
ABI1 315.185,3.771 34.500,6.500 32.868,8.165 35.500,7.500 456.867,12.368 507.500,12.500 1010.252,14.311 508.500,13.500 626.500,14.500 628.056,15.500 674.639,17.430 989.512,24.836 388.742,25.653 992.500,25.500 390.500,27.500 599.290,28.880 375.500,29.500 376.500,31.000 600.500,30.500 747.762,31.499 1004.500,35.500 664.321,39.136 340.500,40.500 339.771,42.185 662.500,41.500 378.146,44.881 773.500,48.500 339.483,49.910 774.500,49.500 773.500,50.500 84.776,56.776 458.581,57.196 83.500,58.500 85.954,58.954 718.929,60.328 802.653,61.003 860.500,63.500 859.104,64.500 696.519,67.002 859.500,66.500 688.302,69.259 689.522,74.051 57.500,78.500 362.698,80.331 364.500,79.500 407.500,80.000 579.500,80.500 187.665,82.582 579.280,82.631 659.059,83.109 586.940,83.285 656.500,83.500 586.000,85.500 263.568,88.288 648.295,88.409 840.928,88.216 190.500,89.500 842.500,89.500 454.641,98.539 570.906,99.728 702.285,100.438 217.974,100.730 440.500,105.500 143.181,107.798 141.500,108.500 285.902,110.500 40.047,117.962 731.500,118.500 901.271,119.433 732.500,119.500 731.500,120.500 308.954,124.332 267.500,123.500 269.000,124.500 854.052,128.500 381.308,130.777 336.500,130.500 29.477,132.273 42.165,133.579 335.500,131.500 45.500,135.500 121.500,135.500 44.500,136.500 122.500,136.500 530.499,136.500 199.500,137.500 200.500,138.500 199.500,140.500 823.712,147.219 260.944,149.500 229.500,152.000 855.500,151.500 854.500,152.500 212.759,155.591 607.403,155.787 199.425,157.708 217.310,157.253 528.811,158.500 129.500,158.500 197.670,162.949 369.279,173.859 223.500,172.500 851.132,174.494 250.386,175.209 224.500,174.500 836.503,175.548 287.599,179.258 644.204,179.692 61.829,181.252 189.500,180.500 191.500,180.500 192.500,181.500 334.500,183.000 224.957,183.927 229.480,185.356 333.500,184.500 335.334,185.106 332.500,185.500 436.709,189.350 234.500,189.437 744.500,189.197 746.500,188.500 793.165,191.808 821.000,190.500 823.219,191.826 663.500,192.500 821.500,192.500 683.500,195.500 683.896,197.500 133.208,200.333 118.258,206.354 410.830,205.913 830.433,207.112 413.500,206.500 113.500,207.500 166.500,208.500 673.756,209.500 165.500,209.500 167.229,211.185 654.500,214.500 653.500,215.500 655.500,215.500 654.500,216.500 472.500,229.500 471.500,231.500 979.500,232.500 640.500,233.500 740.500,233.500 978.091,234.279 738.914,235.139 189.120,238.264 816.500,237.500 188.500,240.500 193.500,240.500 51.934,242.216 195.413,241.943 141.500,244.500 142.500,245.500 574.500,246.500 575.500,247.500 595.500,247.500 573.500,248.500 560.787,250.213 594.713,250.083 869.101,251.286 135.159,252.967 725.795,252.831 321.500,253.500 320.500,254.500 255.616,258.546 495.500,258.000 253.500,258.500 370.500,260.500 320.500,261.500 399.253,263.448 652.409,265.594 525.500,269.500 680.056,269.500 526.500,271.500 256.500,274.500 255.265,276.524 254.500,278.500 380.500,278.500 538.279,281.946 540.500,280.500 536.500,281.500 215.500,282.500 90.500,288.500 92.500,288.500 90.500,290.500 92.500,290.500 425.500,294.500 530.960,296.484 177.500,302.500 176.180,303.857 642.500,304.500 228.500,305.500 227.046,307.610 243.960,310.483 7.052,312.500 386.878,316.103 887.500,314.500 926.189,316.008 419.103,317.179 722.500,316.500 923.500,316.500 721.500,317.500 913.935,320.616 30.500,320.500 530.500,323.000 657.500,322.944 655.500,323.500 657.500,325.500 378.140,328.710 434.690,329.234 344.500,330.500 346.500,330.500 25.709,332.944 394.058,334.478 856.500,334.500 781.896,336.229 816.894,338.804 818.500,337.500 378.296,342.082 189.500,341.500 816.500,341.500 189.712,343.555 494.500,342.500 497.500,343.500 864.748,347.829 28.547,354.041 402.978,354.511 404.500,353.500 961.000,357.500 591.344,359.367 786.500,359.500 788.198,360.238 801.792,365.251 550.500,365.944 997.500,365.500 106.500,366.500 108.500,367.000 921.229,367.815 922.500,369.500 299.093,380.709 300.500,382.500 400.500,384.500 461.500,386.500 462.228,388.187 890.000,387.500 891.500,389.500 634.500,392.500 567.213,393.787 635.500,393.500 788.500,395.500 790.247,396.210 350.500,401.500 793.571,403.464 349.500,402.500 352.000,402.500 849.500,403.500 277.966,404.775 826.500,404.500 268.500,406.500 542.032,408.519 266.500,407.500 490.500,415.000 488.500,415.500 194.944,433.500 193.500,434.500 394.847,437.242 396.500,435.500 579.500,442.500 579.500,444.944 335.500,447.500 337.500,447.500 20.183,449.844 336.500,448.500 87.500,456.500 193.500,456.500 88.358,459.261 200.500,457.500 202.987,458.467 204.500,460.500 90.500,461.500 874.369,470.507 78.534,475.147 932.500,474.500 931.500,475.500 933.500,475.500 930.500,476.500 932.500,476.500 51.944,480.500 888.500,480.990 543.770,483.323 1020.500,481.500 1019.500,482.500 1018.500,483.500 1021.500,484.500 444.747,487.448 446.500,486.500 333.500,488.500 332.500,490.500 419.500,495.500 856.771,499.185 965.500,501.500 964.500,502.500 582.008,508.927 20.681,510.255 22.500,508.500 26.500,509.500 24.500,510.500 27.500,510.500 454.245,513.157 300.500,514.500 454.500,515.500 796.922,518.228 337.500,524.500 336.500,525.500 43.058,537.411 35.500,565.500 74.623,566.777 480.597,590.670 30.500,593.500 31.500,594.500 30.249,595.751 66.500,599.500 65.500,600.500 67.535,603.918 906.539,607.279 858.480,607.480 67.500,607.500 860.500,608.500 864.500,608.500 863.500,609.838 865.500,609.500 551.500,616.056 77.500,619.500 699.902,624.500 698.500,625.500 699.500,626.500 387.500,636.500 545.714,642.998 544.500,645.500 327.500,651.500 326.500,652.500 328.500,652.500 327.500,653.500 610.226,655.500 422.500,667.216 538.136,673.007 17.771,671.815 361.500,671.500 360.500,672.500 192.650,675.719 117.454,682.698 573.862,684.446 119.500,683.500 955.500,684.500 95.546,689.989 433.621,691.065 782.670,697.545 808.500,703.500 809.500,704.500 849.500,718.500 606.500,726.500 31.746,728.663 33.500,727.500 605.040,728.960 317.432,730.594 382.500,731.500 381.273,732.971 482.944,736.500 481.500,738.413 660.500,741.500 3.500,753.500 269.777,754.854 305.193,759.570 933.479,765.540 648.667,768.727 608.500,771.000 330.500,771.500 816.500,781.500 817.525,783.744 749.432,790.084 999.500,791.500 999.500,793.500 141.646,795.089 222.500,796.500 224.500,796.500 223.500,797.500 150.500,805.800 404.713,810.769 542.500,810.500 112.500,813.500 110.755,814.843 283.500,827.500 284.500,828.500 864.500,837.500 862.802,838.762 310.500,839.500 137.486,842.884 1003.320,842.927 55.202,843.550 242.148,850.225 856.500,859.500 644.500,862.500 433.500,872.500 432.056,873.500 433.500,874.500 468.056,887.500 313.705,892.645 896.500,892.500 796.500,893.500 896.430,895.089 794.500,894.500 887.062,904.556 369.715,905.940 821.000,915.500 819.500,916.500 819.500,918.500 768.444,922.864 766.500,924.500 770.500,925.500 216.298,933.923 100.500,943.145 99.500,944.500 101.500,945.000 243.500,949.500 165.000,965.000 988.500,965.000 124.500,968.500 125.493,970.647 526.000,972.500 527.500,973.500 806.997,976.283 628.500,981.500 772.390,982.214 482.708,995.025
ABI2 40.500,117.500 369.440,173.990 793.369,191.981 192.500,675.500 887.500,904.500
ABI3 896.500,105.500 369.500,174.500 793.500,191.500 792.500,192.500 394.500,523.500 864.500,656.500 958.500,875.500 887.500,904.500
ABI4 40.500,117.500 369.245,173.830 793.415,191.988 192.500,675.500 887.500,904.500
ABI5 437.500,3.500 683.500,3.500 978.500,4.500 441.500,6.500 527.500,7.500 314.500,8.500 880.500,9.500 977.500,11.500 618.500,13.500 228.500,14.500 250.500,14.500 79.500,15.500 742.500,17.500 705.500,22.500 584.500,23.500 355.500,24.500 879.500,25.500 39.500,26.500 304.500,29.500 932.500,29.500 518.500,38.500 853.500,38.500 943.500,38.500 472.500,39.500 290.500,43.500 599.500,44.500 332.500,45.500 981.500,47.500 1016.500,49.500 176.500,52.500 516.500,58.500 809.500,61.500 463.500,62.500 271.500,63.500 979.500,64.500 793.500,65.500 39.500,67.500 671.500,67.500 441.500,70.500 932.500,70.500 75.500,79.500 584.500,80.500 670.500,80.500 897.500,87.500 991.500,89.500 457.500,93.500 581.500,93.500 384.500,95.500 36.500,97.500 87.500,97.500 675.500,98.500 754.500,98.500 82.500,99.500 158.500,105.500 830.500,105.500 504.500,106.500 1019.500,107.500 450.500,110.500 886.500,111.500 907.500,118.500 349.500,119.500 802.500,119.500 185.500,120.500 310.500,120.500 320.500,122.500 18.500,123.500 963.500,123.500 39.500,124.500 261.500,125.500 189.500,127.500 167.500,128.500 851.500,133.500 373.500,134.500 553.500,137.500 784.500,140.500 579.500,142.500 609.500,142.500 815.500,142.500 767.500,145.500 414.500,147.500 5.500,148.500 445.500,153.500 44.500,157.500 891.500,157.500 82.500,160.500 544.500,165.500 999.500,165.500 356.500,167.500 557.500,170.500 1012.500,171.500 368.500,172.500 853.500,177.500 923.500,177.500 197.500,179.500 376.500,181.500 863.500,182.500 142.500,186.500 895.500,187.500 567.500,189.500 582.500,189.500 791.500,190.500 753.500,192.500 216.500,193.500 320.500,195.500 527.500,195.500 795.500,195.500 19.500,196.500 131.500,198.500 241.500,198.500 536.500,199.500 241.500,207.500 278.500,215.500 101.500,220.500 593.500,221.500 557.500,223.500 996.500,223.500 549.500,229.500 738.500,232.500 106.500,233.500 592.500,234.500 204.500,235.500 674.500,236.500 542.500,238.500 458.500,243.500 885.500,245.500 204.500,252.500 872.500,253.500 915.500,253.500 920.500,253.500 384.500,254.500 551.500,255.000 728.500,255.500 935.500,255.500 867.500,260.500 285.500,261.500 926.500,264.500 21.500,267.500 275.500,270.500 8.500,272.500 207.500,272.500 770.500,273.500 529.500,275.500 584.500,275.500 159.500,276.500 29.500,283.500 73.500,284.500 428.500,286.500 108.500,287.500 252.983,288.500 789.500,288.500 782.500,289.500 718.500,291.500 883.500,292.500 384.500,295.500 957.500,295.500 442.500,296.500 780.500,297.500 431.500,299.500 44.500,300.500 561.500,303.500 240.500,305.500 619.500,305.500 177.500,307.500 204.500,309.500 948.500,309.500 354.500,312.500 646.500,314.500 332.500,315.500 361.500,315.500 487.500,315.500 699.500,320.500 534.500,321.500 792.500,325.500 93.500,328.500 943.500,328.500 566.500,329.500 78.500,331.500 592.500,331.500 26.500,332.500 269.500,333.500 133.500,337.500 173.500,337.500 731.500,339.500 729.500,342.500 329.500,344.500 487.500,350.500 474.500,351.500 813.500,352.500 271.500,353.500 899.500,354.500 817.500,355.500 114.500,356.500 294.500,357.500 366.500,357.500 945.500,358.500 927.500,359.500 624.500,364.500 666.500,364.500 732.500,369.500 411.500,373.500 797.500,375.500 23.500,386.500 740.500,387.500 404.500,388.500 844.500,388.500 809.500,389.500 478.500,398.500 685.500,398.500 38.500,403.500 438.500,403.500 886.500,403.500 393.500,405.500 522.500,411.500 180.500,414.500 422.500,417.500 556.500,419.500 634.500,421.500 226.500,422.500 5.500,425.500 729.500,425.500 662.500,426.500 437.500,427.500 893.500,436.500 663.500,439.500 329.500,440.500 11.500,442.500 647.500,443.500 54.500,445.500 244.500,448.500 350.500,450.500 896.500,454.500 400.500,456.500 777.500,457.500 787.500,461.500 893.500,462.500 662.500,464.500 26.500,466.500 187.500,467.500 444.500,471.500 821.500,472.500 895.500,474.500 750.500,477.500 727.500,478.500 861.500,478.500 910.500,478.500 239.500,483.500 565.500,483.500 761.500,483.500 289.500,485.500 747.500,485.500 615.500,486.500 506.500,491.500 573.500,491.500 999.500,493.500 442.500,494.500 274.500,495.500 270.500,498.500 954.500,498.500 270.500,500.500 451.500,501.500 609.500,501.500 243.500,503.500 673.500,506.500 914.500,519.500 167.500,521.500 1018.500,522.500 248.500,523.500 151.500,524.500 772.500,530.500 453.500,531.500 500.500,535.500 251.500,536.500 495.500,537.500 525.500,538.500 177.500,540.500 814.500,540.500 359.500,541.500 507.500,541.500 896.500,541.500 520.500,546.500 717.500,547.500 31.500,549.500 394.500,553.500 403.500,553.500 816.500,553.500 959.500,554.500 757.500,557.500 268.500,559.500 539.500,559.500 140.500,561.500 410.500,561.500 208.500,563.500 853.500,563.500 705.500,564.500 654.500,567.500 773.500,568.500 516.500,569.500 790.500,569.500 922.500,569.500 546.500,572.500 275.500,573.500 881.500,573.500 825.500,574.500 643.500,576.500 474.500,578.500 546.500,578.500 686.500,578.500 108.500,579.500 12.500,580.500 826.500,586.500 659.500,587.500 205.500,588.500 767.500,589.500 966.500,591.500 822.500,593.500 445.500,597.500 759.500,597.500 549.500,598.500 67.500,602.500 531.500,602.500 284.500,604.500 699.500,606.500 788.500,608.500 511.500,609.500 789.500,609.500 510.500,611.500 173.500,613.500 601.500,614.500 482.500,616.500 63.500,619.500 231.500,623.500 331.500,626.500 29.500,628.500 400.500,630.500 33.500,637.500 268.500,639.500 27.500,640.500 205.500,641.500 547.500,642.500 199.500,643.500 224.500,643.500 684.500,644.500 749.500,646.500 538.500,651.500 323.500,653.500 271.500,654.500 703.500,656.500 974.500,657.500 21.500,659.500 580.500,659.500 551.500,665.500 684.500,665.500 533.500,668.500 284.500,671.500 849.500,672.500 192.500,675.500 228.500,678.500 872.500,678.500 299.500,680.500 598.500,680.500 253.500,681.500 630.500,683.500 197.500,688.500 776.500,688.500 295.500,689.500 622.500,690.500 25.500,691.500 736.500,693.500 326.500,696.500 528.500,696.500 569.500,702.500 828.500,702.500 313.500,703.500 749.500,704.500 839.500,706.500 292.500,707.500 649.500,710.500 757.500,710.500 609.500,712.500 121.500,714.500 350.500,714.500 984.500,716.500 823.500,725.500 12.500,726.500 10.500,728.500 925.500,729.500 1014.500,729.500 100.500,730.500 288.500,731.500 712.500,740.500 724.500,740.500 748.500,741.500 838.500,745.500 906.500,746.500 947.500,748.500 160.500,750.500 725.500,750.500 282.500,751.500 840.500,753.500 190.500,756.500 488.500,757.500 15.500,762.500 431.500,764.500 23.500,765.500 133.500,766.500 16.500,769.500 584.500,769.500 427.500,773.500 710.500,775.500 881.500,775.500 118.500,776.500 800.500,776.500 203.500,777.500 870.500,778.500 4.500,780.500 69.500,782.500 578.500,782.500 35.500,786.500 774.500,786.500 448.500,789.500 810.500,789.500 615.500,797.500 807.500,797.500 455.500,798.500 933.500,798.500 979.500,800.500 399.500,806.500 239.500,807.500 916.500,807.500 479.500,808.500 538.500,808.500 840.500,809.500 576.500,811.500 103.500,815.500 550.500,820.500 140.500,821.500 532.500,823.500 46.500,825.500 634.500,826.500 230.500,829.500 507.500,829.500 755.500,829.500 758.500,829.500 163.500,832.500 943.500,832.500 484.500,833.500 437.500,835.500 863.500,837.500 367.500,839.500 426.500,842.500 326.500,843.500 366.500,847.500 8.500,848.500 277.500,850.500 697.500,850.500 137.500,855.500 963.500,857.500 46.500,858.500 378.500,858.500 645.500,864.500 663.500,865.500 978.500,865.500 722.500,866.500 1010.500,866.500 966.500,867.500 990.500,870.500 608.500,874.500 940.500,874.500 945.500,875.500 1002.500,879.500 356.500,881.500 549.500,881.500 1022.500,881.500 423.500,885.500 579.500,886.500 284.500,891.500 20.500,892.500 224.500,893.500 158.500,894.500 751.500,895.500 1016.500,897.500 561.500,898.500 416.500,901.500 956.500,902.500 637.500,903.500 489.500,907.500 296.500,909.500 68.500,911.500 843.500,912.500 164.500,915.500 834.500,915.500 826.500,919.500 336.500,920.500 514.500,921.500 798.500,921.500 987.500,922.500 1006.500,922.500 647.500,927.500 246.500,928.500 561.500,931.500 293.500,932.500 362.500,934.500 862.500,934.500 684.500,935.500 688.500,935.500 644.500,936.500 970.500,937.500 44.500,943.500 130.500,943.500 430.500,946.500 898.500,950.500 940.500,951.500 657.500,953.500 340.500,954.500 622.500,956.500 926.500,957.500 879.500,962.500 637.500,967.500 511.500,971.500 464.500,972.500 958.500,972.500 620.500,981.500 549.500,982.500 704.500,982.500 266.500,985.500 841.500,985.500 911.500,987.500 361.500,989.500 256.500,990.500 858.500,993.500 355.500,994.500 167.500,998.500 295.500,1000.500 461.500,1000.500 1011.500,1000.500 588.500,1003.500 513.500,1004.500 26.500,1005.500 75.500,1005.500 406.500,1005.500 875.500,1005.500 555.500,1006.500 594.500,1009.500 159.500,1015.500
ABI6
ABJ0 175.087,10.082 35.939,28.165 399.843,31.188 176.839,35.955 508.932,39.555 393.519,44.332 485.480,48.759 420.447,53.000 503.991,54.235 540.699,55.049 257.959,59.103 305.084,58.966 918.268,63.866 328.516,76.692 20.844,78.647 630.260,79.961 934.121,85.514 95.457,85.506 195.882,88.839 54.639,110.176 323.276,116.700 331.342,118.070 468.494,119.728 533.975,120.656 594.525,126.994 727.380,127.273 551.057,136.002 897.383,142.881 560.539,142.523 561.906,159.955 312.680,169.999 313.325,182.322 511.115,189.577 635.662,192.164 275.243,194.772 500.864,194.998 154.830,201.170 273.160,203.615 278.317,204.149 882.577,206.468 496.266,210.513 541.878,209.359 474.919,217.233 352.667,218.118 658.387,239.182 342.679,248.398 717.333,256.159 183.151,256.549 508.373,262.857 424.633,266.127 63.427,271.707 246.373,271.859 302.232,275.765 75.386,289.384 165.516,290.378 566.675,297.012 208.264,301.269 267.454,300.040 627.326,303.394 781.060,304.606 256.515,305.786 484.768,311.438 381.634,312.840 832.048,315.498 486.720,320.121 933.651,321.340 860.302,324.469 432.521,330.284 438.359,336.066 65.957,338.248 268.460,345.519 462.768,350.171 935.023,351.869 58.993,356.364 295.299,364.280 5.395,376.381 219.989,386.284 793.729,388.846 788.249,391.111 4.652,391.965 91.170,392.639 447.009,399.496 271.988,401.607 243.807,409.352 543.224,414.436 159.983,418.356 920.061,428.725 123.775,429.486 318.000,431.077 581.307,433.659 345.348,433.781 9.301,436.322 271.343,450.445 999.528,451.821 404.746,473.274 929.728,480.827 40.422,484.873 381.723,491.387 70.542,492.714 596.008,496.008 79.419,500.459 287.456,506.212 393.452,520.609 740.391,525.542 74.413,526.518 258.655,536.034 157.080,542.974 826.997,544.663 891.489,545.424 173.057,548.000 549.284,549.001 149.258,551.986 68.402,551.617 776.528,551.564 165.265,555.543 144.636,560.694 153.652,561.859 647.095,563.771 725.150,566.591 92.306,569.016 125.580,569.550 477.554,577.301 668.369,586.201 557.836,587.151 235.443,594.417 870.396,597.518 559.423,596.908 501.709,606.307 90.364,610.003 545.103,628.370 816.696,636.807 274.305,642.101 64.371,642.678 578.711,647.580 383.058,650.807 113.931,651.842 379.437,654.424 444.033,659.140 247.469,676.404 934.153,677.372 227.546,680.253 48.058,684.528 514.187,695.126 735.413,697.587 697.451,699.614 564.816,700.533 794.880,700.390 93.173,701.388 118.013,703.359 134.544,711.611 77.161,715.106 879.006,720.556 485.933,729.897 135.971,732.112 234.278,733.371 157.473,736.488 400.000,736.474 787.694,744.286 319.680,749.350 539.842,753.627 99.964,757.449 319.540,759.192 935.887,758.950 963.989,758.376 201.600,764.853 2.885,772.501 240.611,776.634 158.685,780.542 295.863,782.015 769.926,781.902 337.080,783.736 605.293,784.551 412.215,787.127 673.136,787.573 140.433,790.027 222.592,803.402 890.348,844.278 131.578,845.258 373.812,855.471 303.007,859.157 256.027,864.375 817.656,865.141 95.416,867.829 131.824,869.352 109.022,878.233 805.390,880.601 198.169,887.304 441.245,887.976 622.733,887.740 348.747,900.836 253.543,909.270 343.458,912.017 173.039,915.037 670.216,915.784 957.800,916.510 566.657,927.643 530.736,933.705 201.506,941.211 792.716,958.012 330.415,961.058 906.964,968.905 416.452,982.519 201.762,991.167 221.477,992.411 97.688,995.016 561.305,998.123 386.090,1007.225 861.410,1008.449 676.617,1009.850 89.613,1009.570 626.895,1015.074
ABJ1 329.816,1.500 175.098,10.118 35.888,28.210 400.500,30.500 399.500,31.500 177.500,35.500 509.226,39.500 507.500,40.500 393.500,44.000 420.500,52.500 504.000,53.500 304.500,58.500 918.500,63.500 328.500,77.052 20.500,77.500 21.500,78.500 630.500,79.500 22.500,79.500 933.500,84.500 95.500,85.500 196.121,88.811 933.928,86.500 323.500,115.500 331.500,118.500 469.500,118.500 468.520,120.235 534.054,120.542 593.500,127.500 595.500,128.500 551.500,134.500 897.243,142.734 560.499,142.500 561.778,160.222 313.365,182.325 510.787,189.213 635.500,192.500 500.787,195.213 155.500,201.500 881.500,206.500 882.500,207.500 496.380,210.517 541.000,208.500 543.500,209.500 474.500,216.500 476.500,217.500 659.000,238.500 343.500,249.500 182.500,255.500 717.000,255.500 184.000,256.500 424.720,266.588 63.536,271.037 245.837,271.794 63.500,273.500 302.180,275.769 75.301,289.301 165.981,290.470 208.216,301.346 256.500,306.500 485.500,319.500 933.500,321.500 860.281,324.712 438.265,336.119 65.500,338.500 462.535,349.989 464.500,350.500 463.500,351.500 934.500,352.209 58.979,356.401 295.345,364.580 4.500,375.500 219.797,386.203 793.901,388.874 5.006,391.971 788.500,391.500 91.500,392.500 271.668,401.556 243.913,409.377 920.500,427.500 919.500,428.500 123.500,429.500 581.361,433.786 345.500,434.000 9.254,436.378 579.500,434.500 271.474,450.180 269.500,451.500 404.787,473.787 929.527,480.747 381.581,491.214 596.500,496.052 288.500,507.500 393.500,520.500 739.500,524.948 258.353,536.132 157.500,542.948 891.500,545.500 174.000,547.500 549.706,548.780 150.500,549.500 149.500,550.500 776.419,551.661 67.500,551.500 69.500,551.500 147.500,551.500 68.500,552.500 152.500,552.500 147.500,555.951 166.500,555.500 165.500,556.500 153.948,561.500 646.928,563.500 125.000,568.500 126.500,569.500 478.000,577.500 668.580,585.913 557.946,587.072 870.388,597.516 501.500,606.500 90.418,609.883 545.091,628.350 817.500,635.500 816.000,636.500 273.947,641.765 64.500,642.500 578.775,647.044 113.500,651.500 383.500,651.500 379.557,654.196 443.500,658.500 444.500,659.500 443.500,660.500 226.500,679.500 227.500,680.500 48.035,684.416 514.036,694.912 93.413,701.500 134.618,711.644 76.957,715.353 486.500,729.500 135.939,732.021 485.500,730.500 787.500,744.052 319.500,748.500 320.500,749.500 99.500,757.948 935.500,759.052 964.500,758.500 319.902,759.500 201.500,765.500 3.160,772.243 158.948,780.500 295.778,782.444 770.500,781.500 605.500,782.500 769.500,782.500 336.500,784.500 606.500,784.500 602.500,785.500 412.500,786.500 673.500,786.500 411.500,787.500 413.500,787.500 672.500,787.500 673.500,788.500 140.500,789.500 222.500,802.118 890.318,844.835 888.500,844.500 131.500,845.500 373.969,855.031 372.500,856.500 303.110,858.799 255.500,864.500 817.981,865.042 94.500,867.500 131.500,868.500 109.233,877.767 108.500,879.500 197.948,887.500 348.270,900.974 350.500,900.500 253.500,907.500 253.500,910.500 957.525,916.406 174.500,915.500 669.826,915.750 530.730,933.026 202.500,941.500 793.064,957.863 330.377,961.011 906.839,968.843 201.657,992.347 96.500,994.500 561.408,998.086 861.500,1006.500 861.765,1008.224 89.226,1009.500 385.500,1008.500 676.364,1009.839 627.500,1015.000
ABJ2 175.059,10.163 35.790,28.500 313.500,182.500 208.500,300.500 58.956,356.470 243.500,409.930 9.500,436.500 870.500,597.039 90.991,609.500 47.765,684.478 134.609,711.599 136.500,732.500 330.292,961.119 201.762,992.466 561.116,997.500
ABJ3 174.869,10.237 35.500,28.500 262.500,87.500 152.500,106.500 58.937,356.330 269.500,357.500 854.500,524.500 748.500,543.500 260.500,610.500 138.500,658.500 134.754,711.731 226.500,845.500 330.500,960.500 201.500,991.500
ABJ4 175.063,10.181 35.859,28.500 313.500,182.500 208.500,300.500 58.968,356.479 243.500,409.500 870.500,597.023 90.500,609.500 47.764,684.489 134.542,711.552 136.500,732.500 330.264,961.154 201.500,991.500 202.500,992.500 201.500,993.500 561.073,997.500
ABJ5 986.500,1.500 459.500,3.500 705.500,3.500 172.500,6.500 457.500,6.500 173.500,7.500 328.500,8.500 580.500,13.500 186.500,14.500 208.500,14.500 43.500,15.500 582.500,18.500 657.500,22.500 31.500,24.500 807.500,25.500 1004.500,25.500 443.500,29.500 39.500,31.500 717.500,38.500 807.500,38.500 653.500,39.500 590.500,41.500 30.500,42.500 258.500,45.500 614.500,46.500 212.500,47.500 934.500,49.500 127.500,51.500 102.500,52.500 772.500,56.500 7.500,61.500 483.500,62.500 582.500,63.500 702.500,64.500 987.500,64.500 65.500,67.500 697.500,67.500 548.500,68.500 204.500,69.500 471.500,70.500 290.500,77.500 141.500,79.500 716.500,80.500 726.500,83.500 19.500,91.500 505.500,93.500 434.500,95.500 802.500,98.500 130.500,99.500 317.500,102.500 836.500,104.500 498.500,106.500 590.500,106.500 717.500,107.500 761.500,107.500 89.500,108.500 234.500,110.500 566.500,110.500 1012.500,111.500 555.500,114.500 415.500,120.500 997.500,122.500 1010.500,122.500 294.500,123.500 477.500,128.500 673.500,129.500 389.500,131.500 205.500,134.500 560.500,134.500 755.500,134.500 967.500,137.500 562.500,138.500 569.500,138.500 681.500,138.500 150.500,141.500 461.500,142.500 957.500,142.500 987.500,142.500 169.500,143.500 443.500,144.500 97.500,146.500 186.500,146.500 429.500,147.500 349.500,148.500 817.500,153.500 368.500,157.500 307.500,158.500 683.500,158.500 530.500,160.500 848.500,165.500 812.500,167.500 69.500,171.500 546.500,172.500 673.500,175.500 491.500,178.500 563.500,178.500 207.500,180.500 159.500,181.500 827.500,181.500 28.500,182.500 773.500,185.500 830.500,186.500 126.500,187.500 431.500,187.500 104.500,190.500 305.500,190.500 320.500,190.500 969.500,190.500 650.500,191.500 851.500,191.500 440.500,193.500 125.500,195.500 132.500,196.500 868.500,196.500 93.500,199.500 398.500,200.500 105.500,208.500 845.500,208.500 154.500,216.500 295.500,218.500 433.500,223.500 389.500,226.500 359.500,227.500 453.500,227.500 486.500,230.500 610.500,233.500 723.500,234.500 464.500,235.500 327.500,236.500 688.500,237.500 934.500,238.500 442.500,239.500 110.500,243.500 410.500,243.500 980.500,243.500 341.500,250.500 501.500,255.500 387.500,257.500 667.500,261.500 245.500,262.500 999.500,264.500 306.500,265.500 904.500,265.500 937.500,270.500 633.500,271.500 974.500,272.500 819.500,274.500 484.500,276.500 59.500,277.500 434.500,279.500 890.500,282.500 961.500,284.500 612.500,287.500 755.500,287.500 144.983,289.500 696.500,290.500 871.500,292.500 823.500,293.500 45.500,295.500 904.500,295.500 332.500,296.500 911.500,296.500 700.500,298.500 311.500,300.500 298.500,302.500 530.500,302.500 319.500,305.500 557.500,309.500 84.500,310.500 946.500,310.500 270.500,316.500 299.500,316.500 429.500,316.500 518.500,322.500 985.500,324.500 138.500,328.500 99.500,329.500 947.500,329.500 570.500,330.500 92.500,332.500 604.500,332.500 42.500,333.500 454.500,337.500 165.500,338.500 205.500,338.500 207.500,339.500 121.500,342.500 568.500,342.500 779.500,345.500 567.500,348.500 123.500,351.500 517.500,351.500 54.500,353.034 492.500,352.500 787.500,356.500 60.500,357.500 907.500,359.500 885.500,360.500 602.500,365.500 644.500,365.500 681.500,370.500 556.500,373.500 886.500,374.500 287.500,379.500 976.500,379.500 980.500,379.500 525.500,381.500 79.500,383.500 971.500,386.500 660.500,388.500 318.500,389.500 719.500,390.500 797.500,390.500 228.500,393.500 972.500,395.500 454.500,399.500 589.500,399.500 996.500,403.500 366.500,404.500 1012.500,409.500 604.500,419.500 400.500,420.500 478.500,422.500 70.500,423.500 488.500,427.500 84.500,428.500 263.500,428.500 595.500,435.500 323.500,440.500 1013.500,440.500 299.500,444.500 729.500,444.500 736.500,445.500 714.500,448.500 42.500,451.500 669.500,454.500 104.500,457.500 949.500,457.500 326.500,458.500 505.500,462.500 416.500,465.500 918.500,465.500 41.500,466.500 175.500,466.500 955.500,467.500 178.500,472.500 520.500,478.500 513.500,479.500 647.500,479.500 35.500,484.500 93.500,486.500 433.500,487.500 782.500,490.500 415.500,492.500 936.500,493.500 134.500,496.500 681.500,499.500 814.500,499.500 109.500,504.500 565.500,507.500 866.500,518.500 31.500,519.500 317.500,519.500 246.500,521.500 161.500,522.500 1012.500,523.500 412.500,524.500 143.500,525.500 768.500,531.500 491.500,538.500 199.500,541.500 830.500,541.500 888.500,542.500 1003.500,545.500 40.500,546.500 681.500,546.500 538.500,548.500 667.500,548.500 1007.500,549.500 703.500,551.500 316.500,554.500 325.500,554.500 738.500,554.500 25.500,557.500 641.500,558.500 146.500,560.500 415.500,560.500 790.500,561.500 18.500,562.500 286.500,562.500 132.500,564.500 506.500,568.500 637.500,569.500 388.500,570.500 662.500,570.500 794.500,570.500 493.500,571.500 703.500,571.500 183.500,572.500 192.500,572.500 163.500,574.500 737.500,575.500 541.500,577.500 372.500,579.500 444.500,579.500 428.500,585.500 555.500,588.500 866.500,591.500 529.500,598.500 97.500,599.500 311.500,599.500 97.500,601.500 401.500,601.500 500.500,606.500 622.500,608.500 26.500,609.500 544.500,609.500 877.500,611.500 323.500,615.500 853.500,615.500 210.500,617.500 53.500,618.500 554.500,620.500 666.500,622.500 748.500,625.500 819.500,626.500 731.500,628.500 885.500,629.500 980.500,629.500 676.500,634.500 644.500,640.500 177.500,643.500 165.500,653.500 855.500,654.500 9.500,656.500 300.500,657.500 1006.500,659.500 567.500,664.500 693.500,664.500 27.500,669.500 853.500,671.500 345.500,674.500 183.500,676.500 750.500,678.500 550.500,679.500 44.500,681.500 284.500,681.500 965.500,681.500 46.500,683.500 292.500,684.500 430.500,688.500 796.500,688.500 380.500,689.500 931.500,689.500 244.500,691.500 946.500,696.500 126.500,697.500 436.500,703.500 943.500,703.500 106.500,704.500 131.500,707.500 445.500,707.500 922.500,707.500 132.242,709.230 134.577,711.561 149.500,713.500 677.500,713.500 736.500,713.500 667.500,714.500 137.500,715.500 902.500,716.500 810.500,717.500 243.500,719.500 291.500,726.500 840.500,727.500 496.500,728.500 1013.500,728.500 585.500,738.500 179.500,740.500 89.500,741.500 775.500,741.500 136.500,742.500 217.500,744.500 107.500,746.500 202.500,746.500 310.500,747.500 323.500,749.500 622.500,751.500 665.500,751.500 692.500,751.500 885.500,753.500 569.500,754.500 564.500,756.500 717.500,757.500 299.500,758.500 415.500,762.500 709.500,764.500 843.500,764.500 423.500,765.500 545.500,766.500 458.500,769.500 879.500,773.500 388.500,775.500 226.500,777.500 651.500,777.500 422.500,780.500 479.500,782.500 990.500,782.500 697.500,785.500 858.500,786.500 152.500,787.500 367.500,799.500 507.500,799.500 585.500,799.500 869.500,806.500 392.500,808.500 322.500,810.500 100.500,821.500 714.500,821.500 82.500,824.500 100.500,825.500 353.500,828.500 915.500,828.500 77.500,830.500 325.500,830.500 328.500,830.500 64.500,831.500 531.500,833.500 72.500,834.500 952.500,843.500 157.500,846.500 664.500,848.500 937.500,850.500 333.500,851.500 639.500,855.500 832.500,855.500 78.500,856.500 301.500,856.500 607.500,858.500 714.500,858.500 729.500,865.500 283.500,866.500 598.500,866.500 334.500,867.500 622.500,867.500 578.500,868.500 596.500,871.500 230.500,875.500 562.500,875.500 565.500,876.500 940.500,881.500 109.500,882.500 582.500,882.500 127.500,887.500 856.500,891.500 600.500,892.500 358.500,893.500 726.500,894.500 289.500,896.500 107.500,899.500 520.500,899.500 243.500,900.500 994.500,901.500 691.500,903.500 106.500,904.500 638.500,904.500 57.500,908.500 621.500,912.500 764.500,915.500 402.500,916.500 353.500,918.500 702.500,918.500 114.500,919.500 374.500,920.500 60.500,922.500 346.500,922.500 533.500,923.500 552.500,923.500 446.500,925.500 609.500,929.500 256.500,932.500 710.500,933.500 962.500,934.500 438.500,935.500 274.500,936.500 278.500,936.500 660.500,943.500 746.500,945.500 16.500,947.500 536.500,952.500 260.500,955.500 745.500,956.500 168.500,957.500 166.500,959.500 329.500,960.500 601.500,960.500 654.500,961.500 650.500,966.500 321.500,968.500 199.500,972.500 869.500,979.500 19.500,983.500 752.500,985.500 332.500,988.500 791.500,989.500 668.500,990.500 607.500,991.500 202.500,993.500 180.500,994.500 671.500,994.500 461.500,998.500 561.500,1000.500 723.500,1000.500 95.500,1002.500 426.500,1002.500 745.500,1004.500 258.500,1005.500 307.500,1005.500 636.500,1005.500 861.500,1011.500 357.500,1013.500 887.500,1013.500 124.500,1015.500 223.500,1015.500 897.500,1017.500 382.500,1021.500 755.500,1022.500
ABJ6 134.500,711.000 137.500,713.500
ABK0 735.374,3.132 941.814,11.485 718.848,13.455 491.340,15.863 1011.524,17.631 694.985,23.052 506.504,26.006 90.430,30.021 895.299,30.355 158.836,31.393 441.750,31.511 380.751,33.465 655.167,34.596 578.411,37.296 839.402,37.598 52.412,56.752 328.559,60.976 188.932,65.220 339.699,66.669 181.152,68.610 887.351,77.861 907.279,81.376 610.010,83.584 975.918,95.851 273.550,97.570 538.547,99.193 931.561,98.423 326.536,102.365 361.788,101.740 275.277,107.871 949.891,109.727 498.619,115.828 734.776,126.841 633.009,129.044 804.112,134.601 527.263,138.711 350.999,140.538 992.775,146.225 743.793,146.517 339.529,148.369 771.141,148.558 878.481,153.738 9.789,153.563 527.789,157.938 279.434,157.187 409.569,158.030 134.731,161.263 447.715,162.069 1004.771,161.748 253.383,164.523 914.050,169.984 1011.010,170.548 501.130,178.696 7.858,181.909 461.920,181.892 253.762,183.892 642.769,193.295 65.411,206.596 487.000,206.936 203.790,211.522 680.392,212.143 555.783,213.551 104.024,222.493 231.474,223.896 349.293,237.627 327.619,238.160 979.932,241.326 373.455,243.496 665.762,244.909 694.508,244.829 811.410,245.838 708.084,248.957 134.172,251.580 197.976,253.428 330.439,255.445 51.445,265.766 661.152,265.586 934.569,270.410 913.092,273.798 392.684,277.704 1017.790,282.481 415.324,283.876 959.274,297.611 267.312,303.695 213.171,304.599 335.763,309.327 47.427,311.877 625.988,315.260 357.561,317.130 525.784,320.845 359.273,321.953 903.707,323.900 623.239,324.407 665.482,325.290 339.387,327.678 619.073,327.927 868.872,331.094 970.380,330.426 687.538,334.994 594.109,337.873 416.516,339.816 637.557,346.283 280.194,346.228 301.687,346.337 740.574,347.139 12.974,347.989 727.550,348.946 464.276,351.835 495.176,352.212 406.705,353.384 308.352,356.422 230.167,357.649 909.409,355.990 132.500,357.392 479.325,363.145 551.325,363.612 405.596,366.004 628.029,368.971 131.338,370.277 985.196,372.790 654.797,373.419 498.466,376.204 795.370,382.518 131.004,384.371 457.695,389.148 540.584,389.471 734.769,392.762 991.416,394.715 438.481,395.797 386.713,397.691 829.711,399.343 390.514,402.120 923.517,408.723 738.516,410.641 617.777,412.247 129.522,414.125 419.136,415.228 745.089,415.306 860.172,419.078 477.350,426.138 322.087,428.515 569.009,436.099 622.795,434.838 7.310,437.423 134.374,436.513 319.406,437.297 52.018,437.506 279.929,439.618 411.496,444.801 686.506,447.999 455.596,448.603 373.627,449.307 448.848,450.124 989.155,456.755 523.064,458.476 701.672,461.915 111.169,465.673 286.477,467.387 702.402,469.263 32.111,472.530 652.570,473.093 1014.712,472.992 433.429,476.077 530.087,475.222 998.843,477.555 87.930,479.237 343.021,480.641 408.196,482.776 462.145,482.853 519.335,484.881 604.779,485.670 232.466,485.377 689.361,496.873 441.102,502.083 969.589,513.253 962.318,516.762 420.358,518.138 429.951,526.881 719.197,528.785 318.751,533.982 397.970,539.754 472.294,543.009 914.301,540.997 966.603,542.293 434.566,543.022 349.409,548.893 32.507,554.241 318.506,553.252 848.205,553.541 435.123,557.009 609.633,558.674 889.567,565.253 446.803,571.588 451.305,578.398 312.736,580.009 280.437,581.010 594.360,587.744 432.518,589.822 927.404,591.836 635.103,592.577 47.079,600.317 600.885,603.324 783.198,606.594 424.829,607.831 568.985,607.782 5.185,608.175 136.840,609.587 480.734,625.876 812.665,624.396 118.823,626.238 338.789,637.427 204.552,638.045 239.185,641.799 355.811,642.901 226.767,649.826 823.133,650.616 155.633,650.096 233.506,651.488 240.551,658.210 102.031,659.478 406.780,668.562 768.740,673.644 426.519,681.587 98.096,684.700 318.633,685.112 344.312,684.299 882.957,686.657 191.389,688.472 151.514,696.041 651.963,706.734 990.795,710.179 427.778,711.928 525.915,713.139 351.111,715.039 447.257,716.743 626.314,724.076 428.579,725.547 377.095,726.738 990.980,731.063 321.349,738.303 41.840,746.414 85.339,745.355 313.436,746.769 252.624,747.731 342.401,750.511 255.026,760.015 274.375,760.687 383.736,761.332 359.870,761.673 1018.262,762.577 337.728,765.239 6.032,768.952 577.648,771.472 895.849,772.575 325.593,775.986 630.539,778.733 340.257,783.958 801.155,787.355 210.132,794.222 311.601,792.753 191.012,793.661 327.915,795.965 145.397,803.141 417.492,804.480 336.605,804.852 179.218,806.124 92.992,810.123 152.729,809.402 333.110,811.485 395.662,813.867 318.458,826.458 76.256,828.618 585.303,827.676 765.126,831.872 409.351,834.134 234.322,837.005 299.590,838.138 330.604,837.443 933.403,838.161 23.520,843.933 222.875,844.280 351.813,847.987 367.005,848.647 812.588,849.856 292.552,850.527 899.508,854.482 173.297,855.993 809.842,859.696 181.329,860.721 17.534,866.500 320.503,869.507 814.738,868.714 301.000,870.713 72.319,876.839 238.373,879.001 8.924,882.840 407.498,888.377 7.512,894.991 253.514,900.557 608.700,904.635 616.374,909.383 149.021,910.641 571.954,912.596 671.168,912.503 685.947,929.249 328.316,932.570 959.392,932.293 317.975,937.353 22.726,940.288 138.264,942.231 375.217,947.284 228.194,947.210 585.765,950.523 83.860,953.311 650.119,953.321 229.540,962.787 343.397,965.083 417.678,964.810 129.136,979.304 326.749,979.647 8.746,986.106 79.183,989.879 785.180,989.486 842.113,991.317 163.015,992.956 690.924,998.088 141.803,1001.522 922.043,1007.279 188.551,1009.576 11.617,1019.419
ABK1 940.500,10.500 941.914,11.500 491.500,15.500 694.947,23.152 578.406,37.324 52.500,56.500 339.500,66.500 181.061,68.777 976.500,96.500 931.500,97.500 932.500,98.500 538.500,99.500 326.500,102.000 948.500,109.500 949.500,110.500 498.500,115.500 735.226,127.226 633.500,128.500 632.500,129.500 803.500,134.500 804.500,135.500 992.833,146.452 339.500,148.500 530.500,153.500 879.500,153.500 278.785,157.154 530.500,155.500 409.492,158.485 527.804,158.454 447.713,161.692 254.500,164.500 914.083,169.959 1011.500,171.500 501.500,179.500 8.028,182.047 254.500,184.500 643.087,193.157 65.242,207.188 204.000,211.500 103.732,222.520 231.350,223.868 233.500,222.500 980.287,241.428 373.469,243.465 665.694,244.872 694.018,244.528 708.112,248.500 134.500,251.500 330.493,255.502 50.787,265.787 934.500,269.928 912.517,273.956 415.500,284.500 958.500,297.500 267.500,303.500 46.500,312.500 626.500,315.500 625.500,316.500 359.009,322.036 525.000,321.500 666.500,323.500 665.269,325.087 903.500,324.500 339.136,327.652 341.500,327.500 868.500,330.500 593.823,337.966 637.529,346.262 727.648,348.798 739.500,347.500 741.500,347.500 13.500,348.500 406.500,353.500 230.307,357.178 309.000,356.500 229.500,359.500 551.500,364.500 405.500,365.500 627.500,367.500 628.500,369.500 984.973,372.819 498.445,376.197 131.049,384.500 456.500,387.500 457.559,389.435 734.778,393.222 991.328,394.652 386.500,397.500 922.500,407.500 923.500,408.500 924.500,409.500 617.500,412.499 418.863,415.091 859.500,418.500 477.500,426.500 321.952,429.088 622.500,434.432 567.500,434.500 569.139,436.174 135.500,435.500 319.459,437.420 7.841,437.715 134.500,437.500 686.473,448.041 456.500,447.500 373.406,449.392 448.952,450.199 455.500,448.500 989.119,456.651 523.500,459.500 701.500,462.500 112.500,465.500 32.927,472.808 652.500,472.500 433.500,475.500 86.500,478.500 343.036,480.555 407.749,482.970 461.500,482.500 604.747,485.518 689.500,497.500 969.128,513.068 962.421,516.696 970.500,514.500 430.019,527.030 718.771,528.756 318.755,533.807 398.023,539.964 966.621,542.098 472.489,543.108 433.500,542.500 435.500,542.500 434.500,543.500 349.511,548.973 32.481,554.311 318.500,552.500 848.853,553.500 847.500,554.500 435.317,556.798 888.500,563.500 889.832,565.486 446.959,571.467 312.797,579.797 634.500,591.500 927.500,592.072 47.500,600.049 600.500,603.500 783.301,606.357 424.978,608.011 569.188,607.758 480.132,624.690 118.770,626.081 481.500,626.500 480.500,627.500 483.500,627.500 338.568,637.427 204.500,637.500 234.500,639.000 238.797,639.797 356.270,643.026 239.500,643.500 240.796,644.739 227.667,649.912 822.980,650.219 233.500,652.049 822.500,654.500 824.500,654.500 240.792,658.094 102.500,659.500 406.395,668.663 769.500,673.500 97.500,683.500 98.203,685.203 343.500,684.500 883.508,686.982 191.500,688.500 991.500,709.500 427.545,711.868 526.500,713.500 524.500,714.500 626.012,723.944 990.500,730.500 42.028,746.354 252.749,747.852 313.519,746.948 341.500,751.500 383.491,761.433 1018.500,763.000 577.774,771.211 896.000,772.500 630.500,778.500 340.260,783.838 312.500,791.500 209.991,793.974 310.775,792.760 312.500,793.500 327.821,796.245 326.500,797.500 417.500,804.500 333.500,810.049 93.500,810.500 332.500,811.500 333.500,812.500 317.500,826.500 76.093,828.668 586.500,827.500 764.951,831.500 766.500,832.500 409.000,833.500 299.516,837.931 932.500,836.500 235.500,837.500 933.792,838.079 222.500,843.500 24.500,844.500 352.116,848.185 367.500,847.500 812.789,849.809 899.786,854.260 809.500,859.500 810.500,860.500 181.500,861.500 17.500,866.500 320.323,869.965 815.500,868.500 72.724,876.896 7.500,882.500 407.755,888.195 253.500,900.500 149.500,909.500 150.500,911.500 685.500,929.951 328.351,932.621 959.778,931.778 317.500,936.500 375.500,947.500 585.500,949.500 586.500,950.500 83.671,953.241 417.398,964.702 343.165,965.581 129.500,979.500 8.698,986.175 785.500,989.500 842.500,991.500 691.500,998.500 690.500,999.500 142.000,1001.500 922.147,1006.500 922.500,1008.500 189.500,1009.500
ABK2 695.003,23.067 914.201,169.954 373.500,243.500 330.500,255.500 637.573,346.251 727.500,349.500 498.444,376.124 686.399,448.142 962.441,516.656 32.500,554.500 822.725,650.074 227.500,650.500 42.500,746.500 210.500,793.500 8.995,986.432
ABK3 694.971,23.060 914.500,169.926 324.500,190.500 678.500,195.500 637.629,346.350 737.500,356.500 498.434,376.201 686.280,447.938 962.500,516.248 838.500,523.500 62.500,609.500 822.500,649.500 548.500,843.500 784.500,875.500
ABK4 694.994,22.993 914.208,169.944 373.500,243.500 330.500,255.500 637.574,346.190 498.485,376.079 686.355,448.245 962.432,516.680 32.500,554.500 822.752,650.137 227.500,650.500 42.500,746.500 210.500,793.500 8.997,986.458
ABK5 799.500,4.500 982.500,4.500 927.500,5.500 545.500,7.500 117.500,8.500 896.500,9.500 985.500,11.500 214.500,14.500 236.500,14.500 783.500,14.500 267.500,17.500 695.537,23.645 247.500,24.500 745.500,25.500 929.500,25.500 391.500,29.500 185.500,30.500 80.500,34.500 537.500,38.500 731.500,38.500 821.500,38.500 671.500,39.500 24.500,42.500 517.500,44.500 252.500,45.500 948.500,49.500 153.500,51.500 134.500,52.500 41.500,54.500 618.500,55.500 33.500,61.500 317.500,63.500 748.500,64.500 9.500,65.500 179.500,65.500 629.500,67.500 582.500,68.500 238.500,69.500 324.500,77.500 545.500,79.500 760.500,80.500 572.500,81.500 504.500,83.500 772.500,83.500 144.500,87.500 547.500,88.500 111.500,90.500 725.500,93.500 898.500,98.500 224.500,99.500 505.500,103.500 514.500,104.500 1004.500,105.500 588.500,106.500 680.500,106.500 181.500,108.500 24.500,112.500 601.500,114.500 637.500,119.500 68.500,120.500 489.500,120.500 670.500,122.500 710.500,123.500 293.500,124.500 393.500,124.500 559.500,127.500 545.500,128.500 738.500,130.500 641.500,133.500 263.500,134.500 815.500,134.500 13.500,138.500 623.500,138.500 735.500,138.500 295.500,139.500 910.500,139.500 753.500,141.500 11.500,143.500 41.500,143.500 247.500,143.500 195.500,146.500 284.500,146.500 527.500,147.500 523.500,148.500 915.500,153.500 502.500,157.500 331.500,158.500 701.500,158.500 528.500,160.500 828.500,165.500 401.500,166.500 778.500,167.500 1017.500,170.500 915.500,171.500 456.500,172.500 917.500,172.500 916.500,173.500 11.500,178.500 19.500,181.500 385.500,183.500 669.500,185.500 50.500,187.500 357.500,187.500 18.500,190.500 219.500,190.500 234.500,190.500 885.500,190.500 568.500,191.500 370.500,193.500 785.500,196.500 680.500,198.500 296.500,200.500 761.500,208.500 905.500,220.500 584.500,221.500 889.500,221.500 341.500,222.500 185.500,227.500 275.500,227.500 273.500,230.500 476.500,233.500 591.500,234.500 189.500,236.500 768.500,238.500 274.500,239.500 621.500,241.500 345.500,252.500 810.500,252.500 99.500,255.500 79.500,256.500 951.500,256.500 268.500,257.500 177.500,261.500 777.500,261.500 808.500,264.500 384.500,265.500 735.500,267.500 423.500,270.500 482.500,272.500 681.500,272.500 222.500,274.500 635.500,276.500 12.500,279.500 486.500,282.500 803.500,283.500 952.500,286.500 226.500,287.500 369.500,287.500 297.500,289.500 236.500,292.500 631.500,293.500 930.500,295.500 483.500,296.500 308.500,298.500 977.500,299.500 598.500,300.500 65.500,304.500 731.500,307.500 612.500,310.500 353.500,314.500 916.500,315.500 945.500,315.500 51.500,316.500 303.500,321.500 165.500,322.500 238.500,322.500 49.500,324.500 619.500,324.500 410.500,326.500 634.500,327.500 764.500,327.500 553.500,329.500 176.500,330.500 712.500,331.500 668.500,332.500 769.500,337.500 809.500,337.500 343.500,340.500 634.590,343.264 134.500,342.500 900.500,342.500 331.500,343.500 534.500,344.500 299.500,345.500 638.500,346.500 35.500,348.500 638.500,348.500 640.523,349.713 207.500,349.500 619.500,350.500 999.500,350.500 730.500,351.500 962.500,351.500 730.500,357.500 802.500,357.500 329.500,360.500 978.500,362.500 58.500,365.500 100.500,365.500 170.500,370.500 494.881,372.739 497.500,372.500 984.500,372.500 495.884,374.500 500.783,378.474 276.500,379.500 280.500,379.500 471.500,379.500 509.500,380.500 365.500,382.500 229.500,386.500 920.500,387.500 2.500,389.500 991.500,389.500 334.500,390.500 490.500,392.500 909.500,393.500 196.500,395.500 642.500,398.500 842.500,398.500 571.500,405.500 684.500,411.500 847.500,415.500 578.500,417.500 600.500,418.500 698.500,419.500 70.500,420.500 815.500,421.500 853.500,425.500 551.500,427.500 911.500,439.500 571.500,443.500 681.500,443.500 683.500,445.402 984.500,444.500 124.500,448.500 686.961,448.500 259.500,449.500 946.500,449.500 248.500,450.500 1007.500,450.500 688.500,451.500 690.500,451.500 807.500,453.500 51.500,457.500 452.500,457.500 490.500,464.500 992.500,464.500 882.500,465.500 17.500,467.500 611.500,472.500 372.500,474.500 689.500,474.500 465.500,477.500 536.500,478.500 716.500,478.500 70.500,483.500 325.500,483.500 517.500,483.500 25.500,485.500 483.500,485.500 339.500,486.500 607.500,489.500 321.500,490.500 259.500,492.500 808.500,492.500 705.500,493.500 1000.500,494.500 206.500,497.500 523.500,498.500 656.500,498.500 984.500,499.500 393.500,506.500 17.500,518.500 963.500,518.500 580.500,519.500 656.500,522.500 910.500,522.500 40.500,523.500 53.500,531.500 98.500,535.500 867.500,535.500 81.500,538.500 737.500,539.500 340.500,540.500 889.500,540.500 9.500,541.500 558.500,541.500 664.500,541.500 672.500,543.500 986.500,545.500 153.500,547.500 731.500,547.500 473.500,548.500 133.500,550.500 756.500,552.500 765.500,552.500 39.500,557.500 802.500,558.500 406.500,560.500 686.500,560.500 518.500,562.500 134.500,569.500 574.500,569.500 579.500,570.500 588.500,570.500 816.500,571.500 543.500,572.500 75.500,574.500 398.500,578.500 302.500,579.500 467.500,579.500 679.500,581.500 771.500,582.500 838.500,583.500 108.500,586.500 529.500,587.500 222.500,591.500 922.500,593.500 623.500,597.500 827.500,601.500 600.500,603.500 44.500,605.500 19.500,606.500 176.500,607.500 604.500,607.500 114.500,608.500 851.500,608.500 105.500,609.500 842.500,610.500 398.500,613.500 929.500,613.500 435.500,614.500 118.500,617.500 421.500,618.500 150.500,619.500 274.500,621.500 455.500,625.500 371.500,627.500 488.500,627.500 539.500,628.500 634.500,628.500 748.500,629.500 358.500,633.500 355.500,636.500 347.500,639.500 519.500,640.500 818.500,645.500 999.500,645.500 983.500,649.500 207.500,650.500 227.500,650.500 397.500,652.500 499.500,654.500 645.500,654.500 705.500,655.500 386.500,656.500 946.500,656.500 3.500,658.500 438.500,658.500 109.500,662.500 198.500,666.500 281.500,670.500 619.500,674.500 360.500,677.500 726.500,679.500 730.500,680.500 579.500,682.500 445.500,683.500 345.500,687.500 926.500,687.500 451.500,688.500 784.500,689.500 183.500,690.500 884.500,692.500 938.500,700.500 753.500,701.500 674.500,702.500 933.500,703.500 488.500,706.500 473.500,707.500 423.500,708.500 751.500,711.500 255.500,712.500 314.500,712.500 275.500,713.500 506.500,713.500 540.500,715.500 450.500,716.500 903.500,724.500 92.500,725.500 90.500,727.500 198.500,729.500 634.500,732.500 912.500,736.500 120.500,737.500 319.500,737.500 931.500,738.500 134.500,739.500 197.500,739.500 890.500,739.500 902.500,739.500 924.500,740.500 430.500,741.500 541.500,741.500 995.500,742.500 829.500,744.500 924.500,744.500 998.500,745.500 1001.500,747.500 713.500,749.500 802.500,752.500 276.500,754.500 148.500,755.500 301.500,756.500 903.500,756.500 1017.500,760.500 295.500,763.500 421.500,763.500 1017.500,763.500 91.500,765.500 375.500,766.500 534.500,768.500 485.500,772.500 908.500,773.500 123.500,776.500 1022.500,776.500 794.500,777.500 486.500,781.500 892.500,783.500 181.500,784.500 949.500,784.500 660.500,785.500 354.500,788.500 208.500,793.500 1013.500,794.500 471.500,796.500 663.500,796.500 297.500,797.500 827.500,799.500 402.500,807.500 997.500,813.500 290.500,817.500 388.500,817.500 404.500,819.500 1018.500,819.500 376.500,822.500 914.500,823.500 478.500,825.500 143.500,827.500 48.500,828.500 134.500,828.500 152.500,828.500 304.500,829.500 268.500,832.500 407.500,833.500 227.500,834.500 138.500,835.500 609.500,836.500 154.500,841.500 531.500,841.500 100.500,846.500 417.500,849.500 727.500,853.500 893.500,853.500 918.500,853.500 164.500,854.500 686.500,856.500 102.500,857.500 843.500,861.500 972.500,861.500 377.500,863.500 859.500,863.500 440.500,865.500 728.500,865.500 686.500,866.500 705.500,867.500 698.500,869.500 634.500,873.500 623.500,874.500 295.500,880.500 224.500,887.500 58.500,889.500 642.500,890.500 842.500,891.500 768.500,892.500 327.500,894.500 576.500,896.500 115.500,897.500 528.500,897.500 675.500,901.500 90.500,902.500 620.500,902.500 905.500,904.500 137.500,905.500 53.500,906.500 882.500,907.500 746.500,913.500 352.500,914.500 660.500,916.500 342.500,918.500 82.500,921.500 430.500,923.500 191.500,926.500 816.500,926.500 77.500,930.500 835.500,930.500 648.500,931.500 180.500,932.500 904.500,932.500 378.500,934.500 138.500,935.500 385.500,939.500 548.500,941.500 207.500,944.500 928.500,944.500 388.500,950.500 105.500,952.500 120.500,953.500 623.500,954.500 48.500,955.500 589.500,955.500 348.500,956.500 507.500,958.500 295.500,961.500 946.500,965.500 49.500,966.500 571.500,967.500 973.500,969.500 926.500,970.500 962.500,974.500 993.500,980.500 116.500,981.500 66.500,982.500 674.500,983.500 7.195,984.777 255.500,986.500 591.500,989.500 36.500,991.500 723.500,992.500 19.500,993.500 521.500,995.500 545.500,996.500 661.500,998.500 827.500,998.500 353.500,999.500 869.500,1002.500 380.500,1003.500 429.500,1003.500 758.500,1003.500 199.500,1004.500 928.500,1007.500 1015.500,1009.500 1.500,1012.500 270.500,1013.500 369.500,1013.500 530.500,1014.500 514.500,1019.500 841.500,1021.500 941.500,1021.500 18.500,1022.500 1012.500,1022.500
ABK6 691.241,19.339 695.161,23.227 700.500,28.500 633.500,342.500 636.500,345.000 640.094,349.500 642.500,350.500 500.500,378.117 502.500,379.500 686.500,448.500 688.500,451.500
ABL0 214.090,3.090 45.459,6.492 117.033,8.685 941.724,30.009 997.501,34.034 841.117,37.783 249.959,45.939 723.592,47.335 750.896,47.219 923.917,48.734 462.576,51.235 780.284,53.609 927.884,54.818 794.122,56.434 843.287,68.530 958.039,71.629 168.758,74.206 1007.677,79.294 308.277,90.871 306.448,96.755 358.230,99.991 728.645,105.832 208.156,111.115 642.522,125.915 181.079,132.831 752.091,133.854 975.581,140.827 341.999,144.443 121.532,145.356 685.825,154.179 783.360,153.519 217.082,157.269 424.646,157.572 746.154,165.045 675.451,171.487 218.661,172.720 620.565,186.177 980.012,190.303 756.496,195.892 557.048,197.074 738.467,197.476 64.016,201.863 497.508,204.641 607.066,209.922 24.465,220.471 754.669,221.021 106.838,224.598 310.651,227.371 205.029,230.413 55.341,231.912 895.453,236.716 993.269,238.434 974.202,240.727 229.550,241.284 361.089,242.032 87.730,244.689 177.884,246.989 157.126,248.904 288.277,253.842 160.812,255.189 108.743,258.022 379.640,262.921 955.454,270.606 610.792,275.451 376.029,280.488 391.896,292.232 13.906,293.089 425.787,296.776 547.154,296.672 321.928,300.122 403.241,304.013 422.891,309.693 981.842,311.614 749.015,321.939 733.421,322.085 580.293,326.707 949.592,326.304 961.482,327.995 653.520,334.489 35.310,335.275 759.693,343.865 916.638,346.130 521.031,350.500 865.620,355.206 448.095,361.745 611.703,361.338 176.287,362.313 318.643,363.747 76.990,366.977 85.821,369.425 333.567,370.108 199.536,372.977 860.116,385.136 75.445,388.720 572.011,389.031 37.341,394.612 330.628,397.121 969.443,397.245 232.128,404.693 237.608,406.357 705.989,409.699 387.973,412.673 774.314,415.368 464.913,430.166 61.112,431.934 221.325,437.965 336.859,436.361 286.142,438.056 550.234,440.543 460.897,448.633 491.781,449.152 985.687,449.148 49.042,449.493 5.220,454.878 781.802,461.211 640.697,471.331 859.406,477.144 47.576,479.775 243.068,485.641 748.831,486.522 236.796,490.507 311.809,498.234 808.630,499.163 187.329,504.190 963.431,506.801 991.546,506.461 253.780,507.814 452.827,510.118 168.276,513.752 318.939,516.490 53.919,521.551 93.459,521.584 320.200,526.822 726.252,531.567 333.310,536.379 796.845,538.382 482.717,545.494 421.145,549.014 121.794,553.284 993.996,554.563 677.351,556.867 820.515,563.556 177.346,568.346 162.526,568.500 242.044,568.340 699.384,568.957 21.477,569.636 342.522,573.546 572.826,572.844 77.771,577.229 805.318,579.965 402.848,581.775 914.771,585.557 485.670,602.877 334.965,605.705 397.309,605.271 917.294,608.930 23.012,607.510 566.647,608.867 640.114,610.023 771.190,610.447 31.978,611.017 305.185,613.436 570.655,617.464 421.644,620.473 913.659,621.670 327.020,623.011 375.459,623.565 902.519,625.488 914.136,627.713 536.474,628.431 184.404,637.555 279.436,644.376 845.265,644.624 895.815,646.188 917.895,651.011 849.953,654.617 299.543,660.243 226.153,660.599 927.670,663.161 324.922,672.370 608.598,672.500 283.875,676.110 465.016,676.386 687.386,677.514 572.056,681.002 549.549,682.568 429.517,683.109 82.149,684.731 130.520,686.356 708.201,689.674 66.544,699.030 858.330,705.867 574.070,707.063 531.756,709.227 69.427,725.528 113.167,743.651 579.200,745.240 702.176,744.482 833.778,744.792 513.362,750.292 889.719,755.771 971.433,759.251 724.843,761.914 403.039,771.143 798.133,772.387 880.682,772.708 380.670,774.971 935.570,774.614 11.103,779.721 429.730,780.039 987.488,792.722 311.162,807.654 113.526,808.836 177.366,810.829 342.952,810.483 448.214,822.784 491.449,822.548 201.450,831.347 944.311,834.531 770.691,836.348 22.450,839.837 733.233,849.388 985.851,855.334 576.881,858.553 535.767,860.489 182.002,863.861 351.223,881.270 864.701,883.552 604.305,883.544 567.739,888.255 41.163,890.209 672.598,891.168 10.001,893.548 467.888,894.049 504.494,899.821 521.102,900.028 971.626,901.256 799.669,915.025 456.664,916.313 904.682,916.308 324.688,925.630 913.097,926.062 422.383,950.350 809.215,953.504 627.007,963.394 945.891,969.754 76.533,971.359 276.739,974.952 295.184,977.481 35.017,977.038 304.981,977.653 449.921,982.437 101.224,985.881 14.522,989.502 491.294,996.031 361.451,1000.203 554.639,1001.201 656.998,1013.036 86.000,1015.264 886.502,1019.149
ABL1 117.500,9.500 941.839,30.002 997.500,34.500 840.500,36.500 841.500,38.902 250.500,46.098 723.682,47.120 750.500,46.500 751.500,47.500 923.500,47.500 462.500,49.500 922.500,49.500 462.928,51.500 780.500,52.500 779.500,54.000 928.046,54.518 842.787,68.213 957.500,71.000 168.500,73.500 169.500,74.500 1008.500,78.500 1007.500,79.500 1008.500,80.500 308.218,90.895 306.500,96.500 358.035,100.011 208.184,110.852 642.500,126.209 181.012,132.963 751.982,134.493 975.597,140.706 121.500,144.500 342.500,144.500 121.500,146.500 783.500,153.500 217.285,157.288 424.522,157.790 745.990,165.035 675.500,170.500 217.500,172.500 620.476,186.248 980.297,190.911 756.024,195.500 556.542,196.946 738.257,197.814 557.500,198.500 64.056,201.937 497.500,204.500 606.500,209.500 754.948,220.500 106.743,223.814 204.963,230.369 55.224,231.825 993.500,237.500 992.759,239.138 994.500,238.500 974.314,240.820 87.994,243.453 228.948,241.500 85.304,248.426 157.500,249.500 288.567,253.732 160.500,253.500 161.500,254.500 159.500,255.500 161.500,256.500 108.500,258.500 379.690,262.922 611.203,275.203 377.500,279.500 12.500,292.500 391.948,292.500 14.500,293.500 425.500,296.500 426.500,297.500 547.500,297.500 321.921,300.114 402.500,302.500 403.150,304.466 422.754,309.500 749.311,321.927 731.500,321.500 733.500,322.765 949.500,326.072 961.750,328.027 580.500,327.500 653.609,334.523 760.500,343.500 759.098,344.500 865.249,355.215 447.000,360.500 448.500,361.500 176.500,362.500 318.635,363.752 85.822,369.347 332.500,369.500 334.500,369.500 199.361,372.941 860.500,383.500 860.000,385.500 572.500,388.500 571.500,389.500 330.646,397.368 969.500,397.500 232.131,404.794 238.500,405.500 237.500,406.500 387.875,412.608 706.424,409.997 774.231,415.148 465.226,430.231 61.308,431.227 221.295,437.948 337.500,435.500 336.500,436.500 224.500,437.500 286.500,438.500 461.249,448.215 491.444,448.641 986.500,448.500 48.500,449.500 985.500,449.500 492.500,450.500 4.500,454.500 5.500,455.500 781.500,460.500 779.500,461.500 782.500,461.500 781.000,462.500 641.137,471.297 46.500,479.500 243.778,484.778 242.500,486.500 237.500,490.000 311.846,498.616 187.500,504.500 992.500,505.500 990.500,506.500 251.500,508.500 452.853,510.384 318.500,516.000 53.876,521.517 320.193,526.905 725.948,531.500 333.045,536.636 796.845,538.132 482.500,545.000 421.147,548.910 121.794,553.050 677.500,556.500 678.500,557.500 822.500,562.500 820.500,564.500 162.500,567.500 177.948,567.500 241.500,567.500 699.500,568.500 21.500,569.500 698.500,569.500 572.888,572.627 342.880,573.736 805.553,579.766 803.500,580.500 486.500,603.500 334.951,605.776 22.940,607.531 917.515,609.431 917.500,607.500 640.500,609.000 771.500,610.112 31.846,611.351 770.500,611.500 916.500,611.500 304.500,612.500 571.500,617.500 420.500,619.500 421.500,621.052 915.500,622.500 375.500,623.500 903.500,625.500 915.500,626.500 914.126,628.015 279.500,643.500 844.500,643.500 846.500,644.000 843.500,644.500 280.500,645.500 845.500,645.500 895.786,645.740 896.500,647.500 917.500,651.049 848.500,653.500 850.500,654.500 848.500,655.500 299.523,660.219 225.500,660.500 928.500,662.500 324.500,670.500 325.024,672.500 283.963,675.931 325.500,674.500 687.500,675.500 572.170,680.824 549.494,682.681 428.500,683.052 430.500,683.000 81.712,684.500 429.500,684.500 708.429,689.500 66.500,699.500 858.500,706.500 531.500,708.500 111.500,742.500 113.500,742.500 578.682,744.611 702.500,744.500 834.500,745.500 579.500,746.500 583.500,747.500 513.902,749.500 888.959,755.387 724.790,761.911 402.808,771.182 880.500,772.500 380.578,775.163 934.500,773.500 430.500,780.500 987.500,793.500 112.500,808.500 311.500,808.500 177.183,811.132 448.166,822.613 491.752,822.454 201.500,830.500 945.500,833.500 770.874,836.322 944.500,834.500 945.500,835.500 22.500,838.500 733.346,849.346 576.787,859.213 536.500,859.500 181.933,864.208 184.500,865.500 351.500,880.500 864.684,883.526 603.500,883.000 567.052,887.500 40.500,890.500 10.500,893.500 521.500,900.098 971.657,901.335 520.500,901.500 799.500,915.500 456.000,916.500 324.866,925.476 913.500,925.500 912.500,926.500 422.500,950.500 809.500,952.500 808.500,953.500 627.500,962.500 626.500,964.000 76.500,970.998 945.987,969.989 276.739,974.905 295.235,977.571 34.500,977.500 305.500,977.500 305.500,979.500 450.254,982.338 447.500,981.500 101.500,984.500 100.813,986.228 14.530,989.431 492.203,995.797 361.500,999.500 554.500,999.500 554.764,1001.764 656.948,1012.500
ABL2 204.863,230.292 85.733,369.117 231.500,403.500 232.500,404.904 421.291,549.042 864.715,883.810 295.500,977.500
ABL3 368.500,87.500 292.500,106.500 748.500,190.500 205.500,230.500 84.500,369.500 421.500,548.500 772.500,609.500 566.500,657.500 572.500,876.500 864.500,883.500
ABL4 204.833,230.264 85.753,369.099 231.500,403.500 232.500,404.940 421.255,549.120 864.727,883.833 295.500,977.500
ABL5 447.500,3.500 693.500,3.500 473.500,6.500 163.500,8.500 242.500,13.500 798.500,13.500 286.500,14.500 308.500,14.500 143.500,15.500 690.500,18.500 401.500,24.500 923.500,25.500 94.500,26.500 340.500,29.500 581.500,29.500 532.500,38.500 484.500,39.500 793.500,39.500 148.500,42.500 309.500,44.500 368.500,45.500 476.500,45.500 710.500,49.500 127.500,54.500 422.500,55.500 692.500,55.500 590.500,58.500 858.500,61.500 698.500,63.500 818.500,64.500 79.500,65.500 711.500,67.500 810.500,72.500 444.500,77.500 661.500,79.500 882.500,80.500 632.500,83.500 263.500,91.500 779.500,93.500 710.500,95.500 993.500,98.500 400.500,99.500 982.500,101.500 581.500,102.500 685.500,103.500 714.500,104.500 786.500,106.500 878.500,106.500 1007.500,107.500 27.500,108.500 373.500,108.500 504.500,110.500 834.500,110.500 355.500,111.500 242.500,112.500 839.500,119.500 270.500,120.500 689.500,120.500 245.500,123.500 258.500,123.500 566.500,123.500 737.500,128.500 939.500,129.500 639.500,131.500 155.500,138.500 356.500,141.500 143.500,143.500 173.500,143.500 651.500,144.500 960.500,147.500 559.500,148.500 215.500,155.500 512.500,157.500 437.500,158.500 928.500,165.500 107.500,171.500 570.500,172.500 112.500,173.500 693.500,175.500 269.500,180.500 241.500,181.500 919.500,185.500 619.500,187.500 636.500,193.500 188.500,194.500 324.500,196.500 531.500,196.500 40.500,197.500 950.500,198.500 255.500,199.500 247.500,208.500 304.500,216.500 767.500,217.500 433.500,218.500 806.500,221.500 529.500,224.500 968.500,224.500 114.500,228.500 202.500,228.500 204.224,229.806 415.500,230.500 570.500,233.500 209.500,234.500 663.500,234.500 828.500,235.500 235.500,236.500 462.500,237.500 592.500,237.500 824.500,238.500 203.500,239.500 326.500,239.500 675.500,241.500 632.500,243.500 587.500,246.500 619.500,246.500 16.500,252.500 972.500,252.500 657.500,254.500 662.500,254.500 130.500,255.500 295.500,255.500 315.500,256.500 619.500,256.500 701.500,256.500 273.500,257.500 526.500,257.500 465.500,261.500 43.500,262.500 654.500,265.500 995.500,267.500 179.500,270.500 1021.500,270.500 494.500,274.500 306.500,276.500 905.500,276.500 809.500,283.500 502.500,287.500 645.500,287.500 44.983,289.500 577.500,289.500 745.500,292.500 687.500,293.500 939.500,294.500 594.500,296.500 792.500,296.500 220.500,297.500 250.500,297.500 20.500,298.500 186.500,299.500 203.500,300.500 460.500,302.500 353.500,304.500 275.500,305.500 669.500,305.500 205.500,308.500 483.500,309.500 8.500,310.500 868.500,310.500 669.500,314.500 528.500,315.500 378.500,316.500 617.500,321.500 475.500,322.500 548.500,322.500 341.500,324.500 56.500,328.500 15.500,329.500 870.500,329.500 498.500,330.500 19.500,332.500 538.500,332.500 994.500,332.500 227.500,334.500 394.500,337.500 105.500,338.500 145.500,338.500 61.500,342.500 508.500,342.500 260.500,343.500 707.500,343.500 805.500,353.500 372.500,358.500 939.500,359.500 921.500,360.500 621.500,361.500 594.500,370.500 386.500,373.500 225.500,374.500 704.500,374.500 363.500,381.500 853.500,386.500 951.500,386.500 625.500,390.500 132.500,393.500 346.500,399.500 481.500,399.500 196.500,404.500 133.500,406.500 353.500,416.500 106.500,419.500 400.500,419.500 596.500,420.500 278.500,422.500 894.500,422.500 661.500,425.500 290.500,427.500 61.500,428.500 569.500,429.500 29.500,430.500 216.500,433.500 213.500,434.500 117.500,440.500 795.500,440.500 461.500,442.500 57.500,444.500 488.500,445.500 484.500,448.500 692.500,448.500 825.500,449.500 579.500,451.500 433.500,454.500 374.500,455.500 912.500,456.500 731.500,457.500 118.500,458.500 277.500,462.500 574.500,466.500 699.500,467.500 494.500,468.500 315.500,473.500 64.500,475.500 256.500,478.500 438.500,479.500 915.500,481.500 886.500,483.500 865.500,485.500 305.500,486.500 179.500,487.500 540.500,490.500 149.500,493.500 698.500,493.500 597.500,494.500 52.500,495.500 920.500,498.500 71.500,502.500 893.500,503.500 325.500,507.500 580.500,520.500 678.500,523.500 82.500,524.500 117.500,532.500 132.500,536.500 889.500,536.500 781.500,540.500 378.500,541.500 624.500,542.500 730.500,542.500 48.500,547.500 233.500,548.500 813.500,548.500 569.500,549.500 71.500,550.500 260.500,554.500 393.500,555.500 587.500,556.500 169.500,558.500 698.500,559.500 936.500,559.500 318.500,561.500 570.500,561.500 840.500,561.500 638.500,563.500 255.500,564.500 111.500,565.500 181.500,569.500 954.500,569.500 202.500,570.500 294.500,570.500 728.500,570.500 229.500,571.500 721.500,571.500 730.500,571.500 956.500,572.500 263.500,574.500 203.500,575.500 410.500,580.500 809.500,582.500 895.500,583.500 242.500,587.500 79.500,588.500 649.500,588.500 173.500,590.500 336.500,592.500 182.500,594.500 759.500,600.500 718.500,604.500 132.500,606.500 670.500,608.500 905.500,609.500 854.500,611.500 481.500,613.500 919.500,614.500 788.500,616.500 627.500,617.500 66.500,618.500 112.500,620.500 242.500,622.500 531.500,623.500 324.500,625.500 393.500,626.500 623.500,626.500 311.500,628.500 580.500,629.500 704.500,630.500 484.500,632.500 302.500,634.500 558.500,639.500 107.500,640.500 248.500,640.500 311.500,640.500 469.500,643.500 494.500,643.500 944.500,644.500 75.500,651.500 323.500,651.500 808.500,651.500 867.500,652.500 365.500,654.500 12.500,657.500 221.500,657.500 210.500,658.500 704.500,659.500 926.500,660.500 154.500,661.500 925.500,663.500 235.500,664.500 594.500,666.500 737.500,668.500 538.500,671.500 13.500,674.500 526.500,678.500 579.500,680.500 870.500,680.500 407.500,688.500 986.500,688.500 237.500,691.500 448.500,691.500 966.500,693.500 548.500,696.500 752.500,696.500 234.500,699.500 1004.500,701.500 819.500,702.500 565.500,703.500 754.500,703.500 75.500,707.500 552.500,707.500 539.500,708.500 895.500,710.500 1003.500,710.500 359.500,714.500 636.500,716.500 550.500,717.500 911.500,717.500 37.500,726.500 582.500,727.500 469.500,728.500 163.500,730.500 252.500,730.500 558.500,731.500 806.500,733.500 980.500,738.500 59.500,740.500 284.500,740.500 347.500,740.500 999.500,740.500 657.500,741.500 16.500,742.500 655.500,742.500 85.500,744.500 993.500,745.500 64.500,746.500 913.500,746.500 249.500,748.500 155.500,749.500 780.500,749.500 444.500,751.500 487.500,751.500 514.500,751.500 701.500,753.500 892.500,753.500 32.500,754.500 682.500,757.500 721.500,757.500 163.500,762.500 591.500,764.500 195.500,765.500 717.500,773.500 130.500,775.500 886.500,775.500 974.500,776.500 267.500,777.500 983.500,777.500 238.500,778.500 8.500,779.500 144.500,780.500 201.500,782.500 592.500,786.500 910.500,786.500 944.500,789.500 263.500,796.500 615.500,798.500 69.500,799.500 209.500,799.500 287.500,799.500 125.500,801.500 721.500,808.500 780.500,808.500 56.500,810.500 788.500,811.500 317.500,815.500 341.500,821.500 448.500,821.500 736.500,824.500 983.500,827.500 709.500,829.500 688.500,830.500 347.500,832.500 660.500,833.500 611.500,835.500 9.500,838.500 525.500,839.500 981.500,839.500 574.500,847.500 903.500,850.500 335.500,855.500 630.500,855.500 129.500,858.500 236.500,858.500 568.500,858.500 886.500,862.500 285.500,863.500 414.500,863.500 849.500,865.500 140.500,866.500 904.500,866.500 168.500,867.500 138.500,868.500 169.500,869.500 174.500,871.500 802.500,875.500 104.500,880.500 769.500,881.500 511.500,885.500 865.500,885.500 300.500,886.500 645.500,886.500 1014.500,891.500 780.500,892.500 931.500,892.500 204.500,893.500 499.500,898.500 621.500,899.500 727.500,899.500 555.500,903.500 972.500,903.500 391.500,907.500 965.500,911.500 773.500,912.500 72.500,915.500 742.500,915.500 713.500,917.500 38.500,918.500 476.500,918.500 740.500,919.500 784.500,924.500 501.500,927.500 102.500,928.500 522.500,930.500 536.500,931.500 123.500,932.500 488.500,933.500 194.500,934.500 694.500,934.500 516.500,935.500 520.500,935.500 796.500,937.500 725.500,940.500 986.500,942.500 972.500,944.500 242.500,946.500 758.500,951.500 190.500,952.500 142.500,954.500 993.500,955.500 734.500,957.500 442.500,958.500 886.500,958.500 962.500,960.500 310.500,967.500 437.500,967.500 671.500,967.500 963.500,968.500 167.500,971.500 327.500,971.500 280.500,972.500 398.500,982.500 970.500,984.500 511.500,985.500 550.500,987.500 1007.500,988.500 16.500,992.500 274.500,992.500 432.500,993.500 951.500,993.500 247.500,994.500 805.500,995.500 577.500,1000.500 742.500,1001.500 117.500,1006.500 148.500,1009.500 229.500,1011.500 512.500,1014.500 611.500,1014.500 729.500,1014.500 770.500,1020.500
ABL6 202.500,228.500 209.500,234.500
ABM0 440.490,4.966 113.672,11.040 362.072,13.731 530.035,14.497 523.988,18.998 292.501,19.579 188.264,22.725 154.327,35.839 249.331,42.381 1006.436,46.712 187.407,63.404 325.408,63.975 909.073,73.284 544.874,96.709 463.969,99.932 570.960,101.011 723.582,118.107 676.221,121.436 754.858,127.306 290.985,128.839 131.233,141.415 621.568,148.500 397.295,165.090 277.479,166.495 570.741,170.633 626.903,172.123 710.315,171.595 962.622,172.010 848.014,173.406 259.394,176.497 950.383,178.871 986.169,181.656 427.850,185.996 933.498,192.374 94.620,195.380 924.628,199.292 1002.329,205.671 859.145,210.653 597.431,218.854 360.029,227.452 983.025,236.006 862.797,247.246 481.770,250.548 476.673,259.053 466.962,261.305 860.783,263.067 38.880,268.682 124.663,276.989 292.410,279.220 51.152,280.457 187.750,286.704 97.473,288.448 104.101,292.980 651.053,293.745 37.269,298.931 419.489,300.791 475.164,309.914 149.663,322.660 831.604,323.713 596.363,330.386 183.312,332.078 291.183,347.593 634.102,349.289 589.648,350.739 793.602,354.722 273.591,369.310 891.588,371.984 193.721,373.290 730.349,376.754 27.098,379.288 999.266,378.374 338.188,382.842 972.300,394.161 614.209,398.490 272.713,403.317 663.596,404.517 614.138,407.383 828.435,409.976 68.308,429.178 639.055,434.505 1000.727,447.880 497.266,449.708 561.260,464.468 65.845,465.523 425.128,466.670 452.694,480.221 862.315,489.646 236.573,496.974 517.446,498.465 878.104,497.664 68.204,504.091 985.430,511.227 870.310,513.554 891.504,525.217 869.633,528.506 122.929,531.509 334.820,537.878 223.546,538.786 759.081,539.542 122.223,539.461 959.885,540.493 975.465,541.213 192.467,541.451 899.500,543.184 186.397,545.716 107.944,551.820 361.310,562.009 181.719,566.002 63.994,569.982 493.699,571.686 351.236,575.497 318.134,576.863 934.863,577.840 72.173,580.456 221.087,582.913 765.867,584.115 700.866,585.871 381.249,587.379 902.407,589.293 796.436,602.355 816.648,609.252 654.677,611.106 256.312,618.163 625.665,619.065 79.914,622.795 202.147,628.412 777.176,631.312 131.040,631.858 644.469,632.840 905.375,636.866 536.214,637.510 786.314,637.664 688.005,640.112 184.670,644.350 82.322,647.218 553.297,649.168 975.921,649.376 441.395,654.609 695.086,653.500 542.014,656.788 140.680,657.657 115.463,660.955 1009.246,660.238 606.170,669.689 728.761,669.422 909.251,670.230 516.726,673.206 230.548,674.811 696.743,676.762 30.334,682.016 102.949,685.000 9.200,688.739 739.673,685.389 93.370,687.280 107.993,686.919 666.545,688.258 673.899,687.880 284.706,688.775 618.497,690.008 580.405,692.980 693.705,692.862 298.974,693.279 960.654,693.395 647.082,695.687 515.490,696.975 663.486,700.174 851.485,700.184 713.077,703.128 129.901,703.620 726.985,702.913 273.579,703.503 373.717,704.287 415.202,704.500 632.488,707.397 839.425,709.425 617.805,710.803 788.161,711.013 411.529,711.939 454.063,712.322 910.426,711.503 647.691,712.311 434.550,714.851 668.911,715.867 583.383,721.390 203.448,723.855 174.656,727.992 404.846,729.601 618.126,735.341 777.993,734.993 392.833,737.200 629.232,737.638 909.495,741.755 560.507,743.014 326.098,744.227 381.081,749.550 353.700,752.697 519.164,754.271 927.258,755.311 745.235,759.748 268.298,760.526 378.392,762.568 574.197,764.765 660.701,764.286 756.662,765.833 213.070,768.032 299.293,767.907 408.602,770.883 523.164,771.904 149.342,773.007 304.007,773.011 334.683,773.022 971.479,774.224 915.490,777.251 669.988,781.346 193.268,783.548 660.795,789.569 880.474,788.552 353.460,791.618 211.182,791.814 791.534,793.053 849.062,795.325 245.349,797.264 721.383,802.468 791.579,802.485 36.593,803.152 441.142,808.614 318.366,808.640 208.674,811.165 261.039,810.596 949.266,814.560 288.325,817.472 730.592,819.157 747.002,822.946 486.894,824.417 917.039,829.191 460.600,833.448 341.666,839.675 443.850,843.275 763.278,844.113 590.855,846.501 291.155,849.606 384.754,850.052 504.358,852.170 577.494,855.914 761.565,853.824 251.381,855.457 289.279,855.335 588.576,856.247 1007.197,857.151 222.324,859.704 590.670,862.909 239.486,861.184 577.290,861.997 65.818,868.108 32.653,870.559 641.528,873.521 981.671,876.697 859.911,878.521 1011.139,885.676 591.880,888.474 937.137,888.393 172.599,890.834 994.184,892.350 358.632,893.832 794.082,895.230 349.536,896.073 817.921,900.195 55.695,904.068 668.286,904.219 401.965,906.947 178.561,914.183 235.594,920.160 232.128,924.404 626.990,924.747 907.630,924.851 44.887,927.525 380.893,927.412 896.925,930.032 879.058,931.070 250.942,934.830 743.569,935.811 857.321,937.693 445.422,945.000 292.687,946.952 236.191,947.934 157.487,949.976 903.047,954.400 685.795,956.806 286.974,958.396 601.998,962.600 60.778,964.060 662.312,966.781 625.415,969.723 1003.109,970.159 766.581,973.144 164.615,974.741 937.288,977.257 297.831,977.535 190.407,981.980 803.663,992.313 176.254,993.731 266.513,1012.165 833.142,1012.557 333.835,1015.827
ABM1 440.500,5.000 439.500,6.500 113.500,11.147 292.236,19.236 523.500,18.500 524.500,19.500 189.500,23.500 153.500,36.500 1007.500,45.500 1006.045,46.500 325.072,63.500 909.211,73.191 545.500,96.068 463.500,100.500 571.000,100.500 724.500,116.500 723.154,118.220 725.500,117.500 675.500,121.049 754.500,127.500 131.500,140.928 621.500,148.500 397.430,165.133 570.500,169.500 962.393,172.281 627.500,172.500 848.500,173.500 260.049,176.500 949.500,178.500 986.500,181.500 427.534,185.965 428.500,187.500 95.500,195.500 924.500,199.500 1002.581,205.563 981.500,235.500 984.500,236.500 481.500,250.500 481.500,252.500 476.500,257.500 477.500,258.888 466.500,261.500 860.500,262.500 860.500,264.500 39.500,268.500 124.527,276.880 292.243,278.949 97.000,288.500 104.239,293.019 651.500,294.000 37.038,298.717 474.500,310.500 831.928,323.209 595.500,329.500 183.367,331.992 597.049,330.500 290.620,348.021 633.500,349.500 793.732,354.636 273.500,369.500 193.514,372.989 730.339,376.795 26.812,378.773 998.500,378.500 338.500,382.500 971.759,393.965 272.897,403.669 614.500,406.500 69.500,428.500 639.500,434.500 497.500,450.500 560.500,464.500 66.500,465.500 452.182,480.323 862.000,489.500 236.500,496.500 877.500,496.500 517.424,498.545 879.500,497.500 877.500,498.500 67.500,503.500 68.500,504.500 985.500,510.500 869.500,512.500 891.893,525.274 334.768,537.974 223.500,538.500 759.402,539.285 974.500,541.500 186.500,544.500 108.161,551.751 360.500,562.500 181.620,566.024 63.797,570.500 493.500,571.500 494.500,572.500 318.500,577.500 72.481,580.691 220.500,582.049 765.500,584.000 701.148,585.825 381.500,586.500 382.500,587.500 795.751,603.001 797.500,602.500 816.500,608.500 655.500,609.500 653.500,610.500 256.316,618.088 625.500,619.500 777.101,631.457 644.500,632.500 905.321,636.917 786.500,638.000 82.404,647.343 552.500,649.500 976.500,649.500 441.693,653.744 694.647,653.625 541.784,656.654 140.500,657.500 115.438,660.976 141.500,659.500 606.335,669.829 728.553,669.064 230.704,674.728 103.112,684.500 6.500,685.500 94.500,686.500 102.500,686.500 93.072,687.500 672.951,687.500 9.547,689.176 91.500,688.500 674.500,688.500 961.500,693.500 646.797,695.797 515.346,697.367 663.954,700.619 713.127,703.155 129.927,703.427 373.979,704.048 415.500,704.500 839.500,709.500 412.500,711.500 453.914,712.500 668.500,715.581 583.500,721.500 204.500,724.500 404.500,729.500 406.500,730.500 617.500,734.500 777.500,735.500 392.500,737.440 627.500,736.500 629.452,737.982 326.500,743.500 325.500,744.500 381.500,749.500 354.500,752.500 519.251,754.478 268.500,759.500 213.060,768.014 756.500,765.500 299.210,767.759 297.500,768.500 408.812,770.944 523.152,771.934 304.337,772.888 149.500,772.500 971.430,774.137 335.500,773.500 915.500,777.500 660.767,789.684 353.247,791.669 791.500,792.500 849.000,795.500 245.451,797.295 721.190,802.437 37.500,802.500 318.500,808.500 441.068,808.500 948.500,814.951 288.250,817.527 747.500,822.500 486.500,823.500 487.500,824.500 485.500,825.500 917.206,829.346 1021.574,830.867 460.500,833.500 342.000,839.500 341.500,841.500 443.758,843.188 590.950,846.486 588.500,847.500 384.995,849.264 288.500,854.500 579.049,854.500 290.500,855.500 576.776,857.474 589.500,856.500 1006.500,857.500 590.224,862.144 237.500,861.500 577.500,861.500 576.500,862.500 65.500,867.500 66.500,868.500 32.500,871.500 641.500,873.500 981.724,876.692 859.851,878.266 1011.231,885.700 592.500,888.500 591.500,889.500 172.500,891.500 358.717,893.932 993.500,892.500 994.500,893.500 349.847,896.059 794.000,895.500 817.782,900.345 669.500,904.500 402.176,906.766 179.500,914.500 235.500,920.500 626.500,924.500 44.992,927.502 897.500,929.500 250.679,934.680 444.500,944.500 292.731,946.853 157.375,950.100 902.924,954.160 684.500,956.500 686.500,957.500 602.500,962.500 59.500,963.500 60.951,964.528 662.190,966.500 625.500,969.500 1002.500,969.976 766.656,973.095 164.500,974.500 937.484,977.246 190.499,981.957 334.011,1016.022
ABM2 104.092,293.157 290.683,348.035 730.500,376.978 181.543,566.107 255.811,618.216 115.327,661.003 213.092,768.128 408.500,770.500 590.500,861.930 981.842,876.635 158.500,949.500 766.500,972.500 767.500,973.500 190.947,981.922
ABM3 390.500,87.500 250.500,106.500 718.500,190.500 290.500,347.821 125.500,357.500 722.500,524.500 502.500,543.500 181.511,565.997 118.500,610.500 115.408,660.974 213.099,768.115 590.500,861.500 856.500,875.500 981.500,876.500 766.500,972.500 190.500,981.500
ABM4 104.032,293.005 290.716,348.051 730.500,376.987 181.522,566.138 255.803,618.216 115.330,661.055 213.090,768.159 590.500,861.955 981.881,876.664 158.500,949.500 766.500,972.500 767.500,973.500 190.971,981.954
ABM5 803.500,4.500 988.500,4.500 451.500,6.500 143.500,8.500 302.500,10.500 9.500,12.500 230.500,13.500 678.500,13.500 194.500,14.500 363.500,17.500 192.500,18.500 757.500,22.500 397.500,24.500 943.500,25.500 116.500,26.500 1020.500,29.500 610.500,38.500 953.500,38.500 19.500,39.500 568.500,39.500 877.500,39.500 422.500,43.500 405.500,44.500 468.500,45.500 420.500,47.500 836.500,47.500 67.500,48.500 106.500,50.500 323.500,51.500 511.500,52.500 524.500,55.500 964.500,56.500 696.500,58.500 790.500,63.500 343.500,65.500 255.500,67.500 885.500,67.500 730.500,68.500 390.500,69.500 655.500,70.500 124.500,71.500 833.500,74.500 470.500,77.500 323.500,79.500 832.500,80.500 728.500,81.500 938.500,83.500 735.500,88.500 291.500,90.500 295.500,91.500 220.500,93.500 793.500,93.500 54.500,99.500 406.500,99.500 552.500,100.500 687.500,103.500 726.500,104.500 1003.500,107.500 23.500,108.500 375.500,108.500 520.500,110.500 852.500,110.500 276.500,112.500 861.500,119.500 292.500,120.500 890.500,122.500 288.500,123.500 596.500,123.500 525.500,124.500 625.500,124.500 843.500,125.500 757.500,128.500 681.500,131.500 858.500,134.500 29.500,135.500 279.500,138.500 861.500,138.500 973.500,138.500 535.500,139.500 126.500,140.500 991.500,141.500 467.500,146.500 556.500,146.500 795.500,147.500 116.500,148.500 729.500,148.500 423.500,155.500 744.500,157.500 928.500,160.500 224.500,166.500 374.500,166.500 829.500,166.500 75.500,167.500 392.500,173.500 719.500,174.500 497.500,180.500 461.500,181.500 103.500,182.500 328.500,182.500 89.500,186.500 164.500,187.500 484.500,187.500 967.500,188.500 474.500,190.500 675.500,190.500 690.500,190.500 321.500,191.500 4.500,192.500 205.500,192.500 822.500,193.500 372.500,194.500 511.500,195.500 16.500,196.500 235.500,197.500 136.500,199.500 774.500,200.500 245.500,209.500 599.500,216.500 349.500,221.500 839.500,222.500 819.500,223.500 773.500,226.500 743.500,227.500 837.500,227.500 371.500,230.500 837.500,230.500 396.500,234.500 286.500,236.500 480.500,236.500 60.500,238.500 705.500,239.500 340.500,244.500 107.500,247.500 139.500,247.500 598.500,252.500 53.500,253.500 716.500,255.500 891.500,256.500 765.500,257.500 13.500,262.500 613.500,262.500 327.500,265.500 224.500,266.500 585.500,268.500 261.500,271.500 987.500,271.500 757.500,276.500 381.500,277.500 196.500,283.500 233.500,284.500 942.500,287.500 61.500,288.500 100.500,289.500 450.983,289.500 970.500,290.500 886.500,292.500 83.500,293.500 15.500,294.500 32.500,294.500 251.500,295.500 108.500,296.500 510.500,296.500 892.500,296.500 1004.500,297.500 39.500,298.500 846.500,298.500 477.500,300.500 98.500,301.500 547.500,305.500 691.500,306.500 495.500,308.500 312.500,310.500 32.500,311.500 971.500,314.500 830.500,315.500 680.500,316.500 833.500,322.500 713.500,324.500 104.500,327.500 241.500,330.500 411.500,332.500 364.500,333.500 621.500,334.500 784.500,337.500 495.500,338.500 535.500,338.500 539.500,339.500 73.500,341.500 280.500,345.500 803.500,348.500 741.500,351.500 501.500,354.500 31.500,357.500 538.500,358.500 610.500,358.500 137.500,361.500 10.500,371.500 665.500,374.500 100.500,375.500 449.500,379.500 100.500,380.500 104.500,380.500 295.500,380.500 353.500,381.500 189.500,387.500 863.500,388.500 478.500,389.500 887.500,390.500 967.500,390.500 230.500,391.500 397.500,392.500 835.500,394.500 110.500,396.500 778.500,399.500 126.500,404.500 520.500,404.500 978.500,404.500 491.500,406.500 212.500,410.500 638.500,412.500 332.500,415.500 829.500,416.500 564.500,418.500 594.500,419.500 700.500,420.500 778.500,422.500 370.500,423.500 192.500,424.500 400.500,428.500 672.500,431.500 1021.500,435.500 592.500,437.500 83.500,441.500 819.500,444.500 225.500,445.500 226.500,446.500 228.500,449.500 547.500,450.500 224.500,451.500 88.500,456.500 850.500,458.500 1007.500,462.500 93.500,464.500 368.500,466.500 515.500,466.500 647.500,466.500 248.500,467.500 391.500,468.500 154.500,469.500 93.500,476.500 907.500,478.500 969.500,479.500 79.500,480.500 964.500,480.500 544.500,484.500 805.500,484.500 535.500,486.500 1001.500,486.500 889.500,491.500 865.500,492.500 839.500,493.500 362.500,494.500 742.500,495.500 766.500,498.500 240.500,499.500 51.500,500.500 184.500,500.500 506.500,501.500 671.500,502.500 829.500,502.500 933.500,507.500 170.500,519.500 359.500,519.500 645.500,519.500 552.500,521.500 296.500,524.500 728.500,524.500 937.500,524.500 44.500,532.500 747.500,532.500 543.500,537.500 785.500,538.500 817.500,539.500 483.500,541.500 649.500,542.500 162.500,543.500 336.500,543.500 442.500,543.500 269.500,546.500 330.500,546.500 848.500,548.500 979.500,548.500 307.500,550.500 835.500,550.500 5.500,552.500 646.500,554.500 655.500,554.500 44.500,555.500 169.500,556.500 367.500,557.500 991.500,558.500 716.500,560.500 106.500,562.500 177.960,563.210 350.500,562.500 620.500,562.500 180.714,565.441 452.500,564.500 889.500,565.500 183.500,566.500 182.500,567.500 185.500,569.203 788.500,568.500 905.500,569.500 646.500,570.500 920.500,570.500 28.500,571.500 739.500,571.500 949.500,571.500 427.500,572.500 436.500,572.500 670.500,573.500 395.500,574.500 602.500,579.500 674.500,579.500 943.500,579.500 248.500,580.500 505.500,583.500 650.500,585.500 305.500,589.500 863.500,590.500 36.500,593.500 906.500,594.500 545.500,598.500 857.500,598.500 433.500,599.500 889.500,607.500 26.500,609.500 454.500,609.500 982.500,609.500 691.500,610.500 678.500,612.500 210.500,615.500 405.500,618.500 888.500,620.500 347.500,621.500 1018.500,622.500 297.500,624.500 74.500,626.500 153.500,627.500 164.500,629.500 902.500,630.500 408.500,631.500 174.500,633.500 977.500,637.500 170.500,640.500 947.500,640.500 427.500,643.500 603.500,647.500 653.500,651.500 899.500,651.500 358.500,652.500 125.500,654.500 903.500,654.500 197.500,656.500 343.500,656.500 111.500,657.500 405.500,657.500 115.356,661.200 593.500,658.500 685.500,659.500 84.500,660.500 536.500,661.500 119.867,664.500 703.500,664.500 41.500,666.500 120.500,666.500 170.500,666.500 742.500,667.500 1009.500,668.500 757.500,671.500 215.500,674.500 886.500,674.500 25.500,676.500 786.500,678.500 909.500,679.500 879.500,680.500 148.500,681.500 277.500,681.500 146.500,682.500 156.500,684.500 859.500,684.500 358.500,688.500 722.500,688.500 837.500,689.500 138.500,691.500 559.500,691.500 842.500,696.500 22.500,697.500 502.500,699.500 15.500,703.500 755.500,703.500 643.500,708.500 806.500,708.500 462.500,713.500 407.500,714.500 590.500,717.500 947.500,717.500 35.500,721.500 566.500,727.500 230.500,728.500 455.500,728.500 890.500,728.500 358.500,730.500 34.500,738.500 266.500,738.500 463.500,738.500 977.500,740.500 635.500,741.500 9.500,742.500 629.500,742.500 61.500,744.500 18.500,745.500 979.500,745.500 50.500,746.500 929.500,746.500 502.500,751.500 110.500,754.500 490.500,756.500 639.500,757.500 788.500,757.500 215.500,758.500 600.500,758.500 347.500,762.500 211.262,765.885 321.500,765.500 214.009,768.987 252.500,769.500 796.500,769.500 217.500,771.500 113.500,773.500 497.500,773.500 603.500,773.500 1000.500,774.500 124.500,776.500 87.500,777.500 189.500,777.500 868.500,778.500 974.500,778.500 1014.500,779.500 49.500,782.500 558.500,782.500 921.500,782.500 984.500,784.500 394.500,789.500 748.500,789.500 1007.500,795.500 485.500,797.500 800.500,798.500 941.500,798.500 1019.500,798.500 333.500,808.500 392.500,808.500 706.500,809.500 937.500,814.500 336.500,818.500 958.500,820.500 314.500,823.500 318.500,824.500 848.500,824.500 551.500,827.500 81.500,828.500 1006.500,828.500 76.500,829.500 94.500,829.500 228.500,833.500 102.500,836.500 79.500,839.500 529.500,839.500 355.500,840.500 521.500,842.500 772.500,847.500 1017.500,849.500 874.500,854.500 120.500,855.500 619.500,857.500 726.500,857.500 280.500,862.500 695.500,862.500 824.500,862.500 661.500,864.500 248.500,866.500 536.500,866.500 499.500,867.500 501.500,868.500 478.500,870.500 978.500,871.500 24.500,875.500 367.500,875.500 982.500,876.500 344.500,879.500 340.500,881.500 985.500,882.500 709.500,884.500 872.500,887.500 692.500,889.500 516.500,890.500 244.500,891.500 357.500,893.500 797.500,898.500 901.500,898.500 496.500,900.500 2.500,902.500 163.500,902.500 771.500,902.500 365.500,905.500 621.500,905.500 338.500,908.500 112.500,910.500 55.500,911.500 887.500,911.500 222.500,914.500 864.500,914.500 856.500,918.500 586.500,921.500 657.500,926.500 254.500,927.500 53.500,928.500 676.500,929.500 265.500,931.500 78.500,932.500 326.500,933.500 822.500,933.500 832.500,934.500 914.500,936.500 80.500,942.500 62.500,944.500 360.500,945.500 238.500,951.500 164.500,952.500 503.500,952.500 176.500,953.500 510.500,953.500 454.500,955.500 766.500,956.500 691.500,961.500 941.500,967.500 127.500,970.500 289.500,970.500 669.500,973.500 238.500,975.500 214.500,980.500 298.500,981.500 858.500,983.500 401.500,984.500 457.500,986.500 332.500,990.500 384.500,990.500 668.500,997.500 843.500,998.500 1009.500,998.500 118.500,1002.500 43.500,1003.500 580.500,1003.500 629.500,1003.500 960.500,1003.500 405.500,1004.500 85.500,1005.500 915.500,1008.500 723.500,1011.500 498.500,1013.500 597.500,1013.500 746.500,1014.500 476.500,1016.500 91.500,1021.500
ABM6 182.500,567.500 113.500,659.500 210.060,764.500 211.898,766.500 213.500,767.963 215.500,769.907
ABN0 205.464,7.415 956.592,9.563 895.513,11.449 1020.636,13.408 756.019,14.037 668.513,15.973 626.670,18.120 953.330,21.711 158.359,26.853 23.602,37.628 310.459,50.405 180.543,63.246 858.942,68.025 960.801,69.536 218.212,71.500 641.728,72.859 835.963,83.272 312.770,84.555 187.611,87.238 598.618,87.738 1018.388,92.959 831.751,94.305 601.393,96.222 587.408,97.472 556.743,103.312 355.673,103.680 769.348,103.138 592.921,105.738 344.355,109.086 600.767,109.510 939.879,112.248 558.924,111.752 920.338,111.664 776.443,121.905 914.261,129.080 1007.379,128.277 183.797,129.023 850.169,131.447 148.128,132.030 697.995,135.499 861.738,134.755 937.497,144.764 585.736,146.268 677.987,147.633 70.584,149.924 798.712,155.888 520.019,156.634 844.950,167.144 521.518,170.830 946.795,172.993 892.339,173.021 755.784,177.232 756.458,184.754 339.440,186.171 692.388,188.820 832.068,190.079 310.479,190.747 782.144,198.606 250.197,202.314 572.074,208.023 304.671,212.661 812.048,222.601 842.503,223.040 527.589,223.558 238.539,228.990 542.738,235.877 988.177,236.199 75.488,237.772 911.350,241.866 950.590,242.534 479.579,245.842 105.260,251.791 979.295,250.115 993.207,253.098 637.531,253.208 261.568,258.025 793.881,258.636 163.102,264.448 96.858,267.594 242.866,268.919 598.464,272.873 974.507,275.553 859.324,279.284 147.820,282.443 733.416,282.805 723.012,289.384 445.645,291.498 808.156,294.006 131.132,294.429 211.021,301.906 595.710,304.650 552.194,306.456 206.527,307.972 743.489,309.458 47.978,315.022 592.389,316.717 905.225,321.535 481.608,335.459 784.684,339.332 359.279,339.694 204.179,340.590 104.193,342.233 314.355,347.502 433.554,349.232 747.882,349.306 800.681,349.343 383.110,351.263 782.160,351.449 789.940,354.933 611.282,352.971 569.403,354.623 725.238,354.393 873.985,354.587 830.334,355.367 277.095,357.492 461.488,357.700 383.047,359.027 719.473,364.034 213.458,366.566 559.447,367.223 904.806,368.811 33.199,369.461 234.705,373.278 999.328,374.026 857.218,377.203 701.712,387.486 451.317,391.884 999.325,391.959 291.204,397.511 939.045,397.064 56.558,399.672 405.773,399.914 715.463,400.527 573.743,406.507 277.520,420.978 127.836,424.176 771.020,423.921 529.355,434.361 605.206,437.205 229.019,437.983 661.842,443.593 199.224,444.475 133.976,445.949 488.792,447.088 309.321,451.230 651.978,452.002 574.701,455.973 962.824,455.453 766.521,458.817 815.848,459.698 540.652,465.386 325.386,477.622 567.700,479.909 449.205,481.022 456.808,489.837 578.143,489.865 803.657,491.036 899.917,493.717 173.737,496.079 626.470,501.790 870.553,504.438 700.571,509.411 637.442,509.594 537.498,515.667 812.212,518.238 997.178,522.371 302.869,524.599 315.982,524.345 559.337,524.638 628.702,526.923 737.732,527.708 323.857,528.582 749.657,529.363 880.673,531.984 162.500,534.000 215.843,537.613 911.056,538.313 942.788,538.991 808.098,545.055 626.910,546.926 506.440,547.026 989.600,549.888 510.561,554.786 602.529,557.822 649.729,559.121 764.337,558.996 500.129,562.118 806.223,567.747 864.897,567.389 509.123,570.900 640.277,570.521 295.134,577.124 743.188,581.290 846.858,581.612 1018.342,581.299 66.200,584.802 642.854,583.367 839.797,586.389 164.575,586.795 292.993,595.334 653.504,598.001 556.603,601.869 468.203,606.709 570.776,606.921 816.844,609.059 864.445,609.073 996.756,608.760 562.531,614.443 607.609,615.378 898.720,614.891 228.070,616.213 809.163,616.987 216.169,620.467 315.228,622.442 456.758,623.507 504.987,624.997 1020.294,630.480 511.774,631.483 149.708,634.720 743.016,635.333 750.273,634.699 41.777,636.515 159.320,642.313 549.686,650.598 1013.164,650.202 623.468,654.495 741.535,654.457 377.717,657.183 476.526,655.566 217.957,658.211 539.703,658.676 985.487,660.508 400.624,668.023 546.015,670.825 938.320,675.322 510.788,681.442 55.655,684.867 512.045,688.504 795.714,692.488 584.525,692.141 633.402,693.072 839.041,701.847 716.860,701.689 278.345,703.403 884.310,703.669 622.845,704.445 863.232,706.550 543.335,707.507 225.183,710.477 878.569,718.412 950.652,719.502 77.985,720.968 722.953,722.701 56.828,727.445 254.528,730.704 862.526,731.765 945.263,741.379 576.841,747.048 455.588,748.847 2.891,749.633 40.680,751.696 226.183,754.181 856.245,753.292 22.519,755.180 482.555,761.466 535.250,763.503 508.243,766.618 385.017,769.431 907.427,773.008 389.011,775.063 69.359,777.064 417.904,776.234 880.032,779.514 60.220,780.246 470.305,780.320 285.637,781.962 647.577,783.062 818.661,784.941 579.645,791.681 799.254,789.719 197.500,792.931 785.523,796.200 967.494,804.202 471.145,805.462 351.582,807.340 629.483,807.385 695.283,808.893 266.138,809.481 551.426,813.922 413.040,817.447 443.252,818.252 885.493,820.216 505.687,825.000 429.844,828.096 434.442,828.825 727.756,828.474 761.601,828.109 470.101,833.529 417.652,835.255 906.804,833.458 776.832,835.218 341.010,840.550 444.508,841.251 81.349,842.471 404.374,842.856 453.236,850.793 261.396,851.695 775.516,851.805 459.710,852.433 313.994,854.093 707.828,855.176 353.963,859.020 416.971,859.539 225.470,864.405 267.612,865.653 637.674,865.984 255.685,868.573 609.188,873.184 112.650,876.724 784.536,878.142 107.361,881.630 561.281,884.018 673.759,886.082 624.825,887.403 857.325,891.958 563.882,892.394 403.573,895.608 369.649,896.608 352.033,900.529 299.285,903.306 56.245,904.924 357.512,908.157 758.289,909.671 352.558,909.999 500.748,911.151 675.850,911.022 914.000,910.034 820.377,912.465 163.484,915.052 432.058,914.942 438.685,915.288 695.088,917.640 644.125,921.653 107.250,926.897 506.892,928.816 640.477,936.516 847.034,935.012 657.629,937.018 391.003,937.003 386.859,947.395 470.589,947.544 609.758,950.704 645.164,951.068 673.698,953.366 118.348,953.359 828.371,958.278 507.287,965.119 307.521,965.393 742.328,966.337 29.034,967.865 489.910,968.495 251.737,970.723 440.951,982.270 878.658,981.005 778.519,983.223 682.012,984.017 24.459,997.311 356.767,997.253 66.395,1004.181 812.975,1014.616 466.121,1016.663 582.722,1016.237 639.986,1019.014
ABN1 204.500,6.500 895.452,11.491 957.500,9.500 1020.521,13.354 756.500,12.500 756.397,14.500 668.500,15.500 627.500,18.500 953.500,21.500 859.500,69.500 960.500,69.500 218.500,70.500 641.946,73.248 836.087,83.330 598.500,87.500 1018.468,92.994 831.500,93.500 601.459,95.961 355.951,103.500 939.873,112.298 920.000,111.500 777.500,120.500 776.168,122.178 914.229,129.014 1006.500,128.500 184.500,129.500 850.215,131.247 148.500,132.500 697.980,135.582 861.500,135.000 68.500,149.500 70.481,150.262 799.500,155.500 521.500,171.500 947.153,172.909 757.500,183.500 756.500,184.500 339.500,185.500 755.500,185.500 339.500,187.500 692.500,187.500 832.500,190.500 250.500,203.500 812.067,222.128 842.500,223.500 542.500,236.500 989.000,236.500 911.500,242.500 950.950,242.712 105.151,251.867 993.186,253.116 637.500,252.500 637.500,254.500 162.997,264.921 242.840,269.083 858.500,278.500 859.500,279.500 808.148,294.034 130.500,293.500 131.500,295.500 211.500,301.500 595.500,304.500 551.500,306.500 592.500,315.500 591.500,318.500 785.024,339.500 204.500,340.888 104.500,342.072 800.699,349.455 788.514,352.011 569.242,354.674 724.795,354.239 790.202,356.293 873.918,354.737 461.201,357.532 276.778,357.778 383.000,359.500 460.500,359.500 213.542,366.684 905.188,368.773 903.500,369.500 235.500,373.500 999.500,373.500 999.500,391.500 56.500,398.500 715.500,399.500 406.104,400.500 715.000,401.500 277.281,420.712 128.026,424.490 528.500,434.500 605.500,436.500 229.500,438.000 198.500,443.500 133.500,444.500 308.500,450.500 309.928,451.500 651.500,451.500 308.500,452.500 650.500,452.500 652.500,452.500 653.500,453.500 766.500,458.932 815.753,459.878 540.968,465.011 324.500,477.976 326.500,477.500 567.841,479.947 449.077,481.249 578.049,489.500 899.500,493.500 174.262,496.313 626.500,501.500 870.500,504.500 699.996,509.843 537.399,515.625 812.500,518.888 302.878,524.829 315.500,524.500 628.215,526.756 324.500,527.500 737.500,528.072 323.500,528.500 880.748,532.034 910.958,538.192 942.886,538.951 808.249,544.891 626.834,546.904 506.014,546.966 990.500,548.500 650.500,558.000 649.500,559.500 500.500,562.500 805.896,567.764 864.787,567.213 509.013,570.797 295.248,577.458 66.143,584.856 643.500,583.500 839.474,586.173 842.500,590.500 294.500,594.500 292.954,595.718 654.500,598.500 556.500,601.500 468.773,606.812 996.902,608.772 816.500,608.500 864.492,608.945 815.500,609.500 227.766,616.176 607.809,615.789 898.500,615.500 504.500,625.500 743.500,633.500 742.936,635.763 41.500,636.500 549.500,649.976 622.500,653.500 623.500,655.000 377.857,657.142 539.500,658.500 985.498,660.504 546.049,670.500 795.364,692.457 633.241,693.331 838.683,701.775 278.500,704.500 224.500,709.500 225.500,710.500 950.500,718.500 722.500,721.500 723.951,722.500 57.500,727.500 254.072,730.500 945.013,741.066 946.500,742.500 576.951,747.500 456.500,748.500 455.500,749.500 3.500,750.500 226.067,754.207 508.048,766.808 69.216,777.500 879.951,779.500 286.500,780.500 285.188,781.773 647.502,783.191 817.500,784.500 579.612,791.592 197.500,792.500 352.500,806.500 629.230,807.230 630.500,808.500 265.500,809.500 694.500,809.500 551.500,814.000 552.500,815.500 505.783,824.983 728.500,827.500 429.500,828.500 417.251,833.478 470.012,833.988 907.500,833.500 776.500,835.500 418.500,840.500 404.500,842.500 261.313,851.734 453.845,850.553 460.500,852.500 416.500,860.500 267.465,865.598 269.500,864.500 254.500,867.500 255.500,868.888 112.500,876.500 856.500,891.500 858.500,892.500 403.500,895.838 55.796,904.796 56.500,906.500 675.538,910.914 914.500,910.500 501.500,911.500 162.500,916.500 695.071,917.761 644.070,921.764 106.830,926.743 506.500,928.500 640.359,936.367 386.711,947.741 470.500,947.500 646.000,950.500 672.500,953.500 674.500,953.500 673.500,954.500 828.363,958.239 307.500,965.500 29.002,967.642 490.015,968.517 441.500,981.500 440.500,982.500 778.500,983.500 23.500,997.500 357.500,997.500 466.215,1016.247 582.500,1015.500
ABN2 939.730,111.906 697.941,135.562 105.150,251.877 993.500,252.500 992.500,253.500 808.365,294.065 626.794,546.908 378.500,656.500 985.409,660.698 579.489,791.737 260.500,851.500
ABN3 939.500,112.500 698.264,135.500 182.500,190.500 105.191,251.902 808.392,294.242 633.500,356.500 950.500,523.500 724.500,542.500 626.929,547.085 28.500,609.500 794.500,656.500 985.500,660.860 579.500,791.869
ABN4 939.751,111.859 697.866,135.541 105.110,251.905 993.500,252.500 992.500,253.500 808.408,294.042 626.802,546.825 378.500,656.500 985.413,660.697 579.533,791.746 260.500,851.500
ABN5 655.500,3.500 777.500,4.500 960.500,4.500 513.500,7.500 79.500,8.500 284.500,8.500 927.500,11.500 108.500,13.500 664.500,13.500 146.500,14.500 168.500,14.500 713.500,14.500 1021.500,14.500 648.500,17.500 275.500,24.500 809.500,25.500 1006.500,25.500 878.500,29.500 216.500,34.500 351.500,34.500 661.500,38.500 472.500,39.500 781.500,39.500 708.500,41.500 148.500,42.500 328.500,43.500 631.500,44.500 360.500,45.500 728.500,46.500 32.500,50.500 255.500,51.500 226.500,52.500 141.500,54.500 112.500,55.500 724.500,55.500 620.500,58.500 886.500,61.500 611.500,62.500 417.500,63.500 109.500,65.500 279.500,65.500 829.500,67.500 674.500,68.500 326.500,69.500 597.500,70.500 784.500,72.500 773.500,74.500 396.500,77.500 609.500,79.500 748.500,80.500 640.500,81.500 169.500,91.500 797.500,93.500 1017.500,94.500 602.500,95.500 99.500,98.500 954.500,98.500 441.500,102.500 954.500,104.500 6.500,106.500 614.500,106.500 706.500,106.500 179.500,108.500 280.500,110.500 608.500,110.500 951.500,110.500 123.500,111.500 1016.500,111.500 539.500,114.500 327.500,120.500 498.500,122.500 188.500,123.500 532.500,123.500 908.500,123.500 105.500,124.500 205.500,124.500 419.500,125.500 329.500,127.500 481.500,129.500 157.500,131.500 307.500,133.500 937.500,133.500 697.500,134.500 671.500,137.500 700.500,138.500 702.500,138.500 929.500,138.500 520.500,139.500 701.500,139.500 702.500,140.500 343.500,141.500 127.500,142.500 865.500,142.500 815.500,145.500 904.500,145.500 123.500,147.500 468.500,147.500 105.500,148.500 521.500,153.500 759.500,154.500 58.500,157.500 256.500,160.500 588.500,165.500 175.500,166.500 443.500,166.500 558.500,167.500 797.500,170.500 222.500,172.500 786.500,172.500 309.500,175.500 521.500,179.500 895.500,179.500 511.500,181.500 736.500,181.500 271.500,185.500 195.500,187.500 353.500,188.500 751.500,190.500 432.500,191.500 633.500,191.500 305.500,193.500 810.500,193.500 640.500,196.500 881.500,198.500 903.500,207.500 977.500,215.500 207.500,222.500 167.500,224.500 606.500,224.500 107.500,226.500 61.500,227.500 155.500,227.500 188.500,230.500 318.500,233.500 429.500,234.500 168.500,235.500 80.500,243.500 446.500,243.500 24.500,244.500 100.500,246.500 103.002,250.336 960.500,247.500 989.500,248.500 776.500,251.500 973.500,254.500 905.500,256.500 998.500,258.500 51.500,261.500 219.500,261.500 651.500,261.500 359.500,264.500 690.500,264.500 164.500,266.500 381.500,267.500 283.500,270.500 605.500,270.500 338.500,272.500 537.500,272.500 68.500,274.500 853.500,275.500 908.500,275.500 483.500,276.500 846.500,279.500 312.500,282.500 341.500,283.500 383.500,284.500 414.500,287.500 43.500,289.500 22.500,290.500 964.500,291.500 807.500,292.500 343.500,294.500 808.500,294.500 1000.500,295.500 622.500,296.500 652.500,296.500 108.500,297.500 811.500,297.500 976.500,297.500 604.500,298.500 822.500,298.500 607.500,299.500 214.500,300.500 1019.500,304.500 364.500,305.500 741.500,305.500 307.500,307.500 348.500,309.500 64.500,310.500 983.500,313.500 834.500,314.500 526.500,315.500 555.500,315.500 680.500,315.500 690.500,317.500 626.500,319.500 951.500,320.500 821.500,321.500 894.500,321.500 263.500,324.500 86.500,326.500 439.500,328.500 269.500,329.500 446.500,331.500 960.500,331.500 398.500,332.500 661.500,333.500 810.500,336.500 479.500,341.500 674.500,342.500 889.500,347.500 43.500,349.500 457.500,350.500 843.500,350.500 93.500,353.500 35.500,356.500 354.500,356.500 508.500,357.500 833.500,357.500 805.500,360.500 694.500,362.500 776.500,364.500 818.500,364.500 905.500,365.500 1001.500,368.500 781.500,369.500 835.500,375.500 281.500,380.500 151.500,382.500 23.500,386.500 718.500,387.500 824.500,388.500 32.500,395.500 542.500,398.500 677.500,398.500 886.500,403.500 132.500,409.500 566.500,411.500 262.500,414.500 747.500,415.500 512.500,418.500 610.500,419.500 690.500,421.500 96.500,423.500 126.500,423.500 51.500,425.500 465.500,427.500 937.500,436.500 965.500,439.500 661.500,443.500 67.500,444.500 48.500,448.500 258.500,448.500 369.500,449.500 370.500,450.500 117.500,451.500 999.500,453.500 932.500,454.500 265.500,457.500 188.500,465.500 335.500,465.500 469.500,465.500 217.500,467.500 996.500,467.500 460.500,471.500 891.500,474.500 746.500,477.500 926.500,478.500 730.500,479.500 365.500,481.500 645.500,482.500 318.500,483.500 793.500,485.500 665.500,486.500 583.500,491.500 556.500,494.500 386.500,495.500 919.500,498.500 28.500,499.500 329.500,503.500 97.500,518.500 383.500,518.500 950.500,519.500 28.500,523.500 282.500,523.500 444.500,523.500 445.500,531.500 233.500,536.500 465.500,537.500 497.500,538.500 824.500,541.500 623.500,543.037 624.942,544.500 585.500,545.500 410.500,546.500 626.500,546.500 432.500,547.500 561.500,547.500 115.500,548.500 628.500,549.155 877.500,548.500 391.500,549.500 565.500,550.500 630.500,550.500 629.500,551.500 156.500,553.500 165.500,553.500 707.500,554.500 905.500,555.500 491.500,557.500 1010.500,558.500 257.500,559.500 741.500,559.500 878.500,560.500 124.500,561.500 972.500,562.500 921.500,564.500 544.500,569.500 275.500,570.500 485.500,570.500 973.500,570.500 982.500,570.500 929.500,572.500 473.500,574.500 289.500,576.500 213.500,587.500 275.500,589.500 298.500,593.500 955.500,596.500 245.500,597.500 27.500,598.500 23.500,602.500 270.500,605.500 328.500,608.500 307.500,609.500 24.500,611.500 699.500,612.500 91.500,614.500 992.500,615.500 270.500,617.500 569.500,618.500 727.500,622.500 585.500,625.500 458.500,626.500 862.500,629.500 446.500,633.500 684.500,638.500 229.500,639.500 370.500,639.500 599.500,640.500 941.500,641.500 50.500,644.500 103.500,646.500 165.500,650.500 931.500,651.500 419.500,653.500 583.500,653.500 885.500,654.500 1010.500,655.500 152.500,657.500 197.500,658.500 622.500,658.500 984.500,659.500 38.500,660.500 777.500,662.500 79.500,663.500 205.500,663.500 264.500,666.500 358.500,670.500 444.500,677.500 64.500,678.500 822.500,679.500 854.500,682.500 527.500,683.500 457.500,687.500 14.500,688.500 565.500,688.500 876.500,689.500 952.500,692.500 765.500,701.500 1020.500,701.500 929.500,703.500 1005.500,705.500 462.500,706.500 612.500,707.500 867.500,707.500 797.500,709.500 747.500,711.500 271.500,713.500 500.500,713.500 544.500,715.500 116.500,716.500 939.500,717.500 937.500,724.500 124.500,725.500 452.500,726.500 343.500,727.500 230.500,729.500 668.500,732.500 865.500,739.500 525.500,741.000 925.500,740.500 414.500,741.500 1008.500,744.500 821.500,745.500 73.500,748.500 352.500,750.500 395.500,750.500 422.500,750.500 589.500,752.500 958.500,752.500 455.500,756.500 604.500,756.500 29.500,757.500 133.500,761.500 449.500,763.500 553.500,763.500 159.500,764.500 145.500,772.500 657.500,772.500 834.500,774.500 922.500,775.500 990.500,777.500 98.500,779.500 151.500,781.500 48.500,784.500 534.500,785.500 844.500,785.500 512.500,788.500 577.500,788.500 578.500,791.500 580.500,792.500 581.500,794.500 637.500,796.500 829.500,796.500 945.500,797.500 61.500,798.500 139.500,798.500 1.500,800.500 989.500,800.500 1016.500,806.500 579.500,807.500 636.500,807.500 946.500,808.500 668.500,810.500 169.500,814.500 632.500,819.500 220.500,820.500 608.500,822.500 118.500,824.500 549.500,828.500 508.500,829.500 197.500,831.500 512.500,832.500 388.500,835.500 343.500,838.500 789.500,838.500 789.500,841.500 320.500,842.500 382.500,846.500 16.500,847.500 663.500,849.500 261.500,850.500 3.500,854.500 286.500,854.500 769.500,856.500 897.500,861.500 2.500,862.500 437.500,864.500 752.500,864.500 484.500,865.500 752.500,866.500 771.500,867.500 754.500,869.500 686.500,873.500 340.500,874.500 78.500,880.500 271.500,880.500 738.500,880.500 125.500,884.500 1012.500,889.500 744.500,890.500 512.500,891.500 661.500,891.500 950.500,891.500 872.500,892.500 437.500,894.500 698.500,896.500 646.500,897.500 357.500,898.500 463.500,898.500 604.500,901.500 283.500,902.500 981.500,904.500 728.500,909.500 477.500,911.500 816.500,913.500 136.500,917.500 912.500,918.500 98.500,921.500 543.500,921.500 562.500,921.500 611.500,927.500 220.500,929.500 244.500,930.500 948.500,932.500 236.500,934.500 240.500,934.500 422.500,934.500 678.500,941.500 962.500,944.500 424.500,950.500 880.500,950.500 139.500,952.500 838.500,952.500 96.500,957.500 537.500,958.500 598.500,959.500 319.500,961.500 622.500,964.500 45.500,966.500 569.500,967.500 37.500,969.500 787.500,969.500 906.500,970.500 807.500,977.500 979.500,980.500 245.500,984.500 317.500,986.500 649.500,989.500 120.500,991.500 929.500,991.500 113.500,993.500 657.500,996.500 483.500,999.500 329.500,1000.500 660.500,1000.500 70.500,1002.500 1019.500,1002.500 532.500,1003.500 581.500,1003.500 912.500,1003.500 64.500,1008.500 865.500,1008.500 663.500,1011.500 175.500,1012.500 442.500,1013.500 706.500,1014.500 189.500,1016.500 432.500,1016.500 666.500,1019.500
ABN6 104.503,251.491 577.500,788.500
ABO0 472.871,2.443 324.895,4.377 988.728,7.281 164.794,9.088 109.710,11.320 691.334,14.411 766.254,17.339 862.612,17.431 892.517,19.101 512.995,23.992 714.486,24.007 868.839,27.699 679.380,33.611 102.512,35.972 649.268,35.636 607.943,40.840 871.550,45.539 574.986,48.052 110.729,47.749 527.629,55.667 729.261,58.282 126.016,63.507 481.749,63.241 880.317,66.742 820.987,70.005 133.996,71.646 464.556,73.013 957.124,83.684 310.947,88.018 438.212,89.188 738.914,89.103 470.039,94.566 455.107,95.555 643.578,96.024 9.056,99.926 431.707,105.891 654.000,107.434 846.531,110.136 939.782,115.470 1008.288,119.990 188.731,129.453 204.891,129.884 1003.258,129.692 843.944,134.536 152.493,136.650 556.221,140.229 751.552,146.228 355.523,148.017 742.318,147.253 116.144,151.625 268.763,153.306 924.043,154.474 660.660,158.573 551.267,161.117 685.622,166.599 587.560,167.756 795.718,170.634 805.577,171.185 582.143,177.605 889.003,181.039 718.405,184.741 303.804,188.499 776.206,188.912 536.152,193.671 713.544,197.027 492.304,204.827 774.132,205.572 639.744,209.744 758.311,216.560 658.509,220.794 624.989,222.432 660.153,234.721 915.265,237.021 332.373,249.791 79.706,249.898 635.520,253.580 651.709,255.129 612.406,257.698 544.365,258.624 927.332,259.439 864.674,259.688 599.760,266.175 742.155,270.362 1008.758,274.052 648.692,275.580 677.105,277.708 751.340,278.520 74.011,282.313 726.219,281.234 649.771,282.787 662.019,284.718 836.696,289.452 129.225,290.408 933.725,296.035 889.040,298.937 675.544,299.215 574.115,302.396 659.049,301.637 596.819,310.472 367.018,313.926 672.320,315.012 702.645,315.226 928.995,320.306 701.320,326.646 82.504,329.474 677.124,329.335 584.949,330.698 656.370,330.623 399.480,335.495 257.529,337.557 856.204,337.646 830.935,341.312 814.603,342.834 637.269,345.043 824.472,344.010 314.679,349.119 825.652,355.245 690.835,362.667 366.123,363.706 374.728,363.312 734.922,367.548 662.961,368.513 138.515,373.803 115.442,381.500 714.648,383.317 299.924,388.684 320.997,393.381 188.387,398.695 621.986,399.941 437.279,410.347 630.685,410.299 746.920,417.612 612.024,418.028 729.841,423.309 828.465,428.504 142.942,430.128 673.204,432.704 649.482,433.787 73.362,436.869 802.534,448.501 475.543,450.573 71.851,463.402 550.849,466.905 813.896,473.625 429.107,475.583 925.916,477.671 825.240,489.396 694.494,492.227 791.143,495.489 638.323,510.679 232.101,510.886 292.004,511.475 698.834,511.433 241.148,515.160 463.901,516.827 244.417,524.598 892.391,524.551 756.885,531.522 690.454,531.699 698.082,534.521 716.236,539.437 83.638,543.716 914.529,543.430 453.353,545.569 837.615,547.243 724.994,550.539 738.458,560.974 751.545,562.455 288.562,567.822 883.415,568.789 173.317,570.993 694.176,572.837 577.568,577.046 886.491,577.537 1006.360,581.131 782.757,584.156 744.126,587.804 831.425,591.033 554.241,599.297 155.756,603.462 766.092,604.575 568.617,608.097 738.448,615.979 802.874,617.136 971.742,620.493 532.927,628.077 942.017,628.801 768.998,634.898 953.707,633.299 221.696,634.270 764.387,640.140 378.673,640.317 573.352,640.680 846.255,639.997 851.719,641.332 814.449,646.003 690.426,647.886 1008.654,648.011 8.478,653.754 687.528,662.417 933.877,671.127 703.146,671.837 760.018,671.495 810.400,673.539 855.471,678.635 948.194,684.301 62.667,684.983 920.915,687.742 348.446,690.353 798.507,690.407 862.308,689.737 925.389,690.821 280.298,695.963 620.253,697.617 405.638,702.964 371.696,705.610 862.467,706.855 130.774,712.529 678.791,717.331 21.901,722.068 169.805,722.080 772.672,725.204 796.453,724.624 815.644,725.154 985.997,726.010 502.118,729.196 588.834,735.898 544.929,737.898 181.696,738.997 998.995,738.728 729.994,739.333 789.931,743.204 920.197,744.474 635.742,749.971 897.699,752.633 981.342,752.256 957.469,761.603 49.308,762.416 653.101,765.677 736.689,766.770 550.510,768.398 555.419,773.880 575.957,776.443 383.821,783.993 783.696,787.300 343.959,798.371 298.562,798.498 670.506,807.687 716.996,813.535 646.004,819.603 76.627,821.554 36.423,824.843 676.194,832.043 338.152,832.508 547.603,837.741 555.485,837.625 702.261,836.895 701.140,841.939 569.072,850.462 704.388,851.187 980.164,855.191 52.948,857.003 885.221,859.979 295.346,861.756 665.899,866.005 921.566,866.228 160.125,869.053 641.984,870.974 945.752,874.480 313.311,880.308 600.908,882.637 309.497,887.426 591.306,891.839 890.684,892.101 525.841,894.354 823.881,895.038 32.673,899.557 217.498,899.509 487.995,900.488 451.727,901.727 705.254,913.491 881.324,925.552 713.829,933.542 306.341,933.689 893.580,941.465 326.078,945.342 931.557,944.138 296.158,946.649 406.608,947.183 690.145,950.567 676.491,955.172 10.319,957.016 764.021,963.662 721.615,969.741 496.101,980.106 908.578,981.936 448.592,982.865 359.835,998.276 164.859,998.628 471.770,1006.513 122.154,1012.154 377.456,1012.911 811.296,1012.389 593.421,1018.388 2.425,1019.387
ABO1 324.623,4.500 163.500,8.500 165.500,8.500 766.344,17.675 892.538,19.124 513.500,23.500 714.500,24.500 102.253,35.930 870.500,45.500 575.148,47.906 880.500,67.500 820.640,70.026 465.765,72.199 464.500,73.500 739.227,89.188 437.971,89.971 469.500,95.049 431.500,105.500 846.451,109.977 205.500,129.500 1002.500,129.500 204.500,130.500 844.500,134.500 751.500,145.500 742.500,147.500 268.530,153.185 923.950,154.404 661.500,158.500 551.258,161.292 685.500,165.500 587.500,166.500 582.043,177.207 303.938,188.516 776.500,189.500 535.500,193.049 537.500,193.500 713.500,198.500 492.028,204.972 758.429,216.339 625.317,222.342 660.033,234.782 914.500,236.500 916.500,237.500 332.253,249.653 652.500,254.500 612.515,257.797 544.560,258.823 863.500,259.500 927.137,260.317 1009.500,274.500 649.500,275.500 648.500,276.500 676.500,276.500 751.439,278.599 677.000,278.500 74.189,282.478 650.500,283.500 662.323,284.610 837.135,289.274 128.778,290.222 933.000,295.500 934.500,296.500 889.500,299.500 658.500,300.500 573.764,301.764 659.500,301.888 702.551,315.465 82.584,329.259 677.500,328.500 584.500,330.932 256.500,337.500 857.000,337.500 855.500,338.500 830.149,341.824 813.500,342.500 815.500,342.500 637.440,345.317 814.500,343.951 825.500,343.500 822.754,353.903 826.600,355.807 830.988,354.988 365.500,364.500 735.500,367.500 733.500,368.500 300.019,388.730 320.500,393.500 437.500,409.500 630.530,410.434 438.500,410.500 746.311,417.582 729.989,423.486 673.369,432.508 648.500,433.500 475.570,450.679 72.199,462.801 550.500,467.500 428.500,474.500 825.235,489.801 695.500,492.500 790.857,495.482 231.500,509.500 638.110,510.797 232.500,510.500 292.500,511.000 639.500,512.500 241.500,515.068 463.969,516.811 244.500,524.500 756.818,531.531 698.164,534.746 715.500,538.500 716.500,539.500 913.500,543.500 84.500,544.500 837.541,546.982 724.500,549.500 725.088,551.382 738.227,560.396 752.500,562.500 883.368,568.533 173.188,570.773 694.399,572.690 577.500,577.359 887.004,577.027 1006.076,581.178 782.485,583.775 744.500,587.500 831.071,591.232 155.500,601.500 155.984,603.291 766.500,604.500 738.500,615.500 803.500,616.500 971.500,620.500 533.049,628.500 942.500,628.500 222.500,633.500 769.067,634.783 764.434,640.099 851.500,641.500 814.702,645.848 1008.500,647.500 933.873,671.100 760.500,671.500 759.500,672.500 947.500,683.951 62.787,684.787 919.500,687.500 348.901,690.795 798.360,690.407 862.500,689.500 620.214,697.623 281.500,696.500 405.617,703.205 861.500,706.500 130.500,712.500 678.703,717.442 22.191,721.789 772.620,725.195 985.974,726.167 501.982,729.342 588.917,736.226 182.222,738.778 729.500,739.500 920.500,743.500 636.500,750.049 981.500,751.500 957.490,761.616 653.201,765.780 555.500,774.068 575.914,776.445 383.540,784.112 783.486,787.449 344.252,798.545 670.492,807.556 717.023,813.296 676.226,831.997 547.500,838.500 701.215,841.753 704.500,848.500 568.784,850.269 702.500,850.500 705.500,851.500 980.366,855.370 295.308,861.683 665.756,866.123 160.500,869.500 945.509,874.197 313.325,880.305 600.839,882.640 309.670,887.067 525.500,893.500 32.323,899.500 217.500,899.500 704.500,913.500 880.936,925.401 881.500,929.500 306.500,932.500 713.818,933.453 326.500,943.500 326.257,945.594 406.500,947.525 690.324,950.832 676.500,954.500 763.866,963.567 164.500,997.500 359.731,998.323 166.000,998.500 164.500,999.500 471.500,1006.500 121.801,1012.235 811.222,1012.222 377.657,1013.477 2.500,1019.500
ABO2 332.500,249.991 829.846,341.738 348.695,690.897 620.188,697.500 772.611,725.221 986.500,726.500 957.500,761.500 575.998,776.451 676.220,832.048 313.170,880.606
ABO3 740.500,195.500 92.500,524.500 938.500,542.500 349.500,690.500 348.500,691.500 772.568,725.255 957.500,761.500 575.852,776.670 676.165,832.145 313.290,880.401
ABO4 332.500,249.990 829.822,341.759 348.617,690.937 620.118,697.500 772.577,725.190 986.500,726.500 957.500,761.500 576.100,776.427 676.167,832.128 313.137,880.670
ABO5 958.500,1.500 985.500,1.500 423.500,3.500 669.500,3.500 783.500,4.500 968.500,4.500 905.500,5.500 435.500,6.500 111.500,8.500 314.500,8.500 288.500,10.500 1009.500,11.500 638.500,13.500 768.500,13.500 833.500,14.500 115.500,15.500 648.500,18.500 689.500,22.500 313.500,24.500 855.500,25.500 17.500,26.500 296.500,29.500 218.500,34.500 353.500,34.500 520.500,38.500 708.500,41.500 144.500,42.500 625.500,44.500 360.500,45.500 706.500,46.500 306.500,47.500 672.500,49.500 150.500,52.500 642.500,55.500 816.500,56.500 215.500,59.500 622.500,63.500 3.500,65.500 495.500,65.500 91.500,67.500 725.500,67.500 234.500,69.500 501.500,70.500 684.500,72.500 151.500,79.500 736.500,80.500 548.500,81.500 1007.500,87.500 513.500,88.500 79.500,90.500 61.500,91.500 1020.500,92.500 571.500,93.500 494.500,95.500 148.500,97.500 199.500,97.500 775.500,98.500 385.500,102.500 292.500,105.500 771.500,107.500 815.500,107.500 141.500,108.500 264.500,110.500 596.500,110.500 933.500,110.500 105.500,111.500 1004.500,111.500 1017.500,122.500 6.500,123.500 497.500,127.500 483.500,128.500 677.500,129.500 173.500,134.500 528.500,134.500 723.500,134.500 971.500,137.500 142.500,141.500 669.500,141.500 453.500,142.500 953.500,142.500 983.500,142.500 165.500,143.500 117.500,146.500 206.500,146.500 764.500,147.500 979.500,154.500 256.500,157.500 340.500,157.500 177.500,158.500 598.500,163.500 694.500,165.500 846.500,165.500 277.500,166.500 545.500,166.500 654.500,167.500 881.500,170.500 892.500,172.500 447.500,175.500 279.500,178.500 351.500,178.500 17.500,180.500 993.500,180.500 355.500,183.500 379.500,185.500 303.500,187.500 526.500,191.500 395.500,193.500 735.500,196.500 977.500,198.500 256.500,200.500 13.500,208.500 745.500,208.500 57.500,216.500 490.500,221.500 787.500,221.500 223.500,224.500 660.500,224.500 111.500,227.500 205.500,227.500 173.500,230.500 352.500,233.500 658.500,233.500 196.500,235.500 652.500,238.500 29.500,239.500 513.500,241.500 846.500,242.500 688.500,243.500 431.500,246.500 463.500,246.500 991.500,249.500 334.500,251.500 437.500,254.500 442.500,254.500 922.500,254.500 75.500,256.500 393.500,256.500 475.500,256.500 981.500,256.500 298.500,257.500 543.500,257.500 393.500,261.500 825.500,261.500 545.500,264.500 549.500,267.500 767.500,267.500 793.500,270.500 713.500,272.500 355.500,274.500 26.500,276.500 986.500,278.500 942.500,279.500 366.500,282.500 379.500,283.500 762.500,286.500 169.500,287.500 564.983,288.500 255.500,292.500 195.500,293.500 451.500,294.500 280.500,295.500 283.500,296.500 762.500,296.500 792.500,296.500 252.500,297.500 315.500,297.500 98.500,298.500 755.500,299.500 366.500,300.500 766.500,301.500 576.500,305.500 955.500,305.500 749.500,307.500 566.500,309.500 906.500,315.500 906.500,317.500 842.500,319.500 9.500,322.500 82.500,322.500 481.500,324.500 649.500,328.500 457.500,329.500 82.500,330.500 612.500,331.500 100.500,332.500 560.500,332.500 663.500,337.500 703.500,337.500 687.500,338.500 177.500,340.500 710.500,342.500 330.500,344.500 735.500,344.500 93.500,345.500 9.500,349.500 431.500,350.500 802.500,351.500 583.500,353.500 113.500,356.500 696.500,357.500 249.500,359.500 403.500,363.500 45.500,370.500 932.500,372.500 779.500,373.500 238.500,374.500 151.500,376.500 643.500,378.500 320.500,379.500 324.500,379.500 515.500,379.500 883.500,380.500 313.500,386.500 694.500,388.500 370.500,395.500 896.500,398.500 7.500,399.500 236.500,404.500 777.500,405.500 914.500,411.500 81.500,416.500 836.500,417.500 858.500,418.500 960.500,419.500 65.500,422.500 628.500,422.500 109.500,426.500 841.500,427.500 823.500,429.500 898.500,430.500 237.500,437.500 15.500,440.500 291.500,440.500 1017.500,443.500 423.500,444.500 612.500,448.500 722.500,450.500 469.500,451.500 216.500,455.500 89.500,458.500 121.500,462.500 24.500,465.500 522.500,465.500 567.500,467.500 830.500,471.500 183.500,473.500 263.500,475.500 120.500,478.500 300.500,479.500 104.500,480.500 775.500,481.500 663.500,483.500 719.500,485.500 159.500,486.500 31.500,487.500 402.500,490.500 972.500,491.500 15.500,492.500 1009.500,492.500 534.500,493.500 990.500,497.500 768.500,498.500 293.500,499.500 426.500,499.500 754.500,500.500 729.500,503.500 163.500,507.500 519.500,518.500 805.500,518.500 470.500,523.500 724.500,523.500 892.500,523.500 756.500,531.500 843.500,531.500 617.500,536.500 861.500,538.500 126.500,541.500 372.500,542.500 476.500,542.500 86.500,544.500 17.500,548.500 373.500,549.500 63.500,551.500 223.500,555.500 542.500,559.500 782.500,559.500 269.500,560.500 178.500,561.500 430.500,561.500 700.500,561.500 548.500,563.500 1003.500,564.500 926.500,567.500 15.500,569.500 36.500,570.500 168.500,570.500 572.500,570.500 211.500,573.500 13.500,575.500 825.500,576.500 644.500,578.500 577.500,582.500 655.500,583.500 1002.500,586.500 948.500,593.500 881.500,597.500 477.500,600.500 657.500,602.500 863.500,606.500 970.500,608.500 955.500,609.500 309.500,611.500 285.500,615.500 658.500,616.500 1022.500,619.500 110.500,622.500 279.500,626.500 205.500,628.500 360.500,632.500 168.500,634.500 161.500,637.500 141.500,640.500 309.500,641.500 758.500,644.500 615.500,652.500 275.500,654.500 705.500,656.500 406.500,657.500 972.500,657.500 19.500,659.500 578.500,659.500 948.500,660.500 254.500,667.500 358.500,671.500 512.500,674.500 695.500,675.500 432.500,678.500 553.500,679.500 810.500,680.500 830.500,683.500 1002.500,687.500 361.500,688.500 780.500,690.500 349.500,692.500 352.500,694.500 326.500,696.500 526.500,696.500 694.500,701.500 400.500,703.500 659.500,704.500 193.500,708.500 358.500,708.500 551.500,710.500 659.500,710.500 19.500,714.500 864.500,716.500 194.500,717.500 555.500,717.500 665.500,718.500 768.872,720.299 770.500,722.081 772.500,724.735 507.500,725.500 720.500,725.500 775.127,728.565 1016.500,726.500 153.500,728.500 300.500,728.500 987.500,728.500 549.500,729.500 638.500,729.500 912.500,730.500 100.500,733.500 377.500,739.500 600.500,739.500 663.500,739.500 291.500,740.500 345.500,741.500 389.500,743.500 346.500,744.500 281.500,745.500 376.500,745.500 488.500,746.500 138.500,749.500 305.500,750.500 824.500,750.500 867.500,750.500 894.500,750.500 428.500,753.500 920.500,754.500 547.500,757.500 47.500,764.500 71.500,764.500 665.500,764.500 783.500,765.500 672.500,768.500 214.500,769.500 574.158,773.215 651.500,772.500 43.500,773.500 572.500,774.500 575.500,774.500 304.500,775.500 475.500,775.500 726.500,775.500 386.500,776.500 576.500,776.500 703.500,776.500 409.500,777.500 578.500,779.500 100.500,782.500 823.500,784.500 1000.500,785.500 294.500,786.500 1020.500,788.500 705.500,795.500 373.500,797.500 15.500,798.500 489.500,798.500 629.500,798.500 707.500,798.500 531.500,800.500 497.500,801.500 979.500,805.500 813.500,806.500 400.500,809.500 1002.500,817.500 700.500,820.500 68.500,823.500 608.500,824.500 672.500,825.882 319.500,827.500 673.500,827.500 674.762,829.816 772.500,828.500 866.500,828.500 884.500,828.500 6.500,830.500 678.243,834.887 689.500,831.500 445.500,832.500 675.500,832.500 1002.500,832.500 955.500,834.500 870.500,835.500 680.500,837.500 259.500,839.500 85.500,840.500 255.500,842.500 882.500,846.500 177.500,850.500 652.500,854.500 414.500,857.500 299.500,863.500 39.500,864.500 521.500,864.500 378.500,865.500 122.500,866.500 385.500,867.500 393.500,868.500 1022.500,874.500 339.500,875.500 310.500,877.500 314.500,881.500 667.500,884.500 454.500,885.500 802.500,887.500 188.500,891.500 980.500,891.500 107.500,892.500 404.500,892.500 340.500,893.500 913.500,894.500 126.500,897.500 693.500,897.500 76.500,898.500 817.500,898.500 923.500,898.500 548.500,900.500 231.500,902.500 773.500,902.500 695.500,903.500 457.500,905.500 713.500,905.500 619.500,906.500 216.500,910.500 987.500,911.500 310.500,914.500 980.500,914.500 959.500,916.500 284.500,917.500 656.500,920.500 708.500,921.500 753.500,926.500 350.500,927.500 641.500,930.500 792.500,930.500 734.500,932.500 440.500,933.500 918.500,934.500 678.500,935.500 937.500,939.500 170.500,942.500 156.500,944.500 745.500,944.500 864.500,945.500 906.500,950.500 612.500,953.500 532.500,955.500 538.500,957.500 32.500,960.500 55.500,968.500 471.500,970.500 442.500,975.500 287.500,978.500 544.500,980.500 636.500,981.500 588.500,982.500 188.500,984.500 833.500,986.500 281.500,988.500 712.500,990.500 764.500,990.500 604.500,991.500 772.500,992.500 269.500,993.500 589.500,993.500 900.500,994.500 157.500,995.500 71.500,996.500 99.500,997.500 225.500,999.500 939.500,999.500 779.500,1000.500 86.500,1001.500 459.500,1003.500 813.500,1004.500 491.500,1005.500 526.500,1008.500 307.500,1009.500 581.500,1010.500 75.500,1012.500 603.500,1016.500 88.500,1020.500 465.500,1021.500
ABO6 768.830,720.257 770.500,721.500 773.500,727.500 776.500,729.500 675.500,830.500 677.960,834.500 679.500,835.500 314.500,881.500
ABP0 4.986,3.311 522.997,2.892 58.933,8.355 43.191,8.809 17.389,21.360 495.841,20.559 697.975,28.052 854.500,28.596 840.751,31.682 575.351,39.058 856.374,39.153 421.549,43.291 993.553,44.865 260.924,49.246 689.488,47.727 892.581,47.570 11.241,51.987 524.531,65.061 697.011,65.646 278.691,68.093 510.308,67.724 616.568,70.008 826.693,72.954 66.644,88.282 329.576,97.548 414.661,98.198 381.734,103.291 688.700,113.382 437.989,118.768 958.703,118.893 148.789,122.509 515.095,127.594 738.870,133.415 783.749,132.532 32.210,134.731 554.357,138.306 829.464,146.010 347.447,149.969 477.785,163.062 291.338,171.979 164.157,178.333 219.887,192.774 753.485,194.489 146.471,197.795 726.480,199.454 929.601,201.753 667.027,205.580 537.719,209.053 876.754,210.119 729.746,213.633 1012.916,216.240 588.660,218.006 213.425,221.912 382.000,223.567 639.147,226.975 336.245,229.303 978.229,237.469 643.029,240.055 502.950,240.715 587.577,244.677 46.017,246.511 799.693,246.817 361.437,250.249 242.441,254.253 57.958,255.425 522.198,255.287 303.526,255.860 301.397,261.431 462.311,265.279 46.708,273.345 115.099,277.786 586.612,287.726 1005.759,288.725 106.325,298.000 220.711,301.703 143.888,302.398 71.960,309.625 501.485,307.504 764.943,308.657 84.010,309.055 459.086,311.457 428.565,314.477 89.801,315.539 555.523,316.692 76.687,321.701 868.479,324.198 66.350,327.334 453.497,338.020 61.946,345.971 81.627,353.502 686.220,354.410 56.811,359.659 316.207,361.058 858.692,360.735 450.644,363.971 639.760,373.943 910.949,376.113 370.991,376.698 500.786,376.771 845.668,379.634 549.923,382.583 375.697,385.352 503.426,391.035 683.279,392.539 143.696,392.873 825.430,393.131 871.405,397.599 46.152,398.444 82.392,398.574 227.298,400.737 396.819,401.654 926.042,403.884 162.925,405.128 224.808,406.161 349.411,406.578 913.220,409.942 515.157,411.329 789.849,415.587 211.658,421.634 907.988,421.650 83.827,425.627 65.808,428.103 93.421,426.140 698.938,430.529 750.695,440.617 780.250,440.943 8.866,442.337 3.949,445.182 356.010,445.448 388.542,446.673 310.622,447.898 14.431,452.745 75.828,454.811 378.136,455.586 532.169,457.130 6.403,461.781 29.809,467.179 9.678,467.137 246.244,467.336 963.509,470.806 92.448,471.609 956.219,472.476 449.234,473.245 364.354,480.336 68.023,481.536 486.421,481.911 473.678,483.807 559.242,488.175 460.552,504.508 705.600,509.012 342.681,517.006 226.435,518.785 405.222,520.617 686.500,522.171 54.870,530.138 210.158,529.643 767.450,531.360 1012.633,534.677 904.430,536.384 750.716,539.117 781.156,549.252 54.543,570.968 92.163,571.076 938.713,570.496 547.731,577.582 199.652,581.202 761.431,581.677 444.506,582.700 161.774,584.605 965.604,585.329 345.942,587.808 427.936,597.377 821.197,598.968 185.320,600.709 133.758,607.956 497.462,608.737 115.958,608.759 683.675,609.049 632.704,612.512 1003.144,615.313 850.659,619.304 183.143,621.924 437.358,623.623 216.448,626.769 955.979,626.583 336.524,640.835 615.998,640.872 431.521,641.995 671.580,642.136 332.009,642.569 134.719,657.281 424.262,658.753 49.520,660.725 663.210,661.765 262.700,668.955 909.675,668.913 628.873,671.961 725.839,672.656 404.443,676.006 490.188,680.354 540.657,681.708 88.690,686.964 365.606,691.481 424.204,696.484 400.557,702.135 510.307,711.835 213.373,713.423 599.870,717.419 958.993,721.701 424.775,722.510 799.630,724.804 406.964,726.340 793.927,729.926 300.153,743.444 366.028,744.500 491.955,744.729 825.146,744.397 48.824,749.292 200.493,754.941 576.730,760.196 532.475,768.633 719.205,770.787 361.545,772.604 878.217,772.430 303.955,773.685 601.404,790.015 98.816,798.030 461.000,799.025 528.105,799.380 281.265,801.560 427.901,801.904 481.799,812.564 471.573,818.627 655.101,826.572 281.815,837.443 786.002,849.711 6.178,850.808 831.493,850.448 947.023,856.309 456.252,856.395 348.417,858.234 29.345,869.904 87.402,872.223 479.149,871.645 198.396,872.168 665.781,873.547 491.162,874.515 407.997,884.996 135.196,890.376 709.247,890.556 962.432,890.849 420.773,897.505 660.469,898.773 56.920,904.007 943.390,905.773 275.331,908.138 951.858,911.438 320.522,915.453 745.133,922.587 741.182,927.902 253.157,934.735 368.214,934.793 1013.265,940.501 68.571,942.247 517.593,944.236 46.782,945.492 214.259,948.744 622.298,950.717 613.647,959.310 505.684,960.692 121.912,962.591 558.777,969.777 340.610,973.626 581.594,974.988 690.314,978.337 776.472,977.149 400.518,980.027 977.905,989.056 447.516,990.996 71.870,991.819 985.008,991.625 338.788,999.769 792.773,999.589 948.097,1003.112 264.875,1005.583 223.242,1013.120 354.016,1013.006 410.571,1015.297 864.300,1015.917 750.159,1016.779 214.617,1021.156
ABP1 59.500,7.500 17.304,21.011 697.926,28.183 853.500,28.500 840.929,31.540 575.386,39.181 857.086,39.500 421.845,43.500 261.048,49.139 11.500,52.500 525.500,64.500 696.663,65.973 510.500,66.500 616.500,69.500 329.566,97.317 414.694,98.380 738.774,133.454 783.500,133.500 829.843,146.061 478.500,162.500 291.500,171.500 753.500,194.500 726.500,198.901 666.500,205.500 668.500,205.500 876.415,210.229 213.409,221.884 638.500,226.500 335.976,229.500 978.500,237.500 643.500,240.500 502.500,241.500 588.213,244.787 800.086,246.500 58.104,255.267 304.177,256.214 522.500,255.500 114.538,277.500 1006.224,288.794 105.500,298.500 220.500,301.500 219.500,302.500 70.302,307.272 765.062,308.649 72.558,310.923 457.500,311.000 67.500,325.500 66.354,327.601 61.227,345.914 686.500,354.500 56.500,359.500 859.500,360.500 316.000,361.500 450.500,364.000 376.000,385.500 683.500,392.500 396.736,401.650 515.087,411.192 907.500,421.500 65.679,428.070 310.500,448.000 75.842,454.871 6.500,461.500 5.500,462.500 29.778,467.317 246.157,466.959 486.500,480.500 67.500,481.500 364.500,481.500 486.500,482.500 559.500,488.500 404.500,520.500 767.818,531.500 54.500,570.500 53.500,571.500 55.500,571.500 199.500,581.500 761.787,581.722 821.115,599.245 133.537,608.043 497.500,608.500 437.500,622.500 431.500,641.525 662.500,661.500 628.500,671.500 799.332,724.925 406.500,726.500 793.500,729.500 491.500,745.500 576.592,760.385 361.056,772.502 362.500,773.500 98.807,798.031 528.500,799.500 427.500,801.500 471.500,818.500 786.227,849.500 5.500,850.500 348.500,858.500 408.073,885.094 134.759,890.642 951.500,911.500 517.764,944.206 400.500,980.024 977.916,989.070 447.543,991.177 71.932,991.500 792.500,998.500 223.500,1013.000 864.500,1016.024
ABP2 575.220,39.049 329.500,97.500 738.831,133.430 213.480,221.972 72.500,310.500 75.611,454.794 29.697,467.339 98.887,798.096 977.953,989.067
ABP3 575.000,38.500 72.500,87.500 738.781,133.460 422.500,190.500 760.500,195.500 213.500,221.952 75.500,454.500 29.751,467.154 858.500,542.500 98.921,798.177 978.028,989.136
ABP4 575.220,39.059 329.500,97.500 738.923,133.429 213.489,221.983 72.500,310.500 75.719,454.716 29.677,467.342 98.978,798.081 978.012,989.022
ABP5 677.500,3.500 421.500,6.500 515.500,7.500 103.500,8.500 1017.500,11.500 210.500,13.500 766.500,13.500 337.500,17.500 676.500,18.500 747.500,22.500 618.500,23.500 89.500,26.500 340.500,29.500 571.500,34.500 498.500,38.500 622.500,41.500 195.500,44.500 240.500,45.500 574.500,46.500 866.500,49.500 235.500,52.500 951.500,53.500 916.500,54.500 222.500,55.500 492.500,55.500 642.500,61.500 474.500,63.500 691.500,65.500 48.500,69.500 340.500,83.500 1016.500,86.500 409.500,88.500 997.500,89.500 999.500,90.500 914.500,92.500 591.500,93.500 384.500,95.500 48.500,97.500 99.500,97.500 241.500,102.500 336.500,102.500 337.500,103.500 376.500,104.500 178.500,105.500 440.500,106.500 96.500,108.500 908.500,111.500 321.500,120.500 184.500,123.500 119.500,124.500 219.500,124.500 738.887,133.526 319.500,128.500 505.500,129.500 338.500,134.500 729.500,137.500 987.500,138.500 929.500,142.500 504.500,147.500 157.500,148.500 226.500,157.500 306.500,160.500 614.500,165.500 830.500,172.500 623.500,179.500 840.500,181.500 327.500,183.500 577.500,185.500 644.500,186.500 964.500,186.500 253.500,187.500 272.500,193.500 848.500,193.500 582.500,198.500 178.500,200.500 919.500,207.500 631.500,208.500 896.500,215.500 214.500,220.500 310.500,221.500 609.500,221.500 963.500,226.500 998.500,229.500 970.500,234.500 394.500,238.500 876.500,242.500 422.500,243.500 564.500,252.500 235.500,254.500 240.500,254.500 728.500,254.500 58.500,256.500 179.500,256.500 849.500,256.500 185.500,261.500 623.500,261.500 595.500,267.500 787.500,269.500 1005.500,270.500 537.500,272.500 78.500,274.500 191.500,274.500 825.500,275.500 455.500,276.500 826.500,279.500 284.500,282.500 315.500,283.500 357.500,284.500 706.500,286.500 117.500,287.500 43.500,289.500 1010.500,291.500 155.500,293.500 706.500,295.500 300.500,296.500 752.500,296.500 782.500,296.500 244.500,297.500 744.500,298.500 811.500,304.500 485.500,307.500 72.500,309.500 92.500,310.500 298.500,310.500 874.500,314.500 591.500,315.500 721.500,315.500 995.500,318.500 868.500,321.500 781.500,323.500 329.500,324.500 506.500,327.500 283.500,329.500 441.500,331.500 400.500,332.500 537.500,337.500 581.500,338.500 59.500,340.500 119.500,340.500 505.500,341.500 952.500,341.500 700.500,342.500 121.500,343.500 61.500,344.500 59.500,349.500 874.500,351.500 189.500,355.500 277.500,355.500 1.500,361.500 920.500,362.500 42.500,365.500 114.500,370.500 360.500,379.500 364.500,379.500 14.500,380.500 629.500,380.500 487.500,382.500 377.500,386.500 477.500,386.500 121.500,388.500 178.500,389.500 693.500,391.500 79.500,394.500 390.500,395.500 824.500,398.500 2.500,399.500 180.500,404.500 470.500,414.500 947.500,415.500 674.500,417.500 945.500,421.500 92.500,422.500 300.500,423.500 249.500,425.500 478.500,427.500 55.500,440.500 188.500,445.500 166.500,448.500 213.500,451.500 76.500,455.500 77.500,456.500 494.500,456.500 79.500,457.500 303.500,457.500 855.500,457.500 849.500,461.500 941.500,462.500 25.500,464.500 27.500,464.500 26.500,465.500 28.653,465.985 309.500,465.500 443.500,465.500 31.023,468.023 165.500,467.500 33.249,469.800 745.500,472.500 674.500,477.500 657.500,478.500 791.500,478.500 644.500,479.500 277.500,481.500 543.500,482.500 147.500,483.500 477.500,483.500 671.500,483.500 669.500,485.500 886.500,489.500 438.500,491.500 505.500,491.500 428.500,497.500 169.500,503.500 633.500,506.500 264.500,520.500 10.500,523.500 264.500,523.500 430.500,523.500 159.500,524.500 1012.500,532.500 470.500,535.500 215.500,536.500 155.500,540.500 2.500,542.500 108.500,542.500 957.500,544.500 1018.500,544.500 637.500,545.500 464.500,546.500 661.500,547.500 1003.500,548.500 895.500,554.500 693.500,557.500 204.500,559.500 60.500,561.500 559.500,561.500 178.500,563.500 145.500,565.500 550.500,567.500 416.500,569.500 822.500,569.500 519.500,570.500 729.500,570.500 430.500,572.500 897.500,572.500 159.500,573.500 773.500,573.500 735.500,574.500 604.500,578.500 445.500,579.500 706.500,586.500 790.500,591.500 589.500,597.500 383.500,598.500 614.500,605.500 690.500,608.500 67.500,613.500 368.500,616.500 826.500,621.500 942.500,624.500 237.500,626.500 42.500,628.500 95.500,629.500 298.500,630.500 951.500,636.500 939.500,639.500 77.500,643.500 102.500,643.500 947.500,650.500 408.500,651.500 983.500,653.500 311.500,655.500 457.500,655.500 608.500,656.500 751.500,657.500 422.500,659.500 766.500,660.500 395.500,665.500 528.500,665.500 365.500,668.500 187.500,671.500 761.500,672.500 513.500,675.500 258.500,678.500 896.500,678.500 765.500,680.500 640.500,681.500 494.500,683.500 363.500,684.500 258.500,688.500 868.500,688.500 389.500,689.500 117.500,691.500 328.500,691.500 114.500,699.500 882.500,701.500 697.500,702.500 429.500,703.500 620.500,703.500 420.500,707.500 508.500,716.500 56.500,728.500 571.500,728.500 718.500,728.500 614.500,733.500 100.500,738.500 299.500,738.500 814.500,738.500 862.500,740.500 874.500,740.500 513.500,741.500 400.500,742.500 928.500,744.500 861.500,745.500 956.500,745.500 42.500,747.500 301.500,754.500 455.500,757.500 35.500,758.500 418.500,758.500 167.500,762.500 595.500,764.500 147.500,773.500 661.500,773.500 999.500,775.500 319.500,777.500 198.500,778.500 998.500,778.500 102.500,785.500 415.500,785.500 594.500,786.500 912.500,786.500 594.500,789.500 97.750,796.975 433.500,793.500 719.500,797.500 911.500,797.500 547.500,798.500 1021.500,801.500 16.500,808.500 970.500,809.500 698.500,811.500 668.500,820.500 258.500,821.500 619.500,829.500 47.500,833.500 612.500,833.500 579.500,835.500 1011.500,837.500 967.500,842.500 498.500,843.500 568.500,847.500 459.500,850.500 879.500,850.500 99.500,858.500 206.500,858.500 532.500,858.500 876.500,862.500 273.500,863.500 402.500,863.500 834.500,874.500 140.500,875.500 139.500,876.500 162.500,880.500 558.500,881.500 751.500,881.500 200.500,882.500 769.500,886.500 158.500,892.500 952.500,892.500 372.500,893.500 126.500,898.500 693.500,898.500 929.500,899.500 80.500,903.500 676.500,903.500 845.500,903.500 703.500,904.500 442.500,909.500 238.500,911.500 320.500,915.500 990.500,915.500 961.500,917.500 286.500,918.500 724.500,918.500 716.500,922.500 34.500,925.500 404.500,928.500 203.500,929.500 870.500,931.500 4.500,936.500 278.500,943.500 454.500,944.500 260.500,945.500 66.500,952.500 478.500,954.500 816.500,954.500 42.500,958.500 205.500,960.500 289.500,969.500 636.500,972.500 654.500,976.500 770.500,981.500 848.500,982.500 977.702,988.659 965.500,985.500 517.500,993.500 982.500,997.500 293.500,1000.500 861.500,1001.500 38.500,1005.500 87.500,1005.500 418.500,1005.500 588.500,1009.500 673.500,1013.500 67.500,1014.500 135.500,1015.500 168.500,1016.500 126.500,1021.500 509.500,1022.500
ABP6 738.909,133.470 28.500,465.500 97.761,797.093 976.898,987.397
ABQ0 16.755,17.171 363.963,20.891 466.020,20.893 632.572,21.309 464.258,31.539 89.226,38.233 463.402,47.509 444.593,50.002 959.046,49.143 940.072,57.053 809.363,58.194 438.491,60.634 885.169,64.030 278.133,75.507 92.990,75.538 675.630,86.387 893.884,86.362 686.595,101.845 797.648,102.238 71.675,105.320 10.696,107.902 421.584,107.329 562.481,110.185 822.620,114.103 180.070,121.918 330.603,123.230 676.677,134.543 1014.048,133.926 959.904,136.118 78.478,136.802 8.493,137.765 1009.151,142.384 822.900,152.955 509.640,152.880 170.490,164.752 969.402,165.402 518.073,173.377 468.641,175.591 778.858,183.336 296.619,187.019 13.829,193.439 911.006,208.975 523.321,210.742 336.475,211.543 123.868,212.410 253.702,218.702 385.543,219.582 813.296,220.231 593.764,233.409 458.933,234.521 423.134,241.156 54.131,242.623 49.476,244.813 174.794,253.465 208.520,256.569 530.996,258.540 749.582,261.157 790.775,263.219 444.315,262.924 276.096,266.423 258.608,268.129 515.021,271.048 208.291,278.120 478.878,278.026 232.790,292.945 933.779,296.155 195.334,298.561 44.371,300.345 338.282,300.609 302.113,302.597 949.861,305.423 491.374,306.727 537.371,309.292 587.554,312.029 697.573,311.545 443.789,314.971 407.783,319.534 486.322,323.143 455.356,334.685 794.811,334.940 552.795,335.471 341.093,340.758 578.627,340.838 189.238,351.265 740.067,362.365 747.823,361.825 173.712,363.282 467.608,364.492 54.032,373.015 585.773,374.615 669.755,374.694 410.694,379.220 698.994,377.988 638.707,382.355 565.624,386.341 332.071,389.399 479.389,390.681 735.790,391.541 582.227,391.913 369.488,400.610 388.328,399.328 461.709,399.714 309.396,400.686 493.994,402.204 391.876,404.247 664.155,404.057 423.220,409.459 34.851,412.395 467.496,413.025 385.000,413.500 472.639,413.470 326.672,416.066 157.953,416.445 395.273,420.072 390.833,423.449 719.473,425.828 965.300,426.755 587.289,430.272 954.393,432.272 22.564,438.769 503.304,439.371 93.864,441.170 338.163,441.414 869.772,442.860 311.994,445.516 321.251,445.293 946.296,447.179 46.665,447.491 538.011,447.501 12.435,448.788 196.490,459.710 456.017,462.003 359.126,468.596 246.062,471.778 324.561,471.473 687.326,471.308 184.635,476.023 182.575,481.527 265.663,482.290 412.644,483.144 566.676,483.326 57.383,486.467 408.116,486.784 906.196,487.850 562.008,490.328 7.833,495.844 651.757,497.278 351.666,507.270 831.576,505.389 670.986,506.639 31.705,510.510 994.576,510.719 328.514,515.391 37.381,518.857 347.853,520.805 609.646,520.528 95.752,529.557 344.982,539.261 335.637,545.628 323.540,552.780 341.055,556.858 761.521,554.413 838.208,556.377 329.650,558.550 567.772,559.085 419.538,560.495 618.050,562.815 766.547,565.956 466.126,566.337 582.123,569.393 272.593,570.899 309.252,571.485 197.293,579.320 569.960,581.295 841.796,587.906 367.480,589.408 873.886,590.886 302.336,591.929 842.305,597.121 522.458,603.277 358.227,607.633 662.083,606.646 370.224,614.776 621.676,616.706 477.564,619.659 688.439,622.750 944.941,627.500 119.538,627.959 179.555,628.520 117.798,633.751 418.993,639.103 721.668,638.681 58.869,645.938 210.967,657.038 419.486,660.208 605.505,661.820 86.594,663.954 491.766,669.717 500.273,669.759 278.368,672.839 39.806,675.071 206.972,686.329 262.566,693.850 538.125,696.942 530.937,698.224 834.048,704.507 830.583,707.099 137.302,715.467 949.698,717.386 390.874,719.796 976.267,732.531 735.869,740.941 82.260,744.393 281.588,745.627 737.566,751.566 819.467,753.200 1020.111,757.541 937.721,762.316 593.976,766.234 362.305,767.886 983.746,776.988 813.298,777.839 104.979,793.929 481.117,794.722 415.968,794.860 50.827,795.514 488.677,795.816 798.463,800.985 17.076,805.167 158.839,815.761 412.476,824.383 515.377,824.857 1012.201,827.182 465.223,828.558 178.005,831.534 425.021,839.343 389.753,839.502 805.167,840.211 575.030,841.473 375.020,842.203 516.647,847.509 14.954,860.913 968.799,867.164 748.659,872.562 165.505,879.925 445.678,882.868 528.592,894.825 578.732,902.664 647.322,904.254 206.023,905.526 821.151,926.257 195.332,932.510 441.453,939.142 796.994,941.237 807.949,942.422 342.943,943.964 726.295,947.065 736.192,947.809 216.787,948.500 269.777,958.582 402.933,963.827 177.773,966.548 551.002,972.886 580.325,982.113 623.006,986.256 82.031,988.527 378.540,994.202 579.248,993.544 635.344,993.680 371.723,1006.648 637.773,1016.643 156.014,1020.415
ABQ1 340.500,1.500 15.500,17.500 363.500,20.500 632.853,21.500 464.361,31.723 463.708,47.357 444.491,49.751 959.102,49.311 940.500,55.500 939.500,56.500 809.002,58.475 940.500,57.500 885.500,63.500 278.139,75.494 93.500,75.500 675.500,86.112 893.951,86.500 797.366,102.318 10.432,107.886 421.500,107.500 180.248,122.151 330.500,123.072 676.107,134.500 959.892,136.227 823.073,152.700 518.141,173.407 468.629,175.621 778.072,183.500 296.500,186.500 384.976,219.500 813.147,220.234 592.500,232.500 593.500,233.500 423.500,242.500 750.500,260.500 790.806,263.069 258.170,267.743 260.500,268.500 515.020,271.518 478.805,277.534 208.500,277.951 233.500,293.500 933.500,296.500 195.500,298.500 44.500,299.500 194.500,299.500 338.160,300.248 537.500,309.068 587.302,312.154 697.766,312.176 442.500,315.500 444.500,316.500 485.500,322.932 487.500,323.107 740.336,362.324 747.500,361.500 585.500,375.500 410.663,379.169 699.000,378.000 640.500,383.500 332.104,388.500 331.500,390.500 736.500,391.500 369.502,400.515 494.146,402.084 309.500,401.500 391.710,404.097 422.940,409.258 466.824,412.766 326.655,416.010 384.500,413.500 157.929,416.311 394.500,419.500 396.500,419.500 395.500,420.500 719.000,425.500 23.500,438.500 22.500,439.500 338.341,441.292 94.500,440.951 503.500,440.500 321.500,445.500 537.500,446.500 946.500,447.000 47.500,448.500 456.009,462.207 687.500,470.500 323.500,471.500 182.500,480.500 566.500,482.500 408.500,486.500 905.923,487.774 7.689,495.898 830.500,504.500 833.500,504.500 31.785,510.753 348.216,520.956 95.777,529.477 344.500,537.500 345.021,539.521 335.500,544.500 340.168,555.738 839.500,556.500 342.830,559.604 837.500,557.500 567.784,559.044 329.500,559.500 766.824,565.632 582.263,569.511 272.500,570.500 197.500,579.500 569.927,581.191 198.500,580.500 841.647,587.776 367.500,588.500 302.489,591.960 841.500,596.500 523.500,603.500 662.500,605.500 358.128,607.611 661.500,607.500 371.500,614.500 622.500,616.500 477.885,619.749 688.522,622.633 944.984,627.475 118.238,633.500 418.928,639.172 210.869,657.108 605.634,661.663 87.203,663.797 491.815,669.782 530.759,698.356 830.500,706.500 137.000,715.500 389.500,720.000 391.500,720.500 976.500,732.500 281.500,745.500 737.500,752.000 818.969,753.169 1020.038,757.605 939.500,762.500 595.500,766.500 983.776,777.033 813.213,777.787 104.889,794.007 415.500,795.500 481.445,794.936 50.500,795.500 798.500,800.500 17.408,805.217 412.572,824.163 515.500,825.500 465.189,828.567 1011.500,827.500 178.014,831.668 425.227,839.500 805.500,839.500 575.253,841.426 804.500,840.500 374.500,842.500 14.765,860.521 969.500,865.500 968.702,867.409 748.500,872.112 441.477,939.006 342.500,943.500 726.778,947.222 736.075,947.972 269.829,958.562 178.500,966.500 551.500,973.500 580.500,982.500 622.755,986.755 378.500,993.500 579.500,993.500 635.500,994.500 372.500,1005.500 370.500,1007.500 637.773,1017.188 156.500,1019.500
ABQ2 278.066,75.532 518.093,173.506 410.737,379.032 369.551,400.526 326.498,416.023 340.226,556.185 569.500,580.921 477.500,618.500 210.575,657.039 491.828,669.760 441.500,938.500 270.069,958.713 268.500,959.500
ABQ3 278.045,75.614 192.500,87.500 94.500,106.500 518.192,173.720 193.500,357.500 369.528,400.702 326.500,415.500 569.500,580.500 752.500,609.500 210.500,657.483 554.500,657.500 491.884,669.845 269.500,958.500
ABQ4 278.016,75.527 518.052,173.503 410.755,379.049 369.535,400.516 326.444,416.077 340.218,556.199 569.500,580.953 210.547,657.025 491.808,669.694 270.131,958.743 268.500,959.500
ABQ5 960.500,1.500 937.500,5.500 930.500,9.500 250.500,13.500 806.500,13.500 192.500,14.500 153.500,15.500 688.500,18.500 935.500,25.500 108.500,26.500 366.500,29.500 603.500,29.500 564.500,38.500 907.500,38.500 997.500,38.500 216.500,42.500 390.500,43.500 766.500,46.500 784.500,47.500 462.500,48.500 722.500,49.500 36.500,50.500 241.500,51.500 419.500,52.500 101.500,54.500 406.500,55.500 676.500,55.500 836.500,56.500 574.500,58.500 73.500,61.500 822.500,61.500 543.500,62.500 642.500,63.500 762.500,64.500 21.500,65.500 107.500,67.500 739.500,67.500 584.500,68.500 248.500,69.500 278.650,75.805 509.500,70.500 274.500,77.500 467.500,79.500 600.500,80.500 686.500,80.500 494.500,81.500 955.500,87.500 27.500,90.500 519.500,93.500 126.500,97.500 177.500,97.500 842.500,98.500 170.500,99.500 764.500,101.500 494.500,104.500 894.500,104.500 286.500,105.500 964.500,105.500 636.500,106.500 125.500,108.500 258.500,110.500 588.500,110.500 119.500,111.500 6.500,112.500 611.500,119.500 40.500,120.500 640.500,122.500 371.500,124.500 513.500,128.500 423.500,131.500 233.500,134.500 588.500,134.500 783.500,134.500 977.500,137.500 689.500,141.500 471.500,142.500 969.500,142.500 999.500,142.500 477.500,144.500 804.500,147.500 463.500,148.500 57.500,155.500 398.500,157.500 804.500,163.500 890.500,165.500 475.500,166.500 850.500,167.500 53.500,171.500 510.500,172.500 516.500,172.500 42.500,173.500 517.500,173.500 519.197,174.248 520.500,175.500 585.500,175.500 521.500,176.500 397.500,178.500 469.500,178.500 723.500,181.500 948.500,181.500 445.500,183.500 485.500,185.500 82.500,187.500 391.500,187.500 937.500,190.500 503.500,193.500 115.500,195.500 646.500,195.500 864.500,196.500 81.500,199.500 135.500,208.500 126.500,210.500 150.500,216.500 265.500,218.500 913.500,220.500 600.500,221.500 367.500,222.500 361.500,223.500 784.500,224.500 221.500,227.500 315.500,227.500 356.500,230.500 492.500,233.500 187.500,236.500 163.500,239.500 606.500,243.500 184.500,244.500 157.500,250.500 1004.500,252.500 707.500,254.500 712.500,254.500 182.500,255.500 343.500,255.500 363.500,256.500 331.500,257.500 588.500,257.500 521.500,261.500 97.500,262.500 264.500,265.500 17.500,268.500 693.500,270.500 724.500,272.500 923.500,272.500 555.500,274.500 845.500,276.500 196.500,280.500 482.500,281.500 709.500,283.500 398.500,287.500 541.500,287.500 461.500,289.500 400.500,292.500 565.500,293.500 819.500,294.500 78.500,296.500 651.500,296.500 630.500,297.500 693.500,297.500 754.500,300.500 96.500,302.500 341.500,303.500 213.500,304.500 867.500,307.500 73.500,308.500 367.500,309.500 638.500,310.500 505.500,314.500 190.500,316.500 481.500,321.500 349.500,322.500 247.500,324.500 825.500,324.500 818.500,329.500 446.500,330.500 989.500,331.500 482.500,332.500 57.500,338.500 97.500,338.500 683.500,345.500 655.500,349.500 449.500,351.500 241.500,354.500 785.500,355.500 873.500,355.500 96.500,357.500 266.500,358.500 338.500,358.500 885.500,359.500 476.500,363.500 570.500,365.500 612.500,365.500 835.500,369.500 637.500,370.500 674.500,370.500 494.500,373.500 341.500,374.500 407.500,376.500 647.500,376.500 438.500,380.500 317.500,381.500 865.500,382.500 723.500,386.500 821.500,386.500 457.500,388.500 518.500,389.500 475.500,390.500 1021.500,391.500 1004.500,392.500 726.500,395.500 364.500,396.500 366.500,398.500 106.500,399.500 312.500,399.500 368.500,399.500 370.500,400.500 369.500,401.500 372.792,403.807 632.500,409.500 16.500,412.500 324.500,414.500 325.500,415.500 115.500,416.500 189.500,417.500 224.500,417.500 327.500,417.500 120.500,419.500 312.500,420.500 330.500,420.500 37.500,422.500 81.500,426.500 811.500,427.500 299.500,429.500 789.500,429.500 864.500,430.500 1003.500,433.500 760.500,436.500 239.500,440.500 647.500,440.500 937.500,443.500 335.500,444.500 530.500,448.500 336.500,450.500 403.500,451.500 202.500,455.500 754.500,456.500 89.500,458.500 169.500,463.500 563.500,465.500 697.500,465.500 447.500,467.500 204.500,468.500 690.500,471.500 33.500,473.500 822.500,474.500 947.500,477.500 176.500,479.500 1014.500,479.500 531.500,483.500 583.500,485.500 23.500,486.500 415.500,487.500 784.500,491.500 851.500,491.500 213.500,494.500 12.500,499.500 655.500,501.500 885.500,506.500 70.500,518.500 259.500,518.500 82.500,520.500 176.500,523.500 426.500,523.500 327.500,524.500 566.500,529.500 954.500,530.500 678.500,535.500 992.500,540.500 212.500,542.500 318.500,542.500 837.500,545.500 678.500,546.500 718.500,547.500 169.500,549.500 338.500,554.500 342.500,558.500 461.500,559.500 927.500,559.500 828.500,560.500 52.500,561.500 322.500,561.500 132.500,563.500 93.500,565.500 631.500,568.500 656.500,569.500 786.500,569.500 177.500,571.500 186.500,571.500 414.500,572.500 885.500,572.500 759.500,573.500 485.500,576.500 954.500,578.500 282.500,584.500 367.500,587.500 299.500,589.500 457.500,589.500 462.500,593.500 75.500,597.500 389.500,597.500 181.500,598.500 1015.500,599.500 295.500,600.500 984.500,603.500 432.500,605.500 564.500,607.500 992.500,607.500 494.500,608.500 217.500,609.500 493.500,609.500 875.500,610.500 927.500,612.500 810.500,613.500 831.500,614.500 178.500,616.500 13.500,617.500 757.500,618.500 484.500,619.500 975.500,619.500 592.500,621.500 877.500,622.500 735.500,625.500 965.500,625.500 645.500,627.500 750.500,627.500 801.500,628.500 896.500,628.500 574.500,633.500 788.500,638.500 339.500,639.500 549.500,639.500 713.500,642.500 738.500,642.500 305.500,650.500 553.500,650.500 14.500,651.500 731.500,653.500 208.500,654.500 917.500,654.500 39.500,655.500 109.500,656.500 211.500,656.500 826.500,656.500 354.500,657.500 419.500,658.500 848.500,658.500 213.071,659.500 288.500,660.500 359.500,663.500 485.500,663.500 490.936,668.717 869.500,664.500 1002.500,664.500 670.500,665.500 540.500,666.500 799.500,667.500 593.500,670.500 147.500,672.500 71.500,673.500 742.500,673.500 648.500,677.500 767.500,678.500 14.500,680.500 695.500,680.500 26.500,681.500 64.500,683.500 769.500,683.500 278.500,687.500 644.500,687.500 777.500,688.500 154.500,701.500 214.500,702.500 898.500,702.500 131.500,704.500 219.500,706.500 696.500,706.500 683.500,707.500 977.500,711.500 481.500,712.500 540.500,712.500 493.500,713.500 722.500,713.500 766.500,715.500 338.500,716.500 682.500,716.500 115.500,718.500 99.500,720.500 342.500,727.500 859.500,727.500 456.500,729.500 644.500,730.500 892.500,732.500 40.500,738.500 141.500,739.500 368.500,739.500 431.500,739.500 94.500,740.500 106.500,740.500 139.500,741.500 654.500,741.500 201.500,743.500 212.500,745.500 276.500,746.500 930.500,748.500 544.500,749.500 95.500,750.500 624.500,750.500 667.500,750.500 694.500,750.500 893.500,752.500 224.500,753.500 722.500,754.500 610.500,755.500 916.500,756.500 1022.500,757.500 461.500,761.500 881.500,763.500 487.500,764.500 520.500,768.500 52.500,769.500 501.500,772.500 1009.500,772.500 152.500,775.500 323.500,775.500 584.500,775.500 240.500,776.500 667.500,776.500 16.500,782.500 440.500,784.500 753.500,784.500 932.500,785.500 226.500,786.500 543.500,795.500 889.500,797.500 343.500,798.500 555.500,798.500 389.500,800.500 345.500,801.500 837.500,805.500 669.500,806.500 320.500,807.500 909.500,807.500 968.500,807.500 256.500,809.500 1018.500,810.500 988.500,819.500 576.500,820.500 448.500,824.500 139.500,827.500 687.500,827.500 576.500,828.500 670.500,828.500 688.500,828.500 81.500,829.500 84.500,829.500 499.500,831.500 249.500,832.500 812.500,832.500 759.500,834.500 686.500,835.500 147.500,837.500 87.500,839.500 732.500,841.500 93.500,842.500 644.500,842.500 889.500,844.500 356.500,847.500 631.500,849.500 27.500,850.500 489.500,854.500 782.500,854.500 283.500,857.500 390.500,857.500 722.500,857.500 449.500,862.500 578.500,862.500 461.500,864.500 326.500,865.500 72.500,866.500 360.500,866.500 339.500,867.500 358.500,870.500 294.500,874.500 980.500,874.500 303.500,875.500 342.500,879.500 720.500,880.500 913.500,880.500 360.500,881.500 771.500,884.500 370.500,891.500 140.500,892.500 291.500,892.500 584.500,892.500 520.500,893.500 332.500,897.500 1019.500,898.500 101.500,899.500 742.500,900.500 284.500,902.500 882.500,902.500 27.500,903.500 909.500,903.500 653.500,905.500 909.500,905.500 626.500,908.500 426.500,910.500 524.500,914.500 894.500,917.500 132.500,919.500 666.500,919.500 315.500,922.500 334.500,922.500 246.500,924.500 995.500,926.500 596.500,927.500 393.500,928.500 2.500,930.500 893.500,930.500 192.500,935.500 972.500,935.500 169.500,940.500 580.500,943.500 378.500,944.500 971.500,944.500 64.500,946.500 96.500,950.500 584.500,951.500 861.500,952.500 776.500,955.500 764.500,957.500 196.500,958.500 197.500,959.500 248.500,960.500 273.500,961.500 296.500,965.500 620.500,966.500 747.500,966.500 639.500,970.500 646.500,975.500 525.500,978.500 858.500,981.500 810.500,982.500 983.500,984.500 14.500,987.500 382.500,989.500 830.500,991.500 611.500,992.500 988.500,992.500 485.500,993.500 805.500,993.500 92.500,995.500 373.500,995.500 325.500,997.500 19.500,1001.500 350.500,1001.500 782.500,1002.500 566.500,1004.500 11.500,1005.500 715.500,1005.500 805.500,1010.500 825.500,1012.500 223.500,1013.500 68.500,1014.500 167.500,1014.500 334.500,1015.500 290.500,1020.500 701.500,1022.500 804.500,1022.500
ABQ6 279.386,76.423 368.500,399.500 491.279,669.164
ABR0 110.508,7.668 393.573,11.553 502.780,19.475 230.523,20.955 18.474,24.223 734.230,35.396 200.001,44.692 757.543,47.492 436.338,58.177 567.420,57.675 347.506,61.792 252.415,63.958 178.218,66.068 871.884,67.852 229.066,72.719 249.523,73.911 566.106,79.166 321.496,84.054 711.032,82.527 271.622,83.718 87.665,96.056 957.868,97.214 123.365,97.321 332.276,100.922 962.595,101.719 430.406,104.539 284.181,116.461 364.835,119.056 187.121,124.246 258.580,126.137 289.590,128.153 698.496,128.046 364.897,128.706 353.296,132.221 604.252,131.625 270.201,136.954 252.781,143.748 313.341,149.112 266.644,154.867 500.889,155.720 987.719,156.278 255.861,159.654 303.715,160.438 501.260,166.975 217.530,172.269 668.231,171.673 937.142,174.171 524.854,177.920 537.009,182.658 680.179,187.046 963.714,189.188 902.297,189.485 103.497,191.396 273.849,194.256 526.820,196.357 219.603,197.156 320.626,196.688 347.927,199.057 473.171,198.522 496.257,203.492 218.765,207.569 568.588,207.138 74.834,221.837 491.404,225.012 404.458,228.429 38.194,230.548 638.808,237.151 469.722,240.594 748.498,243.511 599.732,251.450 411.971,257.521 417.357,265.133 315.943,271.775 165.078,275.171 480.560,275.110 574.830,287.708 314.911,290.766 959.311,295.119 840.544,296.539 91.508,297.211 391.773,304.190 421.093,307.439 881.173,315.698 196.180,328.572 157.793,333.030 298.007,339.989 321.073,341.202 155.083,363.985 196.540,368.996 435.281,374.066 536.167,378.370 1003.753,379.425 102.638,381.334 521.495,388.609 806.123,389.470 260.975,402.712 70.451,410.032 47.504,413.032 315.382,413.127 650.310,412.646 736.967,420.130 650.674,424.146 349.610,428.145 294.471,430.041 660.996,437.013 404.814,463.107 357.926,478.677 681.600,488.304 981.157,487.891 970.770,496.062 433.611,499.926 626.500,502.377 823.267,510.157 499.351,525.161 931.375,524.755 246.586,527.009 228.339,530.496 414.641,535.350 974.951,536.121 152.316,542.346 907.347,542.284 271.224,548.968 762.247,558.466 667.614,561.398 944.058,571.099 21.292,573.290 716.762,576.125 503.985,577.785 501.331,584.902 746.883,585.870 755.357,589.327 525.834,600.580 437.982,602.102 498.298,628.108 550.249,629.441 199.990,640.970 850.944,640.882 696.883,644.588 684.299,644.337 483.409,653.031 323.748,663.612 507.503,670.392 890.444,674.134 578.266,677.293 477.156,684.411 46.008,686.326 910.817,689.985 77.869,691.222 86.555,697.275 391.796,701.807 100.327,704.763 236.997,707.275 215.131,706.452 603.872,706.694 926.671,713.341 745.817,715.680 272.744,718.309 587.312,720.350 94.133,722.919 414.080,721.964 965.882,723.629 447.818,729.535 319.237,731.221 100.926,733.000 717.706,739.525 462.007,740.000 398.169,743.464 367.902,746.605 846.326,745.595 856.987,748.515 323.525,751.026 499.104,751.597 217.245,753.506 449.762,753.218 692.108,756.951 134.939,768.006 591.374,768.907 633.617,779.159 31.509,784.687 314.159,787.338 265.992,787.456 345.600,787.977 974.671,789.668 539.279,793.098 3.665,798.521 358.309,799.580 685.254,798.671 543.577,800.429 494.258,804.411 285.247,812.912 625.006,815.331 256.195,823.322 609.569,824.316 433.872,826.146 631.006,831.763 720.486,833.076 355.490,833.229 471.983,833.436 388.015,834.517 417.059,834.860 332.427,835.701 220.003,849.224 435.142,850.694 432.434,855.623 417.729,855.271 108.076,859.283 320.819,871.456 40.988,887.992 631.692,885.961 472.684,887.477 813.797,889.033 190.645,891.822 376.834,894.402 410.094,895.647 965.449,898.496 725.936,911.832 150.414,918.771 724.190,919.190 391.720,923.093 573.547,923.200 385.525,924.386 407.851,926.734 272.798,928.715 408.847,932.442 397.255,933.569 628.390,935.630 684.765,936.243 473.661,937.618 877.391,939.872 378.543,942.808 681.401,944.008 310.790,943.551 475.085,943.625 258.463,964.160 937.305,963.265 548.566,965.039 213.515,973.149 351.729,973.494 159.716,973.392 437.139,982.566 374.033,990.501 207.196,990.494 402.621,990.618 837.671,989.808 1013.990,996.890 859.800,998.495 622.141,1000.288 37.475,1001.314 352.292,1000.301 799.296,1002.652 469.720,1006.723 398.666,1008.666 642.141,1009.204 795.179,1009.443 909.723,1007.998 480.799,1016.465 424.643,1016.988 394.878,1017.576 993.671,1021.154
ABR1 110.500,7.500 502.900,19.443 199.500,44.500 757.500,47.500 252.269,63.987 178.080,66.094 872.500,67.500 2.500,71.500 228.938,72.301 249.312,73.784 321.534,84.306 957.500,97.500 962.259,101.507 430.500,104.500 259.500,125.500 258.500,127.500 289.527,128.218 603.976,131.500 270.407,137.271 252.838,143.765 313.255,149.153 501.500,166.500 217.555,172.299 668.335,171.774 936.500,174.024 524.733,178.213 963.500,189.500 273.508,193.991 527.149,196.424 321.500,196.500 219.500,197.500 347.500,198.500 348.500,199.500 216.759,207.466 218.500,206.500 221.227,208.500 74.500,221.086 404.500,228.500 638.500,237.500 470.000,240.500 749.500,243.500 600.500,251.500 598.500,252.500 315.933,271.819 574.500,287.500 313.500,289.500 316.500,290.500 959.220,294.799 91.500,297.500 391.668,304.295 393.500,303.500 390.500,305.500 421.500,307.500 881.500,314.500 882.500,315.500 195.956,328.759 156.500,333.500 298.000,339.500 196.435,369.273 102.803,381.005 101.500,382.500 70.519,410.224 46.500,412.500 47.500,413.500 349.791,427.957 295.500,429.500 294.213,430.787 404.874,463.065 357.500,478.500 681.783,488.217 980.500,488.500 970.972,495.993 433.685,500.001 823.239,510.500 975.095,535.900 717.500,575.500 716.500,576.500 501.441,584.845 746.665,586.055 498.239,628.106 200.500,641.500 851.500,641.500 696.722,644.510 683.500,644.500 851.500,644.500 890.500,674.500 911.500,689.500 910.500,690.500 78.500,691.500 86.709,697.514 391.899,701.804 100.471,704.977 236.973,707.335 94.016,723.129 717.492,739.460 398.500,743.500 368.500,745.500 367.500,746.500 323.500,750.500 324.500,751.500 217.121,753.714 134.500,767.500 31.500,785.500 312.500,786.500 314.001,787.449 345.500,787.500 974.973,789.995 3.500,798.500 2.500,799.500 358.477,799.500 284.500,813.000 285.500,814.500 625.131,815.500 256.208,823.208 609.000,824.500 433.442,826.055 435.500,826.500 631.047,831.892 719.500,833.500 721.500,833.500 220.372,849.212 431.500,854.500 417.500,855.500 40.969,887.969 472.614,887.432 376.797,894.418 410.231,895.869 726.500,911.500 723.757,918.933 408.500,925.500 406.500,926.500 272.500,928.045 274.500,927.500 628.572,935.436 877.278,939.896 378.544,942.771 681.286,944.022 212.500,972.500 351.510,973.258 374.068,990.574 402.682,990.672 206.746,990.746 622.067,1000.276 37.500,1001.500 469.500,1006.500 795.458,1009.500 480.869,1016.537 425.500,1017.500 992.500,1021.500 994.500,1021.500
ABR2 503.500,19.500 271.500,138.500 217.522,172.250 236.985,707.403 631.112,831.500 40.943,887.956 376.554,894.542 378.538,942.718 681.310,944.031 374.026,990.628
ABR3 162.500,87.500 1004.500,105.500 217.523,172.258 242.500,190.500 320.500,524.500 679.500,560.500 756.500,657.500 236.923,707.340 672.500,876.500 41.016,887.946 378.262,943.063 681.232,943.986 374.008,990.937
ABR4 503.500,19.500 271.500,138.500 217.455,172.223 236.881,707.378 631.065,831.500 40.990,888.073 376.533,894.524 378.573,942.678 681.346,944.059 374.017,990.587
ABR5 366.500,8.500 350.500,10.500 51.500,12.500 718.500,13.500 240.500,14.500 193.500,15.500 417.500,17.500 856.500,17.500 734.500,18.500 123.500,26.500 733.500,32.500 664.500,38.500 1007.500,38.500 73.500,39.500 941.500,39.500 300.500,42.500 478.500,43.500 463.500,44.500 797.500,44.500 530.500,45.500 884.500,46.500 918.500,47.500 149.500,48.500 872.500,49.500 413.500,51.500 386.500,52.500 278.500,55.500 610.500,55.500 784.500,58.500 449.500,59.500 1006.500,61.500 804.500,63.500 1011.500,65.500 773.500,67.500 781.500,74.500 836.500,80.500 658.500,81.500 834.500,83.500 61.500,88.500 155.500,90.500 151.500,91.500 82.500,93.500 665.500,93.500 254.500,97.500 305.500,97.500 952.500,98.500 469.500,102.500 996.500,104.500 394.500,105.500 56.500,106.500 660.500,106.500 752.500,106.500 873.500,107.500 917.500,107.500 316.500,108.500 15.500,111.500 211.500,111.500 88.500,112.500 714.500,122.500 412.500,123.500 756.500,123.500 333.500,124.500 651.500,125.500 573.500,127.500 727.500,129.500 571.500,133.500 195.500,134.500 723.500,134.500 901.500,137.500 479.500,138.500 591.500,138.500 68.500,141.500 381.500,144.500 41.500,146.500 130.500,146.500 361.500,147.500 706.500,147.500 295.500,148.500 737.500,153.500 965.500,154.500 258.500,157.500 577.500,158.500 646.500,163.500 724.500,165.500 563.500,166.500 218.021,172.497 221.979,175.693 363.500,175.500 173.500,178.500 921.500,179.500 885.500,180.500 752.500,181.500 295.500,185.500 938.500,186.500 924.500,189.500 116.500,190.500 440.500,195.500 637.500,196.500 518.500,198.500 859.500,198.500 889.500,207.500 599.500,208.500 945.500,215.500 23.500,218.500 165.500,222.500 155.500,223.500 153.500,224.500 592.500,224.500 67.500,227.500 161.500,227.500 131.500,230.500 326.500,233.500 722.500,233.500 445.500,234.500 806.500,235.500 642.500,238.500 148.500,239.500 470.500,243.500 674.500,243.500 443.500,246.500 543.500,254.500 548.500,254.500 167.500,255.500 179.500,256.500 489.500,256.500 571.500,256.500 51.500,257.500 392.500,257.500 941.500,261.500 673.500,264.500 1004.500,264.500 941.500,267.500 603.500,270.500 491.500,274.500 327.500,276.500 791.500,276.500 144.500,280.500 656.500,282.500 683.500,283.500 725.500,284.500 54.500,287.500 352.500,287.500 495.500,287.500 762.500,287.500 417.500,289.500 420.500,290.500 567.500,292.500 743.500,293.500 779.500,294.500 610.500,295.500 440.500,296.500 638.500,296.500 60.500,297.500 90.500,297.500 572.500,297.500 635.500,297.500 430.500,298.500 64.500,299.500 72.500,302.500 167.500,304.500 95.500,305.500 23.500,308.500 315.500,309.500 866.500,309.500 706.500,310.500 30.500,313.500 10.500,316.500 39.500,316.500 169.500,316.500 116.500,320.500 437.500,321.500 301.500,322.500 374.500,322.500 773.500,324.500 749.500,329.500 909.500,331.500 113.500,334.500 31.500,339.500 971.500,341.500 603.500,343.500 828.500,344.500 215.500,345.500 611.500,345.500 405.500,348.500 393.500,351.500 731.500,355.500 819.500,355.500 741.500,356.500 887.500,360.500 605.500,361.500 602.500,365.500 644.500,365.500 871.500,369.500 712.500,370.500 257.500,379.500 616.500,380.500 495.500,381.500 49.500,383.500 43.500,387.500 650.500,388.500 324.500,389.500 766.500,389.500 729.500,390.500 76.500,391.500 246.500,393.500 691.500,394.500 1018.500,395.500 442.500,399.500 648.500,399.500 24.500,404.500 884.500,404.500 180.500,415.500 675.500,416.500 683.500,417.500 404.500,418.500 434.500,419.500 734.500,419.500 930.500,420.500 608.500,422.500 663.500,422.500 198.500,423.500 18.500,424.500 596.500,427.500 365.500,428.500 877.500,429.500 337.500,430.500 422.500,431.500 304.500,437.500 783.500,437.500 829.500,440.500 986.500,445.500 988.500,448.500 311.500,450.500 67.500,452.500 384.500,457.500 203.500,458.500 598.500,458.500 819.500,463.500 592.500,465.500 70.500,466.500 217.500,466.500 351.500,466.500 974.500,466.500 109.500,468.500 886.500,468.500 372.500,472.500 743.500,473.500 480.500,475.500 605.500,478.500 665.500,479.500 799.500,479.500 309.500,482.500 205.500,484.500 633.500,487.500 690.500,487.500 669.500,491.500 124.500,494.500 518.500,495.500 346.500,496.500 540.500,498.500 300.500,499.500 268.500,501.500 442.500,501.500 595.500,502.500 944.500,518.500 109.500,519.500 395.500,519.500 312.500,521.500 239.500,522.500 66.500,524.500 326.500,524.500 225.500,525.500 442.500,530.500 824.500,531.500 501.500,532.500 563.500,538.500 435.500,542.500 583.500,542.500 122.500,543.500 228.500,543.500 71.500,546.500 132.500,546.500 604.500,547.500 799.500,548.500 365.500,549.500 137.500,550.500 857.500,551.500 492.500,554.500 501.500,554.500 554.500,560.500 168.500,562.500 667.500,562.500 286.500,564.500 666.500,568.500 550.500,570.500 928.500,570.500 964.500,570.500 663.500,571.500 349.500,572.500 358.500,572.500 317.500,574.500 574.500,579.500 714.500,579.500 32.500,581.500 407.500,583.500 485.500,584.500 836.500,587.500 671.500,588.500 952.500,592.500 808.500,594.500 443.500,598.500 755.500,598.500 331.500,599.500 547.500,599.500 359.500,601.500 663.500,601.500 553.500,603.500 779.500,607.500 946.500,608.500 350.500,609.500 880.500,609.500 201.500,612.500 259.500,614.500 685.500,615.500 191.500,616.500 898.500,618.500 177.500,620.500 415.500,621.500 50.500,623.500 134.500,626.500 219.500,627.500 511.500,628.500 234.500,629.500 285.500,630.500 380.500,630.500 486.500,631.500 80.500,635.500 881.500,640.500 1022.500,640.500 229.500,642.500 692.500,645.500 731.500,647.500 821.500,651.500 45.500,652.500 589.500,653.500 85.500,655.500 439.500,656.500 736.500,657.500 945.500,657.500 879.500,658.500 540.500,660.500 902.500,661.500 503.500,666.500 324.500,667.500 287.500,672.500 791.500,674.500 442.500,675.500 617.500,676.500 374.500,679.500 887.500,681.500 760.500,682.500 605.500,684.500 475.500,685.500 395.500,689.500 980.500,689.500 505.500,690.500 838.500,691.500 926.500,694.500 498.500,697.500 702.500,697.500 910.500,702.500 233.936,704.341 956.500,703.500 600.500,704.500 238.092,708.132 919.500,707.500 360.500,708.500 627.500,713.500 149.500,715.500 1004.500,717.500 699.500,718.500 928.500,718.500 992.500,728.500 195.500,729.500 889.500,730.500 978.500,730.500 258.500,732.500 522.500,734.500 764.500,738.500 996.500,738.500 171.500,739.500 1020.500,740.500 59.500,741.500 717.500,741.500 740.500,741.500 752.500,741.500 760.500,742.500 274.500,743.500 804.500,745.500 683.500,747.500 41.500,749.500 572.500,750.500 184.500,751.500 236.500,752.500 279.500,752.500 306.500,752.500 497.500,754.500 314.500,756.500 200.500,757.500 496.500,758.500 298.500,759.500 465.500,765.500 63.500,766.500 76.500,770.500 499.500,774.500 26.500,776.500 181.500,778.500 962.500,779.500 648.500,783.500 36.500,786.500 347.500,786.500 514.500,787.500 506.500,790.500 363.500,794.500 161.500,797.500 677.500,798.500 131.500,800.500 209.500,800.500 13.500,803.500 657.500,809.500 716.500,809.500 762.500,812.500 744.500,821.500 334.500,822.500 222.500,826.500 465.500,829.500 444.500,830.500 462.500,830.500 1001.500,833.500 542.500,834.500 865.500,843.500 394.500,844.500 751.500,851.500 25.500,856.500 218.500,856.500 488.500,856.500 1022.500,858.500 143.500,864.500 272.500,864.500 707.500,865.500 39.500,869.500 57.500,870.500 62.500,872.500 704.500,875.500 12.500,876.500 17.500,877.500 410.500,882.500 597.500,882.500 687.500,882.500 40.693,887.630 401.500,886.500 188.500,887.500 510.500,889.500 374.500,891.500 844.500,892.500 8.500,894.500 377.500,895.500 378.805,896.500 471.500,896.500 243.500,899.500 363.500,900.500 817.500,903.500 232.500,904.500 401.500,904.500 257.500,905.500 23.500,907.500 279.500,907.500 14.500,910.500 928.500,915.500 509.500,918.500 272.500,919.500 28.500,921.500 214.500,922.500 693.500,923.500 712.500,923.500 311.500,928.500 934.500,928.500 318.500,931.500 929.500,932.500 748.500,933.500 1000.500,934.500 286.500,936.500 290.500,936.500 682.135,945.288 376.500,938.500 377.231,940.905 590.500,943.500 379.500,944.500 742.500,944.500 380.500,945.500 540.500,945.500 381.500,946.500 822.500,946.500 258.500,952.500 1001.500,953.500 1020.500,954.500 515.500,956.500 260.500,958.500 482.500,961.500 243.500,968.500 527.500,969.500 755.500,971.500 93.500,972.500 910.500,976.500 955.500,982.500 34.500,984.500 644.500,985.500 195.500,986.500 370.500,986.500 372.500,987.500 225.500,988.500 374.500,990.500 540.500,990.500 473.500,991.500 402.500,992.500 699.500,993.500 58.500,994.500 567.500,994.500 879.500,994.500 423.500,996.500 11.500,1002.500 766.500,1003.500 679.500,1004.500 188.500,1005.500 237.500,1005.500 568.500,1005.500 3.500,1006.500 695.500,1006.500 495.500,1010.500 277.500,1013.500 52.500,1015.500 151.500,1015.500 316.500,1016.500 38.500,1018.500
ABR6 216.194,171.094 219.970,174.289 221.797,175.717 233.500,703.500 238.500,707.500 40.526,887.577 681.625,944.685
ABS0 145.272,4.707 790.791,5.616 117.740,6.093 179.028,9.992 968.467,17.806 850.500,24.017 157.764,28.444 897.886,27.340 109.264,33.666 282.239,34.690 261.004,37.068 288.515,39.356 574.709,47.044 482.171,59.490 186.574,67.110 346.944,67.296 508.909,69.197 302.061,68.925 449.277,70.321 49.290,76.972 208.172,78.843 258.876,81.702 102.296,86.350 1004.414,88.883 646.648,95.137 883.813,97.081 718.301,109.891 116.577,112.974 173.837,122.556 55.404,123.566 237.621,128.217 491.373,126.918 77.740,137.645 1011.468,136.470 53.969,143.985 708.540,146.479 34.495,148.394 801.818,151.876 299.036,174.017 161.847,174.418 342.217,176.822 597.020,177.489 61.376,179.263 179.760,180.310 897.186,181.954 903.335,186.201 105.077,188.896 180.800,195.486 54.310,199.261 7.540,205.038 312.137,205.581 650.165,209.723 328.593,210.745 1005.545,216.761 655.585,218.083 665.303,220.195 109.307,221.419 57.806,227.885 106.148,227.855 830.811,228.143 607.009,234.038 141.786,239.228 311.266,238.716 441.451,239.491 21.670,241.828 27.725,241.688 77.213,253.938 835.147,254.408 117.412,257.491 143.682,268.825 438.145,270.581 197.199,271.418 1003.703,275.389 769.672,277.749 106.288,281.931 56.059,287.072 156.520,294.067 143.153,295.743 172.555,301.078 482.251,302.578 184.189,309.970 203.392,310.364 211.714,311.299 4.903,314.097 268.440,319.264 806.832,318.464 733.004,319.409 10.461,322.123 146.188,327.752 61.843,332.053 786.427,331.427 208.812,333.469 443.082,338.466 365.533,340.810 218.124,351.148 627.996,356.139 606.541,356.625 849.591,360.816 13.880,368.056 490.108,368.406 121.952,371.783 89.910,386.209 680.447,395.218 277.483,397.343 569.998,396.253 622.714,397.903 105.387,398.837 561.588,398.832 867.743,403.906 254.520,404.264 318.000,403.880 813.549,409.522 301.853,415.679 123.302,420.717 312.993,423.563 201.564,427.258 544.481,431.572 186.258,437.068 869.145,436.303 580.720,444.496 103.221,446.532 226.816,462.499 281.157,464.166 255.411,476.535 312.077,480.468 366.465,481.511 211.056,482.710 628.752,497.354 297.200,498.943 359.871,503.674 277.402,505.459 383.843,505.997 254.480,513.852 125.833,516.878 285.700,517.773 120.250,518.928 256.050,525.208 139.737,526.257 129.764,527.498 301.909,527.695 124.150,531.697 286.461,533.839 855.632,537.887 423.408,540.535 100.429,541.500 303.255,544.437 315.560,543.375 368.079,546.977 669.955,548.595 318.477,549.979 290.458,554.902 358.003,558.017 824.536,560.601 966.983,560.711 242.154,563.582 336.678,567.642 218.229,572.361 320.566,570.359 711.133,573.226 33.972,576.411 791.953,576.337 229.410,578.000 486.420,578.963 776.621,579.824 132.310,582.933 78.703,586.709 317.705,591.648 354.643,594.750 35.880,600.544 447.058,600.178 629.919,599.322 322.631,604.448 343.474,610.213 855.681,616.869 113.005,618.163 864.986,622.596 406.842,626.626 227.484,632.971 52.004,633.889 440.433,634.560 882.490,633.530 403.987,637.133 275.578,640.482 1021.150,640.666 892.742,642.575 685.729,644.531 215.137,647.358 69.864,652.268 274.120,653.309 440.838,655.513 567.261,657.267 310.226,662.445 217.265,663.536 336.201,663.705 891.076,667.099 547.558,672.533 565.009,674.302 533.532,677.032 840.256,682.394 203.063,685.551 193.384,687.590 874.137,689.773 260.609,694.514 543.797,695.845 251.969,697.700 110.270,698.720 936.179,700.222 529.766,709.229 355.318,710.240 886.594,717.094 367.981,718.028 691.158,725.491 488.154,727.414 166.048,731.372 83.454,732.498 444.970,745.959 714.446,744.534 278.572,747.930 509.458,753.050 169.917,754.915 415.447,760.771 552.320,763.313 944.230,763.569 650.886,769.343 78.583,772.988 295.638,774.337 13.482,775.205 377.462,775.569 587.650,776.468 556.715,777.489 11.245,785.582 204.801,785.964 349.163,784.946 318.099,802.312 148.610,803.513 754.130,803.892 342.539,805.571 70.350,806.710 709.321,812.823 456.991,814.095 411.338,815.195 909.182,814.514 695.469,816.489 720.993,816.835 162.535,821.180 270.478,821.278 735.445,827.337 545.325,831.729 169.843,836.969 178.385,844.909 295.175,845.493 458.029,847.965 149.368,850.728 340.156,852.012 765.695,853.666 481.625,855.253 222.613,859.307 601.009,879.993 534.835,880.835 60.174,885.518 620.726,886.430 140.057,889.419 248.779,895.601 609.249,899.617 521.431,900.307 943.266,900.090 455.258,904.841 379.061,908.478 396.084,911.547 238.532,912.103 275.616,911.900 304.586,916.325 810.850,916.205 386.848,922.443 250.534,925.128 506.565,930.504 407.172,937.601 936.290,937.649 367.023,943.871 169.589,946.340 505.321,959.929 277.990,964.321 521.253,967.898 892.683,972.244 170.905,973.600 229.145,973.984 347.716,978.345 947.343,978.985 178.409,982.333 220.334,982.723 897.028,984.528 694.326,989.275 249.131,1003.662 968.440,1011.544 890.456,1012.503 67.715,1014.070 415.663,1020.153
ABS1 116.500,1.500 145.244,4.680 790.774,5.774 118.500,6.500 158.263,27.818 897.888,27.500 156.500,28.500 157.500,29.500 108.500,31.500 109.210,33.945 260.937,37.228 282.500,34.500 281.500,35.500 574.723,47.231 186.500,67.024 346.961,67.018 508.309,68.953 449.396,70.266 301.500,69.500 49.500,77.500 258.787,82.213 102.500,86.500 883.911,97.251 718.246,109.955 173.791,122.463 237.563,128.155 492.000,127.500 77.679,137.560 708.955,146.500 801.500,152.500 161.500,174.500 342.500,176.112 61.497,179.325 897.500,181.500 902.951,185.500 105.500,188.500 181.500,195.500 53.500,199.500 313.000,205.500 327.500,209.500 650.261,210.126 328.500,211.500 655.500,218.888 109.385,221.351 664.500,220.500 57.566,227.802 106.216,228.130 830.951,227.500 830.500,229.500 606.976,233.500 141.500,239.500 441.500,239.500 77.500,254.000 116.500,257.500 438.022,270.198 197.342,271.346 770.000,277.500 106.486,281.971 55.984,286.980 57.500,288.500 156.500,293.500 156.000,295.500 143.500,296.500 172.500,300.735 184.500,310.210 203.500,309.500 202.500,310.500 212.500,310.500 5.027,314.111 266.824,318.766 270.500,319.000 268.500,319.500 10.533,322.014 145.994,327.751 61.723,331.991 786.068,331.500 443.141,338.502 365.500,341.500 218.262,351.057 849.500,360.500 489.500,369.500 120.500,372.500 90.500,384.500 89.787,386.213 569.500,395.500 570.500,396.500 277.500,397.500 561.500,398.500 105.500,399.500 254.400,404.405 867.775,403.915 302.109,415.609 123.500,420.000 313.500,423.863 201.500,427.500 186.349,437.113 103.500,447.500 255.500,477.500 311.923,480.470 366.730,481.974 210.500,482.500 628.737,497.369 277.500,505.500 383.500,505.500 125.018,516.207 129.051,517.775 123.500,517.500 287.500,517.500 119.500,518.500 286.500,518.500 120.500,519.500 256.301,524.351 140.193,526.269 254.500,525.500 301.500,526.500 302.500,527.500 129.500,528.500 301.500,528.500 124.783,530.956 122.500,535.500 423.437,540.227 100.500,541.500 303.202,544.392 314.500,543.500 670.024,548.527 317.500,550.500 290.485,555.207 357.818,558.100 967.500,560.500 966.500,561.500 218.205,572.497 711.500,571.500 710.976,573.500 485.500,578.500 486.888,579.500 776.784,579.928 132.500,583.500 78.500,586.500 317.594,591.559 354.468,594.094 355.500,595.500 36.261,600.874 406.920,626.898 227.352,632.895 52.012,634.012 440.641,634.654 404.049,637.500 893.500,641.500 891.500,642.500 893.000,643.500 685.500,644.500 69.239,652.524 273.500,653.500 441.500,654.500 567.500,657.000 335.500,662.500 217.500,664.049 336.838,663.500 548.500,673.500 564.500,673.500 533.500,677.500 874.076,689.900 543.561,695.731 251.500,698.500 935.500,700.000 937.500,699.500 690.500,725.271 83.588,732.494 166.500,731.500 445.091,745.895 170.052,754.569 944.500,763.500 296.500,774.500 556.500,776.500 348.500,784.500 11.500,786.000 204.642,786.121 753.500,803.500 709.712,812.687 707.500,812.500 456.976,813.500 411.500,814.500 694.500,815.500 721.500,815.928 696.500,816.500 270.339,821.159 163.500,820.500 735.419,827.500 170.500,836.500 169.500,837.500 295.500,845.500 458.500,847.500 457.500,848.500 148.951,849.500 150.500,850.500 340.055,851.906 149.147,851.500 481.500,854.500 766.000,854.500 601.091,879.715 534.500,880.500 535.500,881.500 140.199,889.307 248.808,895.608 608.812,899.227 943.500,899.500 521.500,900.500 455.012,905.012 379.500,908.500 396.041,911.572 238.500,912.500 304.777,916.292 810.500,917.049 250.643,925.011 506.500,930.951 406.500,938.500 367.130,943.754 170.500,945.500 504.500,959.500 521.492,968.018 170.804,973.797 892.934,971.955 228.500,974.024 178.500,982.500 220.247,983.215 896.951,984.391
ABS2 145.321,4.630 260.885,37.312 508.271,68.828 237.244,128.234 77.636,137.552 146.035,328.500 628.906,497.500 124.500,531.107 83.500,732.500 444.500,745.500 248.858,895.551 396.092,911.492
ABS3 145.102,4.724 261.019,37.065 42.500,87.500 77.617,137.618 372.500,190.500 238.500,524.500 12.500,543.500 466.500,609.500 249.500,896.500
ABS4 145.419,4.546 260.854,37.327 508.247,68.810 237.232,128.225 77.647,137.527 146.024,328.500 628.950,497.500 124.500,531.500 83.500,732.500 444.500,745.500 248.903,895.744 396.071,911.497
ABS5 139.500,1.500 143.192,2.775 145.323,5.198 747.500,4.500 930.500,4.500 149.276,7.843 387.500,6.500 59.500,8.500 824.500,9.500 933.500,11.500 572.500,13.500 188.500,14.500 210.500,14.500 45.500,15.500 271.500,17.500 724.500,17.500 584.500,18.500 530.500,23.500 301.500,24.500 22.500,26.500 280.500,29.500 521.500,29.500 311.500,30.500 170.500,34.500 257.500,34.500 259.500,35.826 261.500,38.019 571.500,38.500 263.500,39.500 368.500,39.500 677.500,39.500 196.500,43.500 240.500,45.500 632.500,47.500 887.500,47.500 930.500,49.500 125.500,51.500 102.500,52.500 5.500,54.500 308.500,55.500 748.500,56.500 173.500,59.500 471.500,62.500 109.500,65.500 3.500,67.500 619.500,67.500 462.500,68.500 511.500,70.500 494.500,72.500 447.500,74.500 54.500,77.500 406.500,80.500 226.500,83.500 876.500,86.500 267.500,88.500 766.500,92.500 319.500,93.500 242.500,95.500 924.500,96.500 975.500,96.500 785.500,97.500 626.500,98.500 153.500,102.500 682.500,104.500 756.500,105.500 1006.500,107.500 370.500,110.500 725.500,110.500 921.500,110.500 798.500,111.500 165.500,120.500 326.500,122.500 350.500,123.500 955.500,123.500 31.500,124.500 233.500,124.500 236.500,126.500 129.500,127.500 91.500,128.500 72.736,134.421 775.500,133.500 75.291,136.171 78.064,137.453 449.500,137.500 149.500,138.500 80.500,139.500 82.109,140.743 80.500,141.500 943.500,141.500 955.500,146.500 889.500,147.500 335.500,153.500 567.500,154.500 978.500,156.500 284.500,163.500 368.500,165.500 332.500,167.500 40.500,172.500 153.500,175.500 989.500,177.500 37.500,178.500 697.500,179.500 526.500,181.500 17.500,183.500 1021.500,186.500 165.500,188.500 702.500,189.500 903.500,189.500 565.500,190.500 139.500,193.500 771.500,194.500 782.500,195.500 989.500,195.500 497.500,196.500 400.500,198.500 14.500,200.500 513.500,208.500 901.500,215.500 641.500,220.500 312.500,221.500 617.500,221.500 73.500,222.500 43.500,223.500 969.500,225.500 929.500,226.500 979.500,229.500 1002.500,234.500 867.500,235.500 216.500,237.500 857.500,238.500 468.500,243.500 229.500,246.500 261.500,246.500 827.500,249.500 165.500,252.500 329.500,254.500 334.500,254.500 828.500,254.500 985.500,254.500 991.500,255.500 949.500,256.500 184.500,257.500 325.500,261.500 396.500,265.500 501.500,267.500 407.500,270.500 733.500,270.500 182.500,274.500 1002.500,275.500 111.500,276.500 386.500,282.500 693.500,283.500 449.500,284.500 792.500,286.500 470.500,287.500 612.983,288.500 119.500,289.500 134.500,290.500 469.500,293.500 308.500,295.500 124.500,296.500 322.500,296.500 772.500,296.500 802.500,296.500 268.500,297.500 331.500,297.500 132.500,298.500 776.500,298.500 781.500,299.500 796.500,301.500 4.500,302.500 905.500,303.500 580.500,305.500 959.500,305.500 743.500,307.500 11.500,309.500 556.500,309.500 272.500,310.500 123.500,314.500 1000.500,314.500 838.500,315.500 43.500,319.500 953.500,321.500 2.500,322.500 823.500,323.500 351.500,324.500 477.500,328.500 298.500,329.500 448.500,331.500 962.500,331.500 790.500,336.500 537.500,338.500 644.500,342.500 67.500,343.500 290.500,344.500 699.500,344.500 71.500,345.500 879.500,347.500 33.500,349.500 845.500,350.500 145.500,355.500 490.500,356.500 916.500,362.500 447.500,363.500 114.500,370.500 813.500,373.500 272.500,374.500 187.500,376.500 669.500,380.500 521.500,382.500 395.500,386.500 135.500,388.500 776.500,388.500 192.500,389.500 179.500,390.500 728.500,392.500 137.500,394.500 436.500,395.500 882.500,398.500 64.500,399.500 426.500,403.500 598.500,414.500 129.500,417.500 164.500,417.500 822.500,418.500 926.500,419.500 124.500,421.500 1006.500,421.500 202.500,422.500 590.500,422.500 414.500,423.500 351.500,425.500 594.500,427.500 269.500,429.500 848.500,430.500 724.500,436.500 175.500,437.500 955.500,439.500 619.500,440.500 351.500,444.500 356.500,445.500 576.500,448.500 695.500,449.500 700.500,450.500 311.500,454.500 770.500,456.500 591.500,457.500 992.500,457.500 257.500,463.500 52.500,465.500 556.500,465.500 703.500,465.500 837.500,465.500 555.500,467.500 352.500,468.500 81.500,478.500 137.500,479.500 315.500,481.500 761.500,481.500 639.500,483.500 695.500,485.500 137.500,486.500 398.500,490.500 966.500,491.500 9.500,492.500 427.500,494.500 704.500,495.500 888.500,497.500 646.500,498.500 173.500,499.500 306.500,499.500 779.500,501.500 937.500,501.500 991.500,506.500 196.500,518.500 383.500,518.500 669.500,518.500 570.500,520.500 288.500,523.500 718.500,523.500 596.500,529.500 619.500,531.500 591.500,537.500 283.500,540.500 966.500,541.500 120.500,542.500 226.500,542.500 224.500,544.500 17.500,545.500 78.500,545.500 538.500,546.500 604.500,547.500 731.500,547.500 39.500,549.500 772.500,553.500 45.500,556.500 403.500,559.500 1016.500,560.500 280.500,561.500 489.500,561.500 64.500,563.500 561.500,564.500 500.500,567.500 366.500,569.500 640.500,569.500 770.500,569.500 146.500,570.500 147.500,571.500 156.500,571.500 651.500,574.500 280.500,578.500 352.500,578.500 950.500,578.500 850.500,579.500 314.500,584.500 421.500,587.500 991.500,587.500 503.500,589.500 508.500,593.500 1019.500,597.500 207.500,598.500 21.500,600.500 10.500,604.500 463.500,606.500 287.500,609.500 919.500,610.500 973.500,612.500 365.500,614.500 831.500,618.500 560.500,619.500 33.500,620.500 704.500,621.500 1017.500,622.500 808.500,624.500 99.500,626.500 708.500,633.500 886.500,638.500 427.500,639.500 566.500,639.500 791.500,640.500 107.500,642.500 781.500,642.500 806.500,642.500 234.500,644.500 289.500,646.500 845.500,652.500 787.500,653.500 101.500,655.500 246.500,656.500 449.500,656.500 902.500,656.500 389.500,657.500 525.500,658.500 60.500,659.500 17.500,665.500 150.500,665.500 823.500,670.500 383.500,672.500 309.500,673.500 700.500,677.500 961.500,679.500 361.500,680.500 79.500,683.500 258.500,683.500 406.500,688.500 258.500,690.500 142.500,696.500 638.500,698.500 203.500,702.500 460.500,702.500 965.500,702.500 381.500,704.500 946.500,706.500 935.500,707.500 265.500,710.500 733.500,712.500 792.500,712.500 757.500,713.500 994.500,713.500 22.500,716.500 620.500,716.500 606.500,725.500 940.500,726.500 487.500,729.500 574.500,729.500 78.500,733.500 216.500,738.500 319.500,739.500 546.500,739.500 609.500,739.500 280.500,740.500 292.500,740.500 941.500,740.500 317.500,741.500 826.500,741.500 937.500,741.500 324.500,744.500 372.500,745.500 195.500,746.500 549.500,747.500 453.500,748.500 56.500,749.500 750.500,750.500 793.500,750.500 820.500,750.500 679.500,753.500 835.500,756.500 413.500,757.500 933.500,763.500 957.500,763.500 527.500,764.500 655.500,765.500 943.500,766.500 98.500,769.500 955.500,772.500 37.500,773.500 464.500,774.500 202.500,775.500 381.500,775.500 294.500,776.500 582.500,777.500 506.500,779.500 442.500,784.500 755.500,784.500 922.500,785.500 567.500,795.500 65.500,797.500 257.500,797.500 923.500,797.500 377.500,798.500 517.500,798.500 595.500,798.500 393.500,801.500 891.500,805.500 981.500,807.500 16.500,808.500 593.500,814.500 721.500,816.500 992.500,817.500 553.500,820.500 928.500,822.500 430.500,824.500 1012.500,825.500 699.500,827.500 606.500,828.500 700.500,828.500 718.500,828.500 883.500,828.500 107.500,829.500 110.500,829.500 864.500,832.500 827.500,834.500 756.500,835.500 221.500,837.500 739.500,838.500 1019.500,839.500 175.500,842.500 782.500,846.500 45.500,850.500 311.500,854.500 467.500,854.500 236.500,857.500 676.500,857.500 409.500,864.500 991.500,864.500 282.500,865.500 26.500,866.500 314.500,866.500 291.500,867.500 309.500,868.500 314.500,870.500 952.500,873.500 260.500,874.500 942.500,874.500 931.500,880.500 284.500,881.500 46.500,885.500 488.500,885.500 848.500,887.500 676.500,889.500 210.500,891.500 992.500,891.500 119.500,892.500 310.500,893.500 893.500,894.500 250.500,896.500 116.500,897.500 58.500,898.500 787.500,898.500 893.500,898.500 197.500,902.500 747.500,902.500 140.500,903.500 665.500,903.500 407.500,905.500 659.500,905.500 392.500,906.500 344.500,908.500 118.500,910.500 394.500,910.500 857.500,911.500 397.050,913.500 118.500,914.500 784.500,914.500 398.500,915.500 729.500,916.500 54.500,917.500 492.500,917.500 754.500,918.500 262.500,919.500 464.500,921.500 790.500,923.500 513.500,926.500 114.500,927.500 931.500,927.500 141.500,931.500 976.500,931.500 204.500,933.500 704.500,933.500 534.500,934.500 538.500,934.500 486.500,935.500 810.500,936.500 563.500,944.500 692.500,945.500 776.500,950.500 495.500,952.500 514.500,953.500 9.500,955.500 484.500,957.500 940.500,957.500 743.500,961.500 56.500,965.500 378.500,966.500 505.500,966.500 743.500,966.500 243.500,970.500 856.500,971.500 324.500,975.500 185.500,978.500 384.500,980.500 639.500,986.500 79.500,988.500 1000.500,988.500 528.500,990.500 580.500,990.500 576.500,992.500 393.500,993.500 951.500,994.500 879.500,995.500 901.500,996.500 846.500,997.500 306.500,1002.500 231.500,1003.500 106.500,1004.500 575.500,1004.500 255.500,1005.500 383.500,1012.500 805.500,1012.500 879.500,1013.500 922.500,1014.500 904.500,1019.500 263.500,1021.500
ABS6 145.500,5.500 150.500,7.500 257.500,34.500 72.500,134.500 75.500,136.006 79.500,138.500
ABT0 16.614,3.707 432.746,8.686 562.536,12.045 381.829,12.592 373.852,16.871 873.218,18.749 152.565,24.887 178.002,26.595 475.769,26.613 547.829,28.181 747.408,29.095 1016.594,29.433 35.708,35.318 176.825,35.015 227.584,57.389 71.151,58.745 88.287,57.047 97.249,64.347 616.318,65.407 116.110,73.737 313.750,84.663 515.555,88.490 243.429,90.819 289.544,92.616 238.371,93.529 601.432,95.699 486.853,100.676 179.614,102.876 455.951,113.151 748.381,109.866 432.506,117.386 846.529,122.458 637.095,125.828 500.253,128.908 664.561,133.354 143.357,140.161 455.847,141.016 652.723,142.634 644.181,149.225 397.825,155.011 404.618,157.235 834.350,159.734 176.550,165.940 391.352,172.815 1015.858,172.486 767.292,173.275 930.432,179.778 209.477,182.877 832.869,181.472 194.008,188.539 122.746,194.549 880.397,195.459 1005.785,201.873 383.303,203.674 809.519,201.980 497.058,209.010 808.253,210.279 358.677,212.514 942.938,217.845 41.238,219.199 827.489,225.186 922.722,230.011 252.242,232.948 738.278,232.591 52.211,236.237 17.475,241.034 308.450,243.823 697.590,247.426 412.169,254.831 884.542,256.197 634.749,256.617 464.136,258.114 723.823,262.439 423.391,264.959 717.004,270.477 796.781,271.823 115.739,275.965 855.317,275.679 973.181,278.623 310.692,278.595 705.277,285.678 226.979,285.403 190.464,287.113 207.202,287.740 459.657,291.887 510.222,291.433 172.091,296.655 236.706,300.671 264.613,302.899 585.760,302.511 834.567,306.312 924.000,306.719 179.361,308.289 662.746,314.496 893.669,320.853 842.780,325.745 680.880,334.735 69.967,336.414 999.216,336.864 2.721,344.430 744.032,352.071 909.004,352.427 674.332,354.438 344.975,359.564 472.946,365.679 594.131,367.092 401.352,368.589 524.297,371.060 986.624,371.743 403.872,374.114 567.649,373.878 578.872,377.266 663.875,381.267 736.641,389.500 90.456,394.391 43.571,396.248 664.854,400.390 363.183,401.935 620.358,404.834 277.757,407.468 582.411,409.417 978.038,409.925 192.931,425.047 838.899,429.442 491.260,441.086 638.317,454.512 59.257,455.228 1020.852,458.382 734.727,463.999 1003.349,466.646 155.461,472.374 561.910,472.905 955.613,472.513 443.175,474.831 960.572,484.823 590.350,491.344 755.009,491.718 471.519,495.983 109.913,498.829 510.935,501.065 323.207,506.965 435.724,514.293 759.161,518.385 117.201,524.983 865.677,528.283 956.175,527.546 742.532,531.501 565.411,542.766 864.786,542.462 951.709,551.723 1003.395,550.837 628.347,559.339 836.286,563.864 471.132,566.655 871.597,570.444 484.955,567.529 893.047,570.098 544.815,572.455 641.150,572.410 979.924,574.456 88.053,574.081 1005.431,578.659 144.574,581.882 599.994,585.550 654.843,592.646 951.167,593.240 93.024,593.465 961.049,593.919 965.464,597.000 22.866,601.399 826.481,604.641 524.209,605.482 10.816,615.398 981.938,619.765 341.025,624.863 673.784,627.779 41.156,629.042 766.970,628.477 444.031,632.512 595.071,632.791 514.004,636.499 324.784,651.170 59.687,654.451 96.962,656.472 1019.245,657.121 729.135,660.482 22.464,663.516 358.392,679.371 866.382,685.655 371.830,689.785 650.832,689.463 142.249,691.609 344.095,691.787 981.408,692.428 400.724,695.344 692.518,700.577 269.602,700.514 396.451,708.815 510.958,708.646 122.851,710.906 1021.442,716.595 468.196,718.878 260.697,719.983 818.313,724.988 759.347,726.514 97.314,727.609 799.966,729.528 85.391,735.614 216.071,741.845 493.974,746.905 844.800,747.170 219.437,751.887 875.883,755.340 228.480,756.650 41.161,762.673 784.296,762.269 433.216,763.224 453.769,769.069 540.420,773.950 697.425,772.432 404.155,774.060 64.993,781.136 856.930,785.558 599.700,788.674 691.199,789.120 607.191,799.440 840.785,803.598 266.431,807.972 639.941,807.486 458.257,812.692 970.958,812.483 383.581,818.133 509.698,819.702 233.170,826.500 535.324,833.084 274.955,835.674 716.500,834.498 970.142,836.629 845.649,842.600 600.790,855.150 261.619,858.363 939.736,863.020 371.832,865.594 1019.611,865.295 61.680,866.899 623.552,866.984 582.437,867.449 121.810,870.069 475.663,872.489 80.671,875.495 332.986,880.986 312.417,881.848 214.404,887.628 381.571,887.930 939.666,888.864 1017.013,889.407 291.664,890.457 731.628,894.308 171.528,896.338 447.249,899.747 801.615,900.743 962.611,904.977 842.126,904.691 945.511,910.854 675.622,911.507 852.341,915.068 183.513,928.065 772.536,929.393 680.467,931.554 442.694,933.709 468.880,935.595 810.193,936.331 769.376,941.376 875.303,974.877 500.624,974.916 83.205,982.095 192.423,986.120 827.468,987.500 366.517,989.034 817.653,990.821 908.296,996.835 888.853,1000.477 296.121,1010.970 954.649,1013.221 434.709,1013.995
ABT1 16.703,3.856 432.500,8.500 380.500,13.500 373.865,16.766 873.500,18.024 153.500,25.000 474.500,25.500 178.500,26.500 1016.500,29.500 177.224,35.025 35.838,35.500 227.683,57.331 71.170,58.255 616.125,65.421 116.191,74.211 515.500,87.500 243.340,90.844 514.500,88.500 289.762,92.597 238.500,94.500 601.521,96.256 488.500,99.500 486.838,100.758 179.500,103.500 455.125,108.500 748.500,109.500 456.106,113.818 432.500,116.928 846.500,122.500 500.298,128.790 143.500,139.500 644.152,149.105 397.500,153.500 398.500,155.086 404.500,157.500 834.500,159.500 175.956,165.956 2.500,166.500 767.500,172.928 930.277,179.723 209.631,183.278 193.928,188.500 122.630,194.675 1005.523,201.829 383.254,203.602 496.500,208.500 358.500,213.500 360.500,213.500 41.500,218.000 943.033,217.999 40.500,219.500 41.500,220.500 922.954,230.272 252.000,231.500 250.500,232.500 252.107,233.500 738.500,233.500 52.111,236.124 17.963,240.961 308.739,244.126 697.500,248.500 698.500,249.500 412.500,254.500 464.500,257.888 423.558,264.765 797.500,270.500 796.049,271.500 855.500,275.500 115.500,276.500 973.384,278.500 705.190,285.539 227.500,285.500 190.894,287.231 206.500,287.500 207.500,288.500 459.349,291.502 171.872,296.727 236.620,300.763 585.500,302.500 178.500,308.049 662.500,314.500 894.500,321.500 842.500,325.500 681.500,333.500 680.500,335.000 70.500,336.500 744.152,352.103 908.500,351.500 674.500,352.500 673.500,354.500 473.500,365.888 594.188,367.136 404.500,373.500 403.500,374.500 737.020,389.482 362.976,401.500 620.500,404.500 277.648,407.522 977.500,410.500 839.500,429.500 1020.500,457.500 1021.500,458.500 735.500,463.000 1003.632,466.612 561.848,473.218 155.500,472.500 955.951,472.500 960.570,484.781 590.235,491.235 753.500,491.500 591.500,492.500 471.500,495.500 109.500,498.500 323.500,507.500 760.500,518.500 742.478,530.973 864.072,542.186 565.745,542.776 866.500,542.500 564.500,544.500 951.519,551.554 1003.500,550.500 835.500,563.500 871.880,570.662 869.500,571.500 979.950,574.439 1004.500,578.500 1005.500,579.500 654.827,592.607 949.500,592.500 23.500,601.500 826.411,604.702 524.500,605.500 10.764,616.236 981.683,619.309 340.975,624.716 41.500,628.500 767.500,628.500 40.500,629.500 442.500,632.500 595.163,632.936 444.500,633.500 514.009,636.492 324.935,651.176 58.500,654.500 59.500,655.500 22.500,662.500 866.500,685.500 371.871,689.970 142.024,691.687 344.500,691.500 981.500,691.500 980.500,692.500 982.500,692.500 690.500,699.500 692.253,700.580 510.500,709.000 123.072,711.500 468.223,718.523 814.245,723.512 818.082,725.115 97.500,726.500 759.500,726.500 98.500,727.500 845.500,746.500 219.500,752.500 876.052,755.450 40.500,762.500 41.500,763.500 454.500,768.500 540.437,773.866 696.500,772.500 404.515,774.508 857.024,785.500 600.500,788.500 691.500,788.500 690.500,789.500 840.639,803.348 456.500,811.500 383.500,817.888 274.923,835.713 715.951,834.500 845.500,841.500 846.074,843.384 599.500,855.500 939.759,862.997 1019.500,864.500 623.500,867.500 582.500,868.500 122.500,870.500 475.500,871.500 214.179,887.539 381.628,887.843 291.500,891.000 732.500,893.500 731.500,894.500 170.500,895.500 962.500,904.902 841.500,904.500 946.500,911.500 182.500,927.500 443.500,933.500 468.826,935.540 809.500,935.500 875.552,975.287 500.500,974.500 83.500,982.500 192.500,985.500 191.500,987.500 367.500,987.500 827.500,987.500 366.247,988.785 953.500,1010.500 954.826,1013.158 434.500,1014.500
ABT2 373.952,16.728 227.500,56.500 243.497,90.983 644.500,149.040 383.219,203.525 744.043,352.001 979.886,574.430 654.805,592.672 514.021,636.561 274.500,835.078 939.500,862.500 962.700,904.866
ABT3 374.500,16.500 644.500,149.500 383.011,203.500 744.000,351.992 707.500,356.500 979.947,574.207 654.930,592.517 513.965,636.448 234.500,657.500
ABT4 373.943,16.750 227.500,56.500 243.496,90.992 644.500,149.021 383.225,203.518 744.027,352.002 979.836,574.519 654.772,592.758 514.072,636.663 274.500,835.500 962.734,904.833
ABT5 950.500,1.500 425.500,3.500 671.500,3.500 785.500,4.500 970.500,4.500 909.500,5.500 306.500,8.500 264.500,10.500 370.500,13.500 572.500,13.500 88.500,14.500 745.500,14.500 642.500,17.500 430.500,23.500 731.500,25.500 919.500,25.500 172.500,29.500 812.500,29.500 108.500,34.500 553.500,38.500 225.500,44.500 290.500,45.500 986.500,49.500 185.500,51.500 365.500,52.500 65.500,54.500 18.500,55.500 608.500,55.500 738.500,56.500 229.500,58.500 426.500,58.500 76.500,61.500 624.500,61.500 335.500,62.500 440.500,63.500 552.500,64.500 1003.500,64.500 643.500,65.500 521.500,67.500 24.500,69.500 283.500,70.500 778.500,70.500 112.500,77.500 546.500,80.500 305.500,88.500 863.500,89.500 843.500,90.500 245.500,92.500 738.500,92.500 291.500,93.500 182.500,95.500 844.500,96.500 895.500,96.500 449.500,98.500 548.500,104.500 970.500,104.500 413.500,107.500 880.500,107.500 779.500,110.500 654.500,111.500 201.500,114.500 624.500,119.500 153.500,125.500 93.500,127.500 267.500,129.500 979.500,130.500 137.500,133.500 779.500,133.500 110.500,134.500 305.500,134.500 507.500,137.500 219.500,138.500 388.500,139.500 740.500,140.500 525.500,142.500 555.500,142.500 665.500,145.500 754.500,145.500 642.500,146.500 991.500,146.500 312.500,147.500 915.500,147.500 245.500,153.500 465.500,154.500 649.500,155.500 778.500,156.500 715.500,157.500 156.500,163.500 234.500,165.500 79.500,166.500 1005.500,174.500 549.500,179.500 511.500,180.500 875.500,182.500 196.500,186.500 839.500,186.500 379.500,190.500 60.500,191.500 253.500,191.500 870.500,192.500 414.500,193.500 545.500,194.500 42.500,195.500 249.500,196.500 477.500,215.500 223.500,221.123 942.500,220.500 689.500,222.500 635.500,225.500 603.500,226.500 697.500,226.500 669.500,229.500 206.500,233.500 513.500,235.500 866.500,236.500 588.500,238.500 252.500,242.500 552.500,242.500 916.500,242.500 897.500,245.500 929.500,245.500 270.500,252.500 985.500,253.500 990.500,253.500 649.500,255.500 519.500,256.500 977.500,260.500 129.500,264.500 375.500,267.500 557.500,269.500 49.500,270.500 96.500,272.500 844.500,273.500 959.500,273.500 662.500,275.500 233.500,276.500 620.500,278.500 588.500,279.500 89.500,283.500 377.500,283.500 486.500,286.500 166.500,287.500 282.983,288.500 809.500,288.500 971.500,291.500 121.500,293.500 149.500,294.500 999.500,295.500 458.500,296.500 804.500,297.500 38.500,300.500 495.500,303.500 417.500,304.500 817.500,304.500 164.500,305.500 541.500,305.500 101.500,307.500 1010.500,309.500 781.500,313.500 640.500,314.500 488.500,315.500 494.500,317.500 440.500,319.500 767.500,320.500 637.500,321.500 710.500,321.500 225.500,328.500 51.500,329.500 698.500,329.500 214.500,331.500 732.500,331.500 164.500,332.500 596.500,336.500 315.500,337.500 355.500,337.500 351.500,338.500 267.500,341.500 714.500,341.500 937.500,344.500 715.500,347.500 273.500,350.500 667.500,350.500 741.500,351.500 745.500,354.500 985.500,354.500 893.500,355.500 196.500,356.500 985.500,358.500 961.500,368.500 808.500,369.500 646.500,379.500 537.500,380.500 995.500,385.500 664.500,387.500 332.500,388.500 776.500,388.500 253.500,391.500 685.500,393.500 994.500,394.500 482.500,398.500 617.500,398.500 8.500,403.500 846.500,403.500 339.500,405.500 24.500,409.500 426.500,411.500 122.500,414.500 617.500,415.500 627.500,416.500 703.500,416.500 738.500,416.500 384.500,418.500 490.500,419.500 605.500,421.500 984.500,422.500 933.500,424.500 162.500,427.500 341.500,427.500 430.500,430.500 567.500,433.500 777.500,434.500 348.500,436.500 589.500,439.500 255.500,440.500 1000.500,447.500 319.500,449.500 326.500,450.500 77.500,451.500 394.500,456.500 801.500,461.500 917.500,462.500 692.500,464.500 166.500,465.500 313.500,465.500 447.500,465.500 50.500,466.500 177.500,467.500 992.500,467.500 895.500,474.500 762.500,477.500 749.500,478.500 883.500,478.500 357.500,481.500 641.500,482.500 245.500,483.500 548.500,491.500 118.500,493.500 17.500,494.500 308.500,498.500 859.500,498.500 992.500,498.500 623.500,501.500 715.500,506.500 954.500,517.500 119.500,518.500 405.500,518.500 314.500,520.500 760.500,521.500 42.500,523.500 472.500,523.500 432.500,529.500 499.500,531.500 558.500,535.500 541.500,537.500 871.500,540.500 82.500,542.500 188.500,542.500 224.500,544.500 733.500,545.500 614.500,547.500 63.500,549.500 745.500,557.500 248.500,559.500 519.500,559.500 906.500,560.500 134.500,561.500 404.500,561.500 232.500,563.500 677.500,564.500 594.500,567.500 976.500,568.500 450.500,569.500 828.500,569.500 864.500,569.500 232.500,570.500 541.500,570.500 976.500,570.500 979.500,571.500 424.500,572.500 978.831,573.848 131.500,573.500 980.500,575.500 981.554,576.778 276.500,578.500 348.500,578.500 488.500,578.500 938.500,578.500 983.713,579.816 648.500,586.500 653.826,591.449 626.500,591.500 460.500,593.500 954.500,593.500 284.500,594.500 45.500,597.500 359.500,597.500 977.500,599.500 117.500,602.500 916.500,603.500 141.500,609.500 419.500,609.500 791.500,610.500 835.500,612.500 229.500,614.500 759.500,614.500 416.500,617.500 717.500,618.500 444.500,619.500 982.500,619.500 887.500,622.500 353.500,623.500 666.500,624.500 967.500,625.500 643.500,627.500 754.500,627.500 511.500,629.500 1000.500,629.500 515.317,637.942 546.500,633.500 740.500,638.500 291.500,639.500 432.500,639.500 969.500,641.500 74.500,644.500 985.500,651.500 647.500,653.500 108.500,656.500 317.500,656.500 249.500,657.500 369.500,658.500 806.500,658.500 258.500,660.500 883.500,664.500 1016.500,664.500 692.500,665.500 568.500,666.500 650.500,670.500 221.500,672.500 149.500,673.500 1009.500,674.500 548.500,677.500 853.500,678.500 100.500,680.500 118.500,681.500 993.500,682.500 374.500,687.500 738.500,687.500 586.500,698.500 322.500,701.500 382.500,702.500 887.500,702.500 307.500,704.500 669.500,713.500 898.500,713.500 950.500,715.500 516.500,716.500 870.500,716.500 291.500,720.500 3.500,721.500 317.500,725.500 530.500,725.500 858.500,726.500 753.500,727.500 15.500,728.500 160.500,728.500 431.500,729.500 520.500,729.500 54.500,733.500 316.500,737.500 548.500,737.500 747.500,737.500 238.500,738.500 284.500,740.500 296.500,740.500 949.500,740.500 325.500,741.500 279.500,745.500 374.500,745.500 219.500,746.500 474.500,746.500 513.500,748.500 116.500,749.500 744.500,749.500 822.500,750.500 890.500,750.500 63.500,753.500 789.500,753.500 926.500,754.500 947.500,756.500 898.500,757.500 643.500,761.500 935.500,763.500 637.500,764.500 751.500,765.500 25.500,767.500 601.500,772.500 1017.500,772.500 526.500,774.500 256.500,775.500 425.500,775.500 676.500,775.500 651.500,776.500 753.500,776.500 624.500,777.500 400.500,778.500 595.500,781.500 78.500,782.500 978.500,785.500 272.500,786.500 332.500,789.500 863.500,792.500 193.500,797.500 385.500,797.500 25.500,798.500 503.500,798.500 643.500,798.500 721.500,798.500 529.500,801.500 21.500,806.500 550.500,807.500 472.500,809.500 747.500,814.500 172.500,820.500 786.500,820.500 856.500,828.500 950.500,828.500 968.500,828.500 363.500,829.500 366.500,829.500 104.500,830.500 1013.500,834.500 275.500,838.500 869.500,838.500 117.500,840.500 289.500,842.500 902.500,846.500 819.500,849.500 213.500,850.500 529.500,854.500 722.500,854.500 992.500,854.500 495.500,857.500 442.500,865.500 430.500,867.500 36.500,874.500 368.500,874.500 24.500,875.500 27.500,881.500 793.500,884.500 142.500,885.500 570.500,885.500 919.500,885.500 920.500,887.500 722.500,889.500 266.500,891.500 36.500,892.500 472.500,892.500 394.500,893.500 985.500,894.500 168.500,898.500 915.500,898.500 1013.500,898.500 960.500,901.500 281.500,902.500 829.500,902.500 885.500,902.500 208.500,903.500 733.500,903.500 194.500,910.500 955.500,911.500 260.500,914.500 894.500,914.500 871.500,916.500 196.500,917.500 634.500,917.500 882.500,918.500 392.500,919.500 616.500,921.500 760.500,929.500 633.500,930.500 708.500,932.500 414.500,933.500 900.500,933.500 706.500,934.500 710.500,934.500 890.500,934.500 640.500,935.500 950.500,936.500 1012.500,941.500 376.500,945.500 794.500,945.500 308.500,951.500 264.500,953.500 546.500,955.500 850.500,956.500 1015.500,958.500 805.500,961.500 450.500,966.500 577.500,966.500 309.500,970.500 671.500,970.500 424.500,971.500 642.500,981.500 586.500,982.500 743.500,984.500 797.500,986.500 838.500,987.500 660.500,990.500 712.500,990.500 698.500,992.500 515.500,993.500 1007.500,995.500 3.500,997.500 970.500,997.500 119.500,999.500 285.500,999.500 695.500,1000.500 434.500,1002.500 359.500,1003.500 896.500,1003.500 434.500,1008.500 215.500,1009.500 13.500,1012.500 547.500,1012.500 1019.500,1013.500 34.500,1015.500
ABT6 977.500,572.500 979.500,574.500 981.500,576.500 983.500,578.500 653.709,591.243 514.159,636.740
ABU0 8.344,3.003 52.222,5.680 861.913,19.279 2.390,23.132 602.915,33.912 369.141,34.742 379.532,38.342 497.439,41.002 816.581,43.564 480.077,44.513 791.648,50.331 635.560,55.128 991.208,58.595 621.591,60.454 228.122,64.408 280.130,65.263 319.298,66.948 583.709,74.981 406.033,77.993 806.274,83.662 126.983,83.368 354.924,85.887 853.938,90.282 159.029,91.525 175.567,95.428 388.462,96.977 960.412,98.506 590.479,102.481 203.037,103.569 86.761,105.475 416.891,106.556 189.874,119.684 32.782,120.471 394.109,121.276 411.973,130.703 558.869,131.624 916.050,131.014 368.999,139.997 920.625,140.121 341.431,145.253 155.813,150.208 661.500,150.227 81.620,154.006 103.194,156.440 919.213,160.911 363.336,160.878 299.313,163.646 800.692,169.617 890.074,173.274 677.735,183.031 7.237,187.696 86.519,193.624 954.935,195.051 1015.518,195.037 488.513,196.021 328.740,203.681 713.115,203.946 807.380,203.642 961.219,205.152 913.769,208.196 609.048,214.098 946.875,216.013 51.520,217.267 496.206,217.128 920.064,217.024 107.208,233.035 530.593,241.799 954.982,241.041 849.443,249.145 224.476,250.414 126.160,256.708 874.597,265.496 795.739,269.394 646.014,279.469 225.984,281.764 588.695,284.338 27.488,286.989 558.386,288.181 904.384,289.581 221.869,291.365 854.381,298.811 1002.511,297.659 198.481,303.722 217.305,305.953 756.306,308.322 190.090,312.381 722.653,316.635 732.788,315.456 857.803,318.593 867.949,319.342 601.276,320.054 385.385,322.201 562.311,328.747 791.466,336.087 809.578,338.047 853.309,341.682 776.820,342.362 68.363,345.361 801.838,351.353 783.966,351.729 162.611,352.259 824.777,360.479 943.128,361.422 747.520,366.598 814.661,368.067 978.912,374.004 299.451,388.423 786.706,388.392 864.138,389.517 412.702,392.732 799.675,395.181 543.378,397.507 18.408,398.439 850.368,403.374 419.734,409.619 891.478,409.837 755.494,412.006 238.774,416.510 612.037,420.135 681.951,423.153 663.307,426.078 193.171,428.375 824.902,430.066 52.552,431.623 523.985,435.481 242.193,437.945 403.662,437.928 840.174,438.365 759.185,438.833 830.715,440.624 615.862,442.708 950.206,443.770 100.039,451.198 544.820,452.173 238.627,474.857 132.562,480.922 169.661,482.718 537.542,488.418 915.005,494.674 868.751,498.644 743.329,499.543 667.006,503.165 148.629,506.945 490.195,507.032 302.591,512.841 716.918,512.979 32.287,519.192 710.537,519.758 235.494,522.761 179.414,529.560 216.840,531.114 670.354,532.402 515.272,549.455 967.535,551.013 98.016,553.977 135.464,557.643 25.123,559.500 608.562,560.294 787.494,560.010 185.029,560.509 745.937,565.517 230.133,573.346 176.124,575.426 446.802,574.393 835.274,578.120 142.378,579.685 824.407,580.785 714.730,583.447 765.809,583.418 787.839,583.588 485.425,585.288 278.980,587.257 239.357,602.357 3.454,605.867 819.079,606.048 801.614,611.898 86.415,613.685 147.631,611.849 386.304,611.321 263.620,613.464 817.028,619.000 945.475,622.175 39.001,625.697 924.297,625.381 58.564,628.564 60.968,634.303 153.219,640.480 51.660,642.053 91.683,646.637 133.159,645.500 263.102,648.234 613.108,647.652 60.678,651.006 55.182,653.407 165.139,655.152 474.613,655.088 800.398,655.054 240.383,655.302 135.747,660.036 626.443,659.815 140.996,661.567 255.705,664.323 345.664,666.678 313.520,667.424 416.439,669.811 423.991,670.873 882.084,673.939 373.297,676.117 723.318,678.483 10.862,691.698 333.612,694.291 165.610,694.297 764.331,695.267 406.014,697.428 251.754,703.455 112.209,706.555 198.567,709.992 62.695,718.381 56.988,721.075 382.868,727.600 786.965,730.557 857.587,745.532 219.011,752.032 212.651,758.055 845.214,760.744 341.518,765.601 907.029,766.042 954.359,768.636 524.110,775.759 617.521,779.839 1005.740,781.384 606.389,782.826 300.642,784.137 595.909,795.841 317.513,797.788 50.273,798.746 253.494,798.601 999.300,807.091 96.697,814.627 549.880,827.482 202.256,828.931 474.774,829.504 805.471,840.770 214.296,842.385 252.043,843.092 199.239,851.982 145.482,864.550 396.330,864.262 629.097,867.851 95.351,872.119 398.711,876.886 29.494,880.014 470.694,881.827 286.116,896.855 243.285,898.907 24.537,902.218 467.490,914.107 308.789,918.736 465.842,923.433 497.913,923.431 97.498,927.228 1006.264,925.491 106.302,929.121 674.606,930.193 216.137,942.081 338.363,941.658 774.093,944.343 130.880,964.903 138.654,964.995 559.004,974.238 893.755,982.798 764.480,989.533 916.914,1014.679 997.532,1018.458
ABU1 254.500,1.500 8.478,3.043 52.249,5.802 379.411,38.330 636.500,54.500 635.500,55.500 991.500,59.500 227.500,64.500 279.000,64.500 584.000,74.500 406.500,77.500 806.245,83.622 175.500,95.500 416.500,106.940 190.500,119.500 916.500,130.500 915.500,131.500 920.961,139.961 155.781,150.346 81.500,153.500 920.017,160.125 918.253,163.020 299.500,163.500 298.500,164.500 300.500,164.500 678.500,183.500 7.040,187.543 489.500,195.500 497.500,216.500 496.124,217.500 954.900,241.193 530.941,241.970 849.462,249.283 126.500,256.500 225.500,281.500 27.419,286.981 221.829,291.307 904.500,289.500 853.500,297.500 1002.783,297.783 854.500,299.207 198.515,303.821 217.305,306.093 756.305,308.345 722.500,313.500 723.500,315.124 722.500,318.500 857.843,318.755 867.890,319.435 601.037,319.984 385.500,322.500 562.234,328.918 791.500,335.500 790.500,336.500 792.500,336.500 809.798,338.165 853.500,341.500 801.875,351.395 163.500,351.500 783.976,351.500 748.500,365.500 747.291,367.216 814.239,368.239 864.156,389.486 799.473,395.226 755.045,412.500 681.809,423.470 663.500,426.500 193.277,429.123 191.500,428.500 524.500,434.500 242.219,437.876 523.500,435.500 525.500,435.500 524.500,436.500 403.500,438.500 759.201,438.500 839.500,438.500 615.500,442.500 100.075,451.721 537.649,488.310 914.500,494.500 868.500,498.500 667.308,503.044 490.500,507.068 302.500,513.045 32.235,518.838 179.095,529.292 216.500,530.500 217.500,531.500 515.189,549.440 967.586,550.801 745.500,564.500 746.220,566.201 176.064,574.763 835.500,577.500 823.500,580.500 825.024,581.500 485.376,585.420 278.985,587.032 4.500,605.500 819.500,606.000 801.509,612.009 86.443,613.577 386.500,611.500 38.906,625.686 61.500,634.500 153.500,640.500 92.264,645.811 91.500,647.500 60.500,651.000 165.089,654.346 163.500,655.500 135.500,658.500 136.500,659.500 346.500,666.500 416.633,669.704 424.000,670.500 373.500,676.373 334.500,694.500 112.178,706.595 857.766,745.471 524.500,775.500 1005.500,781.500 595.500,795.500 999.216,807.768 549.500,827.500 202.606,828.500 804.976,840.500 214.500,841.500 199.251,851.956 145.500,864.500 95.152,872.107 398.509,877.019 29.392,879.754 287.500,896.500 243.500,899.500 467.501,913.946 309.500,917.500 308.495,918.986 97.497,927.177 1006.500,925.500 216.024,941.500 337.500,941.500 774.068,944.500 130.885,964.630 138.500,964.500 559.200,974.200 764.754,990.155
ABU2 27.452,286.943 756.257,308.261 242.359,437.907 515.500,549.500 86.395,613.595 38.926,625.554 199.500,852.072 97.421,927.155
ABU3 220.500,87.500 98.500,106.500 868.500,195.500 27.465,286.952 756.340,308.360 929.500,356.500 242.214,437.896 184.500,543.500 786.500,609.500 38.785,625.500 97.368,927.049
ABU4 27.456,286.913 756.187,308.185 242.415,437.955 515.500,549.500 86.362,613.631 38.986,625.542 199.500,852.043 97.396,927.149
ABU5 954.500,1.500 417.500,3.500 663.500,3.500 777.500,4.500 962.500,4.500 423.500,6.500 314.500,8.500 995.500,11.500 190.500,13.500 746.500,13.500 132.500,14.500 807.500,14.500 650.500,18.500 592.500,23.500 365.500,24.500 85.500,26.500 362.500,29.500 978.500,29.500 385.500,30.500 292.500,34.500 697.500,38.500 811.500,39.500 172.500,42.500 390.500,45.500 498.500,45.500 338.500,47.500 760.500,47.500 718.500,49.500 38.500,50.500 261.500,51.500 236.500,52.500 161.500,54.500 132.500,55.500 910.500,56.500 307.500,59.500 886.500,61.500 605.500,62.500 405.500,63.500 834.500,64.500 93.500,65.500 689.500,67.500 638.500,68.500 296.500,69.500 569.500,70.500 38.500,71.500 756.500,72.500 585.500,79.500 798.500,80.500 538.500,83.500 172.500,87.500 35.500,88.500 569.500,88.500 129.500,90.500 54.500,93.500 769.500,93.500 576.500,95.500 101.500,98.500 964.500,98.500 888.500,101.500 638.500,104.500 438.500,105.500 279.500,108.500 406.500,110.500 45.500,111.500 241.500,111.500 118.500,112.500 671.500,114.500 701.500,119.500 728.500,122.500 428.500,123.500 772.500,123.500 453.500,124.500 601.500,127.500 583.500,128.500 479.500,131.500 659.500,133.500 628.500,134.500 823.500,134.500 7.500,138.500 271.500,139.500 196.500,141.500 717.500,141.500 495.500,142.500 195.500,146.500 284.500,146.500 459.500,148.500 903.500,153.500 508.500,157.500 339.500,158.500 816.500,163.500 884.500,165.500 4.500,166.500 197.500,180.500 839.500,181.500 38.500,182.500 795.500,185.500 854.500,186.500 146.500,187.500 112.500,190.500 313.500,190.500 328.500,190.500 472.500,193.500 541.500,193.500 16.500,194.500 147.500,195.500 888.500,196.500 782.500,198.500 390.500,200.500 871.500,208.500 622.500,215.500 221.500,216.500 305.500,218.500 991.500,220.500 421.500,224.102 860.500,224.500 387.500,230.500 580.500,233.500 689.500,234.500 279.500,236.500 500.500,237.500 364.500,239.500 737.500,241.500 26.500,243.500 326.500,243.500 690.500,243.500 94.500,252.500 190.500,255.500 353.500,255.500 371.500,256.500 333.500,257.500 717.500,261.500 889.500,264.500 196.500,265.500 937.500,267.500 547.500,271.500 888.500,272.500 63.500,273.500 733.500,274.500 369.500,276.500 382.500,279.500 28.221,287.501 107.500,284.500 218.500,285.500 524.500,287.500 548.500,290.500 470.500,292.500 625.500,293.500 680.500,295.500 118.500,296.500 693.500,296.500 498.500,298.500 130.500,299.500 136.500,302.500 358.500,302.500 758.185,310.336 131.500,305.500 523.500,305.500 888.500,305.500 27.500,308.500 832.500,309.500 672.500,310.500 978.500,312.500 387.500,314.500 218.500,315.500 46.500,316.500 293.500,319.500 994.500,319.500 135.500,322.500 208.500,322.500 571.500,324.500 394.500,326.500 745.500,328.500 722.500,331.500 931.500,333.500 76.500,337.500 845.500,338.038 204.500,342.500 978.500,342.500 399.500,343.500 833.500,353.500 345.500,355.500 433.500,355.500 337.500,356.500 465.500,359.500 451.500,360.500 188.500,365.500 230.500,365.500 263.500,370.500 144.500,373.500 1017.500,373.500 369.500,376.500 871.500,378.500 534.500,379.500 538.500,379.500 729.500,379.500 186.500,380.500 805.500,380.500 75.500,381.500 655.500,382.500 529.500,386.500 245.500,388.500 872.500,388.500 243.500,390.500 612.500,390.500 793.500,391.500 776.500,392.500 462.500,395.500 952.500,398.500 63.500,399.500 640.500,414.500 848.500,417.500 160.500,419.500 978.500,419.500 352.500,420.500 681.500,421.500 36.500,422.500 652.500,422.500 103.500,426.500 238.500,434.500 241.038,436.500 662.500,436.500 243.171,438.500 841.500,439.500 495.500,440.500 161.500,444.500 144.500,448.500 142.500,450.500 468.500,450.500 217.500,451.500 79.500,454.500 534.500,456.500 891.500,457.500 933.500,461.500 844.500,464.500 322.500,465.500 469.500,465.500 603.500,465.500 329.500,467.500 606.500,471.500 983.500,472.500 41.500,475.500 879.500,477.500 941.500,478.500 51.500,479.500 873.500,482.500 784.500,491.500 851.500,491.500 564.500,498.500 87.500,499.500 220.500,499.500 540.500,500.500 507.500,503.500 150.500,518.500 339.500,518.500 625.500,518.500 540.500,520.500 465.500,521.500 298.500,523.500 730.500,523.500 712.500,529.500 70.500,531.500 183.500,531.500 559.500,536.500 835.500,538.500 501.500,540.500 114.500,541.500 683.500,541.500 831.500,541.500 196.500,542.500 11.500,546.500 639.500,548.500 409.500,549.500 77.500,551.500 682.500,553.500 691.500,553.500 189.500,555.500 369.500,556.500 452.500,559.500 688.500,559.500 310.500,561.500 442.500,563.500 895.500,564.500 417.500,565.500 836.500,567.500 706.500,569.500 64.500,570.500 504.500,570.500 817.500,570.500 3.500,571.500 732.500,572.500 179.500,573.500 461.500,573.500 839.500,576.500 654.500,578.500 726.500,578.500 563.500,582.500 651.500,583.500 811.500,587.500 361.500,588.500 784.500,594.500 573.500,597.500 887.500,597.500 679.500,598.500 40.500,608.500 709.500,609.500 983.500,609.500 83.500,611.500 299.500,611.500 85.500,613.087 88.500,614.968 771.500,614.500 620.500,616.500 90.500,617.500 461.500,617.500 201.500,619.500 34.699,622.806 36.500,623.500 335.500,623.500 38.500,625.500 40.500,625.500 108.500,625.500 39.500,626.500 41.788,627.514 183.500,626.500 180.500,628.500 412.500,630.500 174.500,632.500 5.500,640.500 499.500,642.500 640.500,644.500 677.500,646.500 733.500,650.500 420.500,651.500 171.500,653.500 963.500,653.500 271.500,655.500 417.500,655.500 489.500,656.500 763.500,656.500 685.500,657.500 419.500,663.500 62.500,666.500 944.500,666.500 193.500,668.500 2.500,671.500 878.500,677.500 412.500,680.500 420.500,681.500 275.500,683.500 147.500,684.500 716.500,687.500 81.500,688.500 662.500,688.500 187.500,689.500 953.500,690.500 646.500,693.500 334.500,696.500 654.500,701.500 463.500,702.500 697.500,706.500 142.500,707.500 292.500,708.500 473.500,710.500 581.500,710.500 425.500,712.500 953.500,712.500 1012.500,712.500 957.500,713.500 160.500,714.500 188.500,716.500 102.500,717.500 463.500,717.500 565.500,720.500 559.500,725.500 772.500,725.500 766.500,727.500 989.500,727.500 402.500,728.500 64.500,731.500 318.500,733.500 617.500,739.500 844.500,739.500 527.500,740.500 185.500,741.500 585.500,741.500 72.500,742.500 183.500,742.500 614.500,744.500 541.500,745.500 636.500,745.500 738.500,746.500 535.500,750.500 648.500,753.500 1009.500,753.500 755.500,757.500 255.500,764.500 871.500,764.500 440.500,769.500 901.500,772.500 293.500,773.500 401.500,773.500 572.500,775.500 989.500,776.500 888.500,779.500 432.500,782.500 895.500,785.500 608.500,786.500 298.500,789.500 662.500,789.500 161.500,793.500 1003.500,795.500 487.500,797.500 339.500,798.500 835.500,801.500 319.500,806.500 157.500,807.500 45.500,815.500 362.500,818.500 460.500,818.500 69.500,821.500 488.500,824.500 1016.500,824.500 558.500,826.500 243.500,828.500 236.500,829.500 254.500,829.500 404.500,830.500 855.500,832.500 396.500,833.500 286.500,836.500 777.500,837.500 263.500,839.500 547.500,840.500 340.500,842.500 196.500,848.500 189.500,850.500 599.500,850.500 199.500,851.952 201.500,854.500 997.500,854.500 775.500,857.500 882.500,857.500 190.500,858.500 951.500,862.500 56.500,863.500 459.500,864.500 824.500,866.500 776.500,867.500 708.500,874.500 703.500,875.500 712.500,879.500 357.500,881.500 298.500,888.500 140.500,890.500 990.500,890.500 730.500,891.500 934.500,892.500 405.500,895.500 654.500,897.500 195.500,898.500 570.500,902.500 150.500,903.500 319.500,903.500 175.500,904.500 947.500,905.500 177.500,906.500 932.500,908.500 730.500,910.500 669.500,911.500 790.500,914.500 430.500,915.500 720.500,917.500 134.500,918.500 906.500,919.500 322.500,921.500 86.500,922.500 97.731,927.483 513.500,922.500 532.500,922.500 117.500,927.500 108.500,930.500 562.500,932.500 86.500,933.500 818.500,933.500 292.500,934.500 306.500,935.500 392.500,937.500 313.500,940.500 572.500,942.500 754.500,943.500 129.500,945.500 850.500,945.500 242.500,946.500 278.500,950.500 320.500,951.500 39.500,953.500 58.500,954.500 577.500,955.500 28.500,958.500 484.500,958.500 495.500,959.500 558.500,960.500 624.500,965.500 287.500,967.500 969.500,970.500 922.500,971.500 392.500,972.500 158.500,982.500 112.500,983.500 728.500,984.500 277.500,985.500 343.500,987.500 827.500,988.500 683.500,990.500 250.500,991.500 302.500,991.500 142.500,992.500 308.500,993.500 829.500,993.500 420.500,995.500 701.500,995.500 647.500,997.500 473.500,1000.500 321.500,1001.500 652.500,1001.500 62.500,1009.500 675.500,1012.500 187.500,1013.500 609.500,1013.500 679.500,1014.500 722.500,1015.500 694.500,1020.500 47.500,1022.500
ABU6 28.251,287.577 753.029,304.788 755.500,307.500 759.556,311.608 243.500,438.500 97.763,927.443
ABV0 899.041,3.355 471.758,8.180 92.019,13.274 437.508,36.850 927.870,50.562 482.523,54.741 252.133,56.626 438.099,67.298 682.007,71.691 702.462,74.949 706.885,84.703 930.336,97.018 20.637,102.149 363.389,116.715 996.167,117.167 616.606,128.722 237.698,133.193 743.666,133.282 903.650,137.035 748.002,142.020 9.857,144.088 559.121,153.218 586.616,154.302 535.064,160.436 673.089,160.590 486.061,172.579 852.332,182.580 26.985,187.838 368.094,196.026 834.073,196.130 180.417,200.852 207.608,206.747 190.520,207.457 834.015,210.479 263.057,220.517 389.553,220.035 381.947,224.977 575.436,231.240 751.688,231.285 567.116,238.094 356.683,243.978 862.638,244.141 852.226,248.945 989.256,259.307 242.874,274.713 83.326,275.691 316.124,275.588 859.361,278.677 785.451,290.458 83.623,294.323 401.454,300.578 486.836,302.043 394.008,310.632 735.113,324.659 490.096,338.676 804.335,337.304 661.163,346.707 19.767,358.248 489.642,369.412 770.084,371.449 751.464,384.242 886.644,389.440 565.898,389.872 188.000,393.932 518.965,398.856 927.415,409.817 304.978,412.314 399.361,412.656 836.497,414.368 965.511,415.277 979.655,414.682 267.008,415.661 360.474,416.647 235.142,420.707 740.215,421.832 780.196,425.248 239.592,427.010 743.147,428.829 474.489,429.536 630.381,429.702 128.034,434.030 400.704,433.889 635.194,435.208 79.370,436.632 274.086,454.331 809.996,454.127 498.516,457.000 442.478,458.262 514.958,461.360 16.144,462.796 147.206,470.500 314.395,470.877 941.068,471.189 803.552,472.547 497.033,474.534 626.575,476.145 286.305,481.085 630.760,483.344 776.632,484.609 65.046,485.182 828.179,484.449 217.474,489.486 558.083,491.002 837.952,495.545 308.615,503.877 432.396,514.287 440.843,514.630 595.121,521.139 376.285,523.705 990.885,526.350 725.210,544.391 781.168,544.480 345.700,547.678 659.527,550.342 329.119,553.401 416.322,557.282 555.160,558.436 641.699,561.517 349.489,564.823 303.573,576.883 1009.492,576.987 274.123,584.052 427.031,591.400 74.937,598.289 312.320,601.882 574.098,601.322 1006.887,603.589 41.482,606.546 978.451,608.029 646.227,615.761 399.757,618.300 203.013,619.011 470.672,620.355 33.745,624.000 803.357,624.872 297.447,628.611 645.879,629.791 420.372,630.843 625.479,631.367 422.694,635.639 397.321,636.811 510.989,646.609 414.183,647.462 516.547,648.862 977.341,655.906 256.834,660.375 380.632,660.419 335.513,665.627 742.615,665.167 275.863,667.546 611.106,670.587 768.609,667.803 929.682,669.921 318.737,669.613 442.273,675.576 594.018,676.229 618.404,679.530 576.664,683.256 604.371,681.141 562.934,687.035 661.077,685.975 361.355,686.322 616.564,687.626 639.923,690.550 219.513,691.477 465.753,694.088 300.361,695.199 925.984,694.626 470.827,696.399 422.602,701.902 526.162,700.465 581.729,702.690 453.921,705.246 350.290,706.504 465.331,706.456 112.220,709.515 451.396,710.854 189.796,715.171 790.721,719.512 658.290,722.388 462.091,726.408 546.217,728.591 763.684,731.076 513.290,732.430 176.405,732.859 304.961,732.790 273.000,734.754 372.583,735.181 525.349,745.255 935.002,751.982 530.404,752.840 497.449,755.381 216.951,756.830 297.034,762.227 471.633,764.498 851.377,764.490 755.392,772.726 585.542,773.843 493.004,778.331 425.079,781.766 704.056,782.779 586.595,796.251 904.458,796.999 964.153,797.640 297.651,805.841 391.894,804.870 989.675,821.719 791.469,823.253 785.538,824.641 108.554,827.554 181.838,832.715 94.264,835.025 833.243,834.517 412.123,835.093 84.017,839.051 120.366,842.522 132.811,842.326 601.524,845.210 627.610,845.751 621.875,846.980 315.785,852.486 988.410,853.359 61.231,863.063 832.105,867.854 866.927,869.177 394.303,876.391 404.694,890.500 713.446,896.060 315.051,899.652 439.367,899.990 584.283,900.735 242.403,903.203 512.004,907.559 978.774,913.708 530.321,914.690 364.503,920.379 136.438,927.489 439.249,929.000 463.359,929.435 420.466,939.740 638.487,943.266 696.142,951.445 734.317,951.870 132.016,957.912 729.959,961.184 884.521,962.789 822.093,963.599 435.005,970.601 227.877,973.508 668.089,980.652 931.524,982.962 34.410,985.247 844.091,988.218 729.643,989.314 981.043,993.988 818.451,999.603 117.308,1001.173 673.007,1006.084 159.576,1007.906 643.950,1009.172 932.238,1008.996 686.929,1009.701 794.961,1013.173 600.336,1012.995 77.018,1017.357 360.577,1020.371
ABV1 898.500,3.500 471.771,8.051 90.500,12.500 92.500,13.500 1.500,35.500 438.500,36.500 927.500,50.500 483.500,54.500 930.227,97.202 20.928,101.500 363.084,116.701 996.500,116.888 743.462,133.315 745.500,132.500 904.500,137.500 747.928,142.500 559.500,154.049 534.888,160.286 672.756,160.229 851.500,182.500 26.500,188.500 367.500,195.049 191.500,206.500 208.500,206.500 833.736,210.523 389.500,219.500 263.300,221.111 380.500,223.500 382.115,225.411 575.500,230.500 357.191,243.789 862.500,243.500 989.568,259.341 242.500,274.500 84.500,294.500 401.569,300.463 486.500,302.500 735.242,324.554 490.195,338.673 661.500,346.500 659.500,347.500 20.500,358.000 489.500,369.147 886.592,389.343 566.184,389.908 304.500,411.500 305.500,412.500 835.500,413.500 978.500,414.500 964.500,415.500 966.500,415.500 235.199,420.765 739.500,421.500 780.363,425.330 778.500,424.500 239.534,427.017 743.111,428.595 474.500,429.107 630.500,429.500 127.985,434.140 635.403,434.977 79.184,436.790 273.943,454.508 809.957,454.500 498.500,457.043 442.500,458.000 514.929,461.403 16.119,462.703 314.500,470.500 803.827,472.644 941.500,471.500 497.500,474.928 626.500,476.500 630.799,483.308 776.905,484.294 63.500,484.500 65.500,484.500 827.500,484.500 64.500,486.500 217.500,488.500 218.500,489.500 557.500,490.500 838.029,495.971 309.500,503.500 432.500,514.500 595.116,521.159 990.976,526.346 725.500,544.500 781.500,544.500 659.500,550.500 415.500,556.500 641.870,561.351 349.500,564.500 304.500,577.500 1009.500,577.500 275.191,583.789 273.500,584.853 75.188,598.227 1006.500,603.500 400.500,616.500 399.500,617.500 401.500,617.500 400.255,619.127 471.049,620.434 34.500,624.500 297.500,628.500 646.177,629.654 420.500,630.500 624.500,631.500 422.500,635.500 380.500,660.500 334.977,666.000 612.846,667.718 276.500,668.500 929.782,669.927 318.500,669.500 610.464,671.926 441.716,674.895 593.814,676.005 442.500,676.500 577.192,683.091 660.909,686.368 466.500,693.500 300.539,695.112 465.024,694.500 926.500,694.500 422.656,701.913 525.500,700.500 454.213,704.787 350.500,706.500 465.500,706.500 112.500,710.000 189.702,715.240 790.500,718.500 462.140,726.490 547.000,728.500 763.632,731.144 513.309,732.284 304.500,732.500 515.500,733.500 525.500,745.500 934.774,751.932 497.450,755.367 216.676,756.756 297.500,761.888 471.523,764.500 852.072,764.500 425.500,781.500 703.227,782.188 586.500,796.500 904.500,797.500 963.500,797.500 391.500,803.500 297.390,805.680 392.500,804.500 391.500,805.500 989.971,821.879 791.500,823.162 108.554,827.508 181.500,833.049 94.132,835.111 833.114,834.875 84.500,839.500 120.379,842.567 61.500,862.500 395.500,876.500 404.960,890.514 713.500,896.162 314.500,900.500 439.500,900.500 584.101,900.945 242.306,903.419 511.500,907.500 978.906,913.777 464.500,928.500 463.500,929.500 419.500,940.049 638.072,943.500 733.500,952.500 131.500,958.000 730.500,960.500 729.500,961.500 227.874,973.544 931.951,983.500 34.978,984.723 729.769,989.283 843.500,987.500 818.500,998.500 817.500,1000.500 931.500,1008.500 933.045,1009.500 794.759,1013.081 601.500,1013.500 874.500,1022.500
ABV2 514.912,461.500 630.846,483.304 990.851,526.289 610.500,671.872 422.804,701.900 189.733,715.228 462.285,726.505 763.600,731.173 497.280,755.325 227.936,973.519
ABV3 380.500,87.500 256.500,106.500 630.934,483.254 434.500,524.500 328.500,543.500 16.500,610.500 944.500,657.500 610.500,671.500 422.500,701.500 423.500,702.500 189.612,715.297 462.274,726.849 763.798,731.197 496.846,755.270 278.500,844.500 656.500,876.500 227.967,973.499
ABV4 514.954,461.500 630.857,483.294 990.822,526.258 610.500,671.920 422.980,701.974 189.783,715.280 462.310,726.453 763.567,731.183 497.290,755.319 227.986,973.513
ABV5 685.500,3.500 976.500,4.500 919.500,5.500 447.500,6.500 533.500,7.500 314.500,8.500 870.500,9.500 264.500,10.500 150.500,13.500 600.500,13.500 118.500,14.500 83.500,15.500 297.500,17.500 750.500,17.500 608.500,18.500 550.500,23.500 859.500,25.500 32.500,26.500 298.500,29.500 539.500,29.500 540.500,38.500 883.500,38.500 973.500,38.500 506.500,39.500 815.500,39.500 347.500,44.500 412.500,45.500 364.500,47.500 780.500,47.500 11.500,48.500 740.500,49.500 279.500,51.500 457.500,52.500 762.500,55.500 313.500,59.500 145.500,61.500 866.500,64.500 127.500,65.500 973.500,65.500 749.500,67.500 702.500,68.500 360.500,69.500 633.500,70.500 697.500,79.500 836.500,80.500 730.500,81.500 300.500,87.500 165.500,88.500 263.500,90.500 269.500,91.500 184.500,93.500 893.500,93.500 354.500,97.500 405.500,97.500 209.500,98.500 1004.500,101.500 705.500,103.500 524.500,105.500 186.500,106.500 446.500,108.500 141.500,111.500 337.500,111.500 224.500,112.500 795.500,114.500 828.500,122.500 781.500,125.500 713.500,127.500 881.500,129.500 947.500,134.500 139.500,138.500 409.500,139.500 1016.500,139.500 867.500,141.500 651.500,142.500 335.500,146.500 424.500,146.500 677.500,147.500 1020.500,147.500 627.500,148.500 81.500,154.500 714.500,157.500 549.500,158.500 925.500,158.500 50.500,166.500 661.500,166.500 929.500,166.500 2.500,168.500 748.500,172.500 871.500,175.500 71.500,180.500 759.500,187.500 287.500,191.500 992.500,191.500 169.500,192.500 800.500,193.500 869.500,193.500 479.500,195.500 1010.500,195.500 202.500,197.500 98.500,199.500 435.500,199.500 526.500,216.500 315.500,221.500 1020.500,221.500 301.500,222.500 767.500,223.500 761.500,224.500 176.500,225.500 689.500,226.500 741.500,230.500 316.500,234.500 788.500,235.500 862.500,237.500 992.500,237.500 206.500,239.500 734.500,239.500 390.500,243.500 232.500,244.500 624.500,244.500 11.500,247.500 43.500,247.500 496.500,252.500 771.500,255.500 775.500,256.500 649.500,257.500 990.500,257.500 83.500,262.500 295.500,268.500 219.500,271.500 945.500,271.500 457.500,273.500 1022.500,274.500 751.500,276.500 375.500,277.500 535.500,284.500 994.500,287.500 113.500,288.500 38.500,291.500 139.500,294.500 26.500,297.500 224.500,297.500 633.500,300.500 246.500,301.500 634.500,302.500 866.500,302.500 725.500,304.500 643.500,305.500 783.500,306.500 869.500,309.500 228.500,311.500 582.500,313.500 1021.500,314.500 880.500,315.500 730.500,316.500 740.500,318.500 21.500,322.500 915.500,322.500 988.500,322.500 520.500,328.500 299.500,330.500 472.500,332.500 695.500,334.500 557.500,338.500 597.500,338.500 591.500,339.500 135.500,341.500 521.500,342.500 382.500,345.500 793.500,345.500 165.500,346.500 959.500,351.500 261.500,356.500 349.500,356.500 604.500,357.500 23.500,359.500 585.500,364.500 276.500,371.500 104.500,374.500 975.500,374.500 303.500,377.500 837.500,379.500 502.500,380.500 506.500,380.500 697.500,380.500 154.500,381.500 481.500,387.500 579.500,387.500 150.500,389.500 225.500,391.500 586.500,391.500 139.500,395.500 956.500,399.500 67.500,400.500 862.500,404.500 827.500,406.500 988.500,412.500 240.500,418.500 894.500,419.500 996.500,420.500 87.500,423.500 73.500,427.500 1002.500,427.500 769.500,428.500 735.500,430.500 798.500,431.500 7.500,436.500 572.500,437.500 13.500,438.500 84.500,439.500 745.500,440.500 103.500,443.500 735.500,444.500 141.500,445.500 126.500,449.500 118.500,451.500 191.500,452.500 261.500,458.500 801.500,458.500 502.500,459.500 757.500,462.500 518.500,464.500 72.500,466.500 219.500,466.500 353.500,466.500 91.500,468.500 880.500,468.500 499.500,469.500 802.500,472.500 450.500,475.500 629.545,481.837 537.500,478.500 591.500,479.500 711.500,479.500 179.500,482.500 116.500,484.500 373.500,484.500 569.500,484.500 93.500,486.500 431.500,487.500 756.500,490.500 417.500,491.500 353.500,493.500 278.500,495.500 108.500,496.500 90.500,499.500 641.500,499.500 774.500,499.500 419.500,502.500 67.500,504.500 92.500,521.500 1011.500,521.500 816.500,523.500 212.500,524.500 990.500,527.500 995.500,529.500 88.500,530.500 468.500,531.500 937.500,536.500 193.500,539.500 871.500,540.500 484.500,541.500 832.500,542.500 685.500,545.500 365.500,546.500 196.500,547.500 395.500,548.500 983.500,548.500 751.500,549.500 255.500,550.500 439.500,551.500 930.500,559.500 177.500,560.500 653.500,560.500 564.500,561.500 788.500,561.500 263.500,562.500 906.500,563.500 485.500,564.500 335.500,565.500 877.500,565.500 258.500,568.500 154.500,570.500 534.500,570.500 974.500,570.500 263.500,571.500 979.500,571.500 988.500,571.500 947.500,573.500 352.500,579.500 798.500,579.500 698.500,580.500 65.500,583.500 163.500,584.500 516.500,587.500 929.500,588.500 469.500,590.500 532.500,594.500 364.500,595.500 47.500,599.500 259.500,599.500 75.500,601.500 377.500,601.500 500.500,606.500 48.500,609.500 578.500,609.500 295.500,610.500 573.500,610.500 947.500,611.500 292.500,612.500 874.500,614.500 240.500,617.500 524.500,618.500 803.500,619.500 5.500,621.500 7.500,627.500 808.500,628.500 851.500,629.500 946.500,629.500 28.500,631.500 641.500,637.500 421.500,640.500 562.500,640.500 795.500,641.500 803.500,643.500 828.500,643.500 268.500,645.500 423.500,651.500 122.500,652.500 175.500,653.500 925.500,653.500 691.500,654.500 21.500,656.500 167.500,656.500 247.500,657.500 521.500,657.500 974.500,657.500 459.500,658.500 583.500,659.500 118.500,660.500 587.500,664.500 906.500,666.500 607.500,667.500 742.500,671.500 755.500,679.500 1020.500,680.500 667.500,681.500 1022.500,681.500 24.500,684.500 222.500,688.500 586.500,688.500 166.500,689.500 427.500,691.500 421.500,701.500 88.500,702.500 423.500,702.500 136.500,703.500 625.500,703.500 425.500,704.500 31.500,705.500 105.500,707.500 566.500,707.500 891.500,710.500 999.500,710.500 185.500,711.500 186.500,712.500 825.500,712.500 323.500,713.927 382.500,713.500 190.500,714.500 189.193,715.500 192.500,717.058 566.500,716.500 474.500,717.500 193.500,718.500 905.500,720.500 458.500,722.000 460.500,723.500 459.500,724.500 461.034,725.342 871.500,725.500 60.500,726.500 462.808,727.219 374.500,727.500 761.500,727.500 515.500,728.500 660.500,728.500 464.500,729.500 911.500,729.500 1000.500,729.500 238.500,731.500 466.500,731.500 767.500,735.500 604.500,737.500 621.500,739.500 848.500,739.500 911.500,739.500 580.500,740.500 592.500,740.500 618.500,741.500 689.500,743.500 581.500,745.500 676.500,745.500 778.500,746.500 881.500,747.500 771.500,748.500 368.500,749.500 525.500,750.500 16.500,751.500 59.500,751.500 86.500,751.500 249.500,753.500 496.500,753.500 604.500,753.500 955.500,753.500 48.500,755.500 496.500,755.500 499.500,756.500 202.500,757.500 498.500,757.500 1018.500,757.500 1013.500,763.500 123.500,764.500 715.500,764.500 825.500,765.500 113.500,773.500 650.500,774.500 390.500,775.500 561.500,775.500 905.500,776.500 114.500,786.500 478.500,789.500 153.500,806.500 255.500,808.500 312.500,808.500 626.500,809.500 388.500,820.500 995.500,820.500 386.500,824.500 902.500,824.500 601.500,827.500 135.500,828.500 307.500,829.500 555.500,829.500 558.500,829.500 290.500,830.500 979.500,831.500 721.500,832.500 256.500,833.500 209.500,835.500 142.500,836.500 547.500,839.500 369.500,840.500 144.500,842.500 283.500,845.500 780.500,847.500 19.500,850.500 437.500,850.500 919.500,854.500 186.500,855.500 722.500,857.500 448.500,862.500 877.500,862.500 1006.500,862.500 387.500,864.500 419.500,865.500 734.500,865.500 750.500,867.500 725.500,875.500 399.500,881.500 163.500,885.500 538.500,885.500 984.500,885.500 309.500,886.500 14.500,891.500 772.500,891.500 710.500,897.500 365.500,899.500 471.500,899.500 78.500,901.500 305.500,903.500 359.500,903.500 213.500,904.500 983.500,905.500 215.500,906.500 728.500,910.500 669.500,911.500 832.500,914.500 446.500,915.500 413.500,917.500 444.500,919.500 978.500,919.500 140.500,921.500 426.500,921.500 633.500,922.500 652.500,922.500 685.500,928.500 294.500,930.500 161.500,931.500 923.500,931.500 266.500,933.500 474.500,934.500 296.500,935.500 300.500,935.500 684.500,942.500 952.500,943.500 496.500,946.500 614.500,951.500 46.500,952.500 342.500,954.500 751.500,959.500 547.500,962.500 535.500,967.500 227.305,972.841 37.500,971.500 389.500,971.500 640.500,972.500 158.500,976.500 1009.500,978.500 224.500,981.500 155.500,982.500 264.500,983.500 886.500,984.500 441.500,985.500 509.500,987.500 827.500,990.500 394.500,991.500 446.500,991.500 55.500,993.500 544.500,995.500 823.500,995.500 731.500,996.500 753.500,997.500 883.500,999.500 25.500,1000.500 571.500,1000.500 738.500,1001.500 83.500,1006.500 98.500,1009.500 899.500,1009.500 706.500,1015.500 195.500,1017.500 69.500,1022.500
ABV6 630.018,482.393 186.500,712.500 189.500,715.500 460.500,725.500 227.373,972.873
