AAA0 448.940,23.145 485.477,40.974 1013.194,48.088 172.387,63.347 281.997,66.305 348.885,65.441 8.161,88.424 424.229,96.419 38.979,147.309 43.987,168.496 592.060,176.073 234.453,180.060 213.491,205.307 809.872,212.842 739.359,239.842 300.626,271.007 877.779,277.048 230.784,281.084 281.153,317.490 40.352,317.721 719.274,331.782 830.048,331.869 787.787,373.129 269.736,376.124 497.920,390.109 610.566,391.131 675.504,403.824 570.852,411.996 148.044,415.075 41.651,444.862 666.122,448.045 839.510,456.362 22.866,459.746 619.667,460.121 48.919,466.032 121.224,468.122 278.966,477.048 80.357,500.773 309.106,502.162 806.059,506.914 814.034,508.986 845.405,509.234 73.720,509.780 967.152,513.386 533.050,516.005 458.030,533.905 569.331,549.513 554.095,555.338 630.243,561.314 977.720,566.099 525.649,574.865 767.277,577.219 36.575,577.324 236.213,580.678 82.176,590.752 656.399,590.302 185.376,603.671 864.905,605.248 700.800,613.853 659.078,624.264 397.938,628.157 739.350,639.306 721.476,645.048 662.090,650.651 696.577,655.067 564.614,670.278 82.616,674.748 689.002,678.284 301.314,680.371 909.045,688.184 928.633,708.418 412.802,718.811 249.635,725.021 872.805,729.056 775.769,739.148 262.675,743.161 435.577,755.175 931.176,761.334 24.804,779.941 153.648,783.147 409.557,793.877 641.303,801.444 584.471,804.373 648.989,818.844 416.125,821.663 431.211,838.868 327.165,847.165 276.744,889.247 873.873,912.524 84.676,925.248 161.304,924.739 972.737,926.933 213.785,929.501 373.849,944.371 100.749,953.489 610.068,959.468 81.628,960.796 376.999,973.390 310.505,974.019 398.827,977.892 278.100,985.902 569.192,993.824 250.166,1015.314 239.365,552.744 524.641,178.666 803.447,751.829 252.716,927.735 949.458,260.561 751.599,989.381 827.327,580.842 340.255,738.423 157.023,204.904 150.989,704.354 13.723,572.627 749.885,960.429 210.273,485.879 329.762,415.434 482.534,485.344 271.156,709.421 687.963,161.504 177.356,877.862 712.499,528.113 721.613,546.331 879.910,120.143 255.250,203.124 331.145,199.573 74.807,216.480 57.640,283.351 640.055,503.816 66.643,171.905 130.340,318.360 188.283,334.456 34.512,671.564 302.430,820.086 727.448,7.762 886.422,584.574 554.200,629.592 44.991,877.979 851.985,123.258 970.490,348.632 222.759,698.109 141.320,369.865 404.443,592.482 109.447,347.500 980.355,372.911 563.001,400.657 461.199,653.508 185.713,627.934 975.322,916.695 167.960,469.515 399.161,134.746 463.335,332.511 1010.124,842.819 629.954,668.615 222.392,784.464 142.707,233.375 598.006,302.508 167.868,416.555 507.970,699.017 420.932,661.509 701.043,782.351 184.621,290.609 727.957,256.151 899.995,786.337 573.238,961.415 691.362,574.239 427.161,620.547 483.960,701.135 129.732,107.464 312.962,149.454 455.814,154.081 703.708,121.729 47.388,430.525 83.521,700.619 480.906,851.579 304.412,927.910 374.137,1000.513 708.602,76.163 144.374,161.514 689.965,542.800 795.685,412.243 906.565,990.417 61.594,306.927 862.365,425.959 194.428,760.566 610.287,84.407 233.328,169.986 277.261,328.837 799.660,740.168 916.475,772.600 124.965,16.238 648.433,78.738 794.017,89.346 295.181,744.536 779.799,457.037 676.301,499.983 534.684,806.383 370.816,296.541 553.365,709.999 226.944,842.688 57.737,227.666 469.636,667.520 825.224,949.174 115.997,196.652 276.475,919.321 375.329,531.766 624.770,734.929 780.584,957.195 333.325,995.724 20.985,141.456 26.737,470.618 495.550,880.282 963.139,24.175 24.920,308.864 149.581,101.567 11.503,198.537 356.587,389.411 476.189,97.437 766.792,440.827 881.546,459.604 497.786,323.388 847.836,39.458 549.529,279.689 768.951,799.030 329.934,970.802
AAA1 571.670,413.171 39.416,148.579 845.802,509.967 767.383,578.186 270.488,377.049 619.959,460.547 213.611,930.525 43.900,169.501 498.498,390.650 659.307,625.368 449.351,23.848 148.626,418.544 262.854,743.580 399.366,978.044 814.375,509.232 564.684,670.576 641.219,802.016 877.455,277.222 308.977,502.000 584.596,804.711 435.775,755.128 282.415,66.252 719.073,331.812 839.459,456.447 278.716,477.414 977.774,566.147 610.356,959.660 688.957,678.305 301.237,685.424 1013.292,48.130 829.831,331.600 611.012,391.652 569.382,549.224 696.666,654.868 787.661,373.126 675.344,404.417 532.606,516.106 24.665,779.715 84.673,925.133 972.889,926.784 310.243,974.159 966.758,513.444 412.445,718.590 775.722,739.377 161.453,924.727 377.168,973.521 569.018,993.828 908.591,688.223 431.243,838.509 81.617,961.150 485.670,40.641 424.188,96.511 213.545,204.973 666.100,447.553 23.316,459.260 79.991,500.719 82.845,590.204 864.591,604.890 397.636,628.152 661.682,651.286 931.624,761.335 153.373,783.431 416.269,821.620 874.104,912.118 278.499,986.076 300.108,271.274 230.904,281.023 281.333,317.571 457.790,533.833 525.989,575.450 36.899,577.283 827.147,580.723 656.480,590.755 739.173,639.186 271.379,709.303 649.168,818.805 727.634,7.682 8.216,88.382 143.821,161.171 688.050,161.541 592.333,175.836 809.549,213.240 141.085,369.749 48.568,465.935 121.803,467.935 713.386,527.820 689.829,542.910 630.103,560.637 236.380,580.565 700.614,614.283 721.403,644.460 460.836,653.212 629.672,668.884 82.774,674.859 222.414,697.935 508.699,698.830 483.537,700.679 928.529,708.366 249.478,724.822 276.917,889.053 252.749,927.478 374.077,944.426 751.161,989.235 708.314,75.971 609.741,84.456 793.419,89.492 149.400,101.700 129.605,107.528 703.397,121.549 851.712,123.476 399.038,134.722 313.120,148.982 331.141,199.474 254.602,203.775 949.406,260.300 598.367,302.828 40.547,317.717 330.165,415.502 780.028,457.231 26.425,471.306 73.502,509.604 721.821,546.694 554.577,556.003 13.584,572.594 403.727,591.979 426.563,620.770 186.056,627.964 553.369,710.549 873.229,729.415 803.691,751.741 222.182,784.341 409.366,793.643 327.373,847.281 481.347,851.316 177.256,878.281 975.448,916.729 303.980,927.934 101.070,953.297 749.275,959.842 172.801,63.220 348.571,65.278 476.143,97.670 879.804,119.739 67.263,172.170 233.989,180.029 524.955,178.735 74.575,216.505 739.589,240.178 184.263,291.044 129.690,318.536 498.034,323.754 462.899,332.305 188.103,334.210 109.380,347.739 969.823,348.835 981.587,373.035 795.260,412.093 167.474,416.973 41.478,444.204 881.729,459.729 168.836,469.366 210.153,485.678 482.660,485.605 676.801,500.262 238.931,552.408 691.609,574.558 887.232,584.857 185.136,603.525 554.215,628.577 469.708,667.475 34.389,671.582 151.432,704.112 340.467,738.686 193.621,760.623 915.705,772.996 899.523,785.686 302.894,820.771 573.124,961.509 124.056,16.419 848.347,39.320 21.591,141.932 455.942,153.831 232.908,169.405 115.573,196.539 156.941,204.652 57.553,227.553 142.566,233.616 726.780,255.708 549.443,279.645 57.207,282.615 371.887,297.399 61.996,307.168 26.000,308.000 277.593,329.507 356.887,389.450 562.811,401.368 861.765,425.386 47.005,430.676 767.264,440.668 639.643,504.399 375.201,531.842 420.675,660.754 83.798,700.617 625.618,734.610 799.771,739.563 294.510,744.221 187.759,768.842 701.258,782.172 769.855,797.749 534.609,806.574 226.989,843.094 1010.468,842.865 44.879,879.072 495.340,880.518 275.758,918.608 825.269,948.889 779.365,957.324 329.852,969.530 906.720,990.694 332.691,995.549 373.605,1000.643 961.977,24.430 648.786,77.655 10.759,197.541
AAA2 39.542,148.613 43.945,169.374 270.424,377.047 498.394,390.600 148.678,418.062 620.024,460.473 767.337,578.233 213.517,930.427 250.471,1016.030 571.595,413.228 580.908,413.183 845.697,509.807
AAA3 943.915,8.933 344.316,24.221 560.549,72.481 44.029,169.336 756.701,206.939 270.569,376.954 767.345,578.315 942.628,603.984 64.586,658.616 2.549,728.027 213.433,930.383 994.748,944.750 464.889,995.010 39.686,148.663 571.523,413.277 710.978,391.012
AAA4 43.950,169.379 270.428,377.055 498.386,390.595 620.036,460.473 767.328,578.224 213.518,930.427 250.514,1016.037 224.273,7.985 39.485,148.539 571.709,413.047 580.920,413.179
AAA5 44.562,169.719 271.351,376.728 498.904,392.077 620.763,460.601 767.876,579.139 213.339,929.926 251.266,1016.375 225.693,8.779 38.782,148.500 572.226,413.345 581.483,414.002
AAA6 66.706,525.114 168.540,416.610 120.193,512.630 571.819,413.058 848.126,512.986 640.780,800.672
AAB0 544.034,6.709 978.188,31.560 392.478,35.236 985.947,43.270 918.131,44.275 888.804,44.883 458.737,48.404 227.380,50.018 966.765,55.060 479.036,67.756 296.986,71.763 687.572,73.405 140.104,73.717 726.214,98.085 438.786,101.158 685.052,108.877 845.207,110.433 903.423,116.912 349.318,122.969 174.386,130.678 450.606,138.817 794.827,146.584 10.511,156.283 769.720,156.915 948.387,164.286 230.755,175.073 982.313,178.964 212.694,188.893 86.633,206.089 750.807,205.938 154.223,209.019 93.077,212.187 64.072,220.163 230.238,225.128 512.115,232.106 656.635,241.136 724.826,247.502 494.211,249.748 701.500,252.389 521.779,255.069 914.802,258.195 703.038,257.889 869.022,260.805 672.017,268.065 318.331,274.183 559.400,281.337 931.685,290.072 983.243,308.266 547.107,311.307 1007.708,316.278 687.250,338.400 787.474,339.227 305.202,373.819 664.562,386.695 271.059,396.900 507.675,398.164 562.632,400.985 815.122,400.564 171.718,416.014 616.824,420.995 511.685,424.202 272.274,435.204 944.355,443.293 735.952,448.453 373.175,451.198 244.771,458.494 873.606,467.452 44.823,479.345 460.322,488.522 734.398,505.386 161.723,509.082 374.563,509.683 71.321,515.585 407.351,517.288 45.332,518.936 885.290,523.414 922.013,545.313 913.294,548.527 1011.384,563.853 655.663,576.120 288.622,583.149 773.349,603.383 526.422,606.400 348.485,614.175 573.800,617.884 553.182,662.946 578.650,708.218 535.790,714.040 145.988,719.994 594.959,742.036 863.221,767.021 338.819,792.710 842.403,834.943 769.990,869.681 463.675,874.974 691.428,880.477 726.657,899.194 95.947,919.674 883.405,932.424 130.691,944.195 574.242,948.758 45.113,963.847 690.931,967.327 679.878,970.848 979.808,242.162 700.388,226.112 42.169,353.489 995.851,414.944 504.423,838.867 505.478,946.245 307.516,91.008 414.704,278.806 794.392,360.822 84.784,304.522 168.567,374.019 1010.420,584.611 117.545,744.269 949.246,55.784 152.097,526.114 472.785,441.062 463.443,27.272 264.513,145.949 276.513,205.816 512.578,124.686 901.380,440.726 829.497,908.304 473.908,418.361 58.577,846.407 839.676,443.134 217.123,733.687 246.798,81.142 423.849,355.459 734.493,536.257 505.625,700.015 558.146,73.528 793.423,454.642 636.000,78.525 623.725,853.362 411.732,157.527 930.290,490.612 964.262,157.363 955.942,362.199 819.299,421.095 887.196,716.569 588.334,753.735 769.634,797.655 654.755,161.563 290.857,123.812 578.233,629.018 325.631,237.107 377.949,730.971 616.619,342.093 599.123,416.510 594.272,458.590 418.398,550.054 158.858,973.412 763.494,189.374 138.260,225.912 313.127,629.589 778.719,891.064 571.261,971.292 281.681,418.775 234.210,472.278 590.131,841.511 460.914,498.660 147.258,36.632 344.882,193.791 644.248,281.992 730.161,352.144 603.512,358.263 287.480,403.581 665.367,736.513 844.815,270.400 556.334,594.989 949.211,382.705 97.944,640.252 928.554,60.167 389.581,218.776 148.604,238.710 947.213,691.324 772.806,391.332 218.746,97.979 380.172,495.335 791.511,969.957 422.959,126.419 44.386,170.679 324.448,215.818 756.479,430.264 313.032,967.960 841.638,74.527 738.433,107.692 459.681,845.233 458.381,716.731 257.872,651.024 616.695,760.046 871.178,860.395 985.155,425.541 527.391,482.601 458.532,895.934 95.411,509.389 542.683,622.236 467.565,676.161 7.619,772.399 324.536,172.258 194.899,981.063 760.189,661.437 628.497,1001.382 745.563,664.298
AAB1 656.206,576.802 787.713,340.234 87.297,206.731 392.837,35.894 770.366,157.642 512.866,232.734 915.380,258.838 932.042,290.559 348.613,614.696 507.980,398.796 918.317,44.929 512.080,424.792 726.700,899.874 656.715,241.454 913.133,549.091 161.367,509.027 154.220,209.625 562.645,401.187 535.791,713.740 10.438,156.747 64.604,220.292 726.425,98.585 948.256,164.536 547.138,311.700 407.628,517.479 873.653,467.636 922.152,545.333 559.370,281.726 734.368,505.511 174.179,130.654 230.587,174.969 701.455,252.382 671.841,268.219 595.065,741.755 966.824,55.291 868.860,260.778 288.748,583.343 553.471,662.417 687.558,73.655 439.233,101.328 903.478,116.551 349.047,122.990 271.153,396.724 735.560,448.537 842.217,834.814 883.775,932.190 986.257,43.029 982.321,178.854 212.307,188.450 944.224,443.796 71.223,515.441 146.392,719.913 863.308,767.112 458.365,49.104 450.568,138.346 664.594,386.700 616.283,420.907 526.404,606.292 578.547,708.450 297.508,71.802 512.551,124.200 996.246,414.707 373.004,451.227 338.485,792.665 769.699,869.518 691.546,880.579 96.178,919.491 691.029,967.079 888.965,45.098 227.002,50.555 635.833,78.365 685.055,109.000 230.434,224.765 724.982,247.523 84.961,304.648 687.452,338.021 603.532,357.624 168.409,373.435 473.284,441.241 840.034,443.651 244.678,458.219 44.588,479.540 374.518,509.156 773.419,603.735 573.873,618.026 664.928,736.458 770.012,797.799 130.601,944.009 44.854,963.542 679.694,971.231 194.810,980.826 978.318,31.592 949.238,55.491 478.728,67.519 307.255,91.254 422.283,126.298 411.202,157.257 345.434,185.761 751.282,205.716 389.176,218.654 979.933,242.247 1007.869,316.507 617.242,342.252 423.735,355.817 305.200,373.957 814.772,400.564 172.253,416.056 272.708,435.356 594.139,458.760 460.300,488.721 885.202,523.262 152.538,526.331 1011.552,563.614 556.293,594.468 97.652,640.505 745.354,664.246 378.221,730.828 587.977,753.341 504.694,838.531 460.432,845.224 58.177,847.072 623.881,852.637 463.317,874.498 779.097,891.007 505.424,946.397 570.977,971.665 158.365,973.204 463.484,27.599 146.513,36.016 139.790,73.925 558.593,73.785 842.028,75.277 246.383,80.413 264.552,146.282 794.905,147.005 654.963,161.475 44.440,170.543 323.511,172.641 763.333,189.158 323.828,216.053 700.746,225.911 325.988,236.779 148.000,238.514 494.441,249.996 318.087,274.072 983.655,307.750 730.502,352.700 794.473,360.437 287.907,404.017 473.698,418.377 282.120,419.065 818.671,421.176 901.338,440.464 527.814,482.574 930.051,491.115 95.395,509.425 44.999,518.882 418.784,550.711 1010.173,583.892 467.688,676.179 505.087,699.682 887.253,716.666 616.518,760.281 829.467,908.478 574.137,948.955 928.643,60.346 218.812,97.752 738.947,107.850 845.312,110.102 290.851,123.851 964.055,155.465 345.216,194.430 276.330,205.972 138.452,225.058 521.627,254.911 844.870,270.644 415.390,278.854 981.980,316.969 41.124,352.808 955.329,362.314 949.165,382.446 772.779,390.525 598.696,415.768 984.705,425.542 757.349,430.737 793.504,454.810 234.110,472.651 380.653,495.080 461.416,499.722 735.155,536.092 542.060,622.005 313.200,628.872 578.692,629.576 258.418,650.480 760.445,660.478 947.523,691.084 459.125,716.563 217.012,733.766 117.768,743.751 590.483,841.061 870.989,860.427 458.630,896.315 313.777,967.629 791.468,970.071 628.922,1000.622 644.069,281.757 7.625,771.991
AAB2 770.481,157.404 512.804,232.757 915.564,258.986 932.196,290.489 508.191,398.549 512.087,424.512 656.300,576.898 134.895,992.768 392.850,35.796 87.340,206.789 787.707,340.291 348.656,614.798
AAB3 770.779,157.313 290.993,230.457 512.703,232.740 916.011,259.017 856.448,327.042 480.862,336.353 787.829,340.421 512.212,424.335 496.395,566.926 656.354,576.969 174.753,761.034 153.202,874.273 966.350,889.782 134.826,992.676 704.014,1007.847 392.676,35.655 87.379,206.956
AAB4 770.482,157.414 512.799,232.757 915.605,258.987 932.198,290.500 787.713,340.236 508.193,398.556 656.328,576.889 348.668,614.807 134.889,992.803 392.849,35.804 87.346,206.791 1017.700,936.022 512.089,424.492
AAB5 772.213,158.958 513.732,232.710 916.872,260.057 930.967,290.100 788.804,341.059 508.826,399.678 656.169,576.386 349.569,615.707 134.217,993.163 393.243,36.233 87.792,207.055 1017.951,937.314 512.062,423.748
AAB6 452.496,126.987 89.189,208.403 791.738,344.074 656.226,576.500
AAC0 82.901,14.205 967.003,21.216 568.019,31.997 962.999,35.177 476.186,48.107 542.342,55.754 1008.578,57.026 617.579,60.089 437.756,64.557 808.725,64.954 626.271,75.063 322.774,86.191 97.752,91.121 597.875,93.072 477.033,99.865 610.239,114.061 696.376,120.947 528.365,124.722 510.206,126.520 380.093,148.302 609.030,151.359 384.359,158.810 664.649,168.459 833.145,170.447 966.165,184.433 954.778,189.639 607.633,199.498 868.522,214.393 23.177,214.917 856.979,220.989 53.893,224.404 881.907,224.829 620.786,232.096 747.536,231.445 766.346,240.320 665.139,241.652 469.904,254.173 455.180,255.032 812.463,260.215 482.758,261.658 904.160,264.029 593.582,277.247 362.590,280.179 954.258,281.081 446.207,281.569 484.648,294.411 612.037,301.048 931.219,304.045 784.565,306.975 701.975,311.189 473.941,311.229 741.939,311.939 953.176,317.686 317.208,335.257 107.224,340.717 846.250,343.213 417.914,343.049 819.384,351.152 865.817,351.705 827.882,363.510 216.032,379.833 649.473,389.546 933.618,395.428 404.917,425.054 862.117,426.840 330.107,433.058 727.521,432.678 137.092,445.082 833.548,457.498 566.227,462.896 658.803,466.854 458.349,469.662 966.120,471.983 308.000,473.990 129.008,482.276 1009.677,494.912 727.114,500.529 638.596,504.471 893.013,504.745 732.573,510.001 775.111,511.072 1007.748,518.329 796.732,519.917 926.185,519.029 555.717,521.426 821.461,531.405 748.369,537.417 750.599,545.948 877.693,551.508 719.790,554.635 987.092,556.917 1006.514,556.611 50.264,566.028 759.351,566.963 991.656,569.199 574.759,591.942 789.038,591.734 202.566,602.396 593.517,602.940 774.488,618.306 964.007,637.242 764.994,647.068 639.168,650.323 941.010,662.088 38.645,670.003 433.098,673.934 684.895,676.767 471.625,677.589 641.674,679.562 742.057,687.355 498.229,689.610 627.449,689.463 136.937,693.356 660.810,705.789 587.816,731.327 52.490,737.196 890.730,743.097 717.098,748.332 374.067,759.374 524.668,781.291 530.302,792.777 969.100,795.173 241.150,805.919 902.239,809.397 813.660,822.795 892.008,830.718 613.672,834.944 825.082,841.066 83.141,850.868 977.003,852.761 984.585,887.362 665.118,890.314 698.315,912.414 739.704,918.043 714.249,921.286 726.310,923.629 11.144,928.216 682.842,938.719 1010.872,956.545 360.465,966.716 757.227,1011.510 709.560,425.955 499.656,531.214 137.119,228.905 891.446,356.453 235.517,758.701 880.457,365.094 658.349,691.696 855.574,944.493 989.201,278.230 275.423,949.734 364.686,774.670 908.199,748.424 766.167,702.335 862.657,9.414 530.037,410.277 197.160,453.494 612.955,537.079 820.480,620.783 788.600,356.540 850.473,530.960 887.372,939.236 962.802,353.357 406.723,901.230 779.745,447.759 497.715,655.101 782.195,166.062 538.553,191.084 806.003,350.232 983.486,462.395 501.489,86.108 818.454,590.353 131.279,327.590 599.280,54.336 798.370,262.734 918.339,311.891 434.816,705.794 739.665,193.074 670.912,389.478 493.732,737.141 761.225,228.425 637.729,604.207 132.100,719.774 911.959,777.355 374.328,816.508 23.735,177.813 346.475,222.029 575.143,339.878 682.232,706.470 80.753,575.888 791.756,960.467 475.935,117.702 941.256,958.317 641.117,60.883 712.497,218.990 64.551,394.224 951.189,848.847 464.017,221.236 168.203,450.288 676.602,144.761 465.104,270.602 58.668,290.972 730.876,994.523 410.211,178.560 889.685,881.643 303.342,221.968 448.500,429.964 804.225,837.411 704.776,585.032 968.641,982.686 693.694,298.034 842.729,317.563 528.435,754.790 716.162,263.786 704.796,704.338 637.140,122.132 888.557,283.701 795.464,474.099 456.487,766.725 377.039,1012.410 586.269,506.520 528.703,339.810 86.610,518.515 32.366,949.351 306.655,308.769 488.532,405.919 516.936,515.196 474.919,663.546 319.066,688.172 946.895,614.750 1012.316,755.349 375.343,903.018 695.650,44.483 393.949,232.610 540.484,397.863 62.484,919.203 323.995,76.494 627.855,526.181 976.547,595.665 536.252,269.938 324.839,366.760 394.060,372.447 162.430,516.482 804.393,202.573 268.765,227.928 564.057,428.863 372.923,465.459 511.580,594.483 168.055,863.258 65.642,950.546 618.673,45.612 819.790,154.384 536.709,240.419 357.795,396.014 596.492,678.613 478.712,794.257 351.669,851.717 416.011,281.583 121.877,761.293 500.973,1004.387 421.623,448.691 529.945,948.474 604.620,518.475 554.953,548.377 276.077,189.780 519.473,251.879 939.079,407.473 987.548,676.665 438.394,728.091 366.322,800.207 347.398,75.640 1003.697,330.422 291.469,346.393 428.452,516.662 13.390,242.879 174.296,996.999 927.870,1007.665 295.558,490.124 894.504,953.424 679.792,75.958 515.000,404.510 828.425,468.513 839.727,690.485 791.500,86.000 609.505,86.524 297.186,167.922 548.603,365.603 120.390,264.876 465.972,372.901 625.306,546.479 661.548,127.677 988.556,233.659 803.442,272.815 566.660,443.463 158.291,287.096 43.807,526.824 902.999,685.734 506.509,727.559 508.422,299.053 492.596,831.867 343.434,745.631 226.126,284.429 239.242,686.023 489.302,868.742 632.059,91.117 660.378,196.592
AAC1 846.527,344.564 621.601,232.768 639.472,651.448 98.364,91.784 1010.942,957.302 808.883,65.374 765.175,647.628 330.237,433.540 664.896,169.267 598.080,93.378 775.230,511.755 987.681,557.068 856.860,221.298 524.641,782.083 136.906,445.407 726.017,923.881 904.139,264.368 638.617,504.805 469.586,254.118 404.951,424.900 658.980,466.570 748.416,537.582 966.768,21.513 1008.378,57.200 83.113,850.880 50.286,566.320 766.439,240.487 362.780,280.251 611.916,300.945 931.352,304.039 701.744,311.635 215.957,379.721 991.607,568.674 433.036,673.833 136.726,693.245 825.215,841.065 623.572,60.433 796.374,519.943 609.161,151.951 384.278,159.320 881.696,224.329 812.511,260.088 482.583,261.589 484.625,294.713 473.774,311.314 892.953,504.669 499.966,530.983 719.530,554.477 574.590,591.521 38.783,669.956 374.235,759.465 698.380,912.679 82.912,14.070 477.078,99.441 610.508,113.918 833.669,170.605 607.590,199.821 869.018,214.520 593.768,277.169 988.935,277.998 953.937,281.266 827.741,363.562 530.000,409.917 862.489,426.752 727.738,432.509 566.807,463.146 1009.480,495.081 821.379,531.866 759.145,566.521 471.485,677.518 497.820,689.661 11.754,928.345 626.103,75.035 322.324,86.290 954.484,189.311 137.089,229.010 664.858,241.588 107.459,340.486 934.184,395.190 833.798,457.594 457.814,469.812 966.539,472.251 308.070,473.799 129.390,482.529 1006.695,556.669 788.814,591.471 202.865,602.755 774.535,618.549 684.703,676.451 641.760,679.786 681.500,706.797 969.307,795.199 374.623,816.937 813.662,822.830 613.731,835.500 985.342,887.434 714.531,921.105 791.661,86.020 696.194,120.939 509.879,126.834 410.297,178.839 345.960,222.535 53.588,224.536 760.861,227.967 784.508,307.564 918.656,311.742 131.438,327.573 417.896,343.550 806.068,350.422 866.247,351.273 196.724,453.487 727.495,500.483 732.427,509.982 604.725,518.720 556.309,521.150 877.649,551.981 80.343,575.831 818.561,590.817 940.456,662.127 657.496,691.889 660.751,705.797 890.424,743.001 233.997,764.152 902.544,809.288 892.088,830.912 664.628,890.034 407.476,901.112 275.627,950.486 359.450,967.063 862.398,9.236 568.134,32.305 962.874,34.592 955.629,42.627 696.227,44.306 476.270,47.661 688.124,47.876 542.370,55.730 599.680,54.588 323.943,76.519 528.111,124.987 380.853,148.195 296.968,168.773 966.216,184.174 538.244,191.194 23.428,215.437 463.483,221.186 303.805,222.043 747.181,231.917 393.304,233.205 536.836,240.431 518.860,251.517 454.920,255.780 535.992,270.487 306.807,309.193 741.734,311.798 842.947,317.560 953.248,317.771 819.633,351.431 789.533,356.617 394.187,372.979 670.749,388.967 649.634,389.423 539.943,398.641 779.809,447.007 983.727,462.300 372.580,465.335 1001.917,486.169 295.397,490.875 428.450,516.303 627.179,526.017 704.912,584.865 592.894,603.335 964.007,638.063 986.956,677.280 626.567,689.827 765.682,702.940 435.570,705.711 587.599,731.671 530.235,792.592 240.962,806.290 739.660,918.077 681.741,939.484 791.481,960.996 968.785,982.304 501.627,1004.049 756.950,1011.311 618.124,45.375 641.079,60.417 438.090,64.476 347.562,75.254 679.797,75.455 501.167,86.279 609.690,86.414 475.735,116.521 676.525,144.885 23.434,177.972 275.913,190.465 740.000,192.651 804.775,203.252 713.214,218.830 13.507,243.000 715.728,263.528 798.024,262.710 465.617,270.222 446.435,281.807 58.634,290.979 316.718,335.381 528.737,339.677 574.906,340.253 291.660,346.034 962.396,353.318 891.369,356.644 880.310,365.187 548.680,366.162 324.629,366.985 64.614,394.054 488.358,405.759 709.621,426.230 563.858,428.398 168.115,450.534 795.663,474.247 586.590,506.180 162.047,516.410 86.757,518.926 926.273,518.787 1007.321,518.327 43.475,527.116 849.725,531.330 625.454,547.293 554.623,547.898 511.500,594.372 976.459,595.729 637.972,604.281 820.139,620.654 497.578,654.498 596.667,678.648 238.883,685.571 741.999,687.386 838.931,691.473 52.145,737.063 493.204,737.038 344.328,745.353 907.952,748.724 717.126,748.791 1012.517,755.566 364.587,774.483 951.179,848.867 976.504,852.449 889.751,881.784 375.656,901.534 888.385,939.227 855.984,944.014 529.981,948.516 65.616,950.174 894.725,953.499 941.112,957.792 729.962,994.715 377.020,1012.550 632.414,91.504 661.583,127.315 819.280,154.450 781.559,165.898 795.533,207.536 268.466,227.402 988.376,233.718 803.282,273.609 416.189,281.661 224.716,284.732 887.101,284.259 158.095,287.218 694.000,298.254 508.387,299.000 1003.509,330.137 465.792,372.406 357.534,396.364 513.892,404.758 939.347,407.486 448.694,429.535 421.459,448.840 828.763,467.784 517.277,515.341 947.369,614.533 475.667,664.550 902.330,685.614 319.313,688.662 704.758,704.247 132.644,719.883 506.844,727.452 437.947,727.946 528.532,755.434 122.575,761.831 456.022,767.501 912.414,776.913 479.333,794.527 365.956,799.732 804.001,837.740 351.808,851.470 167.372,864.215 489.474,869.406 62.687,919.379 31.825,949.695 173.887,996.805 927.675,1007.408 637.357,122.785 660.268,196.270 120.116,265.000 565.318,442.510 613.424,535.637 492.229,831.943
AAC2 846.615,344.506 621.537,232.690 639.399,651.439
AAC3 1013.141,58.927 230.899,338.423 846.646,344.509 30.910,481.204 456.334,638.754 838.702,863.568 902.979,912.496 704.018,47.146 621.493,232.632 639.362,651.679 320.387,257.285 193.189,304.776 969.838,448.565
AAC4 846.580,344.507 809.160,65.036 621.531,232.692 193.198,304.794 639.442,651.430 600.617,96.934
AAC5 847.170,344.948 808.565,65.155 621.506,232.495 193.445,304.008 640.198,652.662 602.054,98.901
AAC6 918.633,88.999 183.919,541.745 528.899,784.931
AAD0 636.405,9.101 885.868,8.930 678.392,9.900 789.883,13.479 82.138,13.538 280.215,20.655 960.896,26.465 245.172,28.961 389.013,29.165 846.120,35.069 1000.372,44.317 658.263,44.104 850.092,49.420 893.578,51.396 854.659,57.814 819.599,62.448 500.143,64.574 690.115,74.005 858.960,90.328 350.453,100.370 670.166,116.701 812.720,119.495 389.960,126.877 617.119,126.793 504.007,137.051 726.217,145.747 591.117,154.119 695.440,159.237 499.346,159.921 836.777,163.403 661.753,165.046 918.774,167.543 621.263,178.032 809.294,177.240 747.772,187.389 294.130,187.472 72.473,190.976 698.396,225.167 469.594,227.195 221.645,228.542 892.989,235.291 827.146,240.121 880.068,239.077 707.633,241.136 894.936,245.414 846.388,247.226 342.657,285.512 361.979,308.985 48.853,326.255 654.037,340.657 249.646,347.372 1011.474,356.213 864.574,379.903 760.549,384.354 801.362,391.482 911.740,404.208 340.167,429.567 665.506,431.543 774.103,433.819 852.438,433.213 987.456,456.384 787.510,473.273 918.188,481.035 803.604,481.582 879.308,493.337 912.798,494.334 581.025,518.255 878.430,517.490 406.050,519.632 305.581,530.173 513.544,538.367 857.243,547.595 671.791,548.200 278.434,555.929 684.438,555.547 649.680,565.079 691.144,568.772 947.971,570.550 167.183,581.136 830.190,586.415 895.083,592.328 674.960,597.035 656.691,604.814 823.070,621.018 469.537,626.222 776.088,643.059 428.676,647.443 856.129,653.496 98.889,660.068 535.983,660.909 778.376,673.254 932.378,691.333 269.692,695.303 943.778,709.414 70.943,723.417 555.616,728.080 849.644,732.677 163.989,734.240 972.873,752.472 883.661,756.044 761.671,769.073 923.190,776.150 650.252,783.645 608.609,827.420 929.344,833.967 29.151,836.027 726.815,840.061 955.788,843.106 206.584,845.236 929.959,849.551 804.997,850.716 688.060,861.070 969.536,861.518 419.042,886.607 183.676,888.531 584.970,898.451 766.668,908.883 449.015,912.297 594.629,919.262 766.230,920.310 924.977,924.240 320.469,926.033 883.120,934.123 464.539,938.277 1005.325,939.212 802.207,946.395 730.031,951.330 759.105,952.500 761.657,962.165 816.148,966.562 757.537,985.553 605.719,987.207 831.469,991.391 909.015,1010.649 574.454,1014.310 592.389,1014.247 886.692,427.713 592.481,600.111 793.144,834.553 989.395,880.521 791.777,52.150 667.713,420.683 425.964,356.212 899.588,820.816 233.371,124.483 975.017,881.530 750.307,52.490 857.048,1008.306 912.095,313.670 555.807,803.493 802.063,435.675 303.841,933.530 366.715,431.845 649.000,718.622 780.166,781.270 483.965,908.222 852.381,13.331 349.622,569.460 813.142,82.738 901.155,462.680 556.518,79.688 841.640,894.175 402.113,915.218 599.906,462.235 145.522,75.088 908.938,661.108 959.251,746.553 648.437,873.777 287.531,975.239 631.719,946.205 942.749,157.873 853.807,324.955 387.940,91.040 997.464,655.877 869.004,61.744 776.478,541.413 946.355,654.634 945.689,696.453 918.244,825.470 276.236,449.661 327.991,550.991 725.939,685.103 145.062,753.603 433.562,976.667 180.934,341.448 328.997,364.196 933.003,490.804 475.579,10.207 589.724,46.091 231.190,64.704 968.042,818.747 569.635,689.310 676.209,461.416 292.502,233.455 223.745,562.242 918.341,579.372 285.996,602.045 363.543,256.747 642.766,832.248 186.479,605.919 700.187,969.066 47.189,375.568 763.682,447.554 849.841,716.841 988.220,507.207 697.664,525.347 840.659,926.097 530.113,864.278 385.139,980.463 564.534,438.947 896.854,538.803 686.841,659.045 996.996,699.153 459.922,902.234 977.661,39.774 980.027,127.865 913.169,387.713 671.563,566.437 887.704,700.706 377.041,129.102 452.630,1012.540 645.111,66.875 950.422,272.040 748.126,581.012 664.633,714.210 620.227,15.300 651.725,853.062 316.018,833.242 960.787,351.552 182.838,466.197 922.226,466.249 519.577,511.132 554.237,986.492 206.905,140.905 183.156,271.466 556.396,611.180 536.776,689.846 680.079,345.218 616.525,691.653 912.393,180.408 855.287,257.369 667.306,873.123 106.514,114.969 727.335,580.956 487.035,676.520 579.401,799.754 150.305,364.959 533.124,425.328 592.790,849.851 921.605,151.520 987.067,698.616 1003.393,952.810 248.224,992.439 633.318,496.509 486.346,533.464 504.366,750.624 830.574,63.903 87.078,531.839 731.512,605.175 112.735,782.590 872.518,940.638 449.806,975.896 778.853,302.812 409.407,653.851 90.546,895.277 392.276,936.395 574.323,153.544 892.581,494.534 624.687,548.508 972.268,424.918 502.421,568.420 513.345,610.572 667.376,753.597 492.255,27.665 879.303,59.967 855.236,189.942 274.615,240.064 559.841,398.552 914.642,556.898 958.189,758.025 653.595,889.062 290.398,956.411 712.855,14.561 348.715,196.715 392.695,375.950 957.886,524.394 689.411,691.674 639.523,705.381 16.468,1013.717 709.318,120.070 936.385,172.704 868.435,389.865 589.015,392.289 303.031,896.289 269.271,249.799 319.531,302.425 410.931,413.745 901.198,11.476 692.247,613.766 639.553,145.540 661.493,767.430 467.338,447.829 949.541,420.351 184.809,545.698 615.964,651.500 706.412,199.639 251.626,785.811 876.492,613.311 909.259,510.595 983.460,396.498
AAD1 1000.826,45.677 956.674,844.015 886.716,9.704 823.683,621.774 606.405,988.260 836.769,164.490 469.693,227.919 961.040,26.979 764.135,953.719 879.433,494.051 469.438,626.274 591.630,154.543 850.262,49.356 536.196,661.008 305.577,530.570 894.749,592.650 688.521,861.006 802.303,946.413 707.625,241.197 695.545,159.150 789.964,13.814 503.994,136.779 620.960,178.196 727.122,840.339 845.876,34.712 1011.637,356.406 684.510,555.386 584.700,898.575 816.347,966.418 636.343,8.817 747.227,187.505 278.169,555.278 674.489,597.193 864.338,380.411 775.681,643.216 778.320,672.934 849.715,732.599 29.217,836.162 419.043,886.454 449.292,912.005 389.184,29.288 858.703,90.355 670.418,116.462 698.387,225.511 773.872,433.724 857.529,547.373 167.292,581.593 973.170,752.314 925.442,923.940 678.496,9.455 350.477,100.488 812.487,119.408 880.255,239.046 830.424,586.726 98.551,660.119 943.801,709.055 164.099,733.992 929.520,849.659 72.414,191.051 826.917,239.518 918.342,481.026 406.108,519.310 580.779,518.445 918.105,579.000 428.778,647.756 922.828,776.856 804.773,850.750 320.728,926.198 1005.651,939.732 757.442,985.556 574.515,1014.428 245.061,28.567 893.697,51.342 231.251,65.252 690.216,74.271 233.814,124.377 389.495,126.639 726.304,144.967 919.087,167.398 893.018,235.375 853.811,324.689 654.041,340.424 249.657,347.570 801.369,391.485 912.904,494.162 878.216,517.531 691.156,568.442 948.378,570.900 908.961,660.485 932.117,690.974 145.072,754.012 918.446,825.445 882.843,934.066 464.916,937.802 699.852,969.106 909.412,1010.498 82.915,13.050 279.825,20.938 500.311,64.672 376.894,129.094 499.036,160.161 935.955,172.879 293.868,187.500 341.669,285.555 361.995,308.403 852.416,433.000 600.116,462.369 803.792,481.475 519.378,511.233 512.826,610.737 648.332,718.755 555.556,727.603 883.158,756.443 650.588,783.515 609.163,827.321 202.602,849.340 183.784,888.427 766.212,920.218 831.648,991.292 453.405,1012.509 592.451,1014.253 475.773,9.583 819.949,62.591 645.007,66.626 145.657,74.910 387.718,91.125 617.539,126.422 207.349,141.371 943.095,157.905 809.694,176.880 855.887,189.886 221.765,228.959 292.643,233.277 894.665,245.610 855.213,257.425 180.693,341.048 960.640,351.287 392.085,375.789 913.469,387.793 869.011,389.593 559.921,399.179 667.784,420.997 532.978,425.933 340.324,429.533 665.473,432.000 800.754,435.782 981.234,505.668 896.851,539.512 649.391,565.088 349.747,569.608 502.050,568.871 726.964,580.759 592.360,600.261 657.172,604.998 856.273,653.525 997.613,655.238 726.304,684.599 616.455,691.411 945.789,696.177 997.000,699.075 70.926,723.650 504.532,750.386 761.575,769.526 899.267,820.529 316.115,833.137 928.889,834.047 792.975,834.678 969.697,861.499 647.729,874.754 974.405,881.608 427.456,886.821 766.510,908.879 595.189,919.287 840.746,926.236 303.586,932.868 391.919,936.547 729.712,951.755 287.536,975.379 450.873,975.893 433.431,976.689 247.976,992.006 16.305,1014.230 901.341,10.700 852.359,13.431 620.650,15.226 712.747,15.747 657.635,43.911 749.864,51.920 790.851,52.056 556.564,80.038 106.629,114.363 921.550,151.372 661.529,164.883 912.818,180.130 348.898,196.278 706.131,199.789 275.072,240.746 846.084,247.185 362.816,256.600 950.654,271.541 779.732,303.344 912.416,313.775 49.466,325.780 679.598,345.130 329.003,363.922 760.521,384.400 922.317,389.521 911.975,403.905 410.555,413.899 972.824,424.985 886.457,427.288 564.513,439.066 764.110,448.138 987.226,455.792 675.501,461.432 901.106,462.384 183.212,465.597 787.476,472.785 932.386,490.819 697.775,524.735 486.416,533.543 513.586,538.339 769.952,538.645 671.948,547.311 671.338,566.491 747.984,581.820 731.644,605.434 186.815,605.952 556.284,610.654 876.736,612.736 945.824,653.815 409.491,654.233 686.284,658.504 569.874,688.868 269.919,694.825 987.190,698.511 849.573,717.270 959.796,746.828 667.331,753.835 661.878,768.531 578.992,800.008 555.805,803.539 968.267,818.821 642.746,832.445 989.502,880.317 652.811,888.224 91.378,894.866 460.644,901.863 483.714,908.624 401.419,915.245 631.638,945.598 856.564,1008.165 492.435,28.306 977.670,39.727 590.000,46.480 869.077,62.137 829.843,64.241 813.000,83.340 639.311,146.046 574.129,152.866 268.279,249.667 182.702,271.364 319.484,302.248 425.647,357.498 150.187,364.501 47.058,375.524 588.846,391.817 983.292,396.000 949.000,419.902 366.685,432.261 466.451,447.309 275.813,449.330 922.331,466.714 957.308,524.492 624.733,548.418 328.244,551.064 914.446,556.446 285.976,602.235 691.614,614.164 616.342,651.025 487.076,675.939 536.631,689.415 689.847,691.751 887.787,701.250 640.017,704.714 663.666,714.335 958.619,757.715 779.441,780.711 112.000,782.604 651.663,853.128 529.641,864.045 667.273,872.806 840.683,892.684 303.538,895.436 871.869,941.023 1002.728,952.826 290.329,956.794 384.925,980.184 554.316,986.521 879.648,58.987 708.962,120.000 980.657,127.718 633.074,495.947 894.000,494.500 908.977,510.430 87.567,531.536 184.625,544.991 223.700,560.839 251.972,784.607 592.498,849.464
AAD2 886.685,9.648 836.767,164.416 469.861,228.002 823.735,622.015 613.305,814.626 606.331,988.341 1000.924,45.795 956.709,843.868
AAD3 1001.018,45.998 736.908,63.927 624.258,96.994 182.667,360.569 823.804,622.232 100.064,670.603 613.212,814.592 978.826,944.390 322.916,972.384 606.230,988.322 409.527,8.975 886.716,9.561 956.760,843.738 96.056,47.613 501.763,561.101 832.179,584.886 249.695,984.606
AAD4 1000.878,45.874 836.777,164.422 469.863,228.008 823.717,621.986 613.293,814.642 956.632,843.901 606.332,988.324 886.656,9.595 592.714,32.972 96.242,47.901 832.138,584.911
AAD5 1001.493,46.861 837.064,165.072 469.868,228.576 824.360,622.301 612.840,813.999 957.146,844.786 606.042,988.280 886.764,9.862 592.433,32.512 95.600,49.059 831.174,586.445
AAD6 834.472,632.953 840.859,169.039 960.145,849.011 616.838,448.961
AAE0 406.654,30.125 305.758,36.125 530.655,39.532 1016.328,44.013 787.383,45.357 291.543,48.687 668.492,54.174 947.520,62.229 298.624,65.148 519.340,72.325 351.943,77.952 101.725,79.424 209.399,80.406 976.098,82.405 424.049,99.033 263.344,103.116 438.514,107.316 252.532,107.962 496.019,124.594 400.733,127.409 578.714,132.598 753.201,133.832 767.561,135.895 35.644,137.149 776.711,143.885 559.070,145.510 813.079,144.523 190.746,148.021 640.057,157.061 785.863,159.312 278.399,163.507 640.344,178.075 802.632,195.126 54.163,198.113 285.120,200.814 212.363,202.912 534.199,207.039 139.121,208.003 358.082,212.642 38.752,242.179 450.675,250.118 28.599,252.356 330.125,255.253 38.575,254.851 418.998,259.275 817.732,268.516 8.742,276.908 683.237,289.926 361.463,302.402 342.913,305.552 354.909,312.757 629.994,329.062 174.129,337.330 322.337,336.947 92.908,346.488 868.123,347.659 589.165,350.801 708.903,354.962 308.909,355.567 866.679,359.260 673.014,367.370 566.569,370.980 785.170,370.670 445.918,374.758 728.863,386.039 540.513,385.976 89.445,387.238 711.425,387.070 332.446,396.474 409.112,406.217 698.291,411.233 482.136,420.388 552.384,422.098 222.043,429.672 145.073,434.290 496.822,442.905 548.796,444.409 546.280,452.366 579.336,453.017 840.932,453.272 191.213,458.359 988.091,458.244 510.299,460.396 433.732,476.258 319.596,476.760 712.280,477.527 857.860,477.779 545.269,484.156 394.119,487.252 544.883,494.930 722.583,497.036 889.523,501.308 264.239,531.510 334.159,531.002 110.206,534.014 621.800,537.190 352.626,548.194 509.073,552.221 275.187,554.122 389.927,558.037 584.779,559.068 244.909,561.417 363.815,563.178 520.608,567.183 701.439,567.167 44.698,582.958 276.570,601.242 96.171,604.179 661.509,611.496 396.375,628.015 552.251,629.586 197.500,636.975 274.296,646.005 434.262,646.295 282.834,648.852 349.246,652.562 279.843,661.454 292.638,662.035 467.151,668.058 376.978,693.504 10.093,709.214 56.442,709.989 387.829,710.969 286.013,716.629 87.255,718.818 537.308,724.588 780.667,730.220 892.205,741.611 461.625,746.366 540.253,754.744 121.510,758.323 850.588,764.159 102.255,770.036 493.283,776.228 660.269,790.648 725.538,794.108 642.070,799.164 424.149,807.342 487.737,812.891 132.821,815.052 251.495,816.387 626.418,828.163 143.839,830.256 372.864,831.133 668.470,831.251 633.704,841.752 461.293,852.679 809.326,856.481 923.008,874.338 740.032,878.427 440.941,883.707 107.602,892.130 439.831,907.131 407.220,907.745 515.410,919.495 402.071,921.301 531.622,928.087 128.962,930.993 334.374,947.492 207.555,959.350 170.742,965.204 545.727,969.008 999.275,969.944 467.412,970.271 656.389,970.450 266.698,975.460 433.295,976.110 201.985,997.238 408.500,1000.707 270.654,1009.907 519.129,1013.510 213.683,91.650 185.693,635.517 646.551,848.958 758.168,663.488 979.921,820.809 182.883,415.222 390.513,572.787 112.433,760.588 654.398,981.861 179.630,835.018 418.675,584.316 389.303,377.428 214.924,545.870 755.052,588.542 638.897,43.092 216.475,54.692 457.767,405.792 82.714,546.685 515.231,372.210 206.998,921.857 703.556,368.199 522.462,193.890 1004.546,450.193 24.851,63.738 313.475,395.689 517.631,967.187 172.134,252.721 362.207,657.808 418.791,940.082 529.372,345.451 975.233,113.696 617.481,304.118 822.792,483.250 487.236,22.730 1002.788,67.404 347.557,529.494 17.906,590.580 534.026,618.380 730.993,71.890 52.338,494.647 664.621,675.729 375.009,706.313 274.489,496.973 473.391,512.171 970.401,967.638 690.912,343.385 541.552,857.633 326.405,62.764 905.209,472.663 310.941,366.583 870.222,414.651 660.699,523.558 801.167,72.900 401.052,580.525 69.221,387.890 289.413,554.336 308.184,181.514 534.285,167.643 177.330,403.732 674.952,453.459 410.426,740.097 722.873,937.500 23.868,89.414 374.456,747.367 1004.256,839.847 620.997,872.931 110.604,503.596 325.520,747.385 999.140,13.287 27.957,351.849 353.946,588.678 646.357,830.216 606.989,90.558 371.534,151.716 655.946,170.414 473.970,481.878 299.156,593.211 745.468,702.836 644.559,939.184 538.640,88.200 588.993,711.461 556.054,954.463 918.836,408.605 607.863,434.943 401.565,821.690 125.905,567.147 61.026,290.420 157.652,378.091 849.384,381.383 698.031,701.755 43.211,841.443 1010.595,31.029 440.004,136.788 230.513,159.167 326.199,705.063 847.329,487.939 333.714,895.629 387.383,287.970 292.232,310.057 667.469,563.664 649.182,680.662 762.042,781.942 804.297,885.059 387.430,911.579 71.682,961.146 760.500,961.712 295.875,239.432 749.718,411.363 778.474,527.941 658.032,543.775 467.187,683.512 837.902,861.126 426.496,114.975 246.630,202.084 569.162,816.729 422.618,862.274 47.238,437.079 419.881,214.748 133.152,231.166 17.077,342.130 398.108,936.652 192.270,475.290 430.657,700.461 585.211,791.936 687.420,901.900 427.116,907.323 793.947,976.055 266.629,296.688 670.500,333.601 914.007,373.290 642.276,525.041 172.359,138.365 229.766,495.192 731.574,593.085 288.675,737.202 101.236,903.764 1007.382,179.967 809.319,639.251 778.785,701.349 37.026,915.265 272.510,138.087 998.441,549.759 640.330,27.537 421.472,286.774 443.691,469.559 589.886,816.433 321.474,464.061 830.388,713.461 694.457,847.754 767.057,1004.778 951.647,213.559 914.044,451.589 625.144,703.791 335.585,705.273 628.460,736.494 819.504,824.905 549.457,276.871 853.896,416.276 655.213,509.147 650.792,627.792 192.749,583.088 58.810,962.381 645.408,641.629 311.652,112.496 911.960,734.486 276.617,809.317 405.238,844.273 363.197,877.803 263.350,308.349 806.337,781.526 674.502,688.705 349.014,979.582 716.417,544.514 363.240,646.705 1007.792,486.681 371.275,984.256 736.792,1011.681 699.907,742.294 451.706,1015.477 624.310,782.335 494.368,249.193 442.153,786.847 924.040,987.544 922.000,333.502 862.204,951.415 337.887,1009.102 944.735,303.396 410.650,891.139
AAE1 364.722,564.239 139.981,208.797 330.276,256.493 698.630,412.278 438.724,108.266 493.565,777.284 306.443,37.036 251.507,817.210 407.086,30.539 358.597,314.629 866.856,359.909 298.720,65.787 850.591,764.472 780.661,730.651 440.190,907.458 546.460,452.613 191.180,459.271 190.472,148.174 209.272,80.567 589.523,351.389 510.480,460.551 621.589,537.674 292.559,662.161 424.210,807.885 285.223,200.733 361.438,302.591 584.914,559.180 276.499,601.312 976.559,82.653 308.581,355.403 579.606,452.976 537.390,724.438 102.631,769.903 642.223,798.471 496.618,442.916 987.798,458.099 857.516,477.321 888.766,501.591 274.322,645.972 740.215,878.637 352.074,77.618 263.244,103.206 767.787,135.721 640.208,156.822 53.920,197.948 419.244,259.330 722.468,496.963 892.244,741.460 540.309,754.454 545.739,969.208 400.793,127.550 578.679,132.189 217.906,207.996 174.210,336.823 552.563,422.388 841.260,452.910 433.620,476.332 215.000,545.983 244.833,561.516 96.299,603.784 467.304,667.951 376.579,693.356 10.281,708.945 87.393,718.615 441.362,883.765 787.425,45.670 101.966,78.881 495.836,124.637 35.541,137.681 445.625,374.663 545.502,484.520 394.318,487.738 352.786,548.381 509.387,551.812 275.023,554.299 143.721,829.808 461.508,853.028 107.389,892.650 402.267,921.337 999.051,970.411 202.143,997.257 408.431,1000.849 530.553,39.508 252.515,107.581 753.931,134.029 785.381,159.440 278.344,163.437 246.906,201.997 28.691,252.836 39.354,254.564 683.395,289.509 672.598,367.525 566.600,370.159 332.693,396.625 409.255,406.388 905.207,473.695 49.724,588.774 395.841,628.000 349.136,652.544 758.925,663.737 56.649,710.054 132.475,815.512 626.032,828.190 668.517,831.124 633.463,840.561 922.894,874.384 128.610,930.558 170.667,965.177 266.494,975.456 559.307,145.326 640.528,178.029 534.102,206.890 31.260,237.020 617.221,304.594 343.042,305.887 292.000,311.087 708.546,355.331 89.483,387.523 176.927,404.031 221.319,429.917 1004.919,449.937 675.494,453.219 319.441,476.921 473.774,511.749 110.572,534.134 390.299,558.113 701.192,567.397 390.128,572.435 400.974,580.422 353.460,588.865 551.685,629.695 434.055,646.514 280.139,661.576 374.082,747.576 725.828,795.006 980.491,820.873 372.682,831.047 646.137,849.404 206.878,921.935 531.707,927.587 722.578,937.420 656.633,970.639 638.890,43.353 216.350,54.475 668.365,54.691 947.575,62.037 519.285,71.833 24.000,89.815 607.441,90.590 213.593,91.917 423.931,99.312 312.501,112.556 439.175,137.002 172.282,138.257 813.175,144.478 370.754,151.823 230.633,158.133 802.555,195.046 296.322,239.110 450.946,249.872 817.672,268.336 8.315,276.924 549.668,276.525 17.161,342.611 92.722,346.471 867.893,347.317 27.794,352.095 311.429,366.565 703.577,368.449 784.632,370.922 514.805,372.695 541.059,386.303 729.132,385.985 711.195,387.009 69.598,388.087 182.825,415.429 481.956,420.396 145.546,434.362 1007.406,486.974 544.992,495.063 82.392,547.320 288.844,553.977 520.324,567.189 755.107,588.146 17.850,590.230 299.464,592.672 661.553,611.796 196.731,636.839 809.452,639.146 645.545,642.000 361.925,657.882 698.169,702.458 335.381,705.691 387.845,710.420 285.834,716.899 410.419,740.121 660.371,790.647 487.728,813.408 401.656,822.438 646.948,830.500 178.723,834.543 809.180,856.760 410.799,906.001 427.190,907.354 514.888,919.653 398.663,936.835 418.523,940.364 334.250,947.842 70.274,960.850 517.582,966.619 654.185,982.398 518.673,1013.927 998.507,12.863 486.774,22.777 291.303,48.552 326.815,62.611 730.487,71.547 800.839,73.045 975.417,113.314 1007.184,179.203 308.522,181.616 358.433,212.564 951.146,214.252 419.240,215.315 133.398,231.069 494.729,248.515 172.470,252.363 386.742,288.438 322.365,336.835 528.925,344.874 389.527,376.977 157.462,378.358 312.990,395.619 458.091,405.724 918.694,407.875 749.458,410.899 869.602,414.775 853.602,417.004 607.791,434.385 46.938,437.243 913.621,451.757 444.323,470.109 192.278,474.881 712.201,478.142 823.586,483.051 847.623,488.493 229.169,494.920 52.209,495.088 274.748,496.775 656.122,509.730 642.603,524.505 264.598,531.745 333.860,531.295 668.077,564.307 418.391,584.274 534.053,618.248 185.706,635.406 664.110,675.362 647.925,680.725 466.983,683.100 745.125,702.566 625.388,703.775 375.015,706.430 830.387,713.187 288.379,737.369 628.116,737.154 462.171,746.524 325.586,747.026 121.096,758.374 112.343,760.984 761.466,781.810 585.376,791.972 275.953,809.079 1004.299,840.040 43.550,841.640 694.063,847.328 837.872,861.500 621.016,873.066 363.377,878.560 805.022,884.539 36.796,915.260 644.309,938.845 207.142,959.314 472.544,965.253 970.668,966.623 432.566,976.125 794.377,975.775 924.449,987.329 766.971,1005.332 640.244,27.894 1010.420,30.647 25.078,63.440 1003.150,67.370 538.460,88.004 426.840,114.523 534.138,167.325 655.465,169.560 522.407,193.875 421.045,286.458 60.952,290.911 267.303,296.677 944.103,303.746 629.987,329.476 921.490,332.685 670.504,333.764 690.689,343.171 914.290,373.130 848.682,381.470 321.321,463.407 474.066,481.580 110.421,504.000 660.878,522.767 777.762,528.039 347.374,529.973 657.988,543.680 997.718,549.338 126.129,567.741 192.173,583.649 731.899,593.258 651.184,628.204 364.216,645.860 674.467,688.559 430.348,699.673 778.621,700.823 589.659,710.291 911.468,733.829 698.427,742.427 806.534,781.780 442.888,787.200 589.843,816.453 819.719,824.285 405.166,844.509 541.659,857.270 421.000,862.424 333.745,895.570 341.403,897.249 686.538,901.482 101.090,904.390 386.876,911.855 862.277,952.475 760.560,961.307 59.451,962.157 348.799,979.679 370.638,984.361 270.607,1009.873 272.302,138.471 262.999,307.961 716.414,544.000 326.000,702.000 624.968,781.380 568.388,815.605 409.000,891.000 556.016,953.793 337.642,1008.969 735.908,1011.474 452.000,1016.000
AAE2 407.036,30.564 306.342,37.164 438.672,108.249 330.206,256.396 698.544,412.115 364.694,564.177 140.008,208.850 493.503,777.350 251.999,817.233
AAE3 38.539,8.302 408.366,30.702 306.138,37.252 438.641,108.242 874.671,145.131 688.374,178.710 330.177,256.337 40.715,302.496 310.661,320.898 575.816,342.775 887.021,344.589 120.178,392.233 698.461,411.938 871.712,608.628 638.754,776.432 6.918,857.181 633.290,862.722 905.389,907.120 891.789,980.873 817.106,994.918 140.084,208.853 364.677,564.103 758.240,296.307 8.465,920.864
AAE4 407.045,30.558 306.346,37.163 438.667,108.248 698.547,412.109 364.629,564.225 140.001,208.848 330.214,256.436 365.142,572.853 493.508,777.355 252.009,817.227
AAE5 407.882,29.501 305.910,38.658 439.168,108.289 697.844,411.848 364.650,564.189 139.755,208.435 330.819,257.125 365.825,573.195 493.327,776.912 252.999,818.214
AAE6 144.418,212.040 328.540,255.323 367.391,566.522 441.771,112.262 704.049,416.472
AAF0 298.002,10.329 452.660,12.203 694.175,22.398 574.500,41.282 429.745,62.138 149.959,63.273 494.951,64.886 171.187,66.188 676.742,69.116 556.015,73.280 696.981,82.424 684.913,88.848 861.186,121.013 464.503,125.161 580.868,128.441 146.636,129.480 973.376,142.091 659.722,143.336 447.721,150.590 448.024,166.826 425.907,198.850 616.520,201.621 599.474,210.464 396.161,214.055 308.878,219.098 331.450,221.395 137.930,223.474 772.045,225.014 619.077,235.182 495.017,244.062 546.199,244.106 338.492,249.370 1007.040,250.326 101.209,261.015 988.608,278.593 812.442,287.894 440.572,291.254 397.590,337.568 872.890,342.199 882.694,354.161 296.212,358.261 696.096,366.085 313.725,373.081 872.042,376.787 573.999,378.284 786.036,377.254 323.921,399.414 79.643,405.003 147.005,410.133 89.676,420.177 474.589,429.260 824.584,433.968 303.427,440.334 399.968,444.735 490.084,446.196 929.427,466.330 793.103,468.721 331.122,473.294 657.299,473.424 902.273,481.024 445.511,491.395 1010.682,523.015 742.079,528.914 185.127,541.065 57.026,551.004 670.198,554.369 569.591,555.593 358.457,560.639 715.253,561.380 51.989,575.352 88.266,574.893 523.839,585.117 27.408,589.206 9.541,597.535 94.381,599.388 524.785,612.892 52.823,617.658 237.863,631.814 690.104,631.665 101.944,635.200 685.296,641.422 132.800,660.652 760.848,662.335 196.804,663.599 311.541,662.830 720.275,670.777 463.816,672.928 745.888,673.263 651.225,679.222 238.412,692.008 497.040,692.988 971.860,700.444 1011.088,701.959 882.990,703.687 631.700,731.122 852.124,737.393 981.343,754.270 156.845,760.507 925.236,778.162 110.855,781.824 520.097,790.302 211.814,801.096 290.692,812.400 750.856,814.584 106.985,828.484 176.071,830.886 518.296,852.642 949.369,867.264 572.921,881.237 505.888,902.705 70.655,910.207 601.125,954.490 769.696,961.217 831.532,963.373 776.882,981.128 584.412,983.435 869.250,985.301 921.700,986.916 1012.249,1000.994 933.725,1001.917 61.861,1009.500 211.573,655.528 730.306,690.380 975.905,911.191 587.919,453.698 456.000,762.272 51.952,706.742 902.586,752.380 1006.400,619.037 976.040,265.455 356.927,596.883 737.382,562.639 419.430,85.399 703.103,470.429 779.017,647.899 293.602,715.352 883.236,888.461 485.939,980.034 322.667,64.647 364.853,116.117 656.063,945.422 680.434,795.972 678.690,52.244 910.450,164.502 40.057,689.551 664.741,828.071 471.501,464.190 458.463,251.537 537.778,290.558 291.911,544.280 562.732,674.521 774.814,179.109 606.427,821.133 1006.803,773.253 957.674,992.386 529.241,104.209 733.427,920.383 717.420,259.185 739.590,851.379 200.999,919.914 748.077,963.421 97.603,172.403 519.891,468.904 334.413,866.858 131.632,82.964 507.952,385.438 330.921,530.811 201.442,580.909 929.725,617.371 378.899,29.923 425.489,360.731 606.027,684.509 727.058,705.214 565.679,532.188 960.641,572.508 613.890,736.608 977.866,195.363 674.855,986.777 579.247,57.479 283.548,164.131 30.835,448.144 882.700,169.469 560.495,963.603 816.820,78.472 957.217,198.467 130.376,720.465 118.821,552.431 616.432,864.210 662.810,275.481 538.275,404.970 646.491,778.685 273.954,116.018 652.552,448.710 852.176,688.609 138.147,255.446 67.930,656.573 665.570,914.589 245.282,351.737 330.470,572.257 330.605,195.359 443.184,433.061 829.238,538.406 715.417,193.732 223.528,813.525 238.711,505.471 888.343,657.230 14.603,120.984 820.765,981.428 358.868,21.144 408.521,257.221 201.624,105.475 262.560,500.203 1004.713,512.713 677.870,31.594 52.269,72.569 732.300,828.602 995.499,969.400 436.735,262.344 967.371,293.686 197.409,402.796 71.656,990.495 586.941,993.407 764.609,272.391 432.359,888.327 495.301,329.948 312.895,53.022 93.407,729.916 520.376,840.636 696.920,946.804 752.545,459.386 73.488,688.349 748.026,906.446 796.521,927.834 968.579,499.981 394.419,653.000 796.393,986.191 191.478,500.630 780.336,513.391 281.481,531.500 433.227,792.454 371.113,195.468 226.745,325.531 740.486,663.189 766.765,821.021 300.662,881.817 115.418,485.376 254.001,935.240 870.558,636.013 832.444,215.493 377.740,218.936
AAF1 212.832,802.209 777.741,982.150 949.683,868.456 520.225,791.598 869.468,986.358 770.239,962.301 290.642,813.290 922.217,987.303 94.525,600.305 495.559,244.551 632.078,731.558 852.343,738.084 156.587,761.451 448.624,167.487 580.508,129.334 452.739,12.967 882.903,354.375 762.880,665.415 694.227,22.669 309.482,219.729 147.440,410.621 89.544,420.883 185.364,541.398 574.329,41.044 474.705,429.709 303.680,440.501 832.178,963.711 331.515,221.407 824.720,433.756 463.567,672.764 497.321,692.895 676.452,69.663 546.017,244.460 872.407,342.803 196.444,663.918 619.038,234.865 696.297,366.242 330.437,473.486 238.273,692.478 111.219,782.068 175.809,831.239 70.637,909.959 171.067,65.570 616.565,201.497 812.189,287.714 933.931,1001.313 297.878,10.522 429.848,62.000 556.009,73.636 396.195,213.523 1007.458,250.540 101.071,261.383 490.449,446.446 657.028,473.704 445.351,491.622 358.296,560.974 746.023,673.557 106.876,828.416 52.611,72.759 684.849,88.628 448.181,150.726 295.884,357.611 313.629,373.430 902.279,480.575 742.038,528.726 56.667,551.070 569.134,555.089 52.109,575.503 1010.963,702.033 925.442,778.479 505.879,902.564 600.966,954.206 1012.521,1001.024 322.653,64.644 464.382,125.077 659.586,143.611 284.028,163.886 137.694,223.692 785.669,377.167 471.624,463.776 792.827,468.520 238.419,506.000 27.156,589.250 52.902,617.879 101.855,634.538 563.122,674.287 882.640,703.668 981.179,754.234 573.025,880.856 656.411,945.793 61.906,1009.497 149.618,63.077 697.543,82.142 529.462,104.075 861.422,120.843 146.486,129.491 910.592,164.556 458.653,251.363 397.924,337.322 507.904,385.157 542.898,396.566 79.288,404.592 588.254,453.698 929.498,466.474 519.885,469.076 702.769,470.534 780.001,513.194 714.694,561.557 523.735,584.565 779.316,647.226 68.159,656.182 311.519,662.458 740.249,662.943 52.121,706.613 902.523,752.277 646.485,778.894 732.192,828.118 748.846,963.487 485.600,979.921 675.311,986.546 71.072,990.054 379.255,29.781 494.947,65.133 274.539,115.077 364.912,115.849 973.165,142.669 882.856,169.118 330.400,195.103 599.616,210.688 377.207,218.891 338.791,249.014 437.347,262.239 976.630,265.643 988.562,279.001 440.812,291.577 494.732,329.919 425.479,360.937 872.149,377.521 573.611,378.373 324.098,398.898 30.480,448.237 191.018,500.621 1010.364,522.491 670.679,553.991 737.380,562.504 330.764,571.961 9.539,598.218 524.621,612.949 1006.232,618.928 689.655,631.433 237.866,631.996 685.239,641.493 211.941,655.815 133.262,660.361 650.763,678.643 606.248,684.977 72.889,687.682 40.398,689.214 730.796,690.556 727.594,705.176 130.555,721.270 455.814,762.452 680.418,796.769 750.772,814.578 739.832,851.378 747.919,906.059 584.580,983.736 313.000,53.000 816.447,78.785 131.454,82.205 97.373,171.697 426.162,198.567 772.533,224.529 408.235,256.516 764.410,272.479 245.435,351.643 400.246,444.806 652.956,449.555 262.422,499.692 968.455,499.850 281.305,531.711 330.117,530.665 566.016,532.442 830.309,538.592 291.778,544.089 118.890,551.982 960.428,571.567 88.125,574.962 202.410,581.407 356.653,597.338 929.557,617.125 888.443,657.166 719.944,670.649 852.280,688.970 971.676,699.930 294.106,715.366 1007.609,772.903 605.971,820.716 664.919,827.989 518.142,852.597 616.544,863.926 334.527,866.325 432.542,888.706 975.289,911.274 200.549,920.294 796.564,927.829 560.772,963.636 995.778,969.685 796.885,985.140 958.151,992.167 357.375,21.675 677.763,32.309 679.165,52.224 579.652,57.704 419.042,84.558 202.132,105.696 14.591,121.017 774.862,179.776 715.687,193.209 977.208,195.576 370.946,195.491 956.732,197.536 832.650,215.547 137.390,254.966 717.040,259.094 538.014,290.433 967.175,293.366 226.644,324.660 196.826,402.182 537.558,405.439 752.881,459.121 1004.737,513.395 393.437,652.251 93.263,729.333 613.834,736.438 222.983,813.804 766.683,820.474 520.697,841.004 300.415,882.335 883.201,889.110 665.271,913.713 733.175,920.456 254.293,934.749 696.476,947.696 820.523,981.595 662.347,275.644 442.405,433.285 115.000,485.000 871.789,635.988 432.469,793.265
AAF2 448.318,167.337 94.463,600.257 290.993,813.210 777.747,982.257 869.398,986.262 922.359,987.282 495.603,244.546 156.813,761.324 520.013,791.582 212.846,802.193 949.691,868.431
AAF3 644.378,46.884 327.004,119.341 766.737,217.163 634.661,320.898 733.484,378.966 925.043,434.847 224.669,442.858 780.493,486.879 553.853,542.685 1006.572,589.329 94.466,600.403 129.612,712.982 252.374,754.701 212.821,802.193 739.904,830.565 608.671,918.485 777.734,982.365 869.366,986.192 922.327,987.210 424.838,256.731 949.698,868.351 208.610,24.400 249.952,256.500 519.849,791.511 696.590,960.639
AAF4 94.544,600.247 252.725,754.588 290.990,813.209 770.115,962.508 777.689,982.330 869.400,986.257 922.357,987.286 448.327,167.341 424.856,256.775 156.808,761.319 520.019,791.589 212.921,802.202 949.692,868.428 240.346,8.562 632.946,735.438
AAF5 94.373,600.470 254.024,755.716 290.889,813.082 770.097,963.502 777.742,982.316 870.165,987.100 921.528,987.443 448.534,167.157 425.829,255.317 157.070,760.842 520.058,791.565 213.615,802.993 950.434,869.581 242.553,9.891 633.623,735.383
AAF6 980.370,106.605 214.939,804.386 953.767,873.749 769.162,960.587 775.054,977.654 672.856,993.034 520.849,793.119
AAG0 189.099,14.590 201.490,19.361 208.500,18.458 203.228,25.413 762.085,29.039 216.333,34.202 617.447,36.393 208.208,40.407 732.090,41.133 967.813,45.076 151.796,45.314 670.972,50.480 203.887,54.004 367.054,52.551 229.217,56.200 951.701,56.741 239.327,132.516 43.376,142.134 166.468,169.306 70.496,187.445 231.958,196.196 626.923,197.145 912.951,220.830 1004.627,223.892 797.629,234.228 15.979,245.653 299.977,259.843 549.125,278.379 763.169,279.463 67.435,284.166 1007.624,301.524 211.406,304.557 246.762,308.629 201.663,311.273 624.568,316.432 222.510,317.672 149.079,347.128 168.746,347.060 140.488,352.258 674.919,354.440 746.963,373.986 182.745,374.946 762.867,385.285 396.166,387.340 326.774,387.971 326.843,398.026 410.473,400.453 307.449,402.350 349.564,401.132 258.854,409.427 445.458,408.433 586.642,415.690 611.979,419.451 844.809,419.500 438.033,423.688 661.554,434.844 618.916,436.049 377.305,437.228 348.011,443.765 737.240,443.792 950.190,444.343 360.065,449.384 404.957,450.225 995.690,451.274 97.464,461.352 347.024,461.795 365.573,465.426 449.994,487.557 423.607,492.613 576.248,493.418 320.413,496.287 378.831,503.146 689.733,509.356 329.181,530.192 15.840,560.611 438.464,564.396 518.917,574.958 200.046,582.353 442.370,582.831 666.294,620.503 461.376,629.398 815.662,629.377 74.264,631.366 579.267,629.949 439.009,634.376 233.584,649.009 339.720,650.935 997.793,656.236 851.052,673.813 95.671,682.291 350.117,689.047 800.828,702.598 153.140,703.953 419.888,704.538 511.318,705.246 459.160,722.098 573.614,724.065 264.331,726.157 911.913,750.843 611.692,752.174 944.702,752.095 532.722,752.197 241.019,762.350 220.176,771.366 702.290,810.365 701.194,817.989 912.635,824.282 421.589,837.589 467.766,844.382 132.922,849.367 711.088,862.069 104.323,862.138 351.672,869.501 124.019,879.120 983.605,883.035 65.011,891.368 168.222,896.613 61.670,902.455 113.817,914.256 962.853,915.005 942.368,939.620 549.509,944.391 95.776,952.013 626.902,964.456 194.620,967.411 95.226,992.952 475.731,1010.206 994.700,1010.073 329.125,520.417 951.703,720.727 728.585,90.284 890.190,978.258 423.102,954.559 885.340,592.034 511.052,499.677 703.636,468.049 54.215,665.312 732.165,901.801 690.142,977.655 496.834,332.702 216.087,350.087 367.813,213.461 304.496,665.379 416.052,164.692 978.328,325.636 182.435,462.016 838.195,110.381 375.515,278.210 398.664,463.395 771.943,229.493 174.434,924.801 445.175,301.729 273.775,384.626 547.675,570.093 595.836,523.135 763.864,325.134 364.864,313.239 219.472,546.139 157.347,853.099 682.758,759.574 64.353,771.155 762.519,849.289 215.753,125.606 224.518,343.518 264.425,82.189 172.143,112.880 844.556,979.275 297.200,608.432 102.470,414.629 80.054,645.054 321.329,55.353 654.520,979.034 309.649,695.606 644.394,852.378 706.207,924.243 747.317,986.389 448.832,8.672 296.311,354.613 474.526,699.958 858.772,749.517 801.982,619.547 199.530,253.292 57.709,453.549 477.615,65.691 280.913,461.216 148.275,871.983 503.300,377.170 703.342,891.015 948.105,984.386 557.918,199.082 438.407,829.367 804.267,889.660 68.389,788.417 189.523,901.386 826.034,930.801 698.801,1001.017 364.501,64.590 32.478,410.781 798.249,608.546 900.063,827.738 414.781,360.300 568.398,452.931 8.951,712.474 583.402,405.427 620.144,296.274 517.789,65.129 633.718,9.492 903.318,65.120 397.054,222.486 65.080,477.590 168.164,600.335 944.054,543.170 122.898,673.854 838.649,912.666 644.785,1005.075 514.569,1012.867 234.253,934.495 107.323,311.474 532.773,530.836 215.585,453.558 624.839,420.665 592.689,472.852 591.723,451.254 677.561,606.523 603.127,792.514 335.153,12.500 730.292,827.218 818.387,141.475 563.546,1013.626 707.134,984.500 267.237,97.661
AAG1 321.135,497.728 476.509,1011.529 208.505,41.450 549.297,279.200 573.989,724.394 762.506,29.385 746.851,374.158 362.511,451.557 214.410,21.030 327.002,388.235 206.306,54.527 732.498,41.447 396.042,388.043 258.590,410.135 611.944,752.422 944.867,752.065 701.541,817.896 626.666,964.278 203.551,25.511 1010.556,227.067 617.218,36.566 148.903,347.494 307.653,402.055 618.700,436.340 913.178,824.510 377.422,437.165 97.303,461.274 379.555,503.182 339.840,650.847 350.246,689.047 168.912,347.002 711.117,862.065 967.600,45.032 232.055,196.482 404.888,449.999 347.242,461.584 438.508,564.505 518.983,574.935 851.244,673.687 963.056,915.018 151.666,45.473 626.744,197.124 246.627,308.550 326.779,397.887 450.340,487.623 329.042,530.297 420.385,704.331 511.417,705.281 459.566,721.469 366.895,53.000 42.950,141.708 797.366,234.007 64.888,891.451 994.727,1010.156 671.165,50.411 67.182,284.015 347.656,443.655 995.635,451.520 365.506,465.721 200.153,582.251 74.544,631.239 152.886,703.947 104.308,862.591 61.831,902.309 942.256,939.706 422.846,954.553 229.592,56.326 15.511,246.231 199.779,253.044 1007.432,302.437 675.335,354.440 762.692,384.822 233.356,649.424 998.086,656.351 264.312,725.610 683.247,760.282 241.308,762.526 220.496,771.808 732.233,901.847 95.456,992.397 952.057,56.941 728.623,90.441 166.826,168.932 912.551,220.858 300.002,259.821 375.691,277.970 211.632,304.357 107.275,311.272 201.964,311.408 222.458,317.693 978.485,325.436 183.286,375.299 409.897,400.846 446.069,408.197 587.083,415.680 448.137,417.186 611.927,419.384 844.468,419.585 280.786,461.148 423.552,492.567 576.496,493.821 442.404,582.737 461.793,629.017 815.923,629.651 95.982,682.370 912.230,751.211 532.969,752.516 68.572,787.978 422.035,837.342 133.092,849.237 351.438,869.653 706.215,924.303 549.132,944.322 189.154,14.837 265.097,82.408 838.023,110.295 172.107,112.424 239.208,132.218 416.348,164.154 557.420,198.295 444.679,301.884 624.852,316.825 496.575,332.897 414.444,361.148 273.176,384.543 349.072,401.274 32.411,410.706 437.878,424.291 662.183,435.060 182.097,463.005 65.534,477.534 16.041,560.308 548.343,569.908 578.966,630.734 439.385,634.589 54.580,665.565 800.867,702.596 468.043,844.707 762.516,849.866 644.829,852.360 147.959,871.894 123.342,879.445 983.826,883.057 703.057,890.709 168.261,896.251 95.999,951.786 195.461,967.449 747.575,986.669 563.284,1013.758 633.896,8.696 216.453,62.370 364.465,64.816 477.505,65.500 517.596,65.839 216.059,125.467 367.351,213.820 762.712,279.224 620.283,295.419 365.128,312.624 216.386,350.032 296.780,354.637 102.922,416.128 737.421,444.014 950.190,444.387 591.941,450.327 568.503,452.839 57.484,453.528 215.352,453.900 398.837,463.157 703.303,467.692 510.944,499.841 690.018,508.618 595.515,522.978 219.243,545.942 884.905,591.070 167.939,599.740 666.389,620.117 801.740,619.161 304.539,664.428 951.257,721.348 63.715,771.034 189.199,900.785 113.634,913.808 844.796,979.900 948.140,983.733 698.742,1001.423 448.659,8.370 335.066,12.548 321.441,54.763 267.262,97.919 818.691,141.839 70.590,187.041 397.351,222.582 771.465,230.633 763.448,324.450 503.543,377.840 583.223,404.758 623.981,420.595 329.590,520.332 944.341,542.954 677.041,606.258 296.644,608.369 798.632,608.236 80.301,644.900 122.334,674.258 309.714,695.014 473.475,700.442 9.006,712.825 858.903,749.752 603.045,793.020 899.670,828.186 437.716,828.393 804.503,889.608 839.248,912.551 174.172,924.763 234.554,934.163 689.962,977.066 890.142,977.697 655.372,978.776 707.261,984.602 644.969,1004.563 514.344,1012.604 903.483,63.997 591.758,472.810 524.000,523.000 533.287,530.809 730.500,827.500 157.990,853.717 825.461,929.945
AAG2 476.523,1011.579 208.398,41.462 321.127,497.764
AAG3 208.288,41.283 518.763,433.373 38.881,501.162 568.844,550.418 214.333,617.253 586.626,753.164 538.339,866.390 922.484,875.570 197.081,974.541 476.469,1011.557 321.097,497.798 998.709,165.724 809.033,368.660 752.824,816.402 488.456,953.148
AAG4 208.397,41.459 321.066,498.032 476.595,1011.529
AAG5 208.694,41.236 320.865,497.727 476.846,1011.988
AAG6 475.045,1008.720 360.944,208.328 320.797,497.666
AAH0 365.046,6.553 353.463,10.366 663.467,9.211 218.584,23.598 757.384,53.899 360.223,59.266 502.016,62.359 873.673,74.557 883.918,93.089 975.574,96.884 677.737,104.143 507.429,111.324 602.712,117.460 633.153,120.922 91.199,146.801 860.973,159.472 507.919,160.490 503.126,168.714 698.181,172.772 77.755,192.539 671.478,194.648 804.530,193.961 407.524,201.329 792.737,204.347 704.572,206.477 545.660,210.460 91.339,214.766 589.530,229.899 732.643,238.008 804.652,238.053 201.288,242.201 558.286,257.376 207.708,287.921 490.920,292.155 248.020,298.233 560.985,308.065 497.804,321.212 453.032,325.599 674.481,330.404 434.140,354.610 579.631,355.463 851.523,357.148 400.600,359.307 932.013,363.497 625.668,394.845 537.684,404.634 867.247,416.333 700.022,424.819 768.493,450.489 886.509,460.572 619.974,462.572 772.687,466.125 420.888,482.910 818.749,485.083 143.836,485.605 216.895,516.207 844.325,518.641 900.100,521.025 900.238,541.341 701.493,557.316 33.989,573.876 592.767,603.220 492.010,607.710 409.000,614.406 40.368,628.396 687.165,646.152 628.483,645.941 490.676,656.011 333.241,671.516 581.487,680.336 859.946,680.857 475.244,693.620 614.626,696.605 418.657,698.767 735.871,709.404 694.439,728.530 316.627,740.200 288.848,747.539 138.681,764.125 939.828,802.182 829.075,802.974 787.984,812.069 807.391,812.145 71.814,813.491 830.500,825.380 416.483,830.307 507.479,839.141 422.253,847.478 899.906,847.232 265.158,854.254 373.622,854.187 327.706,869.218 851.633,867.997 843.161,875.024 584.569,923.415 554.314,925.283 229.106,928.091 790.126,930.532 254.748,935.873 751.004,949.322 830.245,957.544 678.346,983.415 987.294,995.504 634.539,1002.201 929.085,1002.804 439.287,202.727 679.155,342.862 286.597,759.851 146.526,792.033 997.666,967.662 696.040,512.736 129.672,676.401 696.709,677.521 569.517,576.880 919.038,726.115 342.037,604.048 551.421,755.155 265.840,902.934 483.588,20.939 407.574,289.812 769.662,919.407 918.226,592.756 373.791,62.331 947.537,369.317 997.601,61.929 885.164,652.246 237.531,773.879 946.785,702.943 768.579,565.409 766.197,821.714 313.244,161.725 867.222,306.983 184.772,804.565 743.733,450.323 1000.626,733.171 245.916,227.514 1001.453,599.675 614.204,619.964 324.468,722.141 476.377,629.382 984.763,890.500 433.664,924.365 906.307,379.890 263.612,726.363 454.286,858.465 946.120,861.742 571.574,815.147 368.717,446.116 356.050,595.142 921.392,549.233 374.225,672.929 288.192,633.007 224.775,673.540 944.693,755.953 78.240,928.459 1007.931,689.267 608.529,237.225 980.276,623.802 591.191,505.347 617.377,787.354 232.991,177.373 873.280,376.454 284.080,803.470 354.797,229.764 702.076,456.786 224.647,874.367 959.494,809.035 838.172,790.574 806.675,178.382 549.677,416.619 490.391,426.481 184.248,974.642 889.454,199.139 998.336,501.363 40.582,208.613 715.979,754.442 781.010,391.779 431.396,700.671 40.308,74.249 61.901,799.404 32.222,144.638 918.536,238.368 272.755,392.572 127.458,412.831 725.224,74.016 711.936,1010.838 861.422,507.201 674.516,901.826 165.635,985.484 631.127,312.615 161.675,737.645 859.699,332.630 882.976,675.558 670.559,768.239 508.338,850.800 47.292,198.602 999.505,555.467 454.436,610.571 587.083,50.500 869.661,142.521 899.092,599.648 772.878,228.805 962.961,582.894 708.961,946.836 135.127,212.467 502.563,722.487 555.655,277.441 136.211,588.462 124.879,858.464 589.932,35.772 838.967,446.566 99.848,490.607 487.803,823.667 956.458,228.950 862.593,562.626 395.825,281.615 808.384,823.887 322.277,289.033 98.225,297.428 885.547,511.710 534.227,877.512 746.392,412.515 306.720,249.775 847.669,668.873 830.487,288.759 677.701,794.579
AAH1 900.967,521.965 701.865,558.715 860.945,160.698 900.393,542.295 819.503,485.845 490.889,656.487 316.694,740.908 773.288,466.600 939.686,805.884 328.115,869.911 867.400,416.870 805.107,238.369 736.099,710.030 289.138,748.447 138.795,764.599 498.384,321.572 421.283,482.876 788.606,812.398 229.468,928.649 400.588,359.706 844.375,518.657 422.377,847.865 353.179,10.681 33.610,573.472 592.652,603.398 830.564,825.381 634.339,1001.962 633.000,121.000 218.731,23.674 589.619,230.037 886.789,460.941 537.863,404.581 694.358,728.323 677.791,104.327 508.205,160.000 732.895,237.985 207.522,287.652 486.635,296.294 247.801,298.368 561.166,307.691 619.877,462.819 216.676,516.330 491.591,607.418 686.983,646.396 360.295,58.773 502.029,62.374 503.153,168.494 804.871,193.703 671.585,195.297 793.343,204.386 91.439,214.700 851.462,357.380 931.956,364.206 625.533,394.094 768.649,450.639 743.550,450.524 143.997,486.001 409.648,614.778 628.503,645.630 475.530,693.056 418.788,698.989 416.970,830.558 584.910,923.622 790.039,930.645 751.094,949.362 483.584,21.063 757.490,53.669 884.073,93.572 232.921,177.467 406.880,201.573 557.667,257.164 674.342,329.854 859.174,332.414 940.870,356.469 947.208,369.635 700.306,425.222 454.680,610.004 129.204,675.474 581.610,680.339 614.604,696.311 802.000,813.902 487.404,823.246 899.619,847.527 851.397,867.552 553.846,925.375 255.077,935.206 165.625,985.449 987.346,995.375 929.308,1002.931 713.059,1010.955 281.709,1015.465 997.587,61.871 874.240,74.403 976.038,96.338 507.210,110.943 602.633,117.561 698.230,172.528 78.225,192.763 439.665,202.627 546.358,210.629 246.365,227.610 918.297,237.747 608.660,237.318 201.535,242.320 407.567,289.371 452.831,325.334 579.544,354.748 861.553,507.378 886.478,511.653 695.516,512.915 999.317,555.359 769.447,564.913 614.578,619.447 40.048,628.496 287.463,633.014 333.428,671.114 696.750,677.816 264.079,726.617 1000.769,733.636 286.487,760.138 146.951,791.539 838.586,791.064 71.692,813.726 808.371,823.829 507.518,839.026 264.634,853.169 373.782,854.250 945.886,861.610 224.196,874.345 534.281,876.858 842.634,876.286 985.296,890.235 674.042,902.007 265.653,902.990 77.821,928.546 830.020,957.515 677.961,983.826 663.348,9.005 587.679,50.279 374.151,62.357 40.139,74.198 725.575,74.267 869.705,142.526 91.099,146.468 312.633,161.964 889.315,198.723 46.963,198.453 40.958,208.558 354.661,230.540 396.323,281.891 830.286,287.714 859.271,298.610 867.295,306.498 679.012,342.484 434.322,354.598 934.798,375.120 873.059,376.124 781.927,391.078 272.634,392.366 126.840,413.429 549.621,415.520 1014.903,415.673 368.203,446.460 921.330,549.682 862.358,562.673 569.393,577.304 1001.464,599.564 980.335,623.831 476.955,629.359 225.305,673.019 374.148,672.784 883.509,675.393 859.664,680.896 432.335,700.542 324.482,722.636 918.731,726.109 161.757,737.562 550.980,754.930 945.441,755.803 669.730,768.375 617.218,787.150 62.622,799.245 828.726,802.866 283.530,803.758 571.108,815.525 508.680,850.879 454.265,858.500 769.634,919.235 184.721,974.595 589.706,35.426 806.391,178.025 704.329,206.583 135.153,212.486 772.290,229.436 956.644,229.247 306.154,249.788 555.348,277.229 322.372,288.753 98.797,297.595 631.260,313.272 956.302,362.117 905.750,380.108 746.220,412.910 490.869,426.385 838.643,446.472 701.581,456.465 99.506,490.191 997.929,501.306 591.391,505.627 963.253,582.737 136.693,588.571 918.458,592.554 355.882,594.723 898.971,599.392 341.262,603.894 885.624,651.444 847.274,668.811 1008.227,689.026 947.468,702.792 502.165,722.269 715.387,754.137 237.925,774.374 676.740,794.474 184.963,804.054 959.851,809.266 766.486,821.698 124.458,859.000 433.802,924.300 997.270,967.720 31.432,143.786 708.219,946.248
AAH2 1018.875,109.545 900.390,542.356 701.774,558.712 490.985,656.545 138.801,764.498 784.790,854.392 328.698,870.091 1018.653,993.096 861.098,160.539 819.596,485.758 901.014,522.064 316.693,740.663 939.531,806.056
AAH3 194.468,41.419 348.285,334.830 116.915,347.192 810.371,405.066 900.439,542.431 701.659,558.668 1011.016,576.746 836.245,654.486 54.521,684.360 632.102,712.336 132.066,755.367 274.494,792.088 784.702,854.377 329.087,870.240 122.480,928.495 1018.656,992.888 861.243,160.381 901.072,522.179 316.752,740.585 39.924,958.649
AAH4 900.390,542.358 490.996,656.564 316.692,740.656 138.809,764.527 784.827,854.414 328.685,870.085 1018.654,993.145 861.100,160.539 819.595,485.764 901.022,522.063 701.738,558.663 736.136,710.572 120.715,576.574 940.783,808.548
AAH5 900.939,542.771 491.568,656.407 316.385,741.709 139.124,765.968 783.502,855.844 328.307,870.368 1019.054,992.328 861.157,160.835 820.411,486.744 901.093,521.888 702.572,559.399 737.434,711.055 119.884,575.893 942.405,810.612
AAH6 642.639,852.530 704.428,561.173
AAI0 596.616,12.384 822.493,22.407 942.601,36.327 477.792,37.479 155.164,42.059 856.698,46.964 370.476,55.600 218.690,61.036 495.395,63.519 183.032,65.894 265.264,67.784 536.833,86.886 253.102,94.024 343.960,97.468 386.159,103.128 624.150,114.073 307.808,134.286 957.352,139.358 466.602,142.701 74.150,144.891 500.085,148.391 479.668,175.796 219.122,182.145 285.405,181.257 907.080,203.980 681.936,214.724 475.172,218.178 675.235,234.398 368.769,236.516 538.531,240.589 553.503,242.467 612.477,261.128 521.160,271.872 233.035,285.310 31.109,287.967 1000.951,299.067 728.428,303.377 316.328,319.829 111.089,325.892 969.283,326.627 745.038,342.070 905.575,351.154 107.811,361.805 344.007,387.820 823.674,400.113 334.715,401.215 685.251,403.024 41.052,406.823 217.705,411.203 101.205,418.131 680.773,434.969 433.624,436.162 52.745,443.020 352.135,447.298 513.508,447.256 748.368,448.288 704.395,452.808 142.963,461.590 414.678,479.543 665.159,481.700 345.020,488.465 126.219,490.246 908.063,490.917 979.899,501.174 1014.972,508.329 999.060,514.019 589.841,523.085 86.200,523.766 380.019,529.451 723.372,529.883 129.482,540.335 364.707,543.218 859.745,544.646 863.824,573.003 903.349,573.720 699.275,593.776 515.254,598.924 237.293,609.189 90.293,648.240 104.048,662.102 126.136,670.692 110.561,687.084 567.735,690.085 417.583,699.416 449.382,704.657 870.329,720.736 82.623,729.830 93.897,730.978 203.088,746.352 602.592,745.278 142.930,749.765 361.158,751.009 755.998,764.770 12.168,777.729 730.066,794.973 405.005,805.697 688.663,809.113 354.713,812.364 616.036,824.367 296.688,832.220 694.086,848.972 48.890,875.839 800.366,886.428 211.068,893.004 94.952,909.417 203.546,933.310 599.853,954.383 638.392,1013.436 805.325,855.026 287.685,243.438 519.413,462.013 466.474,385.411 970.401,233.668 507.670,456.788 390.072,652.348 294.061,741.014 362.702,248.541 765.874,296.385 259.539,465.656 122.506,897.401 279.869,684.214 248.544,376.676 292.527,905.713 275.255,607.364 244.442,680.695 513.442,352.138 164.147,791.093 169.719,836.487 393.254,122.924 340.394,590.388 688.803,723.100 708.802,506.609 373.837,563.386 481.523,796.175 524.513,448.258 440.254,733.404 898.134,957.413 911.407,23.038 67.660,639.468 808.105,66.906 466.622,413.899 358.966,653.943 64.586,77.102 327.370,369.480 485.465,439.796 571.112,822.028 180.696,292.840 529.885,463.552 593.916,354.941 512.526,363.371 458.010,584.757 218.351,199.952 566.110,233.668 26.404,889.100 294.214,343.065 110.559,389.436 240.144,718.490 82.289,557.199 434.549,981.540 792.317,354.339 211.607,764.379 848.172,126.514 168.600,160.467 603.517,308.116 813.699,590.325 862.037,677.475 771.409,382.750 963.996,556.173 420.335,621.542 514.563,755.868 39.212,533.788 141.585,668.588 330.373,716.493 938.077,157.697 589.237,103.106 1000.472,269.980 364.591,492.893 896.378,910.395 395.102,357.384 866.328,337.812 489.384,375.046 750.732,1011.690 728.144,601.222 327.215,109.160 682.920,620.724 973.494,624.631 901.646,404.543 256.713,621.610 584.479,880.885 325.213,531.129 342.891,814.685 725.285,980.577 529.999,539.722 418.431,879.969 631.365,256.446 624.182,375.833 792.717,241.350 508.041,242.205 356.802,345.828 782.640,387.707 376.954,614.721 352.559,191.530 746.961,416.049 393.623,436.271 322.648,581.638 329.361,915.931 209.309,1009.869 377.316,513.145 472.568,598.133 870.764,415.248 680.294,760.426 936.527,996.638 803.828,111.110 460.625,1007.869 502.013,324.583 828.581,771.001 852.466,922.696 664.768,90.706 843.195,485.390 1007.488,678.452 237.620,592.446 642.511,869.565 630.474,527.796 24.442,557.361 1014.395,132.509
AAI1 218.572,412.385 380.396,530.864 612.858,261.988 957.700,140.586 297.063,833.334 352.224,448.439 745.609,342.904 364.974,544.232 857.041,47.666 905.860,351.728 200.631,748.711 335.093,402.094 907.784,204.373 522.020,272.402 681.324,435.555 434.116,436.545 129.602,540.988 688.741,809.528 74.479,144.835 90.531,648.546 942.536,37.184 253.698,94.490 567.534,690.264 999.366,514.332 730.461,794.781 154.990,42.514 699.332,593.244 219.069,182.858 210.995,892.994 271.140,68.424 107.861,361.706 748.455,448.225 800.395,886.710 203.529,933.295 385.581,103.398 728.000,303.240 704.300,452.435 344.893,488.678 233.042,285.073 908.062,490.626 863.608,572.759 624.415,114.262 287.840,243.626 343.604,387.704 823.512,400.403 143.210,461.423 86.434,523.320 870.425,720.480 822.299,22.084 369.264,236.291 30.691,287.692 361.474,750.726 616.058,824.241 694.266,849.265 596.435,12.171 477.564,37.433 536.621,86.625 466.408,142.514 285.228,181.133 475.106,217.843 538.559,241.000 1000.194,269.853 316.571,319.824 41.426,406.370 508.398,447.962 414.621,479.656 589.595,523.428 903.433,573.624 377.454,615.133 110.600,686.865 602.812,745.093 756.355,764.461 911.549,23.073 495.167,63.582 182.854,66.154 344.021,97.506 682.133,214.579 631.210,256.903 1000.905,299.412 969.100,326.464 466.217,385.685 101.748,418.706 519.421,461.753 664.811,481.332 709.428,506.982 813.918,590.523 515.144,598.458 104.754,661.217 126.373,670.826 1007.947,679.000 12.614,777.509 164.392,791.138 405.214,805.451 571.493,821.638 93.929,909.523 852.145,923.468 897.937,957.890 434.586,981.077 935.845,996.303 370.024,55.664 848.644,126.518 307.785,133.978 500.430,148.532 168.939,160.352 479.435,175.742 218.167,200.194 565.977,234.263 674.645,234.405 603.913,308.624 111.483,325.813 866.106,338.189 512.292,352.275 594.184,355.498 111.275,390.270 685.166,403.431 466.192,413.366 393.823,436.447 485.220,439.337 52.426,443.214 507.029,457.138 126.361,490.177 1014.961,507.696 722.883,529.954 860.490,544.762 82.721,557.080 373.933,563.526 238.024,592.420 727.626,601.205 275.163,607.782 67.207,639.161 389.775,651.837 141.430,669.175 244.493,681.254 330.300,716.771 82.870,729.320 94.184,731.368 293.505,740.424 343.100,814.930 26.297,889.206 292.536,905.953 595.938,953.895 460.199,1008.240 209.678,1009.723 218.378,61.098 808.164,66.541 64.998,77.565 589.697,103.313 393.308,122.453 970.507,233.598 553.240,242.389 362.987,249.562 180.607,292.628 766.289,296.682 502.499,324.184 871.805,329.198 293.639,342.271 792.369,353.931 394.457,356.820 326.781,369.457 624.317,375.598 248.729,376.758 902.008,404.646 747.209,415.641 525.684,448.526 529.652,464.036 843.540,485.774 364.536,492.786 979.321,500.682 324.744,531.158 39.349,534.111 256.360,620.226 358.590,654.041 861.448,677.263 279.606,683.783 457.397,698.156 417.613,699.438 449.297,704.849 688.742,723.272 142.896,749.096 514.481,755.708 828.514,771.118 481.642,796.450 355.419,812.497 170.019,836.816 805.380,854.716 48.625,876.139 121.933,897.965 896.952,910.712 751.209,1010.861 803.132,110.304 938.193,158.066 351.742,192.334 792.876,240.663 507.240,242.384 357.270,345.639 513.769,362.428 488.911,374.849 771.358,382.206 871.419,415.299 259.850,465.681 377.226,513.712 630.404,528.275 529.674,539.341 23.500,556.500 963.639,556.417 321.951,581.223 456.717,585.713 340.146,590.105 472.368,597.787 683.284,619.885 973.245,624.821 96.124,671.270 240.337,718.626 440.116,733.000 679.899,760.188 211.760,763.977 644.065,869.700 418.398,880.375 584.439,881.210 329.907,916.291 725.751,979.851 638.925,1013.582 665.610,91.436 327.542,108.858 1013.615,131.995 782.625,387.991 235.644,609.424 419.945,621.290
AAI2 857.115,47.676 957.839,140.560 613.006,261.927 745.629,343.160 218.600,412.398 681.200,435.509 352.273,448.431 380.455,530.872 364.901,544.138 297.098,833.353 999.100,904.276 200.382,749.050
AAI3 857.099,47.668 625.045,127.248 957.907,140.594 613.068,261.874 919.897,304.966 578.178,392.233 218.641,412.399 380.488,530.786 364.905,544.161 58.604,644.953 746.764,664.401 999.057,904.069 352.350,448.554 297.059,833.365
AAI4 857.125,47.684 957.839,140.558 745.637,343.128 218.573,412.512 380.468,530.835 364.909,544.147 688.678,809.599 297.097,833.361 999.112,904.404 612.977,261.922 681.197,435.515 352.266,448.421 200.375,749.055
AAI5 856.264,46.431 958.181,141.484 745.742,342.591 219.173,412.679 379.422,530.204 365.224,544.156 688.746,808.340 296.659,832.809 999.804,904.369 613.103,262.088 681.800,436.293 352.724,449.135 201.874,749.138
AAI6 961.398,144.898 296.926,832.988
AAJ0 817.261,8.357 562.057,36.437 196.875,45.599 999.995,61.300 578.470,107.401 912.673,109.862 813.337,131.342 758.989,140.064 887.077,149.087 633.043,153.837 150.313,161.106 812.662,164.253 16.547,163.611 810.219,172.838 515.281,177.321 674.610,195.226 883.712,209.209 273.689,212.013 947.979,237.879 542.315,246.777 954.068,256.146 633.143,264.827 921.412,277.937 964.514,281.619 989.143,289.192 67.634,303.979 705.544,307.562 749.954,316.164 959.934,317.175 932.684,320.058 896.895,323.946 866.549,351.192 762.740,362.120 693.028,373.214 480.395,393.689 715.124,410.246 854.355,413.091 281.097,414.835 980.580,416.974 860.373,428.643 819.899,450.359 880.540,457.555 483.191,460.335 692.088,485.039 350.961,498.962 133.834,515.684 292.303,525.166 838.359,526.368 334.872,533.480 254.715,537.180 404.130,558.837 935.796,587.684 23.907,622.935 374.923,632.044 57.806,644.213 45.166,670.737 805.581,676.280 573.945,681.878 995.568,687.216 376.047,696.999 619.883,701.840 780.407,706.378 211.102,712.190 679.065,712.371 485.446,745.536 584.082,751.171 886.451,751.579 509.864,766.552 910.319,803.603 373.649,803.558 87.858,814.242 179.406,828.681 268.090,831.672 128.919,833.908 718.227,835.244 138.938,861.099 771.095,864.600 117.623,888.856 804.373,906.576 896.659,907.650 28.874,910.964 984.306,909.964 813.525,913.444 475.827,930.375 455.269,934.218 769.012,936.881 293.713,940.419 620.634,940.252 882.626,953.254 21.861,957.154 762.593,962.666 398.329,963.501 877.922,976.044 771.073,980.163 912.844,988.033 358.124,992.102 464.479,992.295 857.575,747.816 747.620,943.333 465.842,299.255 155.427,755.272 296.638,923.748 851.144,258.072 509.761,821.963 650.021,872.714 980.701,958.769 789.158,775.736 898.717,580.914 832.363,267.719 260.526,437.887 717.648,654.667 1015.437,841.243 890.960,88.291 504.087,650.864 521.312,902.808 636.892,794.336 621.071,851.310 586.646,921.855 649.666,11.680 783.396,1001.935 219.589,195.114 788.460,501.472 317.053,995.933 937.607,428.099 155.155,783.432 478.162,909.430 428.226,138.100 318.420,263.352 425.106,110.535 807.425,341.821 962.526,523.284 507.690,725.540 672.307,841.771 1009.008,767.635 314.512,962.127 634.494,520.746 415.927,846.049 733.209,937.143 978.724,349.844 289.730,606.536 236.427,309.412 928.010,557.945 299.067,14.824 772.500,817.755 29.917,861.188 702.576,420.741 117.251,556.095 970.851,564.455 467.783,833.292 1011.402,909.934 171.356,981.921 593.570,796.811 935.431,803.764 719.017,816.519 97.807,173.883 441.130,583.542 604.422,386.589 537.513,836.678 713.960,186.067 1010.571,475.187 558.281,257.720 880.041,288.474 455.528,668.123 213.353,347.600 1012.727,499.828 609.923,918.745 391.814,376.753 727.812,118.272 110.540,655.370 449.474,978.028 240.191,697.088 631.251,705.899 427.400,284.392 395.754,196.239 459.500,527.967 504.052,964.244 599.031,612.573 386.343,339.457 532.291,919.910 383.522,280.415 985.331,1013.430 977.318,514.537 836.080,610.088 501.919,861.929 329.370,848.285 22.803,850.608 448.918,952.877 803.461,305.179 475.656,746.475 759.489,200.954 847.526,290.430 15.503,39.351 224.968,259.494 404.896,508.058 410.293,826.604 773.662,959.143 762.087,97.556 156.333,946.438 114.390,92.658 190.498,690.521 393.704,1014.500 332.700,31.980 316.673,579.511 70.563,844.151 611.936,955.032 256.395,359.624 196.419,495.068 691.492,627.607 347.838,144.595 25.837,731.395 235.239,805.923 581.973,435.068 625.351,486.409 743.059,214.533
AAJ1 714.973,411.888 455.664,935.390 679.256,713.526 884.372,210.247 274.064,212.693 813.562,132.421 475.834,931.489 692.753,485.537 29.596,911.577 139.537,861.503 933.115,320.363 763.176,362.887 720.985,835.845 358.504,992.431 334.751,534.208 68.297,303.900 767.860,981.306 759.068,140.453 292.305,525.022 980.660,416.890 854.566,412.810 210.951,712.000 812.717,164.691 674.379,195.049 464.367,992.284 376.023,697.163 578.521,107.617 805.979,676.629 779.989,706.498 87.834,814.661 880.727,457.388 999.784,61.353 633.344,153.594 150.618,160.574 17.000,164.000 633.388,264.710 750.388,316.137 280.994,414.598 133.494,515.383 44.856,670.762 995.558,687.453 584.219,751.383 128.610,834.263 964.895,281.564 819.645,450.411 984.469,910.286 912.371,109.387 515.436,177.381 705.355,307.144 254.965,537.734 404.342,558.474 574.340,682.048 910.238,803.662 268.092,831.493 771.442,864.610 817.564,8.357 197.505,45.825 988.968,288.811 236.898,309.951 897.073,323.669 692.924,373.501 350.977,499.338 970.861,563.979 57.659,644.460 455.000,668.000 179.173,828.858 768.864,936.395 882.186,953.307 314.795,962.050 912.858,988.392 713.892,186.368 542.284,246.788 953.974,255.617 558.152,258.212 921.458,277.537 865.844,351.105 837.850,525.706 936.406,587.969 374.781,632.695 857.586,747.812 509.615,766.789 896.648,907.436 620.661,940.533 762.633,962.275 649.434,11.340 562.159,36.901 425.117,110.900 948.356,237.600 851.194,258.393 318.301,263.085 426.498,284.380 880.628,288.591 978.977,349.801 480.502,393.466 859.626,428.331 260.661,437.935 404.414,507.867 899.083,581.206 289.579,606.374 504.217,651.293 620.617,701.703 485.249,744.843 885.813,751.755 155.051,755.594 789.275,775.281 155.168,782.795 593.624,796.457 373.615,803.442 509.784,821.573 672.582,842.152 621.498,850.848 521.337,902.415 813.092,912.970 296.641,924.387 293.665,939.818 747.650,943.350 156.712,946.258 21.930,957.117 773.718,959.531 398.278,963.796 877.710,976.316 171.404,981.837 783.560,1001.975 891.474,88.073 113.933,92.183 761.602,97.125 728.406,118.371 347.974,145.205 886.641,148.548 219.585,195.069 396.511,195.967 225.464,259.465 832.386,267.445 384.025,280.294 803.347,304.662 959.390,317.005 807.494,341.140 213.211,347.581 256.328,359.754 392.652,376.312 937.410,428.415 581.987,434.794 483.544,460.367 1010.433,474.477 625.394,486.251 788.431,501.755 302.658,521.995 634.899,521.168 459.414,527.410 117.481,555.553 440.898,584.175 599.081,613.074 24.591,623.259 690.687,627.455 717.871,654.717 190.504,689.988 240.038,697.672 631.412,706.316 508.062,725.722 636.346,794.558 718.879,816.688 772.049,817.766 410.148,827.637 537.507,836.765 70.920,844.486 22.536,850.474 29.224,860.974 650.845,872.398 116.851,888.572 803.839,906.657 1011.288,910.310 287.615,916.535 586.787,921.867 733.090,936.823 611.084,955.309 981.256,957.903 449.437,978.273 317.584,995.967 985.596,1012.675 299.129,14.387 428.631,138.437 97.753,173.628 759.326,201.080 742.468,214.135 847.437,290.210 465.936,299.026 385.984,339.186 603.885,386.573 702.340,420.270 196.463,494.890 1013.585,499.369 977.141,513.994 962.092,523.815 927.681,557.889 317.281,579.944 837.215,609.448 14.666,625.742 25.356,731.517 1008.369,767.476 935.297,803.179 467.485,832.956 415.478,845.627 330.211,848.336 501.707,861.830 478.448,908.869 532.514,920.092 448.274,952.428 503.000,964.000 332.340,30.236 14.422,39.528 109.906,654.642 235.408,804.996 608.737,918.737 394.403,1013.000
AAJ2 274.065,212.656 933.472,320.566 763.374,362.360 718.879,835.812 475.968,931.466 358.585,992.540 813.301,132.404 884.332,210.116 715.103,411.856 679.213,713.689 139.377,861.406 29.606,911.598 455.599,935.356 692.600,485.557
AAJ3 975.773,81.249 274.137,212.540 695.969,297.316 927.088,308.316 715.109,411.878 951.059,520.229 679.242,714.327 992.795,803.093 718.605,835.701 597.562,902.391 274.807,928.415 360.011,992.692 697.026,994.983 455.611,935.269 812.978,132.338 888.035,133.582 933.716,320.740 245.482,646.964
AAJ4 457.526,201.084 884.324,210.080 274.064,212.658 933.511,320.620 718.862,835.803 475.971,931.463 482.066,936.275 813.303,132.403 714.805,411.893 679.213,713.691 139.366,861.397 29.610,911.595 455.647,935.300 358.593,992.554 112.916,33.229 41.412,528.854
AAJ5 457.352,200.986 885.395,211.639 275.121,212.795 934.216,321.248 720.794,835.801 476.694,932.680 479.569,935.112 813.322,131.449 716.091,413.089 679.155,712.894 138.613,860.664 30.304,912.286 455.869,935.146 358.654,992.999 113.041,34.067 41.342,527.645
AAJ6 977.136,817.014 457.029,936.844 712.712,409.132 736.109,760.921 585.535,872.834 360.676,992.684
AAK0 682.624,8.492 689.880,18.946 356.796,22.323 880.228,28.408 165.515,30.266 867.085,58.513 736.138,78.438 363.854,83.207 503.551,104.502 969.990,114.637 418.509,123.762 77.737,150.843 46.394,152.091 496.491,162.701 402.371,175.343 831.630,178.277 210.667,182.294 906.823,184.555 546.443,199.445 833.221,209.609 44.810,215.665 585.237,215.897 412.951,232.101 692.337,242.382 712.333,258.059 886.291,261.893 472.214,266.003 752.612,279.605 447.137,280.727 260.466,282.547 763.897,286.515 782.246,288.712 490.481,297.192 716.863,298.944 662.369,308.232 216.749,315.511 414.529,319.534 762.738,335.024 98.635,342.397 228.560,342.177 265.121,345.146 802.671,350.234 730.709,356.495 554.517,359.624 650.786,365.105 730.553,367.661 838.968,385.125 1004.672,393.224 748.098,402.093 967.144,403.769 802.968,404.905 747.224,414.963 698.349,417.411 386.536,418.316 264.939,418.968 1010.190,426.283 331.200,442.732 701.045,459.204 205.567,464.390 163.759,470.851 1008.436,472.961 18.340,483.508 495.547,486.448 974.491,509.602 657.875,522.778 782.493,527.084 754.503,538.010 566.308,553.495 927.024,553.707 935.017,557.430 1010.290,564.107 806.521,565.403 129.332,583.099 796.592,594.247 399.698,603.037 720.687,602.853 832.758,605.536 814.228,609.017 50.585,610.962 794.382,610.552 774.947,615.354 498.045,622.971 599.860,634.581 439.315,636.888 787.398,638.954 909.564,662.422 938.167,662.917 661.675,682.380 742.109,682.491 802.363,699.940 601.254,705.874 733.449,710.981 846.385,712.099 956.460,712.529 193.092,714.185 668.323,714.660 793.099,715.078 175.195,728.858 758.578,754.333 31.060,756.287 393.608,756.542 866.138,776.756 437.525,778.948 140.020,782.383 809.066,790.182 370.562,793.433 355.061,795.448 468.684,806.403 218.535,819.508 122.011,830.563 512.654,830.633 774.714,832.822 870.143,845.242 418.682,856.332 674.588,857.228 449.017,858.467 831.362,858.247 846.630,864.308 612.910,866.908 612.783,873.737 310.238,886.719 468.790,892.853 986.567,914.928 114.481,918.038 923.503,926.219 460.496,927.447 334.517,933.592 392.903,944.500 790.930,946.701 342.359,948.581 1012.863,958.066 459.887,966.326 99.381,970.575 170.343,976.467 756.929,976.844 672.656,983.206 427.163,991.473 705.060,996.123 179.475,1006.880 604.463,8.348 699.869,16.354 349.204,18.122 631.443,19.254 602.143,20.763 400.780,25.780 664.313,43.750 921.581,51.230 515.768,60.970 652.092,64.763 794.532,69.164 894.785,70.311 655.298,75.938 437.390,79.403 375.347,91.813 809.296,100.521 679.564,104.536 660.295,105.790 758.942,106.196 909.927,107.272 835.625,113.144 108.079,118.599 437.908,120.944 525.229,128.558 907.579,131.130 852.694,135.013 940.743,137.010 531.720,139.575 905.614,139.838 571.621,150.418 868.032,152.538 145.155,167.255 799.384,168.533 214.365,170.172 906.483,173.263 674.054,175.310 789.570,176.444 544.106,183.166 171.772,189.047 673.356,188.528 749.996,191.811 1012.423,206.316 629.677,213.479 991.589,221.465 469.680,235.547 264.194,238.763 705.678,239.519 873.046,247.517 622.437,249.411 953.160,247.879 100.116,250.002 248.165,263.265 28.482,263.696 750.934,264.651 575.075,268.286 649.439,270.015 635.065,270.996 69.606,272.092 652.825,271.778 605.823,280.986 91.642,283.084 556.671,307.271 903.622,313.365 119.692,314.323 640.741,318.216 923.409,323.383 420.226,324.791 389.945,329.247 465.441,336.020 566.131,360.178 642.049,362.946 717.188,363.436 260.626,366.005 365.448,367.485 838.019,369.602 648.907,377.800 661.660,377.195 347.942,401.371 61.388,410.612 263.536,411.653 707.686,416.848 760.461,418.624 204.992,420.960 914.037,420.987 659.589,431.853 437.927,441.681 287.254,442.705 207.770,444.212 394.438,444.055 785.381,445.926 467.827,448.009 837.722,448.457 663.827,451.697 743.567,451.774 918.985,451.022 312.413,454.132 749.711,455.674 157.258,455.833 128.260,466.151 872.876,477.538 503.958,483.560 968.075,485.433 820.753,490.132 374.400,490.882 487.038,495.858 804.296,512.111 952.874,511.377 15.698,513.377 868.943,512.849 222.651,515.768 359.371,516.487 1013.298,519.037 634.314,532.239 166.364,537.683 519.862,537.158 63.606,548.130 787.703,548.848 531.660,551.060 297.365,553.989 845.013,554.005 317.078,564.186 438.016,567.491 379.841,569.569 748.421,584.038 196.000,584.500 826.300,585.175 39.266,588.223 233.049,588.230 727.705,603.992 827.193,608.828 503.017,611.622 904.200,616.121 921.400,623.541 790.618,623.967 119.358,627.697 808.295,641.193 526.540,647.081 947.910,648.125 725.329,652.528 863.750,663.361 858.896,667.781 603.577,669.835 825.220,675.181 569.115,677.167 475.698,677.891 463.861,679.606 764.319,685.814 372.702,704.834 913.930,707.241 802.300,716.374 800.268,721.116 851.031,722.317 39.096,725.579 161.648,735.540 696.171,745.955 193.547,748.319 609.816,751.816 709.281,751.843 703.832,761.759 76.554,775.453 680.232,780.087 478.102,787.428 944.369,796.631 209.526,818.029 158.048,820.402 343.936,831.298 475.480,833.691 508.596,839.184 465.868,848.545 879.887,855.344 854.003,861.982 900.127,862.019 567.332,865.844 834.149,868.380 256.322,870.485 428.453,887.281 393.972,897.682 461.338,905.427 645.095,903.853 435.643,913.000 875.587,913.587 671.500,913.793 166.517,923.689 595.053,924.447 819.210,923.866 475.432,924.861 796.122,931.779 813.697,936.818 54.122,937.914 896.739,939.729 812.310,953.032 281.541,977.220 621.775,984.604 924.544,985.448 639.663,1007.208 879.582,1014.974 205.077,1015.793 369.054,1018.213 697.289,14.725 944.939,26.980 725.921,273.114
AAK1 157.917,454.206 725.724,273.295 872.441,477.104 896.467,939.397 695.616,746.386 107.889,118.623 312.336,453.715 372.661,705.041 634.283,531.949 543.763,183.108 699.434,16.229 827.239,608.559 945.089,26.904 867.844,152.325 486.810,496.079 905.862,139.800 804.094,512.230 158.129,820.263 621.996,984.384 635.324,271.150 661.639,377.535 204.804,420.698 640.872,318.487 991.461,221.399 953.562,247.504 900.229,861.829 61.158,410.886 940.654,136.902 260.667,366.371 347.584,401.057 844.687,553.677 851.378,722.164 986.757,914.498 880.019,1014.956 909.843,106.987 852.607,135.465 606.164,281.390 802.535,350.142 717.303,363.781 838.493,369.230 467.996,448.135 709.615,751.213 459.818,966.017 921.375,51.051 679.559,104.351 759.017,106.225 906.499,173.344 923.403,323.245 762.859,334.918 438.011,441.373 16.061,513.164 502.653,611.880 789.893,623.774 924.105,925.847 516.047,61.374 794.662,69.458 894.760,70.265 264.656,238.462 650.654,364.448 914.584,420.841 394.391,444.353 374.557,490.784 1013.358,518.629 754.619,537.795 379.447,569.437 904.254,615.966 526.268,647.218 824.773,675.589 601.552,705.584 831.204,857.757 595.318,924.495 651.944,64.516 835.142,113.469 496.024,163.777 214.751,170.201 749.455,191.807 873.084,247.401 100.140,250.096 712.713,258.589 751.083,264.544 903.883,313.829 465.647,335.511 566.391,360.268 642.102,362.592 649.072,377.605 919.417,450.829 205.532,464.268 869.324,512.815 921.499,623.312 858.898,667.971 603.607,670.513 802.988,700.099 703.525,762.019 218.625,819.359 846.216,864.458 645.337,904.323 100.183,970.163 281.361,977.133 682.662,8.006 867.384,57.975 736.090,78.003 525.745,128.988 531.050,138.750 673.161,188.356 44.988,215.894 705.802,238.894 622.665,249.878 472.491,265.607 260.749,282.381 764.507,286.617 119.553,314.040 217.387,315.360 419.983,324.355 730.503,367.752 747.342,402.297 747.603,414.835 760.586,418.575 659.715,431.475 164.227,470.231 503.571,483.681 519.554,537.076 63.622,548.263 297.192,553.611 927.346,553.685 826.148,584.820 725.804,652.380 569.286,677.489 661.644,682.618 913.953,706.736 956.193,712.148 668.502,714.315 38.555,725.678 834.113,868.721 256.450,870.621 468.630,893.055 166.843,923.519 812.981,936.433 925.291,985.440 705.101,995.816 179.576,1006.779 165.387,30.116 437.152,79.406 808.929,100.928 660.676,106.314 571.525,150.541 789.491,176.156 906.540,184.629 171.878,188.730 412.843,232.102 468.863,235.955 692.179,241.688 69.326,271.840 753.235,279.339 98.395,342.576 838.346,385.221 263.338,412.027 707.644,416.780 785.197,445.711 838.412,448.548 743.510,451.904 701.383,459.555 952.636,511.203 657.693,522.000 531.503,550.722 566.463,553.584 232.616,588.087 38.957,587.922 722.327,602.938 797.670,609.134 599.944,633.766 807.867,640.927 938.541,662.806 437.407,778.749 680.410,780.089 140.282,782.315 808.896,789.921 512.661,830.745 774.497,833.419 508.802,839.180 418.718,856.456 674.399,856.297 879.666,855.448 428.550,886.603 461.233,905.633 460.068,927.496 334.414,933.454 54.163,938.012 342.695,948.676 812.752,953.312 1012.712,957.555 672.595,983.151 639.273,1007.737 604.586,8.511 349.635,18.102 602.201,19.776 630.791,19.928 879.565,28.463 663.990,43.718 375.571,91.380 503.499,104.990 436.101,120.897 78.064,150.309 46.064,152.337 144.495,167.668 799.388,168.576 401.901,175.522 674.277,174.883 833.051,209.532 629.462,213.819 575.513,267.889 649.682,269.888 447.170,280.236 91.767,283.107 782.803,288.582 662.342,308.585 390.363,329.312 555.057,359.540 365.325,367.105 1004.891,393.522 803.339,405.232 287.355,442.394 127.961,466.534 967.537,486.005 223.430,515.861 782.356,526.966 166.946,536.954 934.952,557.597 1010.122,564.786 806.640,565.797 438.015,567.245 129.491,582.466 195.981,584.553 400.503,602.714 775.080,614.733 119.738,627.655 787.686,639.154 948.504,648.528 909.726,662.487 463.888,679.570 742.790,681.994 764.544,686.332 161.341,734.369 393.118,756.212 866.268,776.683 370.734,794.259 355.200,795.597 468.721,806.340 344.360,831.486 121.982,830.940 475.486,834.139 466.355,848.842 448.360,858.703 566.406,866.048 612.803,867.262 310.198,886.158 671.089,913.759 875.324,914.233 756.627,977.243 400.742,26.666 654.242,75.532 363.520,83.135 970.203,113.601 418.506,123.423 831.786,178.189 210.271,182.316 545.572,200.696 1011.752,205.931 885.904,262.554 248.410,263.283 28.389,263.745 490.727,297.677 716.738,298.589 556.437,307.171 228.748,342.404 967.003,403.555 386.852,417.530 697.556,418.105 1011.466,425.364 330.494,443.945 208.510,444.875 1008.757,472.983 18.007,483.532 820.837,489.551 975.494,510.000 359.585,515.665 788.487,548.640 317.443,564.361 748.000,582.697 796.384,593.806 814.149,609.231 50.319,610.596 498.192,623.564 438.990,636.616 475.511,677.345 733.185,710.555 192.779,714.376 792.590,714.836 801.760,715.179 800.549,722.047 174.650,728.801 193.665,749.541 611.091,751.734 758.275,753.871 30.482,755.341 76.036,775.540 944.157,796.640 209.784,817.580 393.746,897.393 435.772,913.067 114.414,917.846 819.685,924.437 476.000,924.604 795.656,931.869 393.025,944.238 790.976,947.462 170.552,976.799 427.468,990.566 584.476,214.341 265.521,344.429 730.766,356.422 663.168,451.317 477.966,787.386 870.605,843.995
AAK2 107.907,118.904 312.313,454.001 157.900,454.328 872.395,477.295 695.764,746.373 725.794,273.319 372.783,705.235 896.379,939.346
AAK3 107.861,119.240 34.847,200.057 662.906,343.831 157.883,454.362 872.401,477.460 710.458,552.948 636.086,722.720 62.730,848.174 30.914,856.479 46.693,920.731 225.032,928.200 725.853,273.338 896.330,939.275 29.971,161.531 201.873,255.829 448.798,520.439 54.375,759.209
AAK4 107.919,118.907 872.393,477.299 695.767,746.370 62.673,848.616 544.171,183.929 201.798,255.969 725.795,273.316 157.823,454.252 896.379,939.346 372.783,705.226
AAK5 108.212,117.426 871.920,476.001 696.534,747.607 62.881,849.077 544.173,184.802 200.420,257.553 726.182,273.591 157.320,453.941 896.690,939.244 372.243,704.631
AAK6 728.805,276.370 156.819,453.437 160.814,456.840
AAL0 982.465,18.368 460.065,22.340 455.500,26.641 217.178,40.884 341.470,50.346 100.982,55.489 956.475,56.957 820.852,58.441 842.514,61.418 614.391,63.290 202.552,71.364 887.312,82.729 250.340,94.463 28.072,150.480 72.568,156.744 109.455,170.362 433.713,180.903 14.464,194.356 571.411,214.593 436.651,239.989 464.366,260.425 936.370,262.829 742.381,271.612 826.708,275.740 60.911,296.649 273.040,316.825 570.702,319.227 784.620,324.635 131.450,326.326 153.198,327.052 19.839,338.276 203.774,339.060 318.728,339.921 522.181,353.663 210.546,362.569 113.206,378.839 596.337,406.841 170.802,410.336 422.295,410.634 260.392,411.523 548.333,412.030 504.479,446.658 205.165,480.570 306.892,499.799 394.833,506.405 290.631,517.720 819.584,522.947 262.440,523.505 304.788,542.893 800.686,546.481 369.915,558.408 438.319,602.402 402.297,604.945 614.699,610.606 316.233,613.023 6.925,623.163 756.442,626.339 573.558,630.546 948.918,634.580 502.098,638.372 878.779,661.664 444.525,678.181 234.951,687.466 660.567,690.492 986.090,709.558 856.634,714.351 511.026,719.900 752.812,747.159 734.649,778.077 1010.572,777.596 28.299,802.571 724.403,805.619 213.809,806.190 727.210,820.838 646.614,825.518 327.250,826.522 146.238,834.278 304.954,848.389 606.677,848.090 562.490,855.381 339.318,861.547 634.246,894.542 780.384,936.050 796.179,954.840 222.513,975.160 660.009,978.366 20.404,984.196 6.207,999.450 686.255,1015.792 726.864,9.115 956.420,12.113 757.249,17.774 167.709,21.985 930.016,28.992 347.549,35.592 44.511,44.287 499.585,54.817 463.906,85.841 250.146,87.112 884.550,93.267 269.396,95.541 875.285,99.561 99.591,103.276 318.017,115.890 529.987,137.620 396.365,143.445 363.881,155.659 128.549,158.142 843.136,186.837 212.148,196.405 866.723,199.789 75.671,201.500 440.075,208.484 56.387,211.143 371.034,212.903 735.510,215.960 227.795,217.138 889.197,219.505 428.451,221.958 899.664,228.537 949.132,235.078 40.321,237.316 627.123,236.708 819.734,240.138 440.912,255.856 687.630,257.965 759.679,261.534 337.593,267.656 455.617,270.374 664.576,272.222 25.712,277.174 347.732,280.048 1015.085,284.388 1015.549,291.509 806.788,300.005 332.069,302.348 844.417,307.983 452.729,328.306 636.514,331.265 801.022,331.964 211.765,337.840 70.979,338.511 375.251,344.170 787.610,353.120 585.343,361.464 99.878,371.790 266.636,382.308 1016.026,389.059 434.678,396.462 264.125,401.766 645.639,403.422 448.794,426.168 720.833,430.936 901.560,434.085 996.321,434.100 734.677,438.201 85.751,443.508 14.053,460.467 385.485,460.959 733.396,462.486 257.492,463.535 967.737,474.782 339.109,480.276 984.943,482.193 111.892,484.126 235.042,488.120 937.181,492.181 167.266,495.435 655.322,494.342 219.842,499.689 569.145,516.689 177.424,519.124 156.089,525.961 711.856,531.881 905.746,537.655 868.236,539.356 940.472,540.393 194.060,542.278 915.313,544.785 460.982,573.633 696.590,575.554 655.981,582.004 281.596,601.918 559.993,609.482 889.326,608.744 437.663,611.707 1008.673,620.311 702.061,621.490 673.021,650.230 116.279,655.203 193.996,659.472 387.785,658.863 215.694,666.954 408.204,668.040 143.271,672.702 359.464,673.684 681.537,683.365 397.531,692.078 323.320,701.116 616.350,701.022 832.203,701.332 949.802,722.922 383.615,727.722 230.614,734.075 116.296,739.110 523.554,740.467 269.030,754.143 835.888,757.425 870.065,759.753 71.205,765.860 664.481,765.792 979.725,769.552 743.970,769.194 723.294,776.166 663.701,776.754 732.147,783.554 492.006,785.667 4.441,786.563 707.537,791.067 19.636,797.433 907.283,797.828 855.375,803.611 290.056,808.784 503.462,811.626 938.153,813.436 193.117,820.457 243.396,828.600 257.989,836.659 67.705,849.349 155.101,875.864 996.936,889.694 469.022,892.219 507.753,898.581 395.801,900.512 185.233,907.250 95.457,912.349 792.176,915.467 809.430,915.319 680.950,921.950 719.353,925.197 943.636,934.055 35.019,935.148 238.844,941.777 320.837,942.572 74.118,946.214 38.979,961.130 717.346,961.988 89.695,968.591 43.208,969.069 495.635,981.186 568.116,983.621 566.222,984.325 211.072,988.906 109.357,999.005 323.484,1000.349 55.514,1001.616 261.988,999.749 825.761,1004.404 879.414,1005.753 148.642,1011.495 191.177,48.875 301.150,94.711 240.971,260.938 215.466,284.958 266.886,426.463 649.094,883.080
AAL1 996.666,889.266 301.683,94.306 241.260,260.976 128.344,158.353 567.545,984.246 89.504,968.222 215.707,285.199 956.189,11.589 374.896,343.746 387.804,658.789 338.836,479.718 266.917,426.500 649.386,882.841 439.968,208.425 855.357,803.673 530.251,137.782 25.662,277.466 155.713,525.673 744.636,769.695 19.826,797.660 230.400,734.259 71.403,765.741 190.853,48.710 441.194,255.957 337.644,267.032 155.481,875.636 347.438,35.870 177.701,519.362 468.964,892.269 385.550,460.634 269.000,754.553 726.503,9.255 645.606,403.345 734.598,438.446 967.463,474.739 508.010,898.266 757.300,17.734 371.392,212.801 383.493,727.508 261.542,999.546 167.458,22.115 227.838,217.195 332.612,302.391 235.144,488.261 712.226,532.376 408.430,668.629 434.274,396.565 449.452,426.092 655.248,494.356 194.254,659.290 731.772,783.469 35.113,935.373 39.221,961.272 614.231,63.219 250.172,94.721 364.179,155.620 806.685,300.332 215.091,666.967 938.226,812.994 843.507,187.040 984.980,481.921 568.627,517.222 948.934,634.877 673.164,650.365 661.076,690.076 707.881,790.994 238.531,941.797 211.406,988.896 460.612,22.322 100.660,54.789 455.415,270.363 1015.228,291.275 801.299,332.339 212.270,337.765 70.784,339.030 266.349,381.820 548.516,411.982 720.712,430.801 460.905,573.879 878.824,662.000 323.599,700.947 869.733,759.547 68.104,848.893 792.018,915.510 499.858,54.775 886.983,82.822 396.315,143.277 436.802,240.165 464.364,260.698 936.072,263.883 319.144,339.754 596.425,407.154 260.671,412.376 14.720,460.615 733.449,462.500 257.127,463.837 370.344,558.367 281.993,602.070 889.438,608.934 986.317,709.535 949.197,723.079 491.618,785.900 907.023,797.526 680.814,922.691 943.400,934.662 73.981,946.525 795.590,954.282 495.894,981.894 108.989,998.689 55.600,1001.629 982.229,18.285 884.742,93.439 269.770,95.802 874.586,99.543 318.018,115.608 434.125,180.999 866.910,199.273 571.219,214.710 428.666,221.856 687.537,257.668 826.931,276.028 210.728,362.552 100.454,371.897 422.179,410.273 995.957,433.821 111.247,483.511 306.653,500.134 194.521,542.102 916.156,544.902 800.967,546.676 696.729,575.411 560.437,609.182 573.594,630.342 502.189,638.475 143.536,672.666 444.540,678.329 234.839,687.879 397.499,692.048 616.872,700.568 523.555,740.309 836.340,757.228 664.720,765.848 979.621,769.075 663.616,777.184 503.412,812.158 647.289,825.542 634.559,894.437 320.707,941.552 19.989,984.447 323.449,1000.149 826.350,1004.691 148.706,1011.537 216.666,41.511 44.318,43.769 341.468,50.136 956.623,56.560 820.642,57.629 202.913,71.572 72.866,156.871 109.245,169.959 75.593,200.614 56.071,211.995 735.296,216.140 888.972,219.315 949.012,235.750 40.367,237.336 627.652,237.153 819.934,239.780 759.874,261.114 742.324,271.580 664.878,272.075 348.868,280.132 61.104,296.395 844.462,307.310 785.233,324.349 131.480,327.016 152.500,326.869 451.865,327.779 636.843,330.877 20.253,338.275 585.592,361.053 113.355,378.781 263.504,401.496 901.605,433.256 504.527,446.999 937.382,491.894 219.828,499.740 290.946,517.574 305.000,542.230 401.861,605.426 615.124,610.499 437.512,612.013 316.994,613.455 755.754,626.672 116.089,655.138 681.802,683.856 856.593,714.462 511.094,719.905 116.356,739.460 753.225,747.925 1009.599,778.020 213.507,805.656 724.348,805.589 726.945,820.669 327.793,826.230 145.925,834.586 304.744,848.444 338.593,861.534 396.103,900.385 95.733,912.467 718.918,925.364 780.788,935.929 717.106,961.923 222.496,974.813 659.633,978.151 879.387,1005.726 686.243,1015.355 929.821,28.566 843.037,61.359 464.754,85.849 99.185,102.620 14.513,194.684 212.417,195.626 899.683,228.402 274.272,317.000 570.161,318.793 202.801,339.417 522.375,353.338 787.585,353.152 170.310,410.728 85.913,443.240 204.232,480.934 167.210,495.557 394.935,506.031 262.702,523.579 820.278,522.953 905.717,536.549 868.623,538.588 940.241,540.405 656.297,582.203 1009.207,620.622 701.832,621.437 359.404,673.401 833.000,701.000 289.803,807.186 192.979,820.071 243.343,828.721 257.588,836.869 606.475,849.114 562.355,855.789 185.453,907.068 810.072,915.631 28.511,150.764 438.000,602.000
AAL2 301.770,94.462 128.418,158.279 241.241,260.816 215.606,285.035 375.003,343.730 338.809,480.291 387.767,658.902 334.854,904.106 1015.857,388.962 996.699,889.266 89.617,968.375 567.603,984.171
AAL3 301.894,94.669 974.481,97.255 129.010,158.955 241.389,260.710 770.755,260.488 736.246,295.894 550.854,321.028 872.626,342.477 599.079,438.693 50.840,588.731 273.969,728.740 999.416,863.075 543.883,864.891 26.745,898.680 334.890,904.029 736.870,519.993 996.601,889.361 89.746,968.493 648.781,25.027 734.108,518.166 873.176,592.354
AAL4 301.771,94.468 974.513,97.240 241.246,260.811 872.839,342.490 374.954,343.714 338.821,480.270 387.767,658.892 334.835,904.183 530.198,137.681 128.418,158.168 215.601,285.045 1015.931,388.980 996.703,889.270 89.613,968.373 567.594,984.176 552.344,425.311 72.641,768.764
AAL5 302.797,95.936 976.054,97.951 241.756,261.569 873.824,343.330 374.594,345.407 339.820,480.375 388.804,659.475 334.417,905.306 529.302,137.808 128.044,158.351 216.003,285.005 1017.110,389.847 996.941,889.163 89.225,969.353 567.418,984.269 554.297,424.655 72.881,767.894
AAL6 464.662,578.770 312.882,536.755
AAM0 430.469,9.758 302.325,26.878 758.896,27.172 480.053,51.973 528.326,69.873 324.125,70.849 750.316,79.295 762.938,92.865 625.282,94.400 312.986,98.229 175.713,174.886 299.148,198.207 212.426,202.899 354.168,218.801 323.217,252.861 622.314,255.633 779.484,254.911 603.493,256.200 628.486,257.001 612.495,263.459 618.837,263.081 632.039,268.822 78.690,275.180 625.121,276.727 647.575,286.614 359.577,290.206 623.680,290.209 249.847,291.770 573.574,292.169 223.464,305.298 669.489,356.662 137.011,357.770 45.536,383.960 441.691,398.219 284.884,400.118 488.397,403.061 606.428,405.444 672.994,418.967 1003.694,438.209 519.855,440.384 240.228,458.785 749.201,467.353 249.355,489.386 478.454,504.844 336.108,518.780 705.326,524.116 670.625,526.567 531.578,532.212 662.473,534.641 683.528,537.421 636.696,575.096 867.216,575.366 618.118,578.446 610.576,584.758 884.032,585.931 797.612,588.067 921.345,587.681 799.166,598.014 822.660,597.141 654.613,599.726 780.930,605.459 733.911,621.068 857.031,628.324 95.988,633.893 887.360,636.987 828.792,640.000 841.901,643.447 404.319,647.097 830.956,658.101 117.107,658.746 850.305,658.653 940.765,667.033 914.524,676.581 297.989,680.317 64.110,691.696 870.965,694.319 810.408,697.174 587.032,697.828 226.162,718.329 823.306,719.894 825.190,730.010 943.398,747.448 950.772,765.814 13.396,778.905 705.656,801.804 979.579,811.033 957.256,819.553 857.388,851.016 202.168,851.895 173.174,864.187 23.230,865.001 750.203,864.243 158.696,865.800 591.947,868.567 149.272,870.791 824.304,870.946 493.666,881.623 875.172,889.097 950.534,895.352 994.955,908.159 620.476,916.416 112.913,918.163 679.975,930.873 794.557,939.002 254.937,961.934 308.726,972.186 777.184,979.084 175.195,980.158 539.784,989.492 757.925,991.052 290.634,925.624 488.859,799.597 826.891,471.099 577.890,904.872 525.474,806.782 260.011,671.378 98.040,114.511 1006.793,669.301 625.968,174.776 253.806,123.717 807.931,409.385 689.671,562.079 916.487,604.500 547.888,53.589 278.417,263.507 404.220,596.539 10.974,684.348 883.542,651.151 668.476,685.000 83.251,574.335 744.619,593.813 960.079,502.514 127.945,687.982 406.748,735.434 230.346,933.554 646.050,354.730 685.309,304.070 847.319,352.550 901.321,481.352 687.432,132.901 146.522,841.348 806.669,813.843 595.746,61.120 779.015,266.830 148.108,357.350 834.984,901.361 373.777,15.585 523.454,140.430 651.045,479.342 718.550,762.629 82.214,901.929 155.210,926.110 1007.372,882.844 891.275,244.063 60.510,770.328 386.537,303.953 602.870,351.305 604.478,1009.855 735.492,267.045 367.500,857.597 584.427,651.514 299.053,794.445 591.277,220.533 548.381,696.335 281.878,991.968 975.137,545.942 518.298,658.980 759.386,106.486 636.463,296.000 327.491,473.887 295.701,543.283 761.613,560.464 852.382,195.591 822.474,507.454 881.173,545.011 599.462,881.312 350.730,8.063 764.722,668.374 343.880,941.048 542.290,957.693 115.880,999.909 119.301,286.222 88.575,956.945 354.919,244.468 40.387,493.302 385.605,279.597 997.844,357.500 572.935,551.388 558.928,718.524 931.622,234.769 260.759,631.055 699.320,671.397 677.392,824.392 306.055,948.318 152.920,978.211 51.829,52.783 838.566,412.500 115.729,755.053 133.479,393.913 367.411,545.589 741.671,223.647 463.674,639.425 507.566,789.500 827.654,134.102 180.436,314.486 847.415,620.415 645.465,904.402 257.477,304.056 106.563,897.011 307.482,238.698 238.464,779.908 389.467,823.374 690.495,318.210
AAM1 811.124,698.360 309.543,973.347 359.772,290.932 79.115,275.790 226.115,719.251 625.581,277.163 844.395,645.124 1003.934,438.753 867.245,575.746 797.844,588.243 734.353,621.431 625.549,290.525 480.203,51.769 628.266,256.946 354.471,219.034 618.499,263.286 636.786,575.252 875.456,889.410 780.902,605.481 45.370,383.720 705.583,523.869 943.383,747.558 223.216,305.391 672.857,419.102 618.497,578.538 586.777,697.707 857.173,850.967 172.779,864.052 240.671,458.551 887.567,636.894 117.288,658.046 539.708,989.756 763.041,92.866 478.025,505.116 830.894,658.200 591.846,868.544 149.445,870.838 680.161,930.893 777.421,979.395 758.902,27.394 40.003,493.684 856.920,628.399 825.419,729.446 794.367,938.384 299.084,198.572 662.346,534.788 82.989,574.785 884.477,585.924 96.481,633.628 828.804,639.764 940.716,667.149 871.218,694.206 12.708,778.661 202.287,852.284 23.794,865.030 750.500,864.630 950.657,895.030 994.926,907.846 175.152,979.768 757.670,991.029 430.330,9.671 302.065,26.418 749.863,79.369 322.999,252.572 249.991,291.719 441.560,397.844 335.929,519.399 531.452,532.428 799.267,598.104 404.311,646.464 64.343,692.070 298.376,794.809 979.425,811.621 599.599,881.455 113.244,918.535 313.001,98.172 98.199,114.551 212.664,203.508 487.919,403.472 838.105,412.426 519.888,440.157 974.944,545.324 689.605,561.687 916.251,604.171 850.731,658.781 297.749,680.397 406.199,735.042 488.594,799.346 525.413,806.686 957.251,820.073 824.798,870.421 493.849,881.583 1007.694,882.623 255.261,962.093 350.802,8.091 548.337,53.521 595.803,61.067 528.408,70.305 625.495,94.347 828.097,133.830 176.144,174.812 626.316,174.568 779.622,255.175 573.936,292.534 386.982,303.439 685.452,303.833 847.461,352.845 669.245,356.321 137.486,357.666 284.656,400.493 606.510,405.026 807.496,409.897 748.834,466.620 327.257,473.833 249.550,489.551 960.245,502.436 683.723,537.294 761.469,560.896 404.434,596.274 925.958,596.148 584.500,651.252 518.200,659.272 914.356,676.585 718.148,763.236 59.755,770.029 705.773,802.009 145.903,841.365 367.177,857.571 620.329,916.736 306.077,949.136 123.929,7.476 323.510,70.336 759.459,106.343 687.382,132.417 852.616,195.724 591.193,220.387 779.092,266.603 385.354,279.780 119.395,286.441 647.175,286.126 118.541,293.985 690.222,318.241 646.253,354.469 996.845,357.583 133.794,393.762 827.806,470.296 650.905,479.611 900.895,480.890 822.393,507.284 670.898,526.620 296.310,542.945 367.353,546.103 881.331,544.720 921.143,587.530 823.089,596.579 653.900,600.339 883.698,650.452 764.515,667.856 1007.107,669.038 260.119,671.405 699.146,671.192 128.389,687.582 548.531,696.303 823.619,719.319 950.925,766.240 239.478,780.522 389.618,822.511 677.806,824.635 835.035,901.667 290.711,924.947 155.469,925.484 230.827,933.126 343.478,941.348 89.574,957.160 152.857,978.000 373.308,15.539 254.349,123.682 523.259,140.937 931.869,234.964 307.129,237.881 891.557,243.311 278.288,263.918 736.182,267.705 256.861,304.661 180.577,314.363 602.968,351.661 573.879,551.317 743.606,592.625 847.767,620.168 260.451,630.691 463.233,639.709 668.000,683.680 11.518,683.978 116.225,755.207 507.560,789.601 807.385,813.593 106.595,896.714 82.627,901.951 577.868,904.939 645.578,904.485 541.243,958.661 604.802,1010.356 52.146,51.944 743.417,222.599 354.447,244.365 635.978,296.002 147.856,356.123 558.602,718.364 281.583,991.579 116.496,999.962
AAM2 79.231,275.797 359.660,290.866 226.320,719.039 811.135,698.341 309.600,973.366
AAM3 943.177,160.464 833.451,270.348 359.494,290.869 433.186,359.734 489.013,401.055 288.078,584.512 446.760,625.110 79.946,874.614 792.521,970.606 175.981,1002.678 200.904,528.659 811.159,698.340 226.289,718.943 309.657,973.447 575.224,272.768
AAM4 79.238,275.798 359.675,290.881 362.450,388.898 1004.293,438.667 226.314,719.038 811.048,698.203 309.564,973.355
AAM5 79.196,275.863 359.600,291.434 364.253,388.175 1004.527,439.608 226.033,719.220 811.440,699.037 309.221,973.364
AAM6 808.840,695.239 312.229,976.725
AAN0 636.698,12.258 874.589,18.215 837.459,22.625 16.093,34.358 922.356,44.538 46.445,49.183 979.566,50.283 167.270,66.472 61.661,70.041 662.772,93.286 172.533,103.163 970.487,124.008 175.240,128.394 240.289,134.472 1013.333,138.720 598.611,140.240 866.738,166.180 991.145,172.629 636.605,174.147 18.303,192.746 232.723,202.440 10.248,217.609 514.775,231.222 504.821,240.462 190.859,244.597 998.605,244.949 384.296,245.615 958.730,248.629 683.396,252.850 18.882,257.865 916.395,260.576 802.817,267.080 621.132,276.868 835.174,280.776 518.692,290.003 194.444,293.169 810.672,305.318 256.143,309.018 532.646,339.600 463.565,354.916 25.625,367.514 657.699,366.607 824.720,378.274 307.067,378.597 614.836,383.447 97.056,384.210 673.520,392.894 471.152,394.388 824.655,402.808 110.933,407.490 517.981,412.649 754.823,418.527 274.807,421.862 421.565,423.427 360.871,438.869 216.980,445.570 612.000,472.681 644.442,480.153 346.444,501.656 966.137,500.255 72.417,516.513 258.632,519.355 89.010,520.347 506.540,521.864 215.398,528.487 673.992,529.322 838.145,538.318 844.081,538.322 698.335,584.225 750.264,584.479 869.304,594.346 234.502,606.617 961.016,630.766 463.633,652.346 9.248,666.439 897.077,668.953 663.519,682.795 794.839,687.180 389.490,690.841 688.286,690.689 817.649,694.774 424.698,696.135 814.253,702.510 828.775,703.985 991.344,706.737 975.950,708.298 416.448,720.930 797.424,748.968 917.105,758.507 75.013,771.711 1018.340,779.458 843.392,790.424 1008.619,795.025 6.341,804.744 746.588,822.422 993.953,834.190 854.104,838.183 566.773,850.123 998.785,871.965 122.795,876.901 420.707,887.267 837.385,906.425 100.630,908.734 964.496,910.317 750.769,951.874 619.807,968.874 951.640,969.032 154.731,973.611 598.671,977.312 912.100,991.058 859.175,1011.847 147.117,1018.492 609.269,15.282 897.347,16.560 386.727,31.768 649.401,40.105 89.693,47.792 732.786,49.791 99.664,58.078 753.577,61.649 863.150,69.471 897.705,71.756 452.846,85.136 522.949,88.835 239.725,91.618 191.430,105.101 351.532,104.140 64.193,117.701 634.701,125.304 248.269,127.991 61.944,138.802 292.474,138.829 289.566,139.704 91.144,141.740 152.523,144.804 248.978,145.236 426.720,151.334 359.709,151.605 121.393,163.611 453.898,164.347 112.589,165.910 100.791,169.897 442.758,173.577 777.215,196.540 918.368,199.023 124.046,199.839 63.665,203.680 474.001,224.806 152.272,230.134 759.857,235.725 979.169,245.755 340.040,259.373 581.667,261.391 937.526,269.420 327.768,273.369 724.942,271.934 307.792,274.299 153.342,276.565 810.052,277.869 542.809,279.405 711.302,291.775 699.359,300.219 185.161,307.734 874.231,325.014 378.097,328.507 636.056,330.016 580.350,333.721 173.956,334.974 963.571,350.134 709.145,351.708 575.581,357.438 684.295,360.350 811.956,372.523 853.728,380.193 897.535,383.984 766.782,384.436 760.864,410.652 413.170,411.934 307.751,423.089 791.595,425.477 846.415,443.274 301.293,448.621 387.466,455.377 496.287,466.268 763.811,474.627 181.966,476.547 379.249,484.111 948.792,490.025 891.898,493.563 488.149,494.996 223.276,501.762 235.747,506.589 95.009,508.418 438.187,511.036 636.408,511.026 561.707,533.374 179.315,539.330 863.913,543.748 110.103,567.796 523.879,569.601 604.623,573.741 141.980,579.446 221.482,605.588 344.286,611.374 865.988,616.372 682.718,622.838 519.632,625.685 681.353,623.748 653.120,628.412 235.731,643.756 18.129,648.361 511.133,648.535 917.909,648.263 980.565,648.924 951.838,652.895 783.112,652.235 235.534,656.289 921.510,656.885 931.434,672.006 855.701,687.256 335.988,687.756 773.012,687.141 983.165,688.924 257.845,696.481 452.047,697.591 41.574,700.127 911.987,701.327 872.338,706.694 857.185,708.259 820.846,711.670 838.273,711.125 987.617,711.787 261.784,713.567 621.087,717.412 973.280,720.552 994.028,744.474 776.726,745.929 911.730,755.136 773.572,759.765 45.724,771.167 45.980,783.214 1007.012,789.642 953.498,794.197 320.586,796.047 625.393,801.109 680.162,813.520 766.707,815.488 325.197,819.095 326.738,819.103 305.374,825.677 363.421,833.508 559.802,836.818 456.416,837.715 616.826,861.619 587.870,867.434 805.418,866.988 191.089,882.393 313.942,882.954 407.396,884.528 577.684,884.432 455.488,901.368 973.371,912.792 543.357,918.128 600.517,920.351 637.787,925.573 639.083,933.426 116.905,939.139 897.402,938.255 746.971,945.202 875.721,948.116 892.283,956.179 557.517,1003.652 991.373,1005.340 280.565,1008.243 808.573,1009.212 8.032,68.701 108.571,92.800 380.639,190.116 381.487,192.917 369.040,377.467 304.988,637.212 422.589,773.172 761.077,896.113 489.500,930.854
AAN1 379.652,191.127 761.637,897.011 982.972,688.727 8.307,68.033 369.418,377.943 681.637,622.662 952.195,652.492 422.271,773.290 326.024,818.433 108.585,93.204 820.636,711.671 953.873,794.237 876.057,947.570 257.783,696.362 280.582,1008.043 523.795,569.859 489.705,931.139 510.842,648.368 805.621,866.999 523.028,88.631 304.744,636.699 113.118,166.042 931.308,672.074 339.223,259.047 766.732,384.623 588.323,867.816 386.722,31.467 351.524,104.325 724.543,272.004 600.453,920.057 838.044,711.210 307.614,274.372 874.098,325.087 773.000,687.203 637.801,925.396 249.048,145.290 184.750,307.643 857.592,707.938 1007.240,789.626 634.976,125.551 636.402,173.421 174.011,335.321 488.131,494.538 980.496,648.603 994.126,744.557 766.940,815.476 314.235,882.575 248.124,128.166 892.343,493.435 636.631,511.605 519.662,625.462 776.482,745.792 747.104,945.242 91.242,142.278 683.360,253.269 580.410,333.865 846.842,442.779 109.536,567.901 560.334,836.721 892.184,956.272 636.218,12.438 897.958,16.221 452.461,85.002 289.314,139.696 153.135,144.839 918.789,199.498 473.893,224.513 802.801,267.216 153.500,276.709 709.279,351.674 657.374,366.750 412.778,412.063 437.821,511.086 673.958,529.653 749.851,584.439 797.705,749.294 911.871,754.958 320.519,795.830 456.422,837.429 616.119,862.022 191.553,882.391 837.454,906.798 897.448,938.247 808.396,1009.543 837.369,22.792 16.005,34.160 753.088,62.097 64.194,118.475 426.654,150.976 776.495,196.087 979.252,246.016 958.695,249.080 581.825,261.412 542.677,279.875 964.157,350.339 575.671,357.443 824.003,378.134 471.313,394.278 517.193,412.225 496.566,466.416 764.166,474.634 181.949,476.051 235.600,506.651 868.306,594.932 17.636,648.639 388.812,690.668 975.968,708.271 987.662,711.603 973.540,720.777 45.855,771.145 75.062,771.953 964.190,909.973 973.184,912.938 923.109,44.698 733.000,50.392 863.371,69.322 191.520,105.342 453.831,164.581 443.109,173.699 937.630,269.388 620.865,276.418 809.828,277.766 377.829,328.616 635.403,330.255 683.432,360.233 812.336,372.551 853.636,380.419 97.002,384.237 824.507,402.914 111.000,407.667 760.428,411.491 307.572,423.253 421.373,423.008 360.500,439.053 301.105,449.101 388.072,455.699 222.957,501.479 346.234,501.968 257.950,519.817 838.658,538.202 604.864,573.724 234.214,606.312 960.688,630.139 424.223,696.174 41.119,700.313 262.629,713.657 680.273,814.078 362.594,833.703 566.764,850.009 578.689,883.691 407.378,884.706 543.360,918.683 116.998,939.112 557.259,1003.224 609.289,15.202 875.253,17.644 45.696,49.355 979.603,50.537 99.751,57.847 61.972,69.919 896.562,72.404 172.210,103.666 61.586,138.695 598.462,140.140 359.615,151.572 100.895,169.585 991.099,172.790 18.387,193.105 124.109,199.955 232.806,202.490 152.580,229.812 515.057,231.274 759.527,235.080 505.204,240.314 19.811,258.485 328.152,273.021 835.101,280.781 518.502,290.165 711.142,291.457 698.903,300.201 256.499,309.127 25.358,367.864 307.056,378.598 791.360,425.909 612.432,472.375 644.339,480.400 379.039,484.350 94.719,509.472 88.702,520.410 506.629,521.159 214.820,528.452 561.644,534.328 864.350,543.650 698.337,584.075 235.837,643.515 782.941,651.665 464.062,653.176 8.994,665.745 794.769,687.153 817.776,694.217 451.775,697.569 873.939,705.287 621.442,717.565 46.240,783.193 624.953,801.633 746.057,823.115 305.137,825.704 998.748,871.503 420.831,886.737 455.520,900.816 619.892,968.592 950.834,969.424 154.747,974.473 599.446,977.888 912.491,991.267 991.263,1004.843 649.914,39.657 89.000,48.829 167.493,66.283 240.971,91.774 662.634,93.380 970.281,123.779 174.728,128.070 1013.131,139.492 866.765,165.939 63.457,203.313 191.227,244.606 384.448,245.352 998.323,245.305 916.034,260.799 194.408,292.818 811.415,305.000 532.772,339.567 463.673,354.932 615.022,383.909 898.388,383.860 216.871,445.748 948.684,489.666 965.887,500.229 72.092,516.673 179.605,539.639 141.399,579.338 220.593,606.063 345.015,611.163 866.413,617.079 652.948,627.542 918.255,648.305 234.571,655.593 896.720,668.956 663.127,682.874 336.130,687.388 855.930,686.551 687.788,691.424 912.080,699.543 416.845,720.853 773.620,759.366 843.724,790.671 994.188,833.997 853.628,837.990 122.651,875.855 100.717,908.171 858.959,1011.433 10.480,217.068 674.301,392.332 274.416,421.389 920.500,656.500
AAN2 8.351,68.187 970.780,389.064 681.564,622.620 952.065,652.450 982.951,688.786 422.251,773.359 325.711,818.497 327.926,818.278 875.995,947.866 379.712,192.321 369.458,377.925 820.759,711.645 761.739,896.950 280.350,1008.104
AAN3 482.317,80.691 685.679,378.628 54.586,448.801 314.653,500.972 672.844,550.418 681.467,622.574 982.932,688.856 601.204,767.953 422.444,773.074 836.326,882.425 464.980,903.961 520.768,1006.758 8.327,68.159 380.337,191.656 369.418,377.856 951.932,652.538 761.738,896.975
AAN4 108.147,95.420 681.546,622.612 952.077,652.445 982.935,688.947 422.247,773.357 326.139,818.487 8.393,68.202 380.373,191.536 369.475,377.913 820.752,711.838 876.001,947.860 280.366,1008.098 761.649,897.197
AAN5 109.333,94.738 680.758,621.718 951.588,652.314 981.857,688.825 422.762,773.180 324.709,818.260 327.420,819.868 8.733,68.466 380.362,191.808 369.657,378.184 821.300,712.622 877.064,949.145 281.566,1009.979 761.364,896.722
AAN6 308.339,428.445 369.240,377.339 951.742,652.471 360.943,136.011 384.422,195.363 424.643,776.939 759.157,893.224 761.340,896.739
AAO0 576.330,9.324 548.822,13.058 584.031,15.736 344.018,17.761 433.374,18.267 245.233,47.387 557.983,49.946 188.250,67.128 632.117,82.310 689.128,81.721 859.019,83.756 466.949,88.368 510.511,99.231 751.973,98.406 620.210,109.980 132.681,110.499 507.190,112.288 272.329,131.001 246.138,164.796 1014.460,190.540 710.307,193.394 819.188,195.334 394.082,195.001 73.920,201.694 894.326,201.142 240.738,244.098 962.636,247.236 265.714,249.218 380.082,256.358 267.180,258.062 859.863,293.993 312.059,296.789 506.488,297.563 627.007,311.615 197.009,316.123 806.483,319.997 132.222,321.410 367.997,321.781 390.194,324.025 597.810,335.915 817.477,352.365 355.585,358.488 509.786,367.641 636.986,389.048 44.669,411.862 588.237,412.390 638.647,416.036 725.228,417.115 743.496,418.453 571.459,446.689 181.405,453.494 38.095,456.070 266.507,507.625 108.034,513.046 881.346,530.710 204.318,533.948 932.390,534.564 552.908,554.138 784.121,560.007 545.062,576.956 759.552,583.224 1005.681,584.200 796.110,603.061 302.568,616.892 554.458,621.370 525.053,634.891 147.037,655.263 651.834,658.583 262.550,660.790 436.715,671.097 788.754,675.004 947.665,674.913 280.871,689.063 645.084,688.745 421.706,693.051 874.285,692.488 968.702,694.175 677.038,697.833 743.592,697.512 340.067,704.553 475.153,710.878 697.377,710.011 168.104,720.083 997.612,734.974 912.245,736.806 609.191,750.618 501.368,763.192 559.800,770.812 914.067,802.070 793.559,818.388 681.243,820.347 929.993,836.100 305.634,838.970 31.643,848.054 828.627,848.237 991.841,848.552 570.014,866.385 332.517,881.106 887.011,881.149 820.208,883.356 660.942,885.549 285.044,901.192 421.757,907.042 529.661,908.271 235.481,927.414 846.244,933.020 918.988,943.603 271.564,953.796 859.061,955.982 930.487,973.767 658.649,977.195 944.704,983.188 259.221,991.261 63.849,1001.422 727.742,1008.338 490.834,1010.703 973.449,25.287 14.701,206.556 471.592,236.585 121.075,1002.346 501.247,317.713 610.834,120.950 240.520,535.943 433.794,326.862 821.256,20.477 528.604,554.421 693.668,677.649 814.361,684.501 744.749,320.022 385.380,452.478 307.248,514.458 414.648,28.487 854.039,422.470 401.914,376.434 625.314,478.288 451.610,521.221 508.692,931.878 654.154,377.552 16.524,440.404 615.140,69.937 689.895,346.910 820.485,493.764 88.741,518.964 994.387,66.526 452.736,149.404 674.284,252.935 405.844,582.385 608.346,911.304 672.474,841.417 398.875,662.441 939.899,876.716 697.527,976.266 918.469,9.128 782.913,457.431 382.369,678.348 441.818,89.162 744.070,528.597 650.396,934.837 208.562,421.506 763.676,694.116 675.522,218.099 691.488,472.867 245.974,995.906 760.828,390.828 915.012,425.680 531.275,433.522 984.435,723.576 571.561,217.335 266.054,721.060 650.233,903.899 464.672,270.621 703.302,600.316 36.388,367.572 727.855,370.867 223.303,895.557 678.712,362.758 555.165,704.835 35.114,326.533 415.909,431.377 131.831,706.734 459.032,775.454 930.493,807.672 106.097,828.746 941.700,324.162 273.668,523.636 423.917,174.679 258.861,530.634 327.844,892.568 902.251,19.620 656.222,109.553 491.566,747.556 928.108,962.767 467.469,329.261 952.525,333.566 946.786,398.594 459.005,413.981 790.508,954.643 217.382,68.656 534.589,707.633 44.555,87.968 769.654,809.118 208.062,189.462 615.660,679.908 186.730,536.551 905.601,390.766 966.720,712.693 597.678,867.053 750.171,427.964 288.133,313.415 474.238,461.603 335.747,851.332 885.746,118.965 276.700,654.072 636.191,849.276 688.716,193.988 894.683,664.361 176.035,874.853 260.618,197.168 819.479,241.083 289.490,297.565 559.976,419.340 798.758,618.351 82.946,975.185 995.376,52.657 631.305,790.490 570.101,417.212 59.658,467.900 771.769,965.528 517.261,19.591 458.985,385.275 803.132,94.859 859.481,237.157 934.452,268.219 393.380,746.771 826.785,156.265 44.403,1014.143 429.469,415.608 75.764,684.102 895.822,282.488 539.777,66.966 212.298,850.431 433.547,263.538 817.541,222.483 53.686,193.664 306.443,862.404 919.615,579.527 877.227,361.828
AAO1 549.655,14.136 819.505,197.021 963.532,249.083 433.792,19.532 422.362,907.784 266.255,250.238 598.432,336.562 789.401,675.476 681.492,821.469 828.944,849.343 553.579,554.685 820.317,884.142 188.671,68.350 168.626,720.724 437.056,671.557 945.302,983.863 246.138,164.921 421.688,693.192 991.944,849.408 510.582,99.189 1005.620,584.702 240.864,244.446 658.672,977.393 968.824,694.448 652.140,659.134 280.994,689.490 389.981,324.461 525.333,635.059 796.241,603.664 475.605,711.095 997.581,734.833 529.622,908.762 724.939,417.058 784.304,559.830 554.414,621.523 914.545,802.429 793.413,818.591 285.365,901.223 37.756,456.156 107.827,512.968 570.094,866.407 245.400,47.725 689.298,81.587 272.647,130.845 817.588,352.776 676.985,697.499 557.638,49.728 312.216,296.582 355.685,358.865 235.077,928.051 632.115,82.387 636.863,389.647 588.267,412.367 645.178,688.454 271.949,953.436 727.416,1008.549 675.781,218.145 380.097,256.359 147.005,655.479 858.793,83.602 620.284,109.584 894.645,201.526 367.443,321.459 570.725,447.284 452.125,521.287 759.190,582.817 874.024,692.369 912.227,736.517 332.042,881.000 259.448,991.490 343.754,18.362 414.472,28.195 507.265,111.601 627.319,311.635 806.386,320.205 467.150,329.272 509.562,367.387 44.869,412.106 181.017,453.982 881.666,530.760 186.969,536.859 263.183,660.747 747.345,703.511 340.077,704.489 501.623,762.827 930.063,836.225 31.784,847.671 918.546,943.667 615.562,69.974 44.558,87.866 132.672,110.355 1014.457,190.076 710.001,192.299 933.962,268.618 859.235,293.738 506.493,297.475 952.898,333.833 654.346,377.419 638.429,415.610 208.635,421.340 854.036,422.374 783.436,457.276 691.335,472.784 266.575,507.961 204.186,534.254 932.641,534.595 240.589,535.739 302.223,616.555 947.733,674.460 814.120,685.493 696.969,709.919 967.021,712.979 608.797,751.637 660.854,885.728 771.106,965.794 930.690,973.930 583.273,15.530 996.097,52.471 994.071,66.702 217.355,69.105 466.426,88.259 752.516,98.307 826.608,155.722 423.868,175.993 393.785,195.143 73.623,201.900 859.513,236.889 673.386,253.170 131.731,321.311 36.615,367.381 728.277,370.833 402.199,375.766 570.216,417.474 749.696,428.120 530.814,433.162 385.332,452.402 544.681,576.402 76.442,683.473 554.628,705.172 459.009,775.937 631.441,789.525 305.280,838.635 223.178,895.409 509.409,932.342 846.964,933.618 859.074,955.529 490.560,1010.369 517.254,20.024 821.631,20.547 902.068,20.009 974.011,24.998 448.904,85.787 441.536,89.606 610.469,121.089 453.555,149.040 207.972,189.462 53.700,193.451 260.770,196.740 15.152,206.456 572.068,218.020 817.763,222.883 471.288,236.278 819.907,241.414 463.693,271.169 895.988,282.786 289.061,297.192 288.722,312.626 501.126,316.893 745.158,319.410 942.000,324.000 34.261,326.799 689.930,347.734 761.368,390.617 458.193,413.575 429.392,415.522 743.767,418.252 560.207,418.359 915.006,426.157 416.380,431.503 16.556,440.313 474.497,461.413 625.304,478.264 820.247,494.417 307.489,513.985 88.765,518.827 273.475,524.361 543.237,554.345 703.586,599.413 798.735,617.890 276.784,653.507 398.727,662.424 894.261,664.286 382.105,678.706 693.379,677.786 534.772,707.390 393.445,746.978 492.309,748.158 559.592,770.807 769.462,809.076 673.263,841.602 335.979,851.027 597.571,867.500 328.310,892.596 650.060,904.356 608.591,911.281 650.543,935.650 790.350,955.160 927.119,962.933 697.452,977.138 63.462,1001.829 120.911,1002.369 44.384,1014.843 918.212,9.330 802.716,95.038 656.135,109.146 886.450,118.510 688.361,193.787 433.790,263.126 197.294,316.153 432.995,327.447 876.581,361.419 678.232,362.973 458.746,385.414 906.038,391.100 946.529,397.951 464.562,409.316 744.206,528.619 258.682,531.259 528.822,554.320 919.699,580.178 406.442,582.109 614.936,680.436 764.205,693.947 132.219,705.864 265.551,721.252 984.131,722.950 930.879,807.682 105.895,828.557 213.239,850.031 636.484,848.728 175.658,874.440 939.539,876.059 886.380,881.254 82.879,975.072 246.085,995.387 539.832,66.966 59.868,467.579 305.970,862.330
AAO2 819.545,197.064 266.252,250.316 598.398,336.456 553.679,554.495 789.460,675.425 829.010,849.228 820.392,884.243 422.368,907.736 549.611,14.002 433.814,19.475 188.867,68.219 828.896,196.756 963.597,248.951 168.525,720.667 681.442,821.500 992.288,849.153
AAO3 992.268,63.276 266.178,250.419 184.584,334.680 598.274,336.542 472.493,486.879 338.917,588.900 8.572,682.935 618.544,816.904 422.292,907.787 522.910,944.226 984.563,950.641 478.632,992.766 880.372,1010.892 549.654,13.881 433.829,19.399 188.999,68.096 819.512,197.168 828.853,196.745 963.482,249.087 789.444,675.371 168.436,720.616 920.515,8.298 168.432,24.183 137.180,592.809
AAO4 266.251,250.319 598.402,336.455 553.686,554.481 829.016,849.228 820.385,884.246 422.403,907.713 549.623,14.033 433.799,19.462 188.853,68.194 819.508,197.255 828.913,196.729 963.464,249.276 783.714,559.063 789.452,675.414 168.519,720.670 681.436,821.505 992.291,849.141 945.073,984.473 168.676,24.233
AAO5 267.077,250.536 598.468,336.578 553.928,554.619 828.718,848.717 820.922,883.649 422.395,908.112 549.219,13.867 433.539,19.230 188.562,67.757 820.262,197.985 830.390,196.357 963.493,248.935 784.318,557.980 789.413,675.508 169.671,721.507 680.025,820.365 992.097,848.943 945.153,985.162 168.182,24.755
AAO6 528.900,638.710 552.519,16.987 73.253,104.696 961.333,246.677 967.079,252.720 600.119,336.933 792.735,680.542 425.325,912.410
AAP0 913.584,18.403 646.538,27.657 422.925,30.318 381.053,67.204 95.574,82.235 663.661,82.822 829.087,94.114 77.539,132.630 751.477,143.797 516.980,150.255 732.823,150.444 108.450,175.929 127.457,177.152 785.000,199.461 673.976,200.169 613.321,220.422 988.503,240.902 732.679,257.696 538.711,261.156 26.666,272.366 254.415,282.401 690.849,290.118 708.705,294.127 672.812,309.047 730.937,362.640 890.388,361.645 145.918,387.551 157.440,393.417 181.544,395.666 137.858,397.055 143.853,398.954 158.457,403.285 127.340,404.514 167.548,413.229 584.746,421.270 247.400,430.725 593.062,436.167 846.116,439.619 558.270,445.257 539.686,449.179 131.163,451.468 382.333,454.356 764.464,457.335 652.112,463.209 293.997,472.899 595.606,478.622 968.449,484.303 641.093,487.669 568.998,493.225 523.894,495.061 921.568,499.118 500.445,505.426 236.372,509.740 508.258,511.937 571.302,513.185 708.647,517.222 585.333,519.354 557.663,521.005 391.197,525.002 725.988,524.782 501.004,529.991 623.964,530.016 571.541,532.058 775.500,536.437 868.094,539.950 385.223,549.607 920.374,549.670 368.474,551.012 766.500,557.564 368.377,562.525 585.429,572.267 479.522,573.201 619.827,583.251 148.160,592.027 851.038,592.672 198.348,596.348 380.705,608.236 408.568,614.199 813.256,614.265 109.984,622.128 367.886,625.029 366.780,634.705 721.864,648.040 272.557,653.635 958.478,657.493 759.459,662.260 214.073,672.306 713.180,684.808 925.076,691.268 585.141,720.199 429.925,731.471 658.572,732.295 739.769,752.835 909.644,766.748 118.820,786.617 755.794,792.816 750.846,814.656 656.954,828.479 31.644,829.871 553.051,848.369 606.305,861.291 493.725,929.341 763.731,930.021 823.309,930.009 208.152,931.473 897.392,950.856 757.459,960.169 601.541,971.021 805.662,983.403 758.575,1008.311 182.735,1013.128 811.416,277.255 463.343,853.295 432.371,874.906 782.872,954.550 568.828,884.040 383.128,372.809 697.714,420.168 406.814,562.751 262.387,828.561 602.629,491.110 999.473,159.853 785.255,241.586 225.823,792.432 371.113,305.843 627.616,46.806 850.187,941.694 173.398,953.632 85.419,330.121 478.130,664.553 386.806,1006.019 497.977,360.241 1012.995,921.548 327.646,889.775 586.748,534.700 566.909,683.621 467.568,546.785 439.408,403.512 228.988,445.682 781.059,912.798 552.719,335.500 407.386,573.339 660.238,938.012 355.388,14.148 841.902,566.890 395.396,700.758 221.359,382.131 321.026,531.221 231.371,321.033 767.056,363.552 777.488,430.731 741.018,698.398 971.810,246.878 702.057,108.459 461.581,432.234 180.079,410.265 100.650,257.496 839.693,915.777 264.705,190.798 122.500,12.958 567.317,851.836 593.670,424.254 662.321,657.506 928.196,672.642 326.309,199.367 92.593,387.389 195.137,473.450 456.180,511.491 134.556,189.446 676.542,944.985 581.139,947.066 960.254,243.648 791.278,931.233 291.664,1012.515 533.366,585.215 401.407,758.483 662.443,305.788 592.640,355.712 353.453,753.722 368.700,38.291 479.103,208.634 692.767,345.684 406.725,354.256 79.584,760.490 106.469,834.335 102.754,39.568 490.087,633.236 316.173,637.786 348.301,165.859 528.094,418.531 993.882,80.989 161.719,782.817 893.577,899.790 581.434,756.088 615.079,834.801 438.434,854.106 594.154,212.516 885.452,344.086 424.618,766.561 205.099,285.674 736.259,420.305 556.907,494.439 699.369,280.162 996.845,515.396 144.493,924.000 300.142,779.492 705.128,325.364 723.549,337.069 378.176,965.306 203.648,163.352 727.430,422.775 235.174,388.599
AAP1 585.922,574.049 183.337,1014.002 158.463,404.153 921.920,499.475 572.350,513.561 146.078,387.984 479.688,573.510 143.748,398.908 538.931,261.595 539.789,449.568 968.376,484.606 759.650,661.846 733.061,150.867 167.868,413.542 381.741,67.446 157.537,393.628 500.523,505.897 429.937,732.052 708.460,517.244 368.109,625.145 500.778,530.017 868.334,539.978 601.558,971.026 616.616,586.191 758.585,1008.455 77.261,132.779 294.209,472.775 850.883,592.701 713.000,684.760 658.864,731.802 755.503,792.451 750.833,814.923 646.456,27.930 95.532,82.103 690.527,290.046 764.367,457.344 595.695,478.363 569.039,493.417 557.568,520.688 571.520,531.782 378.405,609.340 552.891,848.372 673.931,200.275 709.052,294.214 890.143,362.017 382.910,454.585 368.092,551.611 925.121,691.605 585.310,719.908 739.716,753.056 751.311,143.911 108.255,176.223 613.118,220.238 652.239,462.850 624.048,530.356 316.000,637.887 721.798,647.665 958.582,657.311 757.153,959.828 423.424,30.264 516.779,150.056 730.572,362.793 181.409,395.700 558.324,445.153 602.154,490.778 391.161,525.418 775.393,536.330 385.453,549.679 766.673,557.380 533.211,585.094 148.638,592.360 813.380,614.701 118.849,786.476 657.665,828.692 1013.037,921.002 493.715,929.634 763.579,930.461 913.302,18.184 828.568,94.224 999.300,160.282 127.322,176.814 265.543,190.471 732.543,258.029 27.049,272.599 810.766,276.877 371.456,305.835 661.899,305.859 673.015,309.374 230.659,320.955 584.779,421.190 846.072,439.413 131.067,451.495 585.836,523.178 919.821,549.918 368.624,562.630 197.913,596.608 109.702,621.981 272.613,653.703 213.764,672.438 909.635,766.870 225.567,792.562 614.795,834.982 432.605,875.371 822.916,929.678 121.364,13.301 102.885,39.393 626.975,47.192 785.541,199.663 479.160,208.022 989.542,241.106 960.489,244.156 972.222,246.606 100.599,256.734 254.197,282.638 723.779,336.790 692.723,345.791 382.551,372.518 127.626,404.787 528.632,418.298 697.529,419.750 461.331,432.155 593.353,435.911 641.515,487.335 236.607,509.515 726.637,526.040 586.538,534.376 406.621,562.693 477.295,664.725 740.885,698.876 31.549,829.874 462.865,853.104 606.115,861.392 327.361,889.689 781.367,913.595 144.481,923.715 208.195,931.089 173.062,953.754 378.214,965.144 291.686,1012.521 355.570,13.355 368.913,37.990 993.296,80.778 663.844,82.622 702.365,109.052 203.485,162.843 348.784,166.123 134.320,189.570 325.388,199.746 784.831,241.456 204.279,286.227 262.486,291.579 85.500,330.600 592.539,355.582 497.602,360.026 92.428,387.109 439.299,403.908 179.049,410.090 593.584,424.235 247.464,430.662 777.849,430.636 523.712,495.018 455.368,511.769 320.579,531.276 467.471,547.023 408.471,614.074 489.417,633.703 662.744,657.950 394.843,700.260 580.563,756.765 401.486,757.898 261.817,828.573 106.543,834.387 438.455,853.559 660.579,937.216 849.496,940.375 675.770,945.124 581.158,947.834 897.423,950.677 782.020,954.589 806.057,983.408 387.035,1006.599 593.736,212.741 699.606,279.840 704.727,325.367 553.037,335.488 885.522,344.439 406.470,354.119 766.751,362.815 727.411,422.601 229.017,444.591 194.250,472.000 557.155,494.251 996.770,515.033 842.388,566.766 406.693,572.576 928.093,672.724 566.676,683.822 354.436,753.623 80.270,760.489 299.634,779.654 161.534,782.220 567.512,850.904 568.441,884.544 894.281,900.125 839.781,915.459 792.000,930.209 221.583,381.579 234.500,389.000 736.568,420.536 424.784,765.816
AAP2 158.390,404.073 585.934,574.077 183.598,1014.002
AAP3 622.573,72.518 158.251,404.056 58.959,444.673 585.993,574.043 694.954,623.666 726.968,688.868 644.423,710.945 551.706,728.679 668.629,803.327 898.677,840.775 800.824,930.649 168.423,417.092 168.785,585.017
AAP4 158.388,404.075 168.516,416.834 586.153,573.817 168.784,585.006 183.602,1014.005 616.068,440.610
AAP5 159.725,404.318 168.144,416.970 585.863,574.142 168.885,583.912 184.591,1014.229 616.323,441.119
AAP6 1017.781,8.672 588.556,576.918 160.668,408.532 584.941,572.997
AAQ0 750.082,15.829 611.103,19.228 378.507,21.352 69.877,46.567 827.137,54.449 46.885,75.129 529.145,77.320 228.907,78.808 76.516,80.612 516.518,96.711 236.744,106.654 398.613,120.409 442.502,124.330 518.846,134.357 70.298,139.864 590.283,148.061 108.623,167.464 602.500,176.002 118.239,184.511 536.707,196.065 863.029,210.146 51.653,216.718 201.062,221.109 841.656,224.675 153.113,236.552 91.988,253.927 734.640,257.227 630.475,262.182 947.567,270.447 922.416,276.509 752.675,283.176 269.048,295.741 489.574,302.554 86.347,316.746 341.481,316.642 984.708,316.574 720.853,323.274 549.536,323.953 526.658,337.373 16.653,338.463 543.955,347.004 474.341,359.489 293.906,360.337 222.103,362.474 242.746,365.224 790.658,371.364 432.517,376.420 930.366,393.492 224.848,400.701 806.389,403.841 189.979,422.560 841.595,425.206 936.759,427.155 356.033,458.793 260.130,462.575 1004.686,490.349 772.761,498.206 684.649,504.509 319.690,518.504 32.461,543.438 291.238,556.847 937.895,561.103 982.437,566.179 952.945,584.223 424.049,596.524 148.392,598.173 97.158,616.728 542.792,621.335 362.944,622.618 8.686,628.635 881.622,634.214 41.057,640.801 952.528,654.643 958.508,665.579 104.481,668.410 667.105,667.883 360.527,680.807 53.601,682.482 292.041,686.466 119.112,710.470 422.341,720.964 610.474,721.569 868.024,722.703 997.396,726.218 834.176,742.136 792.641,753.613 146.110,758.274 254.680,760.302 303.584,764.909 729.130,780.033 260.511,782.716 912.686,786.355 122.308,803.987 961.822,806.701 912.829,810.736 502.453,823.809 167.757,842.395 248.148,848.968 942.731,848.484 84.685,855.186 377.447,856.787 354.442,863.117 590.410,872.180 369.357,873.031 427.242,878.403 459.542,878.987 26.175,880.087 89.310,884.887 538.506,886.457 446.458,906.772 844.771,906.540 363.722,912.824 310.265,917.430 168.731,922.918 887.113,925.723 79.388,931.017 494.916,943.317 910.293,963.788 76.874,964.423 62.302,968.688 66.603,976.379 451.600,980.959 409.661,998.300 157.751,1002.460 721.929,1010.651 95.493,1018.800 588.726,7.566 502.971,10.191 11.870,30.425 259.887,52.921 228.496,58.752 156.062,69.258 645.844,71.844 517.446,75.225 322.648,79.013 585.182,81.618 856.384,83.174 165.232,93.514 317.866,94.466 208.352,97.504 99.420,103.311 181.458,110.044 379.296,113.412 390.965,116.641 941.641,117.319 377.776,129.717 397.506,137.163 458.143,140.759 169.568,145.210 193.500,160.971 520.902,160.392 775.282,178.322 857.233,189.248 116.262,196.521 662.487,203.038 691.852,211.733 130.140,213.636 159.867,217.960 395.000,221.031 993.358,247.513 49.666,248.698 102.168,248.981 505.297,253.782 515.174,257.455 613.460,265.262 766.640,278.124 367.350,279.645 417.727,281.330 455.598,283.676 539.814,296.007 714.688,296.489 299.518,304.330 315.344,308.392 936.853,309.179 522.001,313.907 229.487,316.182 44.727,319.311 177.056,329.405 328.000,331.706 688.837,350.931 501.517,355.060 495.235,375.205 149.013,392.975 84.279,393.736 617.528,412.136 459.927,415.950 624.644,432.984 736.990,432.689 242.972,439.225 657.869,457.853 356.242,489.496 924.410,492.186 351.720,498.753 715.196,501.494 55.051,506.052 328.323,510.295 346.856,513.051 983.889,522.886 511.534,533.497 726.996,537.175 849.750,536.407 859.884,536.384 987.046,542.937 687.751,545.030 997.839,544.315 199.662,547.532 919.077,558.857 904.286,564.543 911.024,573.773 914.025,577.383 929.209,575.471 873.981,587.953 942.534,591.641 536.269,604.256 913.825,611.192 666.993,612.991 927.016,618.448 978.925,628.386 179.858,632.015 317.747,632.973 735.654,637.741 806.702,642.968 365.892,644.657 787.562,645.483 525.675,649.150 646.358,650.436 225.064,652.883 33.912,661.428 739.041,660.636 885.014,661.382 968.249,663.569 86.932,665.271 14.707,677.786 255.538,683.400 658.853,704.232 270.114,709.806 155.303,718.052 789.829,723.881 355.285,728.566 299.337,733.697 840.526,735.420 336.386,736.410 218.081,755.238 294.029,779.621 347.706,779.550 564.618,788.374 869.827,790.457 395.790,795.286 603.389,800.802 837.484,807.667 96.239,809.341 355.649,809.265 890.086,809.531 950.702,809.114 264.195,815.448 204.202,815.866 379.493,821.392 156.766,825.839 108.924,829.806 175.387,829.015 177.373,834.869 945.087,835.034 926.798,840.535 268.286,844.598 207.023,848.527 176.165,851.718 94.043,857.303 112.430,858.026 279.519,860.271 9.594,864.124 250.016,863.805 731.786,870.046 745.265,883.214 925.181,885.363 486.981,890.018 124.863,891.355 277.989,899.936 1010.191,908.473 224.355,910.839 519.465,913.016 174.602,920.429 105.618,928.989 97.272,942.199 88.617,960.293 328.687,961.518 322.087,967.489 983.862,982.650 41.481,984.379 970.917,998.179 637.479,999.524 27.726,1004.026 733.541,1008.097 361.363,1011.350 426.104,1013.259 978.772,473.404 161.858,489.279 163.908,489.100 883.982,529.190 992.923,614.833 634.695,765.438 531.197,885.001 78.317,976.756 79.975,980.859
AAQ1 163.018,489.490 883.872,529.900 365.592,643.954 156.139,825.291 11.283,30.001 108.650,829.479 203.351,814.960 78.336,976.155 520.597,159.979 928.720,575.441 634.562,765.468 351.760,498.628 978.963,473.263 224.280,910.368 603.494,800.919 112.432,858.087 530.770,885.078 983.885,982.652 148.690,393.324 997.561,544.017 993.222,614.436 789.484,724.154 487.225,889.571 159.758,217.424 687.643,544.851 942.756,591.498 88.457,960.629 27.505,1003.924 328.504,510.360 849.704,535.705 317.644,632.633 658.906,704.470 926.642,840.660 97.642,942.012 322.532,79.319 201.455,220.942 515.476,257.473 984.151,523.064 225.004,652.971 391.053,116.539 766.672,278.402 936.392,309.508 346.561,513.063 299.359,733.572 336.683,736.225 588.877,7.415 658.182,457.770 926.838,618.662 806.598,643.271 155.708,718.221 396.137,795.468 207.383,848.283 279.352,859.209 299.751,304.009 549.535,323.501 806.266,403.551 726.953,537.455 938.157,561.099 646.857,650.452 869.490,790.506 503.541,9.537 317.882,94.536 193.668,161.005 662.718,202.822 102.515,248.587 417.933,281.487 501.922,354.947 294.083,360.402 617.471,412.415 624.490,433.025 918.853,559.018 978.652,628.634 86.500,665.581 293.965,779.146 944.618,835.380 250.205,864.155 360.715,1011.623 228.767,58.742 377.788,129.754 602.700,175.363 842.169,224.954 504.492,254.052 734.682,257.333 948.086,270.149 540.054,296.354 328.373,332.206 544.021,347.303 987.190,543.000 199.321,547.572 874.044,588.283 148.308,598.002 736.050,638.504 787.732,645.320 525.548,649.394 885.040,660.956 14.647,678.314 269.931,709.784 833.829,741.985 792.242,753.000 347.625,779.418 122.208,803.884 176.748,835.468 70.051,47.045 645.820,71.644 584.698,81.657 857.524,188.956 613.474,265.414 456.182,284.326 489.208,302.736 44.927,319.472 689.017,350.952 474.709,358.765 355.863,459.296 913.791,577.402 536.229,604.061 666.545,612.757 40.441,641.020 953.276,655.404 104.619,668.186 53.387,682.249 729.311,779.927 950.785,808.752 176.077,851.444 94.123,857.535 925.458,885.228 971.227,998.369 636.947,999.415 826.939,53.880 207.988,97.554 379.353,112.620 941.164,116.948 70.224,139.843 169.507,144.959 775.099,178.305 116.289,196.746 92.371,254.327 715.567,296.496 315.422,308.037 341.015,316.433 495.314,375.051 190.144,423.077 737.180,432.944 260.623,462.667 1004.623,490.419 715.410,501.727 55.565,505.781 511.832,533.192 31.717,542.981 903.443,564.262 423.832,596.747 738.774,660.602 34.640,661.119 968.341,663.209 255.556,683.464 610.403,721.096 997.160,726.882 355.315,729.226 146.709,757.813 912.358,785.246 942.599,848.027 377.038,856.573 9.542,863.895 446.545,906.123 1010.427,908.555 363.521,912.538 79.457,931.637 495.189,943.566 322.000,966.959 722.270,1010.512 750.564,16.554 611.246,19.469 259.932,52.684 156.152,68.817 516.379,75.256 46.873,75.614 229.116,78.865 165.548,93.952 516.974,96.521 237.024,106.024 442.343,123.979 518.621,133.638 397.297,138.040 108.578,167.840 536.889,196.580 863.259,209.733 691.476,211.635 52.542,216.819 395.232,221.602 992.738,247.054 630.533,262.304 922.027,276.614 366.751,279.620 752.679,282.707 521.936,313.750 176.940,329.263 527.202,337.173 242.810,365.317 790.309,371.549 432.306,376.192 930.866,393.653 84.045,394.007 225.057,401.536 841.339,425.368 243.419,439.527 924.391,491.961 684.166,504.089 859.988,536.353 291.585,557.111 913.845,610.967 362.533,622.015 179.768,632.537 959.044,665.812 667.053,667.654 291.139,686.465 119.130,710.769 422.726,720.848 867.685,722.725 217.838,755.748 303.446,764.683 961.736,806.480 263.504,815.603 379.178,820.282 503.620,823.543 84.600,854.983 731.561,870.216 590.644,872.941 369.533,873.372 26.435,879.738 745.250,882.902 89.127,885.396 278.418,900.576 844.411,907.155 519.598,912.817 310.536,916.939 168.832,922.508 104.972,928.713 909.939,963.538 61.928,968.647 66.710,976.301 451.561,981.977 40.606,984.470 409.525,998.215 734.145,1007.707 378.477,21.961 76.415,80.517 856.129,82.639 99.277,104.154 181.511,109.854 590.215,147.869 118.301,183.626 129.663,213.732 153.033,236.587 49.686,248.748 229.190,316.066 984.628,317.000 721.466,323.142 16.888,337.580 222.216,361.943 460.157,415.759 936.645,426.730 772.488,498.080 982.031,566.000 952.353,584.657 97.652,616.139 542.811,620.674 9.627,628.760 881.205,633.223 360.559,680.544 254.518,759.800 260.891,783.230 564.714,788.762 354.981,808.976 837.699,808.508 890.263,809.332 914.369,811.584 267.557,844.576 353.556,862.464 427.437,878.290 459.715,878.671 125.140,891.825 887.284,925.323 77.000,964.486 157.472,1001.989 426.251,1013.066 529.500,75.000 457.262,139.969 268.625,294.991 86.681,316.036 95.323,808.474 247.921,848.675
AAQ2 158.467,388.900 978.655,472.900 351.880,499.029 365.625,643.915 634.853,765.438 203.539,814.895 108.592,829.499 78.373,976.177 11.226,29.970 520.679,159.998 162.963,489.504 883.815,529.929 156.073,825.271 224.298,910.438
AAQ3 11.210,29.978 175.599,32.626 667.447,127.026 454.914,185.150 263.444,262.689 158.462,388.919 1020.270,412.653 422.988,452.374 404.586,474.622 576.514,478.766 883.831,529.988 810.266,641.324 352.896,744.248 890.681,796.469 203.776,814.809 78.457,976.279 945.092,168.386 162.927,489.502 57.941,617.848 365.655,643.946 156.054,825.241 108.558,829.522 953.333,224.695
AAQ4 158.450,388.898 351.892,499.018 884.043,529.671 634.843,765.440 203.586,814.876 108.580,829.475 78.380,976.175 11.262,29.972 520.681,160.012 162.840,489.410 365.583,643.919 156.116,825.321 224.302,910.438 928.400,575.630
AAQ5 159.276,389.424 352.769,499.316 884.916,531.221 634.525,764.797 204.372,815.423 109.565,829.985 78.306,976.543 10.445,29.615 520.793,160.681 162.966,489.453 366.366,644.799 156.397,825.351 225.361,910.807 929.341,578.020
AAQ6 165.102,491.101 886.634,533.300 153.174,822.909 111.035,832.173
AAR0 650.215,7.980 691.210,20.472 453.817,21.513 654.223,23.135 665.032,33.401 415.649,38.034 173.043,41.807 210.180,44.320 447.958,44.967 407.925,50.228 336.646,60.905 265.769,73.329 519.629,73.767 822.976,77.532 198.931,80.229 749.249,83.916 533.691,85.826 428.110,110.705 462.398,112.553 928.407,120.659 538.561,128.722 399.467,129.035 283.219,145.355 295.798,155.085 644.976,154.211 439.852,163.171 287.662,163.621 503.493,165.277 79.314,181.462 541.507,181.087 972.356,227.939 9.979,241.840 636.044,247.653 195.400,286.025 385.741,287.690 141.295,293.634 385.741,297.814 398.648,297.043 449.113,307.708 562.817,332.163 918.418,344.035 568.387,350.054 154.008,356.407 349.404,356.479 453.599,371.420 931.699,371.514 514.063,375.170 425.206,376.295 44.410,380.199 166.375,381.649 70.899,386.546 790.674,398.116 37.008,406.568 633.092,412.041 557.659,413.381 131.267,414.860 590.913,415.516 139.927,416.623 525.808,419.374 439.362,424.660 391.057,441.397 654.183,440.869 103.275,444.378 252.723,450.206 746.191,457.151 573.074,459.184 625.553,461.566 352.143,469.788 389.041,472.478 286.647,476.411 422.351,476.071 736.493,477.376 954.989,478.051 391.759,480.779 392.935,495.370 484.834,500.647 350.612,508.225 845.145,513.459 440.914,527.151 445.138,539.854 373.705,542.486 723.818,546.362 877.399,547.339 999.048,552.348 543.428,555.983 522.364,562.370 291.923,564.666 312.215,564.826 582.662,566.206 445.251,584.016 292.890,592.265 372.764,592.347 340.834,603.146 822.510,604.824 272.580,614.452 31.497,638.216 926.269,638.285 962.622,638.985 297.982,650.481 614.408,657.602 438.175,673.801 763.965,674.388 112.657,692.205 141.760,699.904 537.987,702.865 973.284,710.545 766.254,719.056 991.729,736.035 327.019,740.711 817.362,740.249 310.160,743.108 721.403,765.610 767.753,767.456 826.785,771.892 321.300,782.363 590.948,784.321 699.146,803.519 681.505,809.734 190.249,817.454 534.791,828.858 364.304,838.458 193.621,838.310 821.705,838.688 35.675,838.856 209.816,848.252 585.925,854.201 438.740,863.201 282.106,877.310 89.714,895.212 143.088,897.804 328.883,921.048 674.884,923.619 883.017,929.045 397.110,937.266 308.993,940.874 806.952,946.095 59.061,947.789 319.738,950.744 702.947,959.254 261.995,981.281 512.289,997.392 404.300,1009.392 431.985,296.532 635.133,638.494 549.431,793.586 588.485,724.500 569.370,529.177 625.506,861.056 264.295,107.579 563.525,979.270 319.311,853.452 20.466,231.551 446.213,491.683 382.298,218.059 640.380,164.624 866.038,282.659 744.039,998.371 1000.630,80.698 559.101,18.265 33.496,804.670 7.715,835.692 126.816,230.241 673.262,519.377 511.746,120.675 383.247,513.646 130.296,389.375 545.462,494.382 661.451,628.904 429.705,612.935 432.176,458.709 228.829,891.747 592.322,993.421 585.728,1006.158 259.797,175.456 945.642,219.614 222.299,476.917 54.083,622.085 47.608,958.580 821.350,993.814 524.094,601.306 968.565,433.935 420.919,72.513 215.225,659.328 63.530,551.417 735.059,602.167 641.666,808.276 24.469,896.676 717.279,137.350 374.331,656.186 511.167,703.657 169.295,665.424 476.279,827.514 84.447,1006.735 551.701,116.882 12.578,109.072 641.081,121.633 860.299,863.208 196.516,128.849 439.749,219.527 903.470,394.891 376.565,465.675 252.537,734.375 634.397,542.874 356.500,558.336 267.320,604.089 985.555,608.978 505.178,575.392 747.217,168.641 325.495,360.356 838.407,547.609 817.015,796.662 235.518,248.702 205.587,698.412 633.926,51.537 395.083,145.054 966.266,296.566 341.212,683.247 1011.882,871.391 785.172,1003.748 172.336,242.701 557.291,695.308 345.291,9.302 343.980,370.894 125.535,991.961 669.493,14.387 452.282,747.555 395.484,37.360 40.257,174.647 273.427,461.831 343.030,170.612 203.800,367.003 286.016,380.306 599.214,564.249 241.311,629.099 691.772,95.004 357.677,345.752 230.083,572.384 360.579,728.000 218.951,301.837 262.510,499.350 235.011,528.931 8.713,529.963 810.083,104.532 39.278,145.460 338.530,250.252 434.469,573.090 231.988,386.281 586.419,511.118 998.479,794.732 858.333,514.406 171.993,535.236 805.650,827.285 269.542,510.246 148.651,770.700 75.572,15.581 435.454,42.000 401.279,64.553 425.500,284.824 712.542,43.060 849.615,88.580 20.368,264.507 672.411,446.112 841.594,806.426 842.032,48.514 611.651,237.366 608.129,438.940 62.630,13.893 27.052,186.928 711.789,800.255 412.456,472.271 723.152,582.252 157.518,707.505 366.792,465.109 498.512,961.157 334.068,347.750 412.848,349.222 775.444,189.422 507.226,257.370 959.488,360.218 512.347,543.761 340.476,665.076 53.225,128.783 988.314,431.642 380.888,582.130 316.761,670.331 742.337,210.487 140.276,429.500 902.978,456.451 366.346,104.916 82.557,831.783 9.450,927.430 895.851,228.186 481.540,586.761 711.811,210.438 536.612,447.268 438.408,152.418 904.596,270.391 338.281,504.490 345.485,95.572 847.392,180.988 996.371,423.402 666.364,662.723 555.555,372.711 422.403,22.173 329.607,121.508 210.119,523.574
AAR1 281.804,878.989 253.523,451.417 90.268,896.242 351.132,509.393 425.326,377.340 283.373,146.384 790.877,398.786 656.153,441.399 341.474,603.600 286.685,476.850 391.789,480.805 807.080,946.237 448.366,45.276 563.231,332.669 877.113,547.578 190.291,817.482 154.450,356.552 404.486,1009.886 272.510,615.003 112.458,691.997 440.753,527.446 822.658,604.388 991.838,735.994 141.081,293.657 568.516,349.902 513.588,375.196 209.594,848.176 391.216,441.356 736.547,477.619 681.278,809.571 439.119,863.590 296.560,155.259 398.453,297.053 745.857,457.545 392.828,495.281 543.785,556.037 445.340,584.699 141.488,700.052 537.770,703.012 310.669,742.784 364.278,838.426 650.337,7.850 654.274,23.102 440.390,163.147 287.200,163.500 522.015,562.169 763.858,674.555 821.697,838.428 58.539,947.864 411.438,55.420 199.248,80.372 538.477,128.638 503.499,165.267 971.972,228.345 636.268,247.867 449.091,307.464 557.403,413.068 582.718,566.313 721.590,765.474 35.775,838.702 143.071,897.429 397.725,937.557 261.872,981.100 453.435,21.362 415.284,38.039 749.256,83.464 533.880,86.008 395.488,145.003 640.210,164.851 195.489,285.930 386.073,297.980 918.189,343.745 357.834,346.056 632.539,412.287 131.365,414.823 845.258,513.141 292.951,592.151 925.917,638.269 297.629,650.491 972.806,710.672 326.870,740.479 773.105,769.885 591.569,784.182 549.217,794.310 698.937,803.608 690.418,20.197 664.771,33.622 209.999,44.570 519.847,73.966 822.621,77.752 927.945,120.672 399.422,128.994 645.067,154.216 259.591,175.577 541.382,181.029 9.916,241.996 170.909,249.162 866.230,282.458 386.027,287.371 349.525,356.385 931.890,371.449 70.899,386.275 37.040,406.322 140.056,416.663 573.334,459.329 955.209,477.717 999.414,552.592 312.598,565.635 229.254,572.047 54.645,622.094 962.427,638.674 373.573,656.316 321.503,782.392 534.568,828.400 319.242,853.362 860.148,863.684 229.003,891.921 883.166,928.817 308.624,940.559 47.189,958.509 743.921,998.826 558.796,18.089 633.738,51.693 337.137,61.166 265.999,73.134 264.179,107.696 468.254,109.352 641.670,121.311 79.471,181.531 382.068,218.127 20.466,231.396 453.694,371.428 44.142,380.432 166.540,381.474 903.162,395.493 590.566,415.467 526.331,419.229 439.178,424.729 988.753,432.148 968.054,434.366 432.122,459.842 625.811,462.281 352.105,469.581 422.584,476.470 221.590,477.332 484.645,500.872 858.486,514.727 8.788,530.516 445.312,540.292 373.888,542.659 724.304,546.273 838.308,547.315 524.356,601.562 661.760,628.982 635.074,638.441 614.312,657.629 169.638,665.692 437.274,674.417 205.363,698.680 511.567,703.463 817.120,796.417 476.465,827.479 7.802,836.206 586.030,854.468 625.416,861.315 329.204,921.115 319.819,950.729 821.149,994.057 512.658,997.536 785.932,1004.256 344.766,9.749 75.599,15.659 394.721,37.204 712.840,42.780 421.310,72.353 1000.519,80.317 810.527,104.253 12.482,108.843 427.661,111.232 551.952,116.750 53.522,128.782 196.002,128.602 343.151,169.941 27.120,186.780 711.670,210.253 742.593,210.538 947.223,220.022 895.693,228.169 236.045,249.406 507.697,257.490 432.135,296.244 965.942,296.646 219.617,302.323 344.459,371.100 285.873,380.353 129.861,389.271 608.741,438.396 536.852,447.147 902.979,456.339 412.643,471.397 446.222,491.588 545.468,495.227 261.790,499.791 338.417,504.011 585.896,511.764 382.647,513.417 672.716,519.544 234.863,528.984 569.854,529.260 634.939,543.150 63.592,551.302 356.658,558.918 292.083,564.977 433.894,573.434 505.505,575.223 380.527,582.261 722.983,582.394 373.164,592.475 734.891,602.738 31.046,638.453 588.380,724.704 360.546,728.283 253.026,733.831 826.771,771.878 997.898,794.773 33.939,804.378 641.585,807.918 82.628,832.059 193.408,837.768 1011.866,871.381 9.687,927.486 702.461,959.959 563.042,979.269 125.630,991.710 591.791,993.224 85.243,1006.291 62.642,13.751 669.069,14.369 173.175,42.164 842.513,48.529 401.325,64.437 849.704,88.208 691.420,94.653 365.672,105.329 329.515,121.126 511.544,120.074 717.304,137.053 39.007,144.737 746.427,168.312 40.039,174.500 847.000,181.415 439.064,219.607 127.271,229.634 338.406,249.474 20.798,264.679 904.380,270.378 426.000,284.407 334.360,348.139 412.626,349.571 959.471,360.212 204.418,366.708 554.240,373.413 231.569,385.431 140.322,429.412 102.887,444.317 672.372,446.641 273.580,461.438 376.611,465.204 209.580,523.755 171.500,536.072 598.927,564.089 481.992,586.686 267.349,604.371 429.854,604.610 985.333,609.550 428.535,613.093 241.116,628.856 215.082,658.999 665.375,662.776 340.363,665.597 341.185,682.981 557.052,695.381 157.780,707.455 766.441,719.025 817.296,740.238 452.111,747.228 148.689,771.330 712.225,800.557 841.399,806.838 24.340,896.555 674.624,923.064 498.285,961.281 585.430,1006.290 421.795,21.889 344.948,95.678 775.755,189.542 610.893,236.715 324.818,360.509 367.000,465.000 512.137,543.858 317.500,669.500 805.989,825.435
AAR2 283.479,146.173 425.409,377.364 253.553,451.439 351.095,509.254 90.230,896.380 791.028,398.889 281.875,880.126 656.208,441.461
AAR3 192.503,24.072 618.661,320.898 791.800,399.216 240.353,426.703 351.066,509.107 122.671,580.816 242.534,696.546 646.536,1004.725 425.415,377.344 253.539,451.485 282.645,880.001 90.239,896.476 584.146,288.527 656.277,441.423 689.091,921.051
AAR4 283.449,146.206 425.402,377.360 791.375,399.013 351.110,509.284 90.246,896.392 656.102,441.416 253.488,451.417 281.832,880.192
AAR5 283.135,145.711 424.614,376.623 791.479,398.709 350.816,509.290 90.096,896.677 656.464,441.161 252.711,450.922 282.106,880.251
AAR6 318.673,192.870 96.968,904.596 89.609,896.246 353.531,512.263 279.717,876.683
AAS0 1012.089,13.616 568.516,20.455 624.669,21.631 179.872,25.978 133.952,30.267 1012.647,30.171 989.293,43.759 466.998,61.896 913.187,65.997 865.344,77.736 242.125,81.279 710.346,80.000 483.961,98.506 785.987,100.266 743.661,112.471 947.610,152.367 979.262,155.485 681.056,158.144 621.066,175.896 448.226,194.351 575.106,208.273 683.112,208.355 721.067,224.314 702.777,224.931 679.890,230.336 65.431,242.703 413.490,245.161 1009.393,250.008 131.061,269.013 376.340,279.003 443.469,298.716 796.199,326.612 751.102,336.749 625.508,343.132 427.117,372.596 869.433,372.766 192.316,384.287 398.153,386.420 899.602,395.454 1011.822,402.654 113.828,409.027 786.404,409.021 844.854,420.505 987.264,436.298 140.086,438.060 249.055,441.316 309.516,466.259 558.716,468.200 17.995,468.191 872.104,470.161 114.922,474.026 976.201,486.185 553.723,487.205 753.339,491.199 607.433,502.383 890.013,500.849 405.118,510.504 111.124,513.973 624.851,538.415 555.929,550.196 664.969,567.054 666.569,584.073 565.136,595.308 815.098,604.031 387.823,615.765 41.199,616.422 256.581,621.300 728.028,623.929 497.560,629.779 568.186,656.989 886.148,679.758 349.561,693.526 833.214,719.039 733.563,722.287 132.228,734.258 334.028,740.270 362.710,740.214 982.273,753.727 151.954,755.384 98.873,756.854 300.093,769.406 378.574,769.833 842.165,770.414 908.704,771.172 587.853,781.205 657.759,799.123 914.980,800.264 593.085,817.684 834.271,821.549 579.657,824.918 142.978,828.265 678.568,836.518 796.990,841.293 519.320,842.337 265.928,853.400 363.520,854.217 708.484,856.007 53.286,862.399 77.085,862.150 677.917,870.994 837.000,871.314 43.549,876.794 400.727,877.462 484.650,903.001 977.222,915.440 490.475,923.264 871.505,923.548 864.742,930.562 731.014,937.993 225.439,941.208 683.731,943.135 760.394,949.181 51.274,961.165 596.142,972.136 854.959,979.917 187.444,1000.502 671.360,163.533 956.345,778.510 273.644,687.719 789.010,25.791 689.919,472.362 995.963,825.689 783.441,376.362 480.624,624.922 944.370,905.696 795.337,669.548 553.205,45.487 946.172,326.408 549.787,121.091 750.068,538.403 410.613,134.239 996.938,467.302 731.570,708.774 373.822,905.310 578.601,289.188 476.601,395.203 552.660,417.204 595.773,366.227 389.090,357.835 761.414,126.522 853.856,449.112 938.124,262.687 319.237,330.370 744.795,222.572 543.295,701.766 549.045,711.525 540.977,458.359 484.439,639.250 251.380,153.000 471.163,629.723 503.757,268.479 547.870,306.507 299.154,698.452 184.116,43.217 500.996,376.101 190.601,509.109 31.478,879.375 557.279,202.911 885.687,282.334 690.482,589.608 521.244,623.470 460.031,489.191 853.083,567.602 939.213,668.442 109.920,121.468 488.395,308.965 551.513,633.724 580.369,154.536 560.468,256.170 319.188,837.143 500.702,800.279 779.540,829.405 852.130,159.021 668.640,240.724 315.274,382.038 73.309,647.191 876.421,664.889 163.818,690.751 10.764,756.032 318.413,872.922 780.321,297.295 230.749,360.465 481.478,756.142 185.891,320.096 732.552,592.030 116.482,464.126 507.824,859.070 1010.951,238.020 271.368,932.120 828.267,291.717 469.630,437.516 198.434,895.855 12.250,319.262 589.101,510.431 841.036,802.247 58.463,807.161 574.511,839.530 602.537,344.092 989.566,368.341 322.713,226.306 572.062,414.151 772.788,749.536 555.467,678.720 394.964,395.565 599.131,456.657 680.226,625.865 306.940,839.635 631.414,960.629 827.088,109.119 228.506,631.903 837.376,45.551 642.493,638.599 427.124,567.456 598.156,573.377 383.602,966.623 374.834,146.674 508.863,418.284 567.141,501.249 989.766,206.671 617.087,798.575 217.886,868.818 254.527,589.596 176.256,473.538 320.091,795.386 704.236,213.452 440.465,486.642 1006.511,836.905 634.777,356.879 47.065,550.654 444.562,756.562 222.201,954.301 214.834,146.395 200.211,794.582 574.323,727.465 144.556,362.558 576.598,1015.488 826.573,264.437 351.484,635.419 147.583,164.569
AAS1 180.777,27.266 554.592,488.415 753.783,492.215 519.651,843.595 448.467,195.463 624.670,539.534 559.334,469.035 225.501,942.000 363.659,855.163 987.405,436.941 363.108,741.013 242.073,82.297 575.054,209.194 665.540,567.500 588.396,781.842 564.986,596.002 140.576,438.405 751.543,337.147 908.965,771.393 53.487,862.727 115.065,473.976 721.166,227.911 1012.619,30.112 467.567,61.888 484.066,98.671 387.836,615.805 309.575,466.293 796.909,841.394 51.577,961.129 871.951,469.788 132.581,734.265 865.347,77.760 786.508,409.181 607.441,502.576 666.327,584.343 256.747,621.338 299.908,769.492 657.851,798.781 187.000,1000.882 913.358,65.975 785.744,100.000 976.540,485.889 110.957,513.765 555.598,549.416 41.544,616.839 727.500,623.831 885.944,679.705 334.204,740.225 914.159,800.219 708.293,855.714 624.454,22.013 133.672,30.477 682.815,208.022 443.216,298.732 796.279,326.620 192.546,384.192 592.594,817.531 265.909,853.527 683.628,942.867 596.566,972.358 1011.861,13.365 702.281,224.834 1012.073,402.692 114.092,409.457 248.909,441.077 814.630,603.599 795.686,669.866 151.391,755.716 842.200,770.129 142.731,828.185 484.609,902.765 865.229,930.779 731.250,937.595 760.307,949.496 568.386,20.887 788.755,25.927 552.894,44.842 710.668,80.332 744.083,112.482 410.375,134.576 978.941,155.777 679.623,230.410 1011.094,237.900 376.397,278.580 899.369,394.988 844.638,420.291 996.281,466.867 18.113,468.162 480.898,624.748 494.281,633.498 551.754,634.354 567.872,656.988 299.546,698.746 548.904,711.393 833.486,719.171 982.319,754.246 834.349,821.749 678.433,836.305 77.279,862.357 677.297,870.863 43.886,876.962 373.605,905.681 490.407,922.755 837.517,45.212 761.288,126.680 580.594,154.077 680.001,158.528 745.017,222.607 413.357,244.780 1009.423,250.350 560.266,255.991 503.784,268.540 131.227,269.449 579.211,289.120 625.464,342.475 389.094,357.799 595.557,366.085 869.169,372.783 783.273,376.463 476.764,395.701 509.163,418.640 589.336,510.544 750.476,538.230 493.008,622.526 228.234,631.318 349.384,693.620 543.082,701.697 10.576,756.354 955.211,778.485 58.645,807.451 579.747,824.708 943.308,905.746 977.007,915.408 854.809,980.219 989.384,43.113 549.499,120.958 109.998,121.502 374.775,146.856 251.261,153.226 947.756,152.533 851.844,159.160 671.352,163.137 147.749,164.000 620.715,175.736 704.067,213.482 322.176,226.610 668.747,240.569 65.690,243.249 938.740,262.310 885.631,282.736 828.507,291.385 780.581,297.044 547.519,306.196 488.795,309.333 12.636,319.196 185.601,320.094 945.854,326.017 318.801,329.975 144.823,362.159 231.034,361.211 427.417,372.539 315.709,381.434 398.084,386.680 572.401,414.658 469.840,438.144 598.923,456.542 541.473,458.586 115.762,464.168 689.302,472.589 176.505,473.555 459.602,489.022 889.905,501.035 190.727,508.966 47.456,550.770 427.415,567.234 689.905,589.755 521.472,623.799 470.980,629.829 73.668,646.929 273.717,687.328 163.236,690.385 731.911,708.754 733.418,721.627 574.517,728.000 98.741,756.831 444.540,756.561 481.725,756.686 98.880,765.890 379.043,769.822 320.218,795.785 616.423,798.204 996.577,826.605 1006.611,836.357 573.963,839.557 307.535,840.039 507.511,859.661 217.847,869.430 837.517,870.699 400.507,877.927 31.505,879.500 197.488,896.020 271.131,931.597 266.589,940.113 222.611,954.539 384.256,967.075 184.554,42.407 827.761,109.371 556.579,202.024 989.856,206.069 633.994,356.296 989.517,368.171 501.379,375.540 394.586,395.238 552.745,417.487 853.773,449.025 440.241,486.851 567.388,501.218 405.094,510.370 852.624,567.513 598.450,573.564 255.255,589.141 732.367,591.925 681.000,626.434 351.247,635.688 641.090,638.453 484.216,639.546 876.403,664.920 939.837,668.601 554.591,679.224 772.833,749.730 200.482,795.503 500.448,800.352 840.818,801.925 779.604,829.537 319.758,836.993 7.205,851.011 318.399,872.904 630.513,960.922 577.024,1014.837 214.601,146.494 825.988,264.601 602.692,343.676
AAS2 180.767,27.276 532.528,126.685 575.220,209.215 987.284,436.960 554.626,488.480 564.927,596.146 363.048,741.002 225.479,942.223 448.358,195.453 559.238,469.058 753.794,492.246 624.826,539.588 519.694,843.538 363.497,855.106 665.271,567.660
AAS3 598.643,24.658 360.573,72.518 532.353,126.619 216.982,146.757 68.536,154.835 240.726,362.696 987.193,437.072 554.661,488.556 399.174,513.158 625.055,539.854 498.509,581.383 698.899,616.101 363.039,741.084 372.155,743.155 230.867,820.719 225.344,942.286 180.702,27.300 448.269,195.334 753.832,492.281 519.741,843.477 709.847,160.680 575.949,209.610 744.065,241.239 289.114,665.305 368.828,857.256
AAS4 532.499,126.677 987.273,436.956 554.575,488.484 564.932,596.151 363.040,741.001 363.493,855.104 225.471,942.217 180.990,27.057 448.360,195.442 559.232,469.052 753.776,492.288 624.816,539.590 519.690,843.553 873.247,168.748 575.229,209.223 751.822,337.308 665.366,567.663 40.733,816.696
AAS5 532.645,125.126 987.101,436.077 554.907,489.092 565.071,596.231 362.112,741.256 364.859,855.136 225.915,943.188 180.779,27.113 448.346,195.589 558.727,469.789 754.077,492.650 625.058,540.272 518.977,842.490 872.798,169.658 574.235,208.264 752.512,337.091 665.677,569.336 42.319,817.152
AAS6 52.700,334.945 558.598,492.541 709.514,526.514 553.348,488.100 517.269,840.772 180.798,27.125 456.166,201.054 551.269,484.313
AAT0 210.332,35.468 724.009,42.894 921.335,52.727 180.466,72.414 467.224,76.015 896.402,76.535 591.020,93.363 277.678,100.990 356.189,103.432 201.995,113.245 768.824,112.273 368.005,124.440 675.998,126.497 775.089,126.754 38.076,146.968 759.399,146.580 313.426,159.423 699.399,192.142 527.319,191.837 210.737,208.469 660.554,219.288 791.821,248.430 73.963,251.236 422.381,253.202 762.334,256.520 597.007,266.646 42.503,268.901 370.579,271.577 25.855,273.368 521.041,275.091 987.611,279.077 563.252,292.353 939.155,295.389 142.357,299.556 62.541,311.821 948.491,311.627 854.536,321.970 292.149,344.035 522.518,355.346 515.620,363.575 320.499,371.385 474.077,392.561 542.636,399.804 583.506,400.933 566.691,407.912 14.348,413.259 547.692,420.798 443.638,438.210 90.538,442.147 915.215,458.705 689.911,466.816 321.517,471.187 774.159,482.615 652.594,492.162 810.297,492.436 905.695,498.159 696.651,516.791 999.238,525.239 306.912,530.216 769.737,535.151 538.918,543.479 711.794,545.867 914.941,547.920 353.984,568.689 813.541,570.898 284.255,574.968 841.795,592.795 713.119,633.247 365.204,643.388 52.995,652.888 1013.204,660.359 342.920,666.775 523.094,684.043 581.216,698.050 526.265,703.248 812.622,716.284 611.055,725.435 659.481,737.170 148.129,741.263 666.974,753.206 907.851,761.233 550.704,762.319 739.304,767.819 221.979,774.035 288.082,775.083 394.459,781.228 82.082,794.212 576.103,801.901 118.067,811.276 874.088,818.477 1011.825,828.647 965.212,839.358 105.896,855.892 602.368,859.336 782.472,859.065 525.568,860.093 902.607,864.106 982.167,864.991 10.885,887.054 416.456,888.025 116.035,895.580 915.495,916.170 293.871,943.829 888.512,949.305 741.108,961.932 937.847,963.054 668.696,971.203 408.981,977.981 775.370,990.276 811.119,997.702 991.207,1000.480 687.247,1004.839 987.621,1009.873 972.261,442.450 507.845,861.719 953.398,43.866 727.183,679.093 946.859,82.512 826.390,413.000 819.544,785.693 887.651,60.273 334.350,1001.612 475.877,510.831 572.802,199.711 365.414,299.378 584.353,298.654 265.326,429.745 775.425,847.005 604.988,918.925 463.608,155.668 389.063,368.387 399.193,518.914 345.423,138.179 419.572,646.139 926.587,523.093 453.729,537.908 322.106,21.136 146.960,175.854 604.350,390.729 113.505,347.408 595.810,911.722 201.634,244.407 904.520,291.935 788.815,558.187 248.914,643.566 691.330,749.345 519.885,575.534 646.500,639.575 47.110,191.306 912.601,223.341 429.016,387.703 399.611,66.992 498.540,638.620 795.010,358.469 447.201,487.216 952.339,730.964 425.078,439.779 502.743,681.420 362.561,1002.243 754.818,394.614 123.551,504.249 577.928,843.412 545.523,844.978 423.752,228.843 324.299,643.522 892.922,751.040 557.878,987.992 23.438,428.090 190.531,860.687 189.384,171.664 958.736,443.042 392.639,154.620 399.417,561.795 867.435,944.552 541.271,434.377 180.194,213.385 664.338,445.731 970.820,8.523 528.500,166.204 952.846,537.726 435.423,619.396 731.416,735.872 833.564,668.413 176.267,704.497 126.237,123.835 428.476,688.332 438.334,740.457 680.989,15.271 706.052,423.615 665.152,813.673 100.668,123.447 678.483,295.853 518.075,552.651 119.691,683.248 566.938,712.462 598.595,884.949 914.191,894.928 425.471,94.387 323.818,99.608 829.741,870.391 436.037,827.069 53.073,106.815 139.000,160.441 881.745,435.492 270.704,964.713 215.657,545.701 263.511,693.439 280.357,913.781 872.013,86.506 311.563,519.189 164.256,832.195 851.492,310.682 877.279,332.964 343.349,676.603 543.039,711.943 522.982,1002.635 623.611,200.455 458.156,655.739 419.000,745.419 227.378,308.898 556.373,658.419 598.937,768.450 820.588,290.227 515.472,628.665 702.531,977.083 236.481,453.961 637.488,260.241 87.178,511.357 95.295,738.578 695.522,787.457 634.834,924.606 552.557,552.748 389.399,920.971 67.543,955.655 694.372,399.508 30.258,552.500
AAT1 14.940,414.651 526.568,704.549 713.182,634.658 321.954,472.140 610.970,726.427 523.585,684.720 90.882,442.628 669.071,971.760 906.350,498.932 443.695,439.266 576.704,802.245 118.097,812.093 356.242,104.361 659.443,737.829 652.925,492.564 1013.373,661.040 584.650,404.123 38.430,146.956 965.334,840.043 180.781,72.552 775.382,126.841 105.908,855.919 313.490,159.584 25.492,273.431 939.078,295.425 292.160,344.509 580.715,698.113 907.483,761.388 921.258,52.744 201.843,112.915 320.470,371.461 293.815,943.538 699.395,191.539 978.872,869.516 590.788,93.606 368.541,124.799 813.723,571.290 416.677,888.418 888.439,949.397 723.878,42.903 466.862,76.386 675.559,126.537 62.629,312.366 712.099,545.737 354.061,568.396 148.554,741.604 667.445,752.994 739.178,767.566 288.137,774.805 82.384,793.799 116.403,895.272 210.427,35.219 527.304,191.903 74.698,251.764 987.165,279.426 998.806,524.943 914.478,547.593 52.529,653.484 727.062,679.247 812.646,716.518 525.616,860.074 903.166,864.083 811.195,997.841 887.504,60.623 896.342,77.163 768.619,112.374 422.517,252.782 762.303,256.926 596.748,266.244 948.207,311.487 515.332,363.600 543.134,400.042 690.048,466.596 810.274,492.905 306.874,530.380 284.020,575.507 841.773,593.675 691.478,749.008 516.790,873.270 741.579,962.224 409.209,978.208 759.347,146.539 792.163,248.480 370.512,271.774 142.687,299.614 474.253,392.992 754.415,394.396 567.188,407.478 23.093,428.288 972.424,442.898 914.812,459.001 774.001,482.303 696.972,516.620 311.732,519.046 539.434,543.627 419.921,646.191 343.386,666.952 176.684,704.833 951.962,731.025 695.956,787.162 782.132,859.257 598.992,884.975 937.527,963.020 953.629,44.000 399.255,67.144 946.525,81.576 277.923,101.518 463.869,156.298 528.715,166.329 189.094,172.468 572.675,199.979 210.895,208.433 660.385,219.279 912.843,223.292 201.888,244.652 41.837,268.020 520.569,274.643 365.291,299.217 584.676,298.865 852.420,310.290 522.528,355.411 389.747,368.441 706.107,423.637 881.870,435.754 123.591,504.041 768.694,535.494 953.287,538.224 216.039,545.355 400.023,562.285 520.342,575.000 498.184,637.507 364.761,643.912 502.966,681.529 731.428,736.311 438.215,740.292 551.127,761.608 222.296,773.882 394.131,781.103 873.566,818.465 545.733,844.624 602.435,859.445 500.633,869.452 11.000,887.121 913.889,894.591 604.893,919.102 775.033,990.304 991.116,1000.482 687.203,1004.494 872.109,86.668 425.442,94.983 126.235,124.095 345.512,138.774 561.600,292.192 678.805,296.023 226.746,308.892 854.525,322.235 876.391,332.595 113.614,347.402 794.737,358.430 604.430,390.909 563.993,397.385 826.130,413.093 265.608,430.564 541.573,434.871 425.229,439.689 476.411,510.635 399.005,519.533 519.026,553.106 553.000,552.836 789.025,558.025 646.113,640.092 249.061,643.526 458.975,656.318 556.649,658.820 833.924,667.755 120.125,683.797 428.931,689.058 543.092,711.599 566.885,712.358 95.300,738.300 892.811,751.274 665.063,813.789 1012.578,828.589 104.113,844.504 774.618,847.815 191.400,859.906 595.732,911.498 280.442,913.645 916.483,916.098 867.109,945.276 67.427,956.000 702.271,977.878 558.640,987.073 334.349,1001.515 362.529,1001.963 987.684,1010.055 970.859,8.879 681.603,16.189 321.987,21.210 431.566,87.034 323.484,99.981 53.040,106.684 100.304,123.582 391.634,154.620 147.152,175.846 47.244,191.465 624.012,200.371 180.049,212.957 424.564,227.972 638.534,259.364 820.378,289.389 904.467,292.194 429.767,386.933 693.383,400.469 547.711,421.475 958.562,442.337 664.057,446.253 447.322,487.819 87.254,511.500 926.843,523.919 454.031,537.744 30.449,553.249 435.955,620.966 515.881,628.943 324.476,643.235 343.795,677.708 263.774,693.170 419.633,745.021 599.442,768.263 819.352,786.001 435.722,826.706 164.851,831.849 578.375,842.667 829.924,869.797 635.534,923.772 270.436,964.896 137.794,158.665 237.500,452.000 390.109,920.007 523.648,1002.722
AAT2 356.202,104.592 91.009,442.765 906.376,498.733 713.186,634.688 526.576,704.551 610.957,726.461 659.760,738.149 118.310,811.676 439.305,1018.900 14.998,414.706 321.937,471.980 523.689,684.682 668.913,972.344
AAT3 446.696,22.535 356.129,104.891 648.685,127.042 436.218,186.702 74.581,252.930 970.690,456.681 256.514,478.766 906.434,498.665 450.575,581.176 923.798,609.032 713.120,634.652 526.583,704.565 616.977,794.675 118.611,811.710 668.571,870.883 15.024,414.709 322.042,471.788 611.413,726.595 24.024,792.234
AAT4 356.192,104.605 90.999,442.768 906.370,498.738 713.202,634.645 526.580,704.485 610.964,726.465 659.773,738.143 118.315,811.672 14.931,414.714 321.931,471.992 523.711,684.687 576.343,802.336 668.919,972.337
AAT5 357.541,105.404 91.472,443.377 907.227,499.872 713.787,635.155 526.991,704.887 611.406,726.661 661.069,739.766 118.487,812.214 14.769,414.654 322.601,472.863 525.148,685.635 577.475,803.293 669.043,973.498
AAT6 559.765,609.009 714.433,636.596 217.489,304.629 528.173,705.540 17.580,416.426 321.185,472.553 528.640,688.541
AAU0 570.401,14.013 992.457,36.537 369.787,49.147 968.967,49.513 111.599,54.445 363.672,56.131 591.204,59.608 769.238,60.111 874.991,67.068 47.456,105.219 822.330,128.263 225.257,132.763 477.405,155.010 477.869,173.477 352.714,174.317 11.298,206.883 885.969,209.643 645.686,216.299 726.625,237.889 704.562,258.359 143.964,267.341 825.057,269.863 587.404,289.944 350.838,306.086 343.648,336.129 820.774,347.971 790.105,380.653 534.163,388.403 316.412,389.980 275.071,424.857 551.437,440.593 711.516,451.605 993.574,458.585 637.698,499.055 408.353,505.000 619.618,505.292 19.100,531.226 563.136,553.352 503.544,573.167 927.955,588.679 870.557,592.495 621.712,609.455 430.098,613.277 144.357,635.288 580.985,641.508 598.710,645.174 924.609,646.516 563.534,660.255 622.089,713.293 30.074,742.068 41.849,748.071 66.585,750.352 21.441,752.266 27.731,753.764 42.550,758.207 10.389,759.590 51.575,768.243 476.786,773.393 133.319,785.641 485.283,788.455 738.479,789.982 962.277,791.766 968.872,796.618 450.096,797.978 431.464,802.318 657.556,808.384 12.497,808.047 271.241,808.699 1012.054,815.003 544.999,815.546 180.206,828.459 488.178,832.045 861.611,834.135 534.250,840.707 461.367,847.263 815.710,849.225 415.463,849.462 391.594,860.423 399.708,867.002 464.227,867.341 119.660,867.665 602.976,870.431 477.937,873.842 449.904,875.990 620.528,878.238 279.638,881.992 517.096,884.400 392.033,885.938 464.023,887.355 670.621,889.531 764.071,892.061 816.411,901.629 272.846,907.706 255.580,909.416 662.243,911.554 255.381,921.496 478.417,929.271 369.705,931.181 513.801,940.084 748.227,947.018 24.970,955.472 77.462,959.401 266.849,969.895 710.933,970.039 253.942,987.439 252.652,997.991 993.282,1003.322 618.892,1006.875 859.213,1013.370 779.614,711.501 671.618,552.527 380.395,365.614 296.402,975.481 699.470,628.363 919.641,250.605 295.154,921.319 708.175,294.330 273.124,725.597 515.985,406.381 672.877,593.545 329.870,756.417 590.200,771.428 444.253,687.146 826.283,108.108 221.097,97.319 357.747,903.806 202.063,268.669 261.799,658.324 177.285,180.642 443.934,20.005 877.611,514.478 495.415,844.601 457.503,290.048 389.305,712.233 657.975,714.088 107.868,736.066 589.026,465.062 113.950,801.281 479.597,889.883 670.007,781.546 814.317,16.435 119.822,674.114 966.272,865.931 25.776,543.308 996.844,625.277 206.942,889.184 20.128,372.266 295.531,932.355 250.364,374.375 346.268,867.201 78.114,830.274 173.707,297.625 331.819,21.458 352.286,785.477 854.678,598.347 485.774,776.345 907.572,778.490 553.236,657.099 64.576,765.137 738.411,920.381 703.344,207.461 334.234,73.139 156.963,544.533 218.493,552.817 425.237,943.259 284.113,185.251 843.352,595.237 484.293,707.234 970.488,7.853 263.163,397.340 370.721,561.816 765.474,158.683 583.931,696.602 199.710,1001.967 241.005,520.156 774.197,694.020 419.568,771.041 297.319,706.641 80.488,50.816 457.691,215.362 868.900,439.608 471.312,322.187 484.627,565.482 94.173,638.697 380.619,994.520 449.048,848.497 891.105,865.585 595.776,676.295 614.358,687.814 628.589,771.289 61.603,311.528 96.393,517.595 992.500,777.966 121.843,742.585
AAU1 479.155,930.826 370.412,49.981 42.823,758.783 815.954,849.902 464.901,868.074 51.844,768.555 430.509,613.554 369.780,931.454 431.471,802.741 351.225,306.409 27.462,753.709 391.725,860.711 861.554,834.413 619.796,505.544 969.190,50.287 343.930,336.512 275.560,424.919 30.374,742.405 968.379,797.066 111.837,54.717 41.724,748.528 392.166,886.138 265.332,970.956 253.543,987.683 645.780,216.472 657.565,808.668 180.323,828.566 763.889,892.295 602.785,870.496 517.277,884.379 598.763,645.498 461.411,847.836 464.012,887.668 581.048,641.357 488.344,831.617 511.254,943.506 769.021,59.625 224.901,132.570 927.824,589.028 477.120,773.388 1011.753,814.717 449.865,875.921 24.574,955.818 477.703,154.950 924.840,646.502 279.515,881.690 47.268,105.326 824.561,269.596 551.176,440.173 993.784,458.673 563.634,553.374 621.495,609.085 622.464,713.374 816.609,901.982 255.430,921.497 618.748,1006.761 590.584,60.004 822.354,127.809 886.488,209.698 726.834,237.692 316.414,390.235 711.533,451.235 637.672,498.767 870.602,592.526 699.560,628.417 563.149,660.131 544.909,815.020 966.000,866.002 119.529,868.319 479.311,878.392 748.560,947.225 710.469,969.895 570.528,14.007 331.501,21.639 477.705,173.465 11.427,206.823 705.039,258.388 457.666,289.977 250.782,374.356 408.379,505.018 444.277,687.013 584.480,696.162 485.731,775.921 907.248,778.982 670.242,781.140 485.082,788.603 12.473,807.678 207.080,889.082 273.026,907.840 662.003,911.695 78.206,959.211 970.387,7.778 814.245,16.220 875.095,66.732 334.192,72.277 826.501,108.785 352.495,174.935 703.048,206.954 920.006,250.535 587.659,289.517 516.004,406.260 877.438,514.353 18.372,530.488 218.715,553.011 671.621,552.760 503.700,573.098 262.188,658.535 774.027,694.124 388.756,711.330 657.865,713.603 107.918,736.558 66.997,749.791 64.587,764.789 620.102,774.669 738.454,790.064 450.380,797.920 113.100,801.097 533.913,841.358 415.406,849.696 346.284,866.866 620.759,878.210 670.709,889.818 255.438,909.615 252.528,997.786 993.713,1002.989 80.400,51.112 220.382,97.091 143.861,267.109 708.204,294.589 173.553,298.112 821.119,347.752 381.313,366.107 789.987,380.498 533.459,387.701 262.887,398.187 589.769,465.631 241.101,520.112 672.777,593.676 842.958,595.314 997.217,624.603 589.613,630.645 143.634,635.312 152.248,644.352 614.528,688.870 297.448,706.361 484.237,707.240 779.427,711.208 273.014,725.129 121.875,743.333 628.673,771.067 590.186,771.263 132.895,785.244 351.761,785.198 271.266,808.393 78.024,829.700 495.425,844.956 449.514,848.748 890.372,865.614 479.845,890.190 357.546,904.042 738.004,920.021 295.087,920.684 295.436,932.635 424.416,942.727 296.687,975.236 380.112,994.907 859.203,1012.519 443.766,19.631 993.314,36.594 765.809,158.235 176.947,180.814 284.229,184.332 459.017,214.661 201.594,268.551 62.000,312.292 471.412,321.359 20.442,372.105 868.780,439.798 95.627,516.560 26.000,543.000 156.491,544.728 371.437,562.210 485.423,565.736 855.293,598.022 93.767,639.010 552.536,657.267 120.332,674.301 595.466,676.364 329.984,756.431 10.702,759.427 420.056,770.656 501.955,937.627 991.714,777.669 199.322,1001.858
AAU2 370.457,49.793 43.002,758.643 431.672,802.811 816.086,849.951 479.192,930.870 465.127,868.217
AAU3 185.323,14.521 370.453,49.584 503.240,198.388 127.268,438.640 1006.838,505.306 134.959,520.581 280.744,554.833 238.690,581.675 582.806,720.123 295.766,976.331 479.234,930.935 72.170,97.000 472.343,96.627 630.549,189.943 197.395,455.922
AAU4 370.446,49.814 42.996,758.633 431.688,802.828 479.133,931.065 88.501,64.611 89.303,169.028 201.177,457.205 465.111,868.212
AAU5 370.720,50.549 42.064,759.593 431.723,803.351 478.945,930.675 89.332,64.995 88.488,170.134 200.748,457.831 464.417,869.039
AAU6
AAV0 695.203,8.467 652.601,28.695 186.659,36.257 157.188,43.372 285.079,46.504 725.799,47.179 803.855,49.076 573.782,53.637 724.009,76.228 856.517,86.667 645.005,102.916 547.564,113.642 932.680,137.036 413.011,139.985 856.025,142.286 603.011,144.225 698.703,145.049 653.186,162.356 44.900,166.169 87.488,185.382 703.984,201.534 730.497,202.000 616.641,205.080 81.859,216.538 31.654,230.186 483.998,232.504 425.726,239.892 97.897,240.700 433.121,242.483 508.151,242.854 551.647,247.981 79.765,251.013 324.124,252.317 397.557,252.241 644.972,258.859 768.460,273.253 404.655,278.460 379.808,286.037 315.673,291.626 36.898,302.966 150.262,315.375 608.889,314.096 74.885,319.974 192.461,320.273 551.290,321.520 303.311,337.696 701.429,348.477 326.045,352.822 46.144,355.090 96.524,356.405 493.353,357.279 808.999,365.022 54.759,367.112 62.257,373.445 499.153,377.570 535.243,384.459 752.623,383.971 30.274,387.767 495.691,391.382 368.317,400.005 77.331,401.876 951.747,416.939 327.511,433.924 43.569,442.273 832.903,444.668 160.354,453.753 473.054,461.932 81.718,475.204 60.394,496.518 159.980,523.413 149.301,531.011 165.402,532.078 643.185,536.328 99.236,549.098 312.930,583.967 987.749,591.454 310.387,595.057 324.699,595.186 426.207,605.904 813.087,605.060 515.027,638.610 434.765,640.417 375.831,646.282 762.845,657.458 184.500,666.152 548.290,665.289 678.983,667.801 846.605,671.166 237.039,672.394 324.062,694.111 128.642,699.471 222.293,703.004 86.724,707.407 928.609,709.127 880.059,715.506 192.168,720.393 539.415,732.076 264.746,739.511 555.048,741.900 709.191,742.074 117.883,749.302 270.232,755.530 895.127,757.129 780.675,758.150 808.631,761.631 238.772,767.086 599.305,771.652 7.818,777.024 446.169,781.896 144.767,782.011 163.404,783.964 594.155,783.643 9.514,788.442 246.781,789.938 704.976,793.675 663.825,809.523 633.019,812.840 329.382,813.543 763.610,821.027 238.164,826.042 859.802,828.253 1013.808,835.439 289.026,854.063 919.241,864.572 226.457,873.556 452.715,888.098 58.425,900.056 73.920,902.119 232.734,909.103 85.042,912.133 718.500,919.220 670.852,922.197 725.616,922.576 42.420,925.763 275.209,927.323 576.763,926.633 565.455,929.764 358.797,932.532 479.488,938.222 467.345,942.417 375.780,945.113 79.080,947.127 195.450,949.999 490.708,951.029 899.059,955.952 63.978,962.311 417.457,973.894 209.101,978.049 505.900,994.966 686.970,994.334 298.033,1005.821 971.463,1009.304 338.181,1013.893 9.693,257.507 838.270,394.694 397.372,14.526 786.198,48.453 841.692,784.656 581.384,181.907 597.158,302.772 360.198,617.562 465.485,623.031 120.417,549.372 518.606,244.601 483.078,59.491 868.474,227.042 205.299,589.047 936.686,187.703 448.841,672.898 145.324,741.008 302.654,139.194 482.397,321.590 1011.727,345.492 918.003,696.320 757.697,859.768 403.198,973.793 329.468,313.110 372.804,932.091 755.866,1009.603 329.929,559.548 158.868,851.543 706.587,971.539 970.758,995.776 645.918,349.601 31.068,408.391 248.068,730.414 404.335,874.124 38.995,66.085 44.494,333.665 505.501,740.550 411.437,445.658 178.955,437.925 154.966,618.863 979.047,527.748 358.277,892.633 746.473,905.345 274.269,71.690 77.039,372.796 524.551,417.132 206.319,283.380 313.138,485.864 114.332,116.601 1013.129,273.442 43.609,279.736 404.652,564.774 64.809,918.156 101.372,76.118 31.122,813.389 305.627,832.869 326.643,913.385 151.588,88.435 75.874,867.214 617.980,453.722 287.331,745.043 559.350,487.403 487.789,1011.823 98.299,192.802 816.085,210.998 162.453,1011.950 761.557,382.642 887.886,911.066 623.995,687.593 884.608,735.691 507.162,447.876 658.992,968.766 159.441,284.089 553.924,593.841 170.034,322.603 368.307,458.391 810.258,474.105 505.456,289.077 480.143,363.957 631.956,447.271 342.779,740.407 112.584,766.514 114.272,1003.100 520.726,363.022 766.354,775.364 139.107,44.235 900.090,382.065 798.763,442.439 107.639,157.138 521.634,471.276 225.684,538.628 145.808,901.086 949.163,386.157 271.455,803.015 631.393,410.697 263.145,607.536 439.355,198.315 158.751,467.439 607.563,495.047 232.448,656.708 717.035,126.508 701.940,37.521 147.427,278.043 202.471,400.204 953.699,689.853 268.608,726.137 150.223,850.464 10.760,919.839 321.654,959.478 279.340,369.390 132.406,555.792 299.930,432.559 157.319,438.507 898.732,842.040 292.527,990.457 218.795,206.708 41.314,385.945 359.366,131.615 148.495,202.632 167.529,243.819 553.598,410.040 251.548,763.219 584.420,71.792 601.238,621.640 442.484,869.806 419.499,914.410 245.518,367.235 549.512,652.866 720.809,816.468 822.416,454.916 138.478,931.343 1006.506,976.643 913.545,578.239 321.788,767.086 564.353,364.557 908.271,532.832 715.453,712.547 959.208,22.358 839.564,344.890 997.518,545.825 294.305,813.310 906.448,926.423 818.651,262.921 8.130,270.954 178.256,453.270 564.624,588.604 649.448,641.843 426.768,798.514 433.802,88.499 511.655,431.321 108.620,493.792 125.471,909.477 430.172,110.941 75.474,623.773 591.241,979.548 406.409,985.054 300.674,283.485 299.363,670.609 277.277,674.244 89.815,318.450 849.539,597.264 102.852,956.188 518.544,491.688 740.621,653.674 862.389,850.508 16.643,157.500 241.508,655.207 748.409,226.645 279.488,880.900 299.396,640.871 272.604,772.085 192.068,236.068 885.500,70.437 893.328,632.746
AAV1 929.281,710.390 192.931,321.406 75.566,320.681 233.313,909.869 82.172,476.249 726.399,48.075 325.306,595.780 413.338,140.503 780.806,758.695 699.288,145.523 31.738,230.962 150.573,316.102 643.298,536.994 804.164,49.832 446.865,782.318 289.048,854.296 239.367,767.817 809.254,365.531 483.942,232.905 186.508,36.511 895.212,757.207 325.867,352.726 55.318,367.557 238.172,826.040 859.906,828.315 85.092,911.971 505.944,994.779 195.402,949.686 653.204,162.401 466.812,942.736 208.791,978.105 87.486,185.367 77.425,401.171 269.755,741.449 763.190,820.669 79.298,947.454 644.674,103.208 433.035,242.500 99.591,549.430 426.250,605.851 632.801,813.219 297.844,1006.110 156.764,43.532 309.884,596.047 192.000,721.000 709.071,742.361 551.567,248.167 645.239,258.804 37.105,302.731 493.154,356.737 473.245,461.921 555.332,741.771 599.329,772.307 73.835,902.379 490.544,951.267 706.824,971.407 686.767,994.325 695.039,8.525 652.634,28.798 379.324,285.722 45.511,355.098 952.137,416.511 43.402,442.355 60.251,496.441 312.615,583.681 763.359,657.330 548.827,664.839 184.478,666.033 144.990,782.282 163.844,783.690 704.582,794.219 919.280,864.489 452.697,888.134 670.550,922.471 725.803,922.550 899.009,956.363 417.559,973.463 724.312,76.050 44.452,166.192 324.301,251.609 608.993,313.502 646.382,349.326 535.232,384.475 496.288,390.981 327.478,433.678 833.293,445.110 159.756,523.364 148.914,531.061 237.167,672.569 880.000,714.686 248.081,730.396 117.688,749.561 270.582,755.508 9.678,788.590 586.755,788.555 246.817,790.120 663.942,810.461 1013.551,834.991 226.581,873.768 359.168,932.350 338.164,1013.533 285.131,47.430 430.166,110.576 933.014,137.153 855.930,142.130 703.793,201.574 730.561,201.799 816.054,210.977 81.530,216.874 98.211,240.691 79.596,250.685 768.693,273.016 1013.221,273.058 404.237,277.795 597.491,302.443 302.584,338.075 700.731,348.611 95.980,356.482 499.639,377.853 752.440,384.144 368.753,400.005 159.823,454.274 165.873,531.755 225.675,538.094 360.130,616.680 515.525,638.729 434.667,640.559 678.503,668.022 954.166,689.630 128.380,698.566 539.025,732.433 884.232,735.971 841.906,784.553 329.550,813.492 159.899,851.221 275.495,927.161 577.305,926.502 479.811,938.443 375.488,944.700 481.437,951.327 659.043,968.134 403.182,974.510 786.747,48.391 573.614,54.349 38.737,66.433 274.604,71.039 857.127,87.025 602.389,144.034 107.409,156.558 581.538,181.254 616.454,205.186 748.980,226.696 397.494,252.763 9.763,257.527 205.708,282.828 315.929,291.791 44.499,334.154 840.231,345.136 245.156,366.516 77.084,372.968 29.981,387.885 411.543,445.566 521.782,471.341 312.682,486.152 120.232,549.272 913.343,577.722 988.353,591.359 812.872,605.352 649.530,641.546 375.757,646.092 448.873,672.459 323.431,694.604 222.096,702.495 86.552,707.174 145.331,741.064 505.789,740.937 808.629,761.579 251.225,762.951 766.501,775.154 8.150,777.052 305.789,832.221 150.742,850.630 358.095,892.033 58.385,900.006 565.675,929.795 63.857,961.818 114.159,1003.103 755.371,1009.467 488.143,1012.473 397.615,14.480 958.963,22.471 482.790,59.271 585.059,71.591 101.917,76.451 547.146,112.845 717.496,126.234 302.195,139.230 98.479,192.791 218.627,206.077 508.579,243.574 167.435,244.261 518.182,244.069 43.512,279.522 505.315,289.649 306.976,294.376 482.243,321.528 551.376,321.506 1012.401,345.634 520.930,362.496 479.930,363.816 85.919,368.071 202.285,400.065 511.923,431.007 300.006,431.955 157.308,438.631 179.149,438.230 799.513,443.148 507.000,448.000 809.774,474.061 607.034,494.610 132.519,554.978 330.186,559.328 154.762,618.862 601.061,621.925 75.337,623.263 465.458,623.195 299.373,640.779 232.901,651.446 740.265,654.977 846.586,670.807 299.619,670.671 623.461,687.207 268.322,726.029 342.711,740.233 287.431,745.048 294.119,812.396 897.808,842.419 76.030,866.471 442.733,870.144 405.065,874.154 746.236,905.704 410.346,917.722 64.312,918.482 10.988,920.526 42.083,925.609 905.948,926.664 405.822,984.574 292.665,990.350 970.974,995.636 971.141,1010.070 702.017,37.759 139.223,44.143 885.584,70.944 151.822,88.738 113.678,116.077 359.591,131.700 17.000,157.793 936.357,187.283 438.897,198.080 148.688,202.664 869.170,226.863 819.658,262.111 147.742,278.311 159.272,283.874 329.169,312.739 89.886,318.426 169.532,322.402 563.860,364.526 278.198,368.296 899.500,382.228 762.493,382.948 42.526,385.520 949.490,385.610 838.391,394.387 31.209,408.375 553.696,409.338 630.934,411.204 524.963,416.924 631.731,447.603 366.604,451.958 178.774,452.655 618.035,453.815 822.063,455.288 368.950,458.755 158.713,468.105 559.416,487.496 519.393,491.062 108.865,493.713 978.814,527.941 909.293,531.624 997.332,545.519 404.501,564.400 563.862,588.441 204.492,589.331 554.068,593.431 849.746,596.480 278.136,674.305 917.888,696.748 715.300,712.342 112.756,767.180 321.813,766.453 272.869,771.580 428.447,798.448 271.242,802.871 30.880,813.170 862.958,849.386 758.141,859.981 279.323,881.799 145.733,901.361 125.914,909.771 326.310,913.452 419.969,914.558 137.885,931.276 372.989,931.897 321.119,960.239 1006.730,976.777 162.688,1011.741 434.419,87.860 190.866,235.755 299.587,282.985 261.962,607.000 893.268,632.811 548.986,651.995 242.033,655.453 720.945,815.963 888.472,911.654 102.986,954.997 590.728,979.621
AAV2 726.342,48.283 412.957,140.462 82.237,476.280 325.252,595.981 75.475,320.661 192.958,321.384 929.229,710.408 781.321,759.123 233.289,909.771
AAV3 34.876,236.462 990.923,284.459 112.491,462.539 82.396,476.222 82.869,504.569 544.302,566.601 509.479,702.678 233.290,909.758 8.531,927.853 583.880,1016.312 75.629,320.862 193.024,321.340 929.204,710.422 895.888,64.796 593.276,424.749 360.975,592.657
AAV4 726.339,48.292 412.944,140.456 150.399,316.503 82.242,476.276 643.023,537.060 781.320,759.121 75.468,320.661 192.967,321.414 325.242,596.006 929.172,710.400 233.285,909.775 32.452,231.857 897.789,760.742
AAV5 727.389,49.467 413.836,141.026 150.720,317.033 82.901,476.710 642.676,536.463 781.614,759.283 76.418,321.243 192.224,320.671 325.019,595.922 929.396,710.776 233.205,910.039 33.441,232.532 897.343,761.239
AAV6 930.975,713.032 80.943,128.819 192.357,320.702
AAW0 449.976,18.235 205.607,24.494 232.076,25.874 406.008,44.325 93.225,45.242 1001.789,49.066 995.650,65.017 540.581,70.386 323.549,76.269 515.800,83.764 216.830,88.083 532.548,88.223 770.672,88.407 134.049,95.480 414.246,97.976 575.550,100.291 379.237,126.002 819.009,130.102 571.131,131.906 11.023,143.311 975.005,149.164 473.411,168.706 33.120,178.027 406.498,193.266 805.128,195.279 215.446,211.009 334.454,232.689 636.944,234.295 22.672,238.017 88.673,241.942 296.972,293.492 400.094,303.380 718.984,306.130 178.913,309.525 643.572,347.570 135.021,356.394 848.802,356.077 919.569,358.850 399.222,361.116 859.996,363.570 433.049,366.049 992.947,368.335 847.065,380.015 1009.423,379.408 799.542,386.369 243.500,388.384 617.984,389.969 109.028,407.008 26.553,419.676 17.413,423.116 127.724,429.719 944.665,435.094 8.420,447.269 812.706,454.566 44.663,457.657 457.678,459.995 757.401,468.077 448.132,475.703 871.048,481.491 907.329,483.313 601.012,487.342 644.654,496.324 309.998,514.625 724.463,516.856 610.689,519.615 66.200,521.362 76.099,530.894 705.408,534.130 383.478,540.661 997.701,540.797 318.685,550.225 408.300,551.365 35.681,556.068 875.756,577.132 712.291,584.307 382.099,594.600 834.112,595.192 903.644,600.197 957.947,599.944 983.606,598.904 241.514,615.583 170.495,619.237 404.750,624.801 696.130,631.692 676.203,644.202 305.793,644.565 630.536,649.192 654.065,668.807 96.300,670.182 493.348,689.290 788.271,695.219 144.809,710.912 553.669,719.770 693.599,729.159 210.848,733.009 974.993,739.302 836.867,743.578 198.005,752.125 552.586,752.165 225.085,780.125 690.004,782.730 918.021,787.060 148.813,791.306 324.203,796.068 84.289,811.228 91.866,815.218 780.270,817.177 67.028,832.479 598.522,832.130 657.255,832.010 951.128,836.722 994.998,845.271 545.526,848.358 988.114,851.599 558.440,872.387 800.167,872.897 110.994,906.773 318.459,931.083 434.577,948.133 531.489,953.876 875.795,955.485 332.000,968.396 752.396,970.263 84.362,969.757 228.652,985.391 490.451,1001.404 313.101,1001.418 455.946,1005.811 929.216,540.908 133.013,442.943 142.605,215.340 481.798,712.512 416.766,767.139 381.081,520.355 257.135,629.521 263.354,746.075 875.505,17.941 665.693,620.446 509.495,707.946 605.823,30.085 773.397,396.487 938.173,218.500 371.344,414.788 450.923,836.913 212.555,945.028 1011.788,694.563 520.119,880.148 343.691,896.484 558.651,426.412 802.418,713.342 262.339,88.526 995.927,249.051 509.875,442.895 837.173,802.743 378.400,82.597 370.218,474.971 233.689,694.459 526.919,902.654 26.484,201.755 895.964,239.941 510.670,365.494 812.444,902.892 831.657,386.343 457.551,591.357 374.684,655.223 89.683,416.283 200.321,521.177 482.647,530.242 83.396,596.407 197.735,640.884 933.518,751.709 302.529,18.597 249.373,429.738 601.129,577.085 555.588,508.847 710.924,565.722 177.596,127.418 24.171,578.717 332.118,20.313 104.009,229.735 882.750,470.332 789.745,254.769 279.641,446.533 379.198,491.929 836.348,151.353 54.896,232.530 980.563,789.346 947.513,492.719 638.684,834.306 826.160,71.553 144.226,398.015 953.650,658.979 649.345,876.766 628.662,757.045 622.076,776.880 876.408,775.492 441.228,432.470 530.764,275.053 540.524,314.339 335.787,948.774 848.620,761.593 336.430,931.755 39.367,29.506 179.378,145.794 251.585,665.161 25.403,69.255 476.409,241.458 92.351,633.873 427.767,41.108 813.661,55.500 408.621,452.405 505.733,306.909 984.714,199.931 319.374,758.489 138.670,812.642 738.977,727.284 535.659,963.700 484.949,76.647 633.308,691.172 937.598,284.602 792.875,792.309 62.646,298.778 659.163,500.934 815.540,612.112 486.608,91.332 411.237,228.052 463.386,246.506 814.651,396.721 33.758,792.836 904.796,9.435 375.227,622.922 323.743,711.457 335.580,314.702 152.402,821.299 593.906,924.094 250.680,81.620 741.378,437.662 103.864,192.553 377.895,612.944 373.630,719.451 605.878,7.823 318.419,308.192 234.176,407.404 469.246,458.447 311.508,738.982 258.629,203.649 176.633,665.720 1006.041,708.309 297.923,698.367 350.305,278.510 793.634,749.484 456.437,989.416 955.446,680.500 199.563,263.849 264.426,270.690 406.434,267.402 51.331,481.385 36.663,16.532 900.436,170.500 677.557,378.482 467.695,318.556
AAW1 407.144,194.768 296.980,295.259 8.742,448.573 705.698,534.871 752.546,971.474 319.354,551.172 788.657,696.316 84.541,812.340 493.694,690.410 876.220,577.659 903.852,600.862 545.550,849.277 323.545,77.050 1002.056,49.321 598.864,832.329 719.499,306.772 944.974,435.465 558.569,873.180 66.011,521.979 799.630,386.861 630.706,649.361 552.700,751.839 67.284,832.932 134.752,356.607 644.854,496.606 988.322,851.370 571.082,131.960 210.965,733.057 432.933,365.702 601.092,487.520 918.124,787.419 656.926,832.245 800.580,872.905 490.583,1001.465 834.502,595.050 676.123,644.488 847.269,380.153 870.733,481.968 88.320,241.689 992.631,368.389 35.677,555.792 449.760,18.403 575.751,100.491 148.425,791.645 780.753,817.472 11.189,143.231 974.995,149.334 215.629,210.656 400.014,303.875 108.599,406.507 27.637,418.197 382.386,594.652 553.915,719.773 406.526,44.202 859.983,363.446 618.130,389.977 813.249,454.453 907.822,483.221 610.695,519.376 197.637,752.372 689.581,783.100 515.319,83.122 134.361,95.415 33.502,178.207 371.455,414.633 127.688,429.562 44.930,457.499 457.876,459.487 447.984,475.548 310.224,514.679 76.245,531.154 306.146,643.889 974.386,739.304 876.096,775.044 225.162,780.282 336.921,948.000 456.303,1005.571 232.082,25.748 996.354,64.871 532.319,88.318 414.675,98.185 473.450,168.483 334.343,232.326 540.833,314.974 399.006,360.272 757.802,467.552 381.267,520.580 997.799,541.040 408.070,551.476 601.087,577.176 958.217,600.135 144.565,711.217 933.606,751.595 639.088,834.179 434.585,947.828 205.223,23.915 427.975,40.950 819.080,129.978 23.614,237.988 937.638,284.748 505.987,307.078 849.003,356.182 1009.360,379.252 16.932,423.241 133.284,443.339 370.480,475.000 199.660,521.107 384.333,540.815 929.296,540.875 711.000,565.497 458.512,591.823 83.097,596.079 984.035,599.093 815.932,611.225 241.595,615.608 170.269,619.574 257.051,629.376 374.478,654.965 252.070,665.462 653.880,668.045 738.911,727.557 693.430,729.615 263.540,746.289 951.044,837.180 318.055,931.383 213.053,945.886 228.734,985.575 312.488,1001.033 905.416,9.894 875.994,18.207 39.077,29.061 605.303,30.220 540.719,70.588 826.134,71.438 770.662,88.406 379.373,125.901 178.982,146.602 142.499,215.237 411.013,228.452 476.772,241.928 200.144,264.009 406.000,267.321 349.886,278.362 178.587,309.760 335.823,314.959 643.200,348.001 244.173,387.856 831.791,386.593 773.494,396.806 89.645,416.129 249.495,429.393 441.131,432.267 947.497,492.830 555.503,508.985 724.494,516.700 482.875,530.188 405.087,624.639 696.340,631.623 1012.458,694.669 1006.117,707.620 481.620,713.278 802.623,712.894 374.072,720.737 319.283,758.788 622.235,777.019 450.692,837.399 812.042,903.116 593.729,923.558 531.499,953.947 84.169,970.199 302.452,18.055 332.381,19.848 93.395,45.282 813.959,55.449 484.621,76.383 250.760,81.705 216.562,88.114 262.209,88.829 177.607,127.674 836.018,151.464 104.337,192.091 805.584,196.103 986.366,199.782 26.261,201.838 258.825,203.014 636.804,234.202 996.047,248.813 62.936,298.655 919.716,358.317 509.938,365.667 815.000,396.641 234.722,408.009 558.323,426.978 510.275,443.073 279.302,446.733 658.753,501.196 23.853,577.395 711.679,584.196 665.099,619.939 197.624,641.470 954.198,659.647 96.271,670.838 633.272,691.464 233.566,694.795 298.000,698.137 509.421,708.142 323.707,711.573 311.566,738.642 836.960,742.872 793.358,749.942 628.514,756.800 848.265,762.024 33.821,793.472 324.636,796.287 837.564,802.972 138.500,812.513 649.187,876.795 343.906,896.295 527.446,902.338 876.049,956.070 535.896,963.409 456.933,989.613 606.258,7.959 36.135,16.468 26.303,69.173 378.112,82.549 485.959,91.561 900.342,170.289 938.707,217.851 104.425,229.642 55.736,232.737 896.356,240.032 463.831,246.170 788.680,254.496 530.177,275.471 317.971,307.787 677.665,378.494 144.556,397.386 741.820,436.687 409.312,451.911 376.200,622.920 92.557,633.350 177.074,665.471 321.703,704.073 416.266,767.222 980.002,789.461 792.725,792.303 152.538,821.137 519.920,879.721 111.037,906.014 336.418,931.437 332.015,968.482 263.979,271.027 468.041,318.390 468.935,458.298 881.653,469.875 50.675,481.230 379.523,492.297 377.500,612.820 956.051,680.407
AAW2 319.239,551.151 903.819,600.927 788.784,696.395 245.422,702.899 84.500,812.210 752.512,971.577 407.525,194.764 297.079,295.029 8.783,448.604 705.829,534.884 876.374,577.722 493.814,690.341 545.581,849.345
AAW3 624.938,82.518 870.506,240.277 880.111,272.619 534.402,308.966 8.869,448.761 319.199,551.158 903.919,600.943 788.786,696.382 245.446,702.936 999.838,703.740 928.219,766.767 199.596,87.541 407.559,194.772 297.065,295.011 705.877,534.872 84.419,812.097 752.512,971.631
AAW4 319.238,551.150 903.831,600.918 788.751,696.366 245.403,702.917 84.500,812.214 752.512,971.561 407.606,194.876 880.175,272.592 297.050,294.873 8.892,448.727 705.831,534.885 876.383,577.747 493.813,690.340 599.003,832.672 545.566,849.337 833.661,593.941
AAW5 318.901,550.323 903.411,600.120 789.371,697.837 246.030,702.717 85.099,812.800 752.803,971.201 408.664,195.815 878.755,272.741 296.936,295.202 9.141,448.685 706.467,535.392 877.023,578.381 493.408,690.670 599.000,832.665 546.279,847.599 833.216,592.145
AAW6 926.782,656.473 405.028,192.822 411.529,198.448 321.585,553.339 296.913,295.196 9.155,448.721 200.894,921.049
AAX0 967.006,23.205 454.106,34.147 473.021,60.481 37.799,60.183 297.698,75.555 354.841,79.018 451.350,84.866 118.990,90.595 9.923,94.940 846.369,94.921 591.257,119.075 1012.929,131.560 774.649,131.403 505.783,133.263 344.778,137.265 601.017,155.271 29.840,170.013 193.749,186.213 605.690,186.580 909.100,189.080 685.828,193.075 867.572,193.016 871.770,199.724 944.308,212.845 763.118,226.136 940.642,232.928 914.996,249.976 979.546,249.805 144.536,260.795 59.607,271.433 629.824,272.912 646.886,273.388 765.850,273.972 364.014,283.977 631.259,290.797 369.436,289.741 408.017,310.308 262.132,315.960 736.947,319.158 872.378,319.688 215.947,326.817 15.435,338.034 790.724,351.489 66.527,353.578 160.945,363.831 55.968,374.576 211.681,377.222 140.144,415.355 805.804,419.130 100.798,435.014 431.069,438.099 630.108,439.273 559.959,449.367 680.310,460.271 779.002,462.299 585.385,463.094 560.637,468.597 777.435,467.757 830.654,472.049 761.252,473.915 786.752,473.126 461.653,477.481 42.701,480.164 745.200,483.236 368.573,483.957 242.093,485.350 940.692,498.216 611.465,499.012 505.199,507.075 637.645,513.298 207.541,516.780 447.634,519.014 595.861,527.155 627.925,526.123 476.193,541.879 691.022,542.414 639.256,544.221 889.379,560.415 678.730,566.995 17.007,571.294 372.490,578.125 487.320,577.390 655.242,580.995 983.851,585.891 297.779,586.272 187.919,590.347 484.695,607.166 31.236,612.000 406.483,614.378 584.161,633.027 25.081,633.931 493.083,649.061 916.678,669.790 789.075,695.057 315.626,699.310 303.301,708.362 329.478,711.424 611.009,713.282 294.489,714.174 849.498,727.533 943.455,730.434 674.864,741.513 31.946,749.188 92.496,748.719 456.624,750.600 947.443,757.418 164.641,768.697 50.283,773.170 23.774,778.751 359.817,789.624 71.746,801.236 453.832,818.068 361.097,818.934 22.435,826.367 29.027,835.331 90.384,836.547 590.303,843.718 655.802,848.811 866.105,849.983 773.497,853.385 273.869,859.127 122.040,859.830 552.122,863.298 228.449,865.196 208.300,870.831 956.299,883.951 225.807,892.487 1010.500,901.440 236.923,904.552 413.683,909.104 106.146,925.418 303.276,932.365 1008.418,945.621 814.004,948.950 609.046,953.656 796.107,957.721 870.023,985.252 650.036,997.041 716.045,999.454 601.110,249.761 94.040,50.270 893.695,782.695 695.063,296.231 865.415,790.256 526.678,544.491 634.695,758.065 386.390,692.880 609.076,658.871 335.567,896.201 849.539,924.865 525.839,735.997 118.697,760.187 908.130,784.120 395.949,861.813 660.933,38.524 806.812,337.447 810.183,480.310 774.321,592.924 939.344,541.978 817.480,636.693 277.281,740.334 668.105,29.790 450.339,319.630 479.341,398.442 612.618,605.286 826.474,922.660 889.870,136.054 582.473,340.660 639.399,525.359 872.891,152.546 313.297,265.965 67.807,174.975 430.616,263.233 966.740,483.288 722.939,533.579 574.292,284.252 359.269,354.971 164.529,888.987 354.763,949.109 598.588,701.369 646.513,716.990 50.661,731.956 53.938,998.607 573.345,956.233 520.334,361.055 74.735,245.488 132.647,389.152 109.823,734.868 458.527,425.870 833.624,508.525 354.678,861.677 416.966,124.471 732.846,489.577 754.136,502.207 946.289,720.748 884.742,759.031 211.693,498.784 518.521,690.759 785.883,424.103 718.848,712.950 965.142,167.254 640.243,210.858 705.110,553.237 651.177,744.810 731.771,1010.625 270.222,74.817 565.535,387.117 964.594,386.613 21.416,516.416 341.347,709.586 908.170,726.408 60.084,750.087 945.222,875.538 892.478,49.768 931.751,1002.518 281.299,79.527 485.943,257.632 450.552,353.306 577.184,748.048 582.058,418.799 456.664,584.543 804.085,405.273 501.300,406.181 729.490,403.263 548.465,494.463 489.655,513.785 424.568,334.597 534.022,523.004 678.669,590.663 712.066,942.452 189.987,167.737 929.248,309.684 500.358,145.329 528.787,267.518 164.157,719.433 723.558,882.001 471.354,448.988 703.450,363.934 769.533,571.351 919.704,880.511 523.629,246.518 698.444,509.299 397.438,551.415 363.349,598.373 673.589,980.601 32.197,230.615 427.911,515.032 729.389,976.971 548.014,981.827 919.536,94.394 287.876,348.555 579.049,476.207 797.083,638.371 967.697,240.339 738.084,716.826 654.091,785.343 750.578,991.396 936.291,435.529 258.067,928.597 423.453,1008.511 467.513,943.246 319.698,882.583 751.244,961.227 909.503,437.436 934.346,848.992 23.517,142.424 394.218,273.492 628.261,929.415 822.727,800.508 494.539,389.841 553.504,568.623 778.379,964.235 22.661,232.435 917.844,54.487
AAX1 766.867,275.138 454.933,819.231 373.083,578.943 639.680,545.374 941.182,499.453 679.457,567.695 596.669,527.826 777.520,466.753 647.055,274.318 630.026,439.911 216.472,327.112 1012.757,132.204 691.112,542.753 472.968,60.795 262.794,316.423 737.297,319.556 303.514,708.780 369.181,289.541 947.165,757.738 871.939,199.746 42.627,480.434 505.676,133.610 763.224,225.910 407.907,310.805 788.767,694.921 649.588,997.251 59.761,272.014 761.657,474.040 745.714,483.575 406.602,614.906 315.575,699.408 846.546,94.657 600.579,155.303 790.612,351.610 431.233,437.608 447.958,518.737 329.452,711.592 121.737,860.342 413.574,909.191 9.842,95.552 909.260,189.099 940.996,232.801 160.932,363.625 628.243,526.007 806.300,419.146 476.416,541.526 16.937,571.029 31.449,611.858 492.700,649.140 22.031,826.610 870.243,985.035 914.575,249.766 630.028,272.534 211.657,377.263 487.121,577.184 655.022,580.789 297.286,585.816 456.343,750.873 865.985,849.890 956.492,883.916 354.628,79.376 451.298,85.011 686.101,193.550 872.651,319.871 478.921,398.000 140.523,414.762 559.539,450.731 584.927,463.355 830.938,472.038 611.223,499.155 584.099,633.059 273.650,858.707 228.662,864.900 1010.029,901.627 796.320,957.659 966.998,23.829 661.192,38.867 774.537,131.252 30.220,169.525 605.915,186.552 524.000,247.000 980.152,249.691 631.361,290.190 582.140,340.274 66.847,353.583 100.651,435.328 368.479,483.573 505.369,507.364 889.150,560.453 612.767,604.753 25.065,634.070 611.202,713.508 908.573,783.905 773.508,853.313 552.059,862.204 826.523,922.735 716.307,999.820 298.459,74.968 344.547,137.096 640.448,210.865 144.443,261.322 15.665,338.245 565.203,387.093 561.040,468.788 637.692,513.156 983.593,585.773 188.236,590.391 484.974,607.142 386.420,693.208 849.830,727.408 943.483,730.502 674.249,741.702 31.416,748.694 884.328,759.487 865.691,790.765 590.430,843.777 655.965,848.858 208.590,870.584 105.618,925.383 1009.103,945.574 813.945,948.834 37.560,60.389 590.872,119.320 695.052,296.299 450.966,319.793 56.131,374.028 132.800,389.281 785.905,424.319 680.240,460.590 461.748,477.430 810.545,479.778 242.471,485.442 833.008,508.035 698.041,509.301 207.582,516.673 526.731,544.551 456.353,584.985 363.275,598.627 608.948,659.590 646.428,717.331 110.849,734.743 277.294,740.128 118.890,760.857 164.667,769.120 50.514,773.557 23.961,778.525 90.233,836.744 319.283,882.198 164.437,888.324 849.377,925.050 303.144,932.463 608.789,953.681 573.667,955.487 778.421,963.678 93.820,49.538 892.480,49.511 118.852,90.139 190.582,167.623 67.969,174.425 194.116,186.574 944.653,212.992 74.768,245.446 601.173,249.595 485.791,257.967 430.558,263.508 529.501,267.306 394.675,273.685 573.841,283.523 929.357,309.814 450.727,352.416 964.420,386.400 494.721,390.353 458.443,426.047 937.126,435.704 909.880,437.641 471.405,448.843 966.520,483.493 732.505,488.763 547.875,494.450 754.510,501.493 489.545,514.016 21.693,516.964 533.806,523.083 639.660,525.749 722.778,533.865 938.980,542.255 711.572,560.343 769.699,571.473 678.493,590.410 774.961,592.736 823.534,634.470 916.389,669.945 518.118,690.699 598.715,701.049 50.964,731.906 526.357,736.383 651.566,744.819 92.171,748.905 653.992,786.022 360.055,789.521 71.774,800.994 360.494,819.373 354.353,861.716 396.548,861.930 945.112,875.500 920.244,881.283 225.975,892.758 335.251,896.407 236.955,904.447 258.069,928.482 467.886,942.616 711.548,942.446 672.899,980.843 53.766,998.936 931.788,1002.572 732.333,1010.417 453.554,34.268 270.614,75.137 280.799,79.609 919.479,92.973 417.184,124.945 889.564,136.471 22.632,141.632 499.196,144.591 873.387,152.842 965.644,166.520 22.577,231.794 967.492,241.313 313.213,265.931 806.040,336.550 359.452,355.574 520.399,361.522 703.465,364.321 729.792,403.104 501.437,405.586 803.653,405.588 580.860,418.785 579.313,475.691 787.559,481.566 211.194,498.454 428.000,514.726 396.714,551.008 552.935,569.177 797.385,639.269 341.141,709.272 718.330,713.394 164.528,719.432 908.077,727.438 576.968,748.076 61.015,750.543 634.270,757.969 894.063,782.113 933.411,848.840 724.172,882.481 354.542,949.287 751.513,961.544 728.681,977.544 548.612,980.636 751.226,991.278 423.269,1008.727 916.500,54.000 32.004,231.261 424.731,334.849 288.162,347.989 738.349,716.809 946.142,720.738 821.376,799.995 626.966,929.386
AAX2 646.966,274.177 777.425,466.876 372.989,578.969 486.428,821.185 766.718,275.584 216.654,326.990 941.118,499.408 596.556,527.965 639.644,545.470 679.518,567.551 455.013,819.179
AAX3 986.749,25.525 242.442,41.506 976.994,82.904 1008.633,174.817 646.946,274.120 448.306,358.374 777.213,466.949 500.331,522.899 160.861,527.007 639.588,545.580 372.984,578.943 879.155,690.801 486.429,821.159 775.075,932.835 826.558,934.789 766.666,275.628 940.873,499.345 596.500,528.177 679.529,567.528 455.050,819.173 977.345,584.757
AAX4 777.424,466.877 373.050,578.958 486.432,821.199 646.965,274.181 766.687,275.686 216.677,327.002 941.109,499.420 596.564,527.960 639.588,545.512 679.512,567.547 454.949,819.547 792.241,352.299 832.887,472.847 304.366,708.384
AAX5 777.234,467.244 373.207,579.406 487.366,820.873 646.803,273.694 767.808,276.529 217.764,327.059 940.518,499.242 596.947,528.535 639.887,545.490 678.914,568.357 455.882,820.482 792.083,352.093 832.420,471.832 305.292,708.360
AAX6 450.744,352.920 704.737,527.037 680.810,569.019 456.521,821.055 48.846,233.011 764.819,273.287 768.714,277.291 636.702,542.379
AAY0 723.682,21.021 159.305,30.589 424.027,50.261 685.738,55.083 856.717,60.108 700.497,66.550 532.091,67.567 836.491,82.369 507.984,86.705 398.834,91.139 65.828,100.455 618.515,112.434 85.656,115.940 263.414,117.400 861.673,152.236 358.773,160.541 48.061,170.971 772.114,179.015 291.331,198.305 337.504,197.845 627.990,208.082 189.792,216.363 726.527,216.088 827.893,244.967 148.776,254.236 733.100,256.026 324.976,272.764 321.894,283.359 643.968,287.850 399.828,291.292 607.251,292.810 759.985,298.261 387.008,304.582 361.512,306.500 523.823,310.986 374.597,324.075 294.815,326.687 623.513,342.878 499.611,349.037 104.861,353.456 677.118,358.837 890.957,363.146 142.859,367.820 711.172,367.859 574.711,375.394 284.930,381.175 415.288,441.035 609.710,455.222 979.017,457.475 184.689,460.125 952.409,480.607 731.784,491.985 834.184,495.713 952.098,515.994 194.761,520.623 254.022,537.401 914.147,543.946 764.219,552.050 938.980,560.217 825.398,560.389 514.672,566.178 685.090,567.139 191.895,570.981 600.975,570.805 456.899,575.538 552.672,579.218 613.991,582.315 867.826,590.226 466.697,592.219 294.520,601.587 283.456,632.015 758.478,632.570 898.563,631.797 511.840,636.432 550.645,662.109 935.719,664.967 887.181,672.053 996.540,677.533 996.957,687.350 596.256,703.664 376.362,715.607 526.941,734.682 760.109,741.032 835.959,745.376 276.029,752.312 801.287,752.718 938.207,774.527 699.073,777.512 132.871,778.112 825.255,777.812 214.583,778.215 909.819,787.543 727.946,800.508 438.559,803.386 723.710,815.303 880.738,825.115 92.982,852.894 133.108,854.100 693.941,871.029 466.673,886.995 1002.371,890.833 140.081,899.066 945.845,898.328 348.202,902.311 840.394,908.903 510.130,910.482 955.575,912.506 542.035,920.921 970.125,921.632 165.727,930.904 489.199,932.076 408.053,938.004 1005.436,938.994 712.523,939.751 731.110,950.188 33.649,955.197 485.663,977.958 634.714,982.454 592.199,992.340 188.727,107.945 114.826,444.141 155.343,282.361 549.637,354.588 309.241,106.930 852.458,49.208 892.181,214.993 344.059,435.786 359.717,195.593 69.713,137.743 551.513,486.959 64.571,965.746 415.060,273.850 640.188,491.433 840.689,103.879 887.632,7.639 891.692,64.120 652.648,65.057 761.418,270.981 205.687,337.637 511.486,743.348 345.911,582.536 186.842,648.300 524.321,750.800 433.987,927.224 410.410,478.115 276.164,473.612 256.743,618.145 747.581,624.557 250.923,339.964 567.992,699.008 956.318,86.166 1012.487,521.432 415.634,544.427 12.374,569.983 621.469,756.269 634.557,569.337 539.256,713.319 825.153,175.020 649.729,356.667 866.383,675.969 862.710,450.827 436.417,581.802 578.104,169.494 884.894,230.725 307.920,425.301 555.352,218.726 334.375,469.545 817.029,492.102 349.863,551.734 143.949,733.213 508.158,753.565 181.318,192.865 373.996,339.215 268.365,390.047 220.397,869.341 121.393,134.813 829.983,10.463 958.221,365.529 610.450,753.420 923.215,158.586 91.581,48.558 732.440,440.171 760.142,184.702 293.550,513.180 254.060,92.486 446.018,156.290 370.825,617.570 547.613,1012.865 492.154,301.522 220.555,688.074 605.395,836.605 665.717,541.441 507.291,584.739 400.500,661.216 521.804,264.689 790.673,274.377 805.131,624.307 356.882,87.757 730.505,829.403 650.492,854.391 856.750,875.189 324.184,881.025 611.355,103.067 602.678,728.295 127.428,64.573 399.597,457.737 635.532,637.807 33.240,109.558 687.274,207.476 989.382,823.356 653.009,602.224 558.183,622.974 29.105,346.105 194.669,508.617 115.966,571.501 82.584,736.479 129.886,54.961 574.951,95.738 97.719,478.154 427.319,528.602 385.309,576.131 889.579,613.400 393.743,138.681 485.255,593.732 384.705,673.371 731.270,769.652 697.501,891.443 643.549,113.873 476.462,539.647 184.528,854.131 995.105,837.402 335.506,930.562 518.389,981.983 432.461,740.581 82.463,796.929 579.496,863.585 1013.991,978.572 857.678,954.080 145.016,1004.512 501.583,246.811 431.477,444.306 426.625,843.734 650.581,749.527
AAY1 467.324,593.471 694.620,871.779 610.335,456.433 185.193,460.902 553.042,580.194 285.265,381.891 592.456,993.381 456.676,576.476 836.633,83.224 550.891,662.339 510.145,911.510 601.418,571.449 133.649,854.419 733.552,256.664 65.880,101.108 499.878,349.387 699.111,778.275 891.188,363.709 857.285,60.602 914.958,544.472 402.416,293.861 979.082,457.658 276.200,752.414 685.828,55.303 142.613,367.833 834.406,495.659 140.065,899.393 105.109,353.468 485.753,978.306 938.025,774.463 48.364,170.701 759.908,298.349 514.649,566.432 886.584,671.955 955.721,912.591 488.896,931.584 676.968,358.599 711.000,367.817 731.488,492.155 438.476,803.479 466.565,887.390 348.453,902.342 165.507,930.832 33.529,955.189 424.355,50.521 149.284,254.662 623.333,342.571 574.608,375.370 938.793,560.130 613.871,582.198 398.819,91.311 387.363,304.255 764.808,552.096 867.572,590.202 835.750,745.401 132.495,777.898 840.609,908.771 159.481,30.417 91.522,48.778 611.182,103.009 84.941,115.639 263.301,117.511 861.537,153.110 523.985,311.498 294.426,326.368 253.928,537.104 805.163,624.973 898.908,632.088 997.311,686.931 760.199,741.539 610.628,753.661 621.154,756.687 909.611,787.467 945.576,898.462 408.102,937.996 712.885,939.422 891.575,64.300 700.664,66.181 507.998,87.273 618.451,112.416 70.139,137.250 358.550,160.410 337.678,197.767 291.386,198.582 686.560,207.303 726.684,216.129 190.565,216.614 828.159,245.252 324.724,272.546 415.074,273.919 607.425,292.770 361.693,306.628 549.731,353.804 640.149,492.623 192.067,570.676 385.058,575.877 512.083,635.922 935.846,664.968 997.177,677.077 596.575,704.383 82.861,736.316 723.685,815.208 880.530,825.016 92.729,852.760 1002.553,890.970 1005.626,939.134 731.302,950.707 888.451,7.651 723.574,20.696 852.542,49.529 652.712,65.001 254.284,92.499 393.489,139.543 772.503,178.823 181.163,192.709 627.768,207.146 893.217,215.241 761.683,270.563 322.019,283.097 643.734,286.800 250.667,339.834 649.773,356.750 958.117,365.481 343.807,435.716 732.117,439.747 414.573,440.975 398.751,458.396 334.425,469.749 410.099,478.315 952.639,481.547 194.400,508.337 1012.168,521.056 349.620,552.072 825.459,560.148 685.397,566.887 116.178,570.822 11.394,571.458 345.796,582.632 294.561,601.510 653.003,602.000 283.169,631.666 758.021,632.679 186.682,647.857 539.326,713.266 143.982,732.368 526.258,734.612 650.615,749.172 524.770,750.079 800.848,752.523 731.351,769.434 824.971,777.587 214.556,778.090 989.326,823.357 995.841,837.116 542.091,920.798 969.718,921.555 64.735,966.129 634.812,982.556 547.766,1012.741 830.077,10.896 129.482,55.560 532.260,67.723 956.097,86.211 841.254,103.731 309.593,106.924 189.504,108.460 33.518,110.036 121.368,134.806 922.608,158.965 578.520,169.931 825.046,175.336 760.148,184.539 360.340,195.677 501.407,246.918 154.979,282.441 373.370,323.145 205.808,337.487 373.414,339.288 29.243,346.000 268.408,390.392 307.467,424.700 114.219,444.360 431.646,443.646 862.496,450.532 276.499,473.664 551.254,487.488 293.784,513.615 952.124,516.255 194.225,520.773 427.159,528.841 665.005,541.219 416.000,544.495 634.598,568.831 436.188,582.115 484.957,594.434 889.281,613.146 371.131,617.025 258.209,617.947 747.900,624.130 636.224,637.537 287.678,640.444 399.921,661.527 866.778,676.158 221.058,688.615 375.972,715.422 602.988,728.557 511.071,743.194 508.643,753.565 81.817,796.853 728.284,800.845 605.072,837.384 427.167,843.833 184.400,853.688 579.242,863.531 220.285,869.212 434.020,927.035 858.028,953.419 1013.548,978.744 127.172,64.553 356.876,86.912 574.974,95.635 643.213,113.787 445.588,155.916 555.379,218.961 884.837,229.816 791.503,273.000 492.550,301.617 97.865,477.520 476.000,539.757 384.429,672.394 568.015,699.055 432.590,740.349 730.840,829.256 857.434,875.000 324.696,880.868 697.172,891.361 336.615,929.240 518.870,981.936 144.829,1004.515 522.370,263.534 379.396,295.494 815.621,493.000 506.651,584.531 557.000,620.000 650.682,854.113
AAY2 836.538,83.000 891.099,364.161 610.313,456.483 185.272,460.971 467.313,593.423 694.559,871.732 510.385,911.634 733.596,256.769 286.823,384.144 601.392,571.599 456.522,576.481 553.249,580.185 550.711,662.478 592.603,993.394
AAY3 836.474,82.936 905.122,302.631 318.710,440.362 185.267,460.962 58.872,487.932 9.069,554.934 553.331,580.086 467.260,593.450 321.516,611.040 461.418,754.615 421.154,798.892 540.824,802.935 952.560,856.325 694.672,871.775 784.393,127.278 610.344,456.448 456.461,576.491 488.194,928.037
AAY4 836.528,82.995 891.111,364.165 185.271,460.978 456.510,576.472 553.239,580.132 694.572,871.712 510.382,911.615 733.582,256.770 286.804,384.138 610.358,456.471 601.424,571.605 467.374,593.489 550.716,662.489 488.334,928.237 592.606,993.411
AAY5 836.968,82.092 891.105,365.696 184.281,459.702 457.246,577.359 553.977,581.680 694.928,872.104 510.538,911.953 732.708,256.250 287.569,384.112 610.690,456.353 600.893,572.265 467.325,593.259 551.249,662.436 488.386,928.948 592.804,993.778
AAY6 454.698,575.831 632.324,608.121 696.178,873.520 168.593,264.650 288.714,384.898 681.201,521.048
AAZ0 466.952,2.844 440.864,12.660 203.823,14.273 773.530,14.822 550.786,22.248 926.873,27.281 178.385,50.809 978.616,62.527 854.605,68.334 678.422,80.705 563.514,86.201 410.798,109.096 110.493,125.735 2.753,139.500 229.239,146.526 76.812,148.764 857.787,168.961 802.751,181.259 599.110,182.860 342.717,186.275 858.434,203.432 36.856,220.537 567.969,224.044 417.726,226.492 66.768,229.251 917.085,252.673 871.292,254.759 352.630,256.793 570.993,257.465 517.005,269.003 730.317,277.510 343.818,306.560 962.377,330.824 786.700,343.128 751.167,346.461 61.011,347.659 606.774,352.696 635.182,358.716 179.538,362.817 606.690,364.169 458.962,407.485 522.766,418.420 666.562,431.443 48.983,435.002 427.218,458.560 694.689,467.007 98.605,476.316 461.730,494.811 116.461,497.113 708.743,509.084 262.256,544.319 469.130,548.947 878.684,559.113 218.350,562.314 603.352,564.615 274.641,591.268 506.516,601.644 220.069,626.508 554.632,652.313 778.958,665.226 490.351,669.554 481.000,670.492 550.597,689.875 575.672,696.533 134.436,699.459 146.005,706.669 886.666,720.385 750.373,726.961 117.811,730.590 1009.931,730.299 831.589,732.154 718.338,744.521 743.009,762.925 706.914,784.136 510.548,790.187 42.585,818.283 878.838,823.551 733.654,827.091 237.057,832.930 430.054,858.726 596.718,858.774 979.484,861.239 8.537,871.627 733.749,878.336 220.606,883.049 1007.948,889.004 754.748,922.557 459.427,924.378 982.401,928.595 1010.367,938.050 276.480,938.442 253.669,949.368 957.591,950.300 596.810,952.981 838.849,959.791 107.076,965.652 666.490,968.615 330.731,970.426 583.734,983.064 782.166,998.195 902.317,1002.070 249.306,1002.820 414.116,1017.180 212.255,5.846 240.708,15.861 793.873,29.947 352.212,39.355 695.569,41.335 788.113,46.848 362.045,48.494 995.127,49.370 951.693,49.979 983.166,51.019 977.806,53.394 554.701,58.915 405.724,61.834 992.138,65.229 1003.688,64.342 403.635,68.240 89.262,77.323 135.132,83.586 673.531,84.963 884.715,108.402 560.493,116.798 501.371,118.854 65.564,126.146 724.283,129.425 814.877,133.771 835.569,133.546 1017.645,144.487 83.970,147.393 278.570,150.919 609.356,150.956 852.430,151.430 519.880,152.004 433.936,165.003 274.069,169.007 859.815,168.935 846.186,185.666 295.584,196.202 949.541,207.226 1012.520,209.369 350.940,210.264 967.315,217.685 345.362,220.406 471.217,229.303 612.660,232.163 809.936,232.720 829.473,237.778 243.387,239.110 525.876,243.417 727.450,260.895 767.436,268.154 37.549,270.310 29.959,281.996 751.876,285.983 891.604,289.913 860.304,297.754 13.397,306.977 125.774,313.435 369.926,321.703 969.478,323.514 928.564,331.598 95.985,335.534 573.905,339.532 123.485,351.949 156.403,352.653 455.358,353.534 649.457,353.820 612.512,354.360 958.087,361.385 843.121,365.394 151.473,370.000 623.655,377.268 754.183,384.015 880.548,393.524 811.495,396.142 296.949,400.255 272.804,402.768 91.539,404.119 369.005,411.344 267.413,417.110 723.929,417.927 1012.195,416.341 104.351,419.783 414.572,419.565 616.620,421.978 605.904,422.823 491.534,431.850 735.247,433.409 533.045,437.791 934.974,439.598 885.360,454.779 873.801,459.297 340.517,472.418 550.294,479.611 251.238,495.920 961.870,509.950 180.236,515.996 487.689,532.372 86.178,540.011 376.165,554.222 840.514,555.180 759.070,555.910 675.720,573.478 585.221,580.211 177.939,583.451 652.397,588.627 759.590,594.927 71.884,599.287 996.212,605.660 316.053,629.427 449.001,652.665 973.934,672.242 303.868,687.833 204.959,700.040 613.003,704.866 489.176,705.794 276.246,707.122 544.714,711.689 292.517,717.383 133.387,723.712 392.459,729.137 84.758,732.512 563.628,737.297 100.694,741.876 58.042,743.327 348.370,746.002 448.046,745.514 596.309,768.675 232.405,775.456 896.067,780.973 25.215,787.418 99.927,801.022 739.248,811.297 442.758,813.098 656.981,814.175 844.044,813.007 171.915,813.673 399.519,818.182 197.000,825.852 160.447,825.954 505.038,826.534 419.927,831.471 893.882,832.533 643.567,855.374 716.526,860.103 332.241,870.790 819.389,871.643 370.831,873.812 307.801,877.594 287.837,878.366 318.283,879.700 579.598,881.619 925.801,890.421 398.928,891.661 412.870,905.564 575.848,904.451 793.399,906.781 396.103,923.630 920.168,931.238 251.240,941.471 438.950,945.205 126.002,946.126 893.870,956.368 1001.727,957.716 416.781,959.349 448.976,965.827 875.140,975.352 931.671,984.294 895.148,1007.153 699.937,1009.049 870.878,1015.701 1008.334,1017.727 438.329,44.996 896.641,58.910 814.631,90.932 181.297,133.499 597.086,344.266 721.189,420.723 831.954,484.919 1005.167,745.097 374.806,789.278 1001.010,816.073 169.048,925.079 196.988,947.010
AAZ1 1005.897,745.560 858.728,168.968 672.940,84.516 831.713,484.800 814.327,90.589 845.691,185.824 168.669,924.756 374.533,789.615 893.958,956.248 1001.050,816.468 787.683,46.680 240.593,15.502 973.297,671.764 197.040,946.693 332.144,870.414 896.534,59.291 721.507,420.452 438.036,45.107 232.473,775.177 181.389,133.722 544.600,711.560 448.902,965.419 85.305,732.249 699.889,1009.166 612.634,232.301 272.283,402.642 65.577,126.035 273.945,168.777 596.947,344.286 348.342,745.779 643.253,855.418 793.611,906.598 133.420,723.724 399.173,892.000 759.312,594.865 814.727,133.876 160.526,826.144 612.193,704.603 555.133,59.090 368.705,411.029 251.300,495.901 758.714,555.705 656.973,813.701 491.337,431.645 303.797,687.855 275.897,707.128 100.534,800.960 894.020,832.495 83.645,147.172 896.222,780.931 920.373,931.339 439.180,944.910 126.207,945.941 895.355,1007.232 794.000,29.445 612.551,354.145 934.980,439.675 840.033,555.017 504.818,826.361 370.053,874.255 575.808,904.449 550.982,22.665 343.922,306.276 13.998,307.191 340.961,472.545 376.454,554.418 449.370,652.552 204.908,699.670 292.444,716.875 510.553,790.820 925.766,890.529 459.243,924.396 251.827,941.705 984.012,50.720 403.201,68.175 724.652,129.442 609.366,150.480 520.296,151.820 567.816,223.874 928.922,331.380 123.342,351.704 957.816,361.723 624.144,377.064 880.319,393.800 297.282,400.480 532.776,438.140 550.098,689.698 843.920,812.776 42.534,818.395 196.966,825.434 773.654,14.803 926.971,27.747 977.780,62.344 561.197,116.920 501.535,118.925 228.880,146.623 278.413,150.817 730.838,277.407 891.738,290.525 786.999,342.487 455.058,352.988 156.070,353.471 842.729,365.259 267.455,417.669 522.535,418.687 461.823,494.584 487.883,532.282 218.545,561.784 676.400,573.546 652.239,588.456 145.613,707.149 886.648,720.158 118.071,730.382 831.485,732.252 596.443,769.010 706.584,783.524 287.217,878.542 733.984,878.471 578.814,881.451 1010.431,937.309 1001.810,957.825 440.560,13.056 351.848,39.635 695.208,41.348 178.551,51.187 134.793,83.626 434.514,164.637 599.003,182.383 295.481,195.428 1013.066,208.941 37.181,220.969 242.910,239.080 917.688,252.737 516.947,268.579 29.736,281.936 859.849,297.674 126.456,313.300 369.897,322.150 962.427,330.840 61.696,348.052 635.006,358.675 151.467,370.550 753.850,384.495 811.362,396.790 414.794,419.445 605.885,422.137 734.922,433.149 49.258,434.643 694.851,466.762 549.576,479.474 115.959,496.286 86.472,539.810 177.558,584.085 996.301,606.240 219.578,626.383 316.225,629.490 554.106,651.908 489.899,669.596 134.530,699.341 750.017,727.456 57.867,743.398 718.019,744.543 742.952,763.452 739.120,810.736 442.586,813.778 399.778,818.530 878.627,824.148 596.796,858.963 717.009,860.173 979.498,860.630 8.780,871.304 318.432,879.364 1008.590,889.073 666.747,968.858 874.513,975.313 931.625,984.317 995.166,49.933 951.879,50.329 1004.359,64.610 992.392,64.936 854.614,67.996 563.301,86.362 411.153,108.570 884.911,108.391 858.326,203.660 949.962,207.549 351.060,211.032 967.550,217.522 417.730,226.373 66.884,229.384 471.053,229.451 809.831,232.907 829.632,237.396 525.525,243.588 570.364,257.387 727.458,261.090 767.207,267.933 751.377,285.560 96.436,335.045 751.367,346.540 179.606,362.484 91.187,403.328 458.867,406.977 1012.000,417.161 103.959,419.971 616.561,422.478 666.427,431.983 885.789,455.019 426.507,458.746 873.812,459.512 98.322,476.606 709.337,509.230 469.874,548.782 879.111,559.460 603.719,564.175 274.212,591.493 506.331,602.160 489.096,705.369 392.680,729.591 1009.682,729.724 448.313,745.627 172.284,813.743 430.455,858.921 819.859,871.269 220.093,882.857 982.588,928.443 276.378,938.137 957.719,949.683 416.755,958.884 838.582,959.891 331.096,970.855 583.626,983.199 249.199,1003.548 362.569,48.164 89.231,77.454 110.647,125.728 852.000,151.424 803.000,181.000 342.469,186.363 344.344,220.681 871.567,253.501 352.149,256.954 573.966,338.974 649.346,352.966 962.390,509.991 584.333,580.393 71.961,598.975 778.306,665.139 480.818,670.829 575.507,695.603 563.331,738.029 100.565,742.653 24.412,788.000 420.094,831.197 237.187,832.413 307.072,877.758 755.190,922.500 395.593,923.385 597.284,952.669 107.569,965.708 835.991,133.000 37.459,270.261 180.605,516.129 261.580,544.223 731.981,826.654 413.500,905.500 782.574,998.487
AAZ2 787.735,46.535 673.002,84.520 814.248,90.590 858.772,168.917 315.807,298.834 831.770,484.787 903.081,656.338 374.459,789.543 168.449,924.894 197.048,946.581 894.136,956.359 1007.892,1018.113 973.316,671.973 1005.878,745.480 1000.946,816.593 240.798,15.485 896.667,59.976
AAZ3 246.422,72.594 673.038,84.482 814.174,90.508 351.177,160.464 858.743,168.905 315.568,298.758 449.170,362.634 66.988,452.374 831.781,484.790 223.696,503.377 399.015,592.656 855.106,656.465 903.125,656.271 592.830,958.323 1007.868,1018.120 550.980,454.944 1005.831,745.498 536.051,577.720 488.326,711.951 264.503,872.157 841.296,929.198
AAZ4 673.004,84.473 814.243,90.583 858.607,168.925 315.797,298.837 831.772,484.793 903.066,656.361 374.461,789.538 168.450,924.892 197.078,946.581 1007.885,1018.111 787.726,46.550 536.080,577.733 544.638,712.172 1005.904,745.466 1000.945,816.578 894.137,956.347 240.772,15.463 896.667,59.975 273.596,168.151 845.788,185.579 424.882,488.321 973.307,671.973
AAZ5 673.666,85.824 813.914,90.337 859.749,169.581 316.783,299.606 831.281,484.612 902.660,657.692 375.148,789.912 168.994,925.266 197.147,947.281 1007.648,1019.063 787.817,47.238 536.223,576.187 545.708,712.794 1005.582,745.244 1001.744,818.303 893.699,956.272 240.522,15.663 897.646,60.764 272.631,168.732 845.608,185.696 424.714,489.524 974.024,673.033
AAZ6 677.157,89.028 833.614,488.588 1002.748,741.052
ABA0 428.814,28.622 431.566,45.193 124.610,48.531 1006.000,53.283 605.111,57.249 765.020,59.774 589.315,68.663 413.500,80.671 990.604,84.618 612.106,91.241 386.065,100.044 540.273,110.015 299.571,117.236 322.147,116.762 488.843,117.102 813.640,118.115 333.000,143.711 129.474,144.980 881.010,165.309 440.685,172.283 892.581,176.167 98.500,188.222 884.469,200.344 706.321,213.076 797.989,212.391 404.069,224.806 585.604,241.979 305.970,259.189 843.607,264.252 325.291,271.909 952.763,282.751 339.318,296.569 927.291,301.339 816.318,303.526 493.187,306.351 510.949,321.316 680.800,326.367 165.633,331.135 420.925,331.879 98.287,334.715 324.578,340.224 110.398,348.405 356.713,369.580 772.803,370.405 472.485,372.387 703.902,405.421 772.035,404.831 749.636,406.472 604.152,419.913 395.441,452.587 221.697,456.062 562.487,455.249 733.476,479.588 97.283,482.031 729.820,489.820 807.702,501.105 131.274,501.774 96.015,507.108 794.035,513.562 768.302,514.411 73.589,523.603 140.713,525.216 934.152,525.865 700.627,531.586 57.434,534.333 286.145,538.378 102.643,548.465 514.442,549.409 153.225,559.128 363.043,559.501 907.529,563.239 549.964,565.051 263.644,565.188 250.122,575.170 187.305,580.354 687.858,585.169 984.991,593.875 295.041,597.515 45.453,601.190 816.225,652.059 584.747,658.101 224.103,675.098 17.777,683.071 26.618,683.198 182.797,701.186 284.564,707.125 362.601,708.288 591.352,718.686 648.896,739.346 253.080,740.688 6.746,742.076 185.572,746.994 585.425,768.958 913.776,787.071 852.774,792.423 1005.628,798.186 953.453,803.340 685.518,807.246 82.063,809.902 862.879,810.417 161.637,830.343 672.628,837.311 907.630,860.038 50.901,863.042 947.699,890.167 167.263,926.749 17.637,931.459 762.540,931.048 994.918,938.481 330.399,945.509 658.733,960.087 919.411,964.970 514.986,973.201 104.130,974.952 595.527,980.706 976.331,72.934 567.028,482.573 453.252,129.692 395.480,922.842 609.263,315.835 959.473,571.348 955.957,707.435 780.608,532.437 744.178,642.720 726.376,317.260 823.960,484.130 82.087,98.768 239.772,988.569 352.500,613.250 114.609,635.662 494.587,341.725 575.862,846.247 398.794,488.596 674.187,676.744 915.757,981.736 714.232,102.102 646.796,821.092 518.428,638.400 537.839,158.459 732.615,676.180 902.500,972.585 970.858,433.970 435.000,244.403 193.232,639.075 412.796,755.669 996.593,385.205 1008.432,992.957 243.372,493.087 964.717,930.861 811.622,757.470 670.996,593.069 266.274,64.961 327.479,445.048 100.518,620.426 297.233,717.834 612.535,538.529 809.437,689.411 738.440,791.492 831.264,797.441 520.519,258.076 597.231,397.128 656.593,542.732 933.377,943.395 762.142,12.505 673.167,302.287 364.220,426.615 289.753,823.625 543.427,340.118 762.031,829.290 898.487,983.168 661.410,126.139 158.129,475.629 744.076,760.430 708.484,630.216 901.683,514.893 606.773,889.288 703.873,35.704 317.622,90.247 404.050,142.274 134.450,177.146 934.114,479.031 123.104,584.603 790.300,876.590 176.000,16.578 905.098,805.752 369.371,467.648 779.277,547.492 528.623,928.540 56.497,383.985 553.350,273.611 133.019,614.923 689.404,717.519 970.790,102.992 1000.984,965.318 249.800,17.398 860.846,368.478 173.984,907.444 214.326,316.909 292.427,405.219 269.592,413.544 799.441,668.149 468.792,926.559 591.838,706.746 763.465,109.065 874.790,756.778 63.199,773.492 222.302,414.987 432.957,143.559 315.444,433.735 462.320,314.471 511.546,764.205 808.866,349.959 66.763,724.661 824.389,742.089 254.522,259.503 158.418,653.018 499.900,670.749 358.160,84.777 778.837,787.726 500.514,203.954 145.158,409.781 443.352,539.091 957.382,849.704 773.442,887.884 774.511,299.561 819.498,962.261 996.238,311.469 676.500,846.554 824.881,41.724 232.492,235.642 464.698,987.609 84.314,736.847 381.868,774.445 832.663,656.301 881.524,813.439 913.866,460.346 343.497,831.760 368.073,107.679
ABA1 285.344,708.183 862.871,811.860 585.310,658.651 45.846,601.966 953.702,804.520 362.876,709.138 489.323,117.773 852.749,793.392 141.244,526.121 224.715,675.407 1005.886,798.819 948.040,890.731 688.454,586.095 907.565,563.220 431.766,45.620 493.067,307.126 299.546,117.651 809.694,503.546 110.495,348.626 165.774,331.434 324.585,340.361 17.906,683.416 222.210,456.123 892.807,176.372 98.393,188.289 472.581,372.418 549.961,565.064 612.240,91.442 540.073,110.345 356.329,369.513 772.933,370.333 185.626,746.546 50.991,863.113 17.415,931.632 325.453,271.554 96.947,482.440 182.589,701.094 81.886,809.702 605.503,57.853 322.434,116.533 814.161,118.358 798.053,212.730 706.306,213.378 843.603,264.178 510.399,321.546 95.838,507.229 649.094,739.477 161.478,830.549 658.526,960.113 104.169,974.600 595.597,980.677 428.490,28.909 1006.156,54.238 386.009,99.801 129.571,144.647 339.090,296.596 703.710,405.337 286.083,538.562 514.425,549.587 152.993,559.070 250.359,574.707 294.888,597.642 253.241,740.516 381.983,774.017 589.272,68.381 404.000,224.611 680.960,326.488 794.314,513.511 934.473,525.607 585.389,768.805 913.040,786.947 672.693,837.400 413.205,80.739 990.891,84.435 881.138,165.342 884.511,200.908 585.344,242.220 305.960,259.470 97.921,334.544 767.940,514.943 73.237,523.496 518.811,638.652 674.361,676.799 686.106,807.227 762.390,930.790 995.352,938.044 515.079,972.957 250.899,17.866 317.039,90.106 333.147,143.318 927.240,300.777 815.816,303.441 995.095,311.842 608.443,315.652 543.254,339.793 860.364,368.642 603.835,419.741 395.698,453.011 733.583,479.749 398.327,488.660 700.674,531.779 186.783,580.551 985.089,593.667 352.656,613.376 744.156,642.235 816.590,651.979 732.336,676.574 907.575,859.966 395.786,922.611 919.656,970.620 916.473,981.798 703.329,36.211 124.880,48.221 764.828,60.448 81.444,98.719 970.933,102.084 453.344,129.807 537.208,159.196 440.189,173.019 461.834,314.147 495.020,341.691 597.101,396.930 292.211,405.505 327.924,446.593 562.787,454.705 567.380,482.173 729.690,489.301 57.644,533.740 612.355,538.252 779.218,548.035 362.402,559.232 263.566,565.172 959.451,571.337 100.259,620.350 707.709,630.380 114.359,635.576 591.415,706.361 591.240,719.451 512.081,764.150 738.802,791.921 167.330,926.787 933.469,943.346 330.483,945.580 910.499,961.161 1000.703,965.558 901.692,972.552 175.844,16.182 825.134,41.470 265.413,64.621 976.514,72.980 713.936,102.150 763.168,109.082 661.619,126.160 500.457,204.354 434.798,244.847 520.595,257.999 253.955,259.268 953.484,282.884 774.813,299.406 673.583,302.219 214.054,317.038 725.919,317.725 56.591,383.885 996.931,385.776 771.373,404.529 748.762,406.506 269.511,413.286 364.361,427.184 913.953,460.372 824.152,483.536 243.495,492.892 130.846,500.890 901.391,514.803 656.163,542.166 103.018,549.296 122.851,584.383 193.752,638.778 808.527,689.254 956.053,707.624 84.494,737.367 413.236,755.891 811.567,757.154 874.217,757.006 63.198,773.769 831.124,797.142 646.793,820.757 290.146,823.349 762.258,829.442 343.779,831.777 576.027,846.654 957.191,850.028 772.400,888.002 174.134,907.143 898.524,983.686 240.354,988.252 1007.688,993.085 762.358,13.030 357.635,85.210 367.474,107.594 404.288,141.720 432.686,143.740 134.765,177.417 232.569,235.196 556.300,264.835 553.401,274.109 420.736,332.119 144.977,410.160 223.335,414.415 971.208,434.049 315.599,433.629 369.396,467.759 157.960,475.770 934.277,478.927 780.741,532.991 443.357,539.794 670.715,592.738 132.975,614.933 158.360,652.487 833.445,655.185 800.386,668.206 298.158,717.534 689.697,717.756 66.896,725.015 824.526,741.845 743.485,760.422 905.503,805.802 881.402,813.292 606.714,889.321 468.462,926.582 528.672,928.921 964.435,930.518 819.558,963.141 465.000,988.387 808.955,349.000 501.206,670.039 778.746,787.196 792.000,873.000
ABA2 489.339,117.666 45.893,601.930 585.258,658.806 362.965,709.036 852.523,793.423 862.742,811.894 224.645,675.231 285.385,708.198 1006.139,798.743 953.856,804.431 140.655,525.872
ABA3 358.607,520.748 828.758,650.253 585.251,658.935 1019.933,679.334 362.998,708.987 530.580,768.825 953.968,804.335 862.654,811.893 275.115,960.861 388.561,994.902 47.539,601.681 285.410,708.167 65.037,304.725 305.147,390.613 551.687,568.432 760.769,632.488 1009.409,961.154
ABA4 45.896,601.942 585.262,658.812 362.972,709.042 852.519,793.413 487.024,120.459 224.644,675.244 285.201,708.036 1008.828,801.045 953.849,804.442 862.746,811.831 809.394,503.948 141.049,526.435 552.041,568.603 689.006,588.669
ABA5 45.035,601.165 584.831,659.005 362.005,709.315 852.596,793.162 487.845,120.202 225.216,676.223 285.748,708.616 1009.488,801.881 953.385,803.675 863.515,812.590 808.262,504.396 142.024,527.369 553.082,568.683 688.715,588.918
ABA6 489.112,233.016 144.959,528.704 288.439,711.765 865.566,816.152 944.634,992.656
ABB0 763.421,26.890 635.584,34.201 738.509,48.763 765.704,69.006 518.925,77.577 918.402,79.173 9.325,82.675 347.598,90.623 45.162,93.660 14.607,125.568 821.872,134.328 779.057,138.900 166.797,142.678 972.305,153.963 714.543,160.256 488.653,164.583 826.420,171.958 862.675,182.328 630.826,192.970 490.517,215.400 66.926,238.134 812.062,238.219 429.633,240.644 449.679,242.454 594.464,242.822 650.999,248.403 735.098,250.968 910.531,255.124 70.615,259.536 890.845,260.041 856.055,282.561 893.250,293.095 746.527,296.420 677.724,303.000 797.892,310.315 688.605,314.682 150.545,319.000 855.568,324.493 505.746,326.939 810.836,344.062 118.269,380.199 988.864,384.516 788.494,400.146 742.420,402.776 127.854,422.429 518.713,433.133 954.916,450.759 807.576,454.715 550.004,460.775 285.087,484.139 798.524,506.830 299.967,516.838 1001.796,518.243 251.086,518.764 56.769,520.476 124.906,524.620 761.599,532.605 343.182,533.529 764.865,541.470 234.009,542.514 644.716,542.933 69.637,550.591 176.170,582.834 830.386,582.909 282.147,591.594 914.717,598.005 445.750,599.956 734.568,608.912 558.155,613.631 416.342,620.786 205.005,622.858 52.516,626.284 66.576,628.436 979.012,642.405 871.941,646.365 372.233,652.065 925.022,662.807 931.393,668.614 206.485,716.890 710.353,723.158 5.856,730.538 584.656,730.993 502.515,731.359 942.654,733.668 364.543,739.989 407.232,742.589 104.934,764.266 474.599,767.407 435.773,779.085 312.108,786.656 50.842,796.809 262.313,810.479 900.876,810.515 536.137,822.767 260.700,831.053 565.127,830.570 573.575,838.335 107.870,854.786 890.433,860.284 17.606,860.500 568.753,864.536 665.701,887.094 156.728,888.525 390.234,888.630 658.012,894.743 646.555,901.171 586.331,907.730 618.975,908.675 982.297,921.161 496.421,930.827 728.951,935.699 339.410,946.778 559.294,982.704 769.624,986.620 463.868,994.811 349.121,7.048 777.334,17.925 533.246,23.729 645.452,73.748 253.469,75.469 511.087,77.019 187.285,81.640 895.898,83.170 157.523,97.702 949.445,99.678 655.573,123.569 590.234,126.393 800.698,138.333 576.490,139.453 50.954,143.479 209.902,155.735 945.403,164.354 144.414,168.827 283.520,179.584 130.475,183.155 748.179,212.315 601.693,215.164 44.573,227.121 797.555,245.023 754.151,268.414 353.004,271.710 806.931,274.114 671.472,288.341 764.739,292.342 766.866,299.930 916.472,307.789 574.287,316.787 404.156,321.314 52.370,331.257 545.588,332.282 662.596,360.246 881.897,368.266 993.382,369.985 375.676,378.043 969.547,380.178 315.652,380.749 875.976,381.242 532.891,385.706 664.259,385.373 903.347,388.083 493.433,397.800 311.862,399.689 811.992,415.852 683.449,434.048 587.758,435.850 815.737,455.591 333.664,469.453 155.870,486.353 286.981,504.998 322.040,504.569 991.369,524.063 245.925,530.852 759.840,541.208 987.175,539.840 301.789,544.692 965.104,547.401 351.042,547.111 839.686,552.502 452.215,555.411 220.939,562.921 352.272,562.856 56.263,574.833 44.625,579.430 1002.023,592.348 672.495,595.657 280.101,605.690 790.132,611.128 196.118,621.718 655.686,629.250 569.456,630.451 755.969,636.291 745.296,642.277 981.488,651.316 203.659,668.586 299.329,669.199 329.521,670.671 560.517,677.903 757.805,681.507 957.458,682.751 784.940,699.860 503.317,716.021 397.061,717.261 201.851,725.465 762.472,737.900 372.187,740.298 492.018,742.077 734.456,745.207 734.498,746.753 405.698,749.766 651.521,755.618 137.921,763.553 247.194,764.204 616.424,767.223 809.744,767.447 837.870,770.005 292.446,780.627 762.849,787.497 877.214,829.505 780.268,844.752 95.350,847.256 194.839,850.839 191.037,855.175 339.529,861.385 267.797,862.045 751.614,875.346 384.563,876.247 203.770,880.995 649.803,881.752 563.121,889.811 642.312,890.238 640.037,895.118 289.613,909.478 137.917,920.473 102.933,928.271 584.644,949.742 1009.748,952.748 463.433,955.160 248.902,964.513 417.207,971.933 262.047,976.275 200.325,991.918 489.052,992.995 607.838,993.317 879.956,1002.105 421.963,1005.434 949.282,1008.857 744.915,164.743 799.019,519.072 697.309,638.949 553.534,696.355 506.997,774.945 495.188,1009.431
ABB1 553.777,695.796 662.215,361.323 532.607,385.644 744.950,164.369 697.551,638.762 799.430,518.791 734.322,746.031 682.816,434.143 506.463,774.610 574.390,316.512 494.922,1009.653 584.333,949.529 797.326,244.680 748.191,212.138 287.018,505.309 987.120,539.900 203.868,881.250 777.464,17.744 155.797,486.296 56.388,574.892 102.876,928.404 187.137,81.803 877.350,829.637 248.792,964.500 762.329,738.101 751.449,875.449 879.836,1002.212 44.416,227.355 954.804,450.820 489.256,992.722 130.447,183.094 322.294,504.449 245.806,530.618 44.816,579.114 914.560,598.160 790.103,611.280 195.915,621.464 576.041,139.397 601.652,215.250 766.773,300.238 351.273,547.396 352.178,562.845 446.099,599.616 203.857,668.701 785.172,699.984 292.416,780.218 190.742,854.525 765.482,69.318 558.433,613.983 372.439,651.695 206.275,717.146 762.760,786.857 267.788,861.942 289.817,909.533 137.772,920.657 510.968,77.364 590.625,126.543 972.367,154.025 812.562,238.575 518.658,433.214 343.495,533.481 220.416,562.631 52.625,626.308 655.493,628.899 329.099,670.641 957.539,682.396 372.066,740.114 492.436,741.715 247.095,764.361 104.862,764.575 435.610,779.249 262.548,810.734 390.268,888.919 769.893,986.101 949.220,1008.753 347.677,90.448 51.213,143.274 488.342,164.441 490.819,215.601 353.224,272.657 856.067,282.593 51.640,331.470 545.617,332.468 811.586,344.000 993.572,369.743 663.872,385.481 989.236,384.527 493.968,397.508 311.547,399.647 816.176,455.367 991.545,524.129 965.278,547.493 931.744,668.145 299.537,668.847 396.966,717.297 585.326,730.722 650.444,881.683 156.531,888.281 637.995,900.029 646.281,901.591 417.342,971.723 463.217,994.903 533.180,23.661 635.187,34.244 645.720,73.338 918.644,78.961 656.270,124.138 800.631,138.668 945.531,164.259 143.991,168.760 429.429,240.919 754.250,268.889 806.726,274.105 671.316,287.892 797.000,310.157 404.525,321.454 855.299,324.219 875.947,381.264 811.243,416.385 587.734,435.642 284.811,483.342 250.791,518.327 1002.423,518.620 57.008,520.153 759.892,541.571 69.854,551.219 673.021,595.686 416.386,620.972 66.528,628.292 569.435,630.408 871.822,646.216 503.340,716.116 502.863,731.700 137.867,763.491 573.118,838.516 107.775,854.535 339.325,861.563 568.815,865.076 383.755,876.114 664.963,886.706 642.547,890.684 619.143,908.581 982.424,921.059 338.656,947.068 261.812,976.502 607.928,992.941 895.784,83.165 45.851,93.406 14.634,125.667 778.562,137.821 167.192,142.659 829.802,169.051 283.790,179.257 67.312,237.828 449.384,242.156 650.383,248.754 735.098,250.622 746.355,296.371 881.788,368.255 375.167,378.556 902.406,388.346 788.425,400.503 128.635,422.703 334.230,469.507 125.344,524.176 233.739,542.477 301.518,543.941 175.977,582.644 279.796,605.656 734.658,609.017 979.396,641.505 559.729,678.405 757.780,682.748 710.009,722.894 942.436,733.213 651.803,755.626 474.539,766.808 616.687,767.010 565.494,829.570 260.679,830.208 779.941,844.562 94.480,847.535 657.758,894.734 585.736,908.347 496.092,930.937 729.135,935.997 1009.494,953.143 463.424,954.378 559.397,982.531 200.618,992.270 763.865,26.507 739.021,48.139 253.631,74.780 9.527,83.400 157.000,98.582 949.480,99.754 822.530,134.575 210.352,155.697 714.150,159.623 862.686,182.041 630.793,193.131 595.430,242.320 910.606,255.415 891.117,259.779 70.324,260.223 916.001,307.076 688.190,313.930 150.494,319.390 505.418,326.956 117.262,380.514 315.609,380.412 742.105,402.618 549.830,461.066 799.001,506.566 299.530,517.177 762.167,532.486 645.020,543.168 840.549,552.035 452.734,555.244 830.291,583.099 1001.205,593.046 205.545,622.145 745.198,642.087 981.332,651.780 407.887,743.350 809.567,767.527 837.687,769.940 312.223,786.190 50.648,796.971 901.416,811.225 536.500,823.000 890.501,860.235 17.307,860.290 563.084,889.665 422.588,1005.745 892.986,291.995 677.979,304.027 969.332,379.616 806.162,453.989 281.976,592.757 756.519,636.000
ABB2 662.220,361.474 532.550,385.632 697.568,638.916 140.295,754.579 506.576,774.909 745.035,164.261 799.201,519.204 553.802,695.729 495.998,1008.995
ABB3 223.002,20.965 834.655,309.012 514.699,312.943 332.865,346.947 505.141,422.410 206.991,564.246 625.051,566.790 699.133,621.454 368.423,710.945 140.244,754.696 542.538,757.016 120.436,798.978 774.924,968.303 662.182,361.522 553.789,695.698 496.204,1008.796
ABB4 662.232,361.489 697.572,638.901 140.265,754.613 542.685,757.010 745.033,164.270 532.550,385.631 799.195,519.206 553.810,695.686 495.995,1008.989
ABB5 662.255,360.803 697.946,638.284 141.966,756.075 542.272,757.098 745.763,165.299 533.517,386.016 798.350,518.682 553.228,695.157 495.409,1007.993
ABB6 553.567,695.794 488.614,256.728 697.912,639.967
ABC0 270.480,7.240 984.553,10.253 492.738,11.964 505.142,14.149 12.969,20.574 638.347,21.118 315.664,22.392 529.215,28.806 706.626,38.828 148.871,55.241 515.588,68.296 505.663,75.084 708.953,75.506 560.752,83.206 792.521,118.836 456.884,122.701 268.065,130.656 692.695,136.047 106.958,137.750 626.205,138.470 499.213,144.978 162.583,163.584 391.765,178.700 482.558,179.544 570.035,190.521 948.283,206.443 591.077,210.239 504.509,210.444 862.828,214.632 365.352,226.533 572.002,228.725 267.500,231.059 82.260,244.823 782.364,249.969 815.800,253.013 883.710,262.621 814.640,274.471 364.983,286.936 838.792,289.424 38.669,290.314 571.494,291.160 654.288,296.376 555.641,306.723 1019.193,317.210 31.784,332.576 948.046,338.426 777.238,359.276 660.826,367.331 250.867,367.461 234.669,376.055 96.912,378.591 316.498,380.896 543.677,386.319 912.829,399.035 556.760,417.021 628.625,430.677 474.652,437.548 618.638,440.232 913.706,444.610 42.223,447.563 781.584,477.084 864.880,480.399 1012.895,489.739 101.295,493.599 96.794,505.551 639.653,508.853 84.420,512.381 510.301,515.776 372.154,526.403 561.089,525.944 166.402,532.078 934.368,547.321 154.647,551.546 459.325,578.506 555.435,578.440 430.075,608.773 714.431,619.214 773.111,623.023 554.579,624.263 515.640,650.589 376.766,658.931 870.389,673.256 798.091,682.170 482.846,683.601 11.116,702.671 728.409,706.448 94.741,712.375 674.170,731.090 871.081,746.901 470.414,753.846 586.367,766.518 642.473,778.571 339.098,785.645 71.590,795.097 1009.010,808.002 412.743,823.810 342.281,849.500 963.904,852.824 141.848,860.830 534.405,865.140 42.461,869.128 749.843,871.073 508.619,883.782 558.157,884.433 788.911,900.470 431.435,910.978 134.516,911.639 777.181,926.220 125.161,928.675 14.776,929.995 346.787,931.605 149.088,936.277 494.546,944.674 926.441,953.402 758.687,958.170 54.776,979.615 988.491,980.427 232.624,999.009 961.628,1008.597 544.554,1014.554 275.859,1016.833 195.215,53.540 31.123,55.375 329.437,70.177 527.440,87.779 459.574,91.226 386.097,104.651 687.406,105.373 629.294,109.493 945.558,116.382 412.829,133.867 585.831,159.177 781.468,161.752 568.054,164.060 195.119,176.538 907.854,181.988 189.718,181.931 593.520,183.570 629.256,192.447 28.645,193.943 733.889,209.647 453.549,211.766 999.594,214.056 331.333,238.738 665.512,240.151 565.560,246.185 380.148,257.426 324.149,259.148 560.615,265.152 865.986,264.347 501.055,283.416 145.307,292.005 313.936,293.243 801.105,294.923 946.837,297.318 909.081,299.347 176.184,311.018 452.359,317.503 237.509,325.044 59.981,346.095 792.895,347.388 219.719,358.727 598.198,366.968 936.824,387.881 298.052,395.178 975.868,400.704 974.254,400.550 998.806,404.367 641.205,405.292 445.807,408.003 531.645,407.696 519.081,410.289 759.833,411.848 991.330,413.639 929.680,415.859 1001.968,420.672 696.433,434.668 651.239,439.677 49.353,445.509 923.258,444.528 796.218,455.533 257.320,466.115 227.682,467.386 845.432,469.288 961.755,469.575 925.756,471.387 783.752,471.604 309.704,473.304 659.732,477.969 494.268,482.327 612.863,485.604 219.693,493.119 634.602,500.575 507.178,501.872 952.763,508.877 327.609,510.232 461.261,512.891 139.550,515.500 928.189,516.144 185.731,517.558 694.954,521.421 948.586,522.524 101.457,539.134 944.503,541.116 327.013,548.360 559.573,551.762 921.545,554.146 927.595,560.274 868.526,570.129 905.988,572.403 585.542,573.743 792.527,575.099 513.521,584.635 147.384,588.301 898.105,592.968 965.852,593.466 251.850,597.985 955.490,611.782 967.595,619.775 712.444,624.904 13.093,631.021 655.445,633.498 495.716,637.299 431.561,651.399 681.301,652.798 803.672,653.167 220.833,660.940 636.375,660.746 1018.164,669.291 381.390,671.610 431.964,677.622 44.007,679.993 292.467,689.671 853.683,693.423 354.935,694.139 146.832,701.102 296.510,703.495 270.054,709.799 544.795,725.407 985.433,728.605 197.741,761.542 509.745,762.150 243.885,772.167 953.323,775.777 694.233,781.235 610.196,785.181 745.664,807.036 517.673,820.169 503.803,823.554 763.764,824.535 205.378,833.003 333.840,832.591 606.224,839.012 1004.068,837.972 979.391,851.474 454.165,852.208 1016.893,854.652 178.064,867.016 194.038,873.334 180.718,877.294 239.563,911.266 89.864,919.173 562.019,922.828 473.255,928.146 9.656,937.735 797.947,944.358 459.202,959.253 154.824,964.380 261.508,967.923 665.254,969.437 307.595,984.194 41.508,985.067 317.228,999.124 159.386,1001.585 735.410,1008.788 157.988,1010.798 193.526,1013.694 674.501,1018.102 893.909,69.103 661.066,242.189 940.942,440.958 939.098,557.615 940.140,559.809 286.130,769.109 289.789,769.024 334.942,868.945 851.087,960.413 89.800,985.235
ABC1 893.062,69.307 287.733,768.129 975.521,400.142 930.101,415.047 455.175,851.614 803.145,653.301 850.673,960.223 938.888,557.486 89.961,985.513 764.145,824.494 157.800,1010.825 941.236,441.058 694.075,781.278 334.726,868.892 944.570,541.274 251.671,597.940 948.868,522.265 612.694,485.544 146.638,701.295 197.565,761.612 629.453,109.390 189.518,181.701 333.960,832.592 606.400,839.147 412.836,134.235 946.216,297.266 999.939,214.268 176.171,311.246 494.067,482.306 681.263,652.610 759.596,411.849 327.703,510.340 898.173,592.918 955.297,611.836 544.491,725.266 504.325,823.679 1004.132,838.116 963.757,852.995 945.516,116.207 866.181,264.538 237.685,325.419 234.843,376.662 518.769,410.626 310.000,473.017 495.782,637.435 515.791,650.516 610.444,785.337 194.508,873.462 317.242,999.111 638.109,21.182 194.827,53.162 585.868,159.113 781.292,161.397 501.688,283.759 598.312,366.931 445.396,408.081 634.354,500.145 712.602,624.833 431.539,651.635 220.823,661.744 355.406,693.950 31.442,55.505 801.262,295.115 32.052,333.143 219.693,358.949 936.581,387.573 999.229,404.386 474.525,437.382 864.887,480.779 461.468,512.975 792.253,575.127 12.784,630.934 296.548,703.462 985.376,728.721 178.087,867.000 239.627,910.983 473.442,928.255 984.800,10.369 907.840,182.809 28.424,194.205 566.012,246.168 816.335,253.465 560.956,265.282 654.097,296.088 555.749,307.125 452.713,317.278 628.725,430.002 783.467,471.911 695.411,521.165 101.377,539.556 326.699,548.410 927.572,560.692 432.121,677.514 11.013,702.723 270.265,709.630 244.535,772.361 1009.123,808.284 204.912,833.691 458.946,959.230 154.636,964.453 961.647,1008.135 528.242,28.576 329.212,70.306 560.472,83.645 527.765,88.026 687.866,105.412 162.814,163.471 629.320,192.625 453.412,211.380 862.361,214.297 365.265,226.166 331.168,238.747 665.353,240.187 883.510,262.645 908.511,299.301 59.946,346.058 316.000,381.624 1002.373,420.673 696.631,435.229 651.569,439.364 796.031,455.118 227.759,467.521 925.379,471.410 1013.327,489.971 639.693,509.519 372.390,526.314 154.167,551.067 555.509,578.270 773.294,623.247 376.558,659.397 44.299,680.827 482.771,683.943 292.468,690.002 855.009,693.279 871.318,746.174 745.776,807.458 141.612,861.135 558.066,884.816 89.737,919.113 562.792,922.645 15.743,930.064 926.323,953.062 54.732,979.540 544.713,1014.052 492.752,11.497 13.446,20.226 148.972,55.394 514.947,68.084 505.571,75.242 385.851,104.960 792.783,118.605 456.356,123.509 267.158,130.197 106.344,138.671 499.202,144.999 568.592,164.151 391.110,178.387 482.701,179.322 593.321,183.508 733.642,209.926 504.972,210.197 267.319,230.677 379.955,257.539 323.842,259.363 815.016,274.209 364.640,287.200 838.360,289.589 571.821,291.008 313.860,292.820 948.171,338.826 792.375,346.557 251.109,367.054 298.062,394.895 641.386,405.323 531.768,408.152 618.136,440.599 49.305,445.543 922.751,444.856 846.187,469.366 101.295,493.349 507.613,501.677 96.373,505.735 952.751,506.841 85.126,512.108 139.498,515.142 927.654,516.176 185.571,517.717 560.984,525.856 167.021,531.886 559.684,552.000 868.187,570.667 585.674,573.610 905.244,573.037 459.405,578.440 966.101,593.386 655.181,633.838 636.539,660.442 728.133,706.448 94.398,711.655 470.878,754.679 509.523,762.250 586.439,766.678 517.575,819.634 342.056,849.539 979.522,851.734 42.560,869.442 749.951,871.335 181.257,876.937 508.284,883.777 134.026,911.387 124.683,928.726 494.305,945.252 759.013,957.529 664.891,969.720 988.691,980.395 232.697,999.311 735.798,1009.065 193.372,1013.612 315.572,22.255 705.954,38.853 708.379,75.899 460.603,91.950 625.000,139.000 948.444,206.559 571.339,228.762 82.062,245.116 782.242,249.608 145.285,291.704 777.680,359.091 660.660,367.596 96.895,378.910 544.344,386.755 912.688,399.278 992.235,413.999 556.672,416.267 912.586,444.734 257.218,465.602 962.032,469.741 658.245,477.909 219.598,492.718 509.140,515.317 514.494,583.744 147.203,588.540 430.578,607.197 967.608,619.818 555.211,624.069 382.075,671.643 869.892,673.399 799.150,681.722 674.164,730.522 953.985,775.849 337.914,784.688 71.581,794.455 412.848,823.255 534.324,864.771 788.484,900.974 431.020,910.797 347.000,931.363 149.277,935.730 797.772,945.046 261.545,968.240 41.312,985.336 504.522,12.768 692.593,135.400 569.719,190.721 591.241,209.534 38.852,290.628 642.421,777.422 777.515,925.690 11.150,938.755 307.440,983.937
ABC2 1020.001,378.733 474.397,484.773 938.922,557.494 803.102,653.397 290.788,756.735 90.371,985.359 893.037,69.218 975.513,400.169 930.144,415.080 455.243,851.598 850.612,960.156 288.221,768.881
ABC3 636.378,46.884 1020.139,378.747 1015.038,385.129 975.357,400.121 474.327,484.702 803.076,653.463 954.483,664.604 678.717,720.128 290.821,756.584 72.423,846.817 893.077,69.199 930.252,415.092 223.588,503.074 455.162,851.586 850.688,960.381 808.650,165.625 288.254,768.852
ABC4 1019.998,378.740 975.442,400.207 474.416,484.778 938.961,557.544 803.108,653.395 290.793,756.823 90.396,985.336 893.097,69.249 930.148,415.072 455.226,851.566 850.663,960.171 288.688,768.982
ABC5 1020.728,379.050 975.858,400.699 474.780,485.539 938.670,557.771 802.920,653.057 290.614,755.560 90.573,984.663 892.790,68.907 930.616,415.879 455.410,851.729 851.380,961.562 288.801,769.222
ABC6 896.840,73.038 976.447,401.130 291.871,772.820 300.128,773.090 892.793,68.910
ABD0 650.203,7.522 783.814,29.055 92.595,49.298 627.681,53.249 731.215,61.996 976.702,60.973 661.483,84.807 785.318,84.879 828.860,90.226 903.330,91.648 274.780,96.890 293.013,113.606 912.584,125.089 373.717,132.286 914.779,135.938 713.045,148.502 777.495,149.672 252.180,159.548 913.989,163.046 65.573,166.084 548.720,166.159 215.814,201.277 941.851,208.142 378.297,221.942 988.045,221.675 226.804,224.458 9.172,237.851 964.694,238.617 1004.740,242.774 851.097,265.040 157.551,275.239 991.626,308.723 309.656,320.049 742.393,325.348 679.762,327.852 6.904,337.189 52.495,343.970 47.962,354.315 354.679,364.174 74.121,371.781 376.481,373.031 492.702,376.163 255.509,394.771 811.487,416.298 170.929,435.437 654.472,434.538 515.474,447.415 672.180,455.660 265.948,460.506 661.330,463.399 337.664,467.228 638.213,475.005 10.934,488.293 424.056,487.139 837.099,507.849 854.078,532.123 116.058,533.133 158.620,534.357 207.900,545.981 1011.655,551.128 166.695,552.141 604.249,556.846 90.596,560.854 690.809,568.867 154.810,579.302 1008.002,595.979 390.584,610.311 545.071,627.662 404.459,630.832 11.355,640.332 693.741,644.168 815.066,651.903 157.953,658.710 641.804,662.533 448.411,665.356 804.851,669.491 955.494,675.897 969.398,674.675 41.414,678.272 530.640,678.219 730.938,680.327 970.212,685.069 810.495,687.341 550.230,701.332 938.168,712.944 106.459,730.311 399.415,731.278 41.253,733.383 582.824,749.877 843.591,757.248 889.680,765.080 314.543,767.216 158.123,778.065 934.101,785.219 433.560,793.699 208.854,808.341 396.960,814.903 765.135,819.983 853.205,821.768 825.453,822.614 159.139,830.195 596.531,829.919 172.121,834.602 160.477,835.727 827.228,837.390 680.607,846.795 307.314,847.896 613.793,847.520 150.826,850.072 976.602,856.194 142.087,868.071 894.909,881.717 542.451,894.488 14.018,900.079 391.282,922.778 853.022,939.367 525.854,946.952 128.866,951.912 446.846,957.184 64.118,959.918 32.185,964.071 767.175,974.630 465.409,977.273 62.765,977.411 132.709,980.220 623.871,982.150 84.849,985.444 717.033,987.601 34.734,998.176 584.243,1006.477 119.725,1008.010 944.756,1009.263 370.218,1011.853 759.654,1014.213 710.004,542.404 454.836,818.046 606.576,22.741 321.863,387.181 837.717,46.441 538.204,380.695 1002.542,128.842 751.593,230.628 673.268,549.264 196.086,827.051 638.731,914.871 291.654,954.665 940.692,23.586 890.608,368.964 112.265,709.378 71.516,887.412 245.744,404.215 230.241,943.841 627.527,663.074 337.327,804.203 231.909,837.089 407.162,135.689 476.618,370.547 734.580,836.913 648.393,603.938 72.693,969.456 70.841,499.792 797.066,732.338 579.509,407.175 624.215,720.856 652.679,347.107 65.515,521.826 936.701,548.235 736.736,347.967 722.113,481.665 897.354,523.266 326.460,740.880 838.342,417.715 271.124,663.708 151.702,924.519 399.946,513.137 916.331,630.299 360.776,344.418 134.773,881.010 532.275,189.008 903.630,571.964 736.846,850.632 607.906,126.094 25.619,428.936 511.439,892.749 635.579,803.759 685.153,820.370 608.762,201.053 548.309,387.707 150.848,487.263 416.599,975.036 414.152,569.571 674.002,890.260 82.348,809.061 538.812,159.780 497.993,678.447 457.367,718.161 143.387,793.811 160.626,878.686 585.546,897.047 532.714,920.689 383.363,534.705 1014.809,539.416 661.402,736.881 650.951,34.824 961.373,119.658 730.260,336.590 977.314,541.789 861.236,547.809 863.140,319.168 575.248,983.515 663.765,210.297 199.668,620.253 146.168,1001.551 213.679,928.358 324.817,143.738 897.067,219.474 814.337,589.879 600.590,593.781 1005.702,698.468 148.259,767.568 147.488,952.443 1006.484,490.186 587.541,397.154 715.581,435.988 456.500,445.089 36.601,790.815 116.107,918.602 574.869,968.440 73.105,451.471 156.779,954.423 384.251,492.501 543.005,116.800 653.839,193.446 985.326,423.661 619.889,616.706 254.593,735.066 275.367,718.742 796.042,265.566 193.027,544.386 958.340,972.441 420.615,170.422 162.421,846.211 725.524,131.564 728.328,593.139 1009.652,624.048 818.078,260.776 214.551,424.663 514.744,494.151 517.040,90.948 479.464,794.820 275.573,968.566 220.435,83.685 552.599,848.366 665.346,399.318 49.777,420.301
ABD1 42.195,679.681 844.546,758.261 84.717,986.674 314.914,768.116 35.355,999.219 694.514,645.218 133.293,981.365 337.854,468.355 160.741,834.857 355.020,364.486 170.840,436.082 851.495,265.530 226.841,225.173 492.698,376.856 14.289,900.533 390.472,610.987 1011.503,551.565 448.566,665.510 41.347,733.540 584.089,1006.675 914.195,163.607 815.252,651.831 129.390,952.255 465.336,977.555 116.392,532.894 853.189,939.644 166.668,551.918 106.402,730.319 151.095,850.438 515.598,447.910 934.158,785.279 783.788,29.056 310.066,319.997 90.530,560.590 11.193,640.639 810.482,687.580 976.546,856.324 837.375,507.768 903.624,91.439 157.652,274.720 11.132,488.194 1008.261,595.865 157.616,778.150 853.678,821.941 142.602,868.175 373.964,132.187 941.901,208.474 854.331,531.492 154.751,579.515 530.677,678.142 797.672,732.293 433.347,793.696 614.242,847.482 627.764,53.341 730.824,62.083 274.520,97.512 548.889,165.729 679.627,327.735 638.740,474.805 604.487,557.028 544.855,627.648 641.553,662.478 970.470,685.166 582.981,749.700 396.367,814.944 680.749,847.048 447.096,957.267 72.658,969.083 785.365,85.057 661.271,84.510 8.384,238.262 1005.067,242.946 992.071,308.781 74.458,371.731 654.805,434.705 897.010,522.832 207.654,545.540 690.496,568.840 157.720,659.291 938.174,712.993 176.210,842.581 307.318,847.760 894.989,881.503 119.403,1008.247 944.454,1009.332 370.195,1012.096 759.369,1014.422 606.656,23.104 829.122,90.337 777.444,149.988 252.411,159.501 378.737,221.684 736.232,348.690 537.936,380.777 811.529,416.344 838.189,417.955 661.292,463.345 65.594,521.499 648.655,603.690 968.789,674.443 955.638,675.704 498.222,678.853 624.509,721.058 148.622,767.920 208.828,808.330 765.230,820.221 827.317,837.516 161.000,878.804 391.015,922.659 64.475,960.585 31.581,964.534 63.253,977.573 623.893,982.156 575.077,983.125 716.981,987.405 92.779,49.357 292.759,113.426 607.901,126.023 407.311,135.613 915.196,135.732 712.945,148.497 420.283,170.868 215.693,201.046 897.146,218.973 988.798,221.861 751.489,231.106 52.701,343.737 360.346,345.246 48.177,354.191 890.301,368.599 376.336,373.306 321.898,387.371 255.233,395.154 579.449,407.387 25.937,429.412 456.456,444.825 1006.971,490.063 383.282,492.465 71.274,499.371 159.006,533.980 383.112,534.942 673.419,548.903 813.884,590.139 600.821,593.368 916.425,629.718 404.697,631.061 399.868,731.700 326.437,740.495 889.629,765.104 454.814,818.233 825.295,822.376 596.280,830.255 232.031,837.231 734.539,837.513 134.926,880.403 71.049,887.395 543.230,893.810 116.123,918.633 213.183,928.631 526.470,946.838 291.561,954.887 766.749,974.288 650.501,34.871 837.581,46.665 976.541,60.601 542.470,116.449 912.652,125.284 1002.698,129.563 725.215,131.647 65.826,166.193 532.651,188.520 609.092,201.480 664.305,210.614 964.248,238.562 742.355,325.137 729.494,337.108 475.806,370.272 587.053,396.808 246.278,404.480 671.980,455.477 265.953,460.377 722.420,482.562 423.942,486.541 150.469,487.335 399.242,513.115 976.824,541.590 936.523,548.037 1009.592,624.159 627.685,663.429 804.335,669.255 731.631,679.426 1005.351,698.507 550.015,700.714 112.445,709.215 457.463,717.644 35.329,791.724 143.417,793.848 479.497,794.455 337.063,803.945 635.545,804.351 82.175,809.240 685.351,820.533 162.332,846.195 735.846,850.075 674.222,890.106 511.761,892.548 638.753,915.541 151.789,923.648 229.788,943.617 416.383,975.251 940.366,23.667 219.524,83.299 517.197,90.788 960.774,120.009 324.990,143.642 538.447,159.581 654.445,194.010 817.975,260.955 796.186,265.072 862.602,319.599 653.232,347.590 985.000,423.575 214.802,424.912 715.767,435.844 72.247,450.755 514.715,494.553 1014.567,539.050 709.828,541.749 193.517,544.414 861.362,547.305 413.823,568.832 903.512,571.599 728.489,594.096 620.131,616.934 199.377,620.164 270.866,663.802 275.766,718.943 254.523,734.901 661.222,737.241 195.789,827.254 552.466,848.377 585.434,897.228 444.111,947.293 147.263,952.368 156.585,954.000 575.359,968.936 274.995,968.415 664.728,398.621 49.323,420.475 533.486,920.288 957.786,971.655 146.296,1001.043
ABD2 171.043,436.221 337.765,468.246 694.523,645.319 866.843,656.496 314.837,768.071 160.815,835.373 14.603,900.541 84.750,986.711 35.386,999.384 651.345,7.205 354.861,365.039 42.165,679.803 52.162,681.075 844.878,759.607 133.311,981.338
ABD3 651.408,7.001 880.336,8.553 1014.677,62.917 583.073,222.538 982.675,236.057 89.068,263.047 104.759,294.708 640.651,378.794 337.664,468.133 694.430,645.493 866.981,656.370 404.156,742.868 582.443,748.982 314.797,768.055 133.464,981.161 84.755,986.789 42.136,679.821 35.476,999.571 496.851,189.653 844.860,759.240
ABD4 171.035,436.228 337.763,468.260 694.521,645.321 314.785,768.103 160.810,835.370 14.626,900.562 35.432,999.442 651.352,7.200 354.873,365.030 42.296,679.923 133.311,981.338 84.743,986.711 844.936,759.150 864.281,960.794
ABD5 171.881,437.392 338.163,468.591 694.426,644.927 315.186,768.287 161.309,834.428 14.226,900.337 35.213,998.700 651.094,7.096 355.076,364.962 43.007,680.400 132.399,980.505 85.322,987.432 844.768,759.213 865.078,960.380
ABD6 6.476,637.195 41.070,678.832 136.231,984.643 697.270,648.997 761.170,721.341 848.372,764.478
ABE0 812.752,24.486 206.390,30.739 555.832,49.000 768.791,50.492 322.633,58.678 942.601,58.607 450.986,60.123 575.629,74.624 538.431,90.569 182.718,93.740 310.530,110.354 546.372,117.644 344.507,120.053 114.594,123.513 131.381,126.725 42.653,140.282 351.136,143.888 516.049,147.870 146.605,150.391 619.142,162.504 758.422,176.387 39.439,188.935 61.258,190.466 972.614,193.183 766.516,209.781 672.772,213.809 878.948,218.673 289.322,228.803 68.385,266.912 835.989,268.647 186.613,279.536 866.446,291.508 964.314,295.533 552.284,298.807 189.452,310.784 154.570,342.870 350.678,344.767 742.052,349.074 790.454,365.213 1011.512,365.045 944.163,372.431 128.720,383.847 753.850,394.471 1001.627,394.745 858.885,411.607 267.370,414.465 388.716,430.693 793.609,434.500 918.657,443.012 207.595,445.123 799.918,444.714 728.630,445.987 162.361,459.006 141.050,514.340 275.551,538.699 120.685,539.414 644.014,542.863 71.867,588.585 109.613,590.718 690.539,591.992 422.526,594.254 921.728,620.887 900.815,625.018 215.806,631.207 124.131,644.592 130.725,673.085 28.702,679.068 110.797,678.986 219.019,684.172 703.144,686.565 38.153,687.627 325.124,691.097 234.715,692.608 292.891,693.155 744.665,701.533 386.859,719.240 145.418,726.500 179.308,740.807 364.889,750.494 42.912,755.261 889.811,766.155 937.016,766.572 988.626,777.063 201.478,782.198 325.031,790.479 508.391,792.523 590.817,796.041 284.868,810.693 302.290,823.656 81.018,850.452 238.398,872.181 383.975,886.812 132.095,898.480 995.481,921.025 274.701,924.536 231.666,928.630 95.026,965.103 757.486,996.027 910.485,1014.259 990.863,1014.391 509.636,4.418 983.337,5.797 661.136,9.491 3.891,41.888 744.334,58.128 333.046,61.936 433.914,64.311 589.082,68.898 760.140,90.755 234.966,92.667 274.274,92.682 807.816,95.370 913.711,99.482 361.400,100.465 82.121,116.512 373.221,128.563 871.374,133.478 159.299,133.825 876.059,142.215 369.429,152.748 875.642,163.056 326.768,163.617 299.451,169.928 847.313,176.485 113.872,182.112 321.970,184.724 258.107,190.001 636.706,194.438 912.572,195.495 919.359,205.371 872.373,210.181 448.594,214.854 905.521,216.612 569.524,228.173 45.937,228.459 457.046,235.598 914.701,241.032 11.689,253.357 810.152,253.477 492.453,258.923 757.798,275.686 88.277,289.819 609.196,291.649 817.232,302.649 522.161,303.882 721.730,316.589 185.893,320.662 821.599,322.075 831.586,322.553 697.193,324.052 686.735,327.423 162.764,334.049 181.800,335.407 566.041,333.893 756.257,342.121 774.512,343.484 527.913,344.284 818.059,345.423 768.211,355.594 749.198,357.723 752.335,361.014 908.114,361.391 780.967,372.986 714.019,374.469 33.713,380.852 831.210,392.504 767.068,400.955 817.791,406.858 511.768,413.574 380.817,414.150 723.721,419.380 650.901,433.301 581.284,433.353 632.610,437.258 809.233,442.218 493.888,452.015 585.853,455.614 373.630,459.623 21.342,468.033 515.512,468.017 69.848,485.572 885.976,495.182 840.336,501.030 210.072,503.529 509.756,504.537 715.440,507.182 639.548,514.124 103.617,513.961 689.466,521.546 463.233,525.222 683.639,528.536 940.687,548.373 208.672,551.479 4.208,556.640 152.765,560.858 190.254,560.834 761.989,565.570 490.161,566.576 583.582,573.446 720.813,572.838 810.218,581.565 799.625,584.682 763.421,589.238 741.422,589.724 159.598,591.534 205.450,602.540 461.574,603.805 151.144,606.910 795.318,610.060 117.512,612.598 254.986,614.166 778.169,616.906 793.989,623.233 363.499,633.795 240.686,641.266 62.876,648.975 778.975,659.911 591.793,660.497 16.099,664.028 35.224,665.268 37.755,670.897 605.598,672.112 453.745,673.806 861.056,675.309 241.529,676.166 69.023,681.948 143.124,687.033 396.143,691.110 403.706,691.861 114.021,693.446 353.175,699.518 314.265,719.240 232.453,731.926 768.717,735.896 92.293,741.836 839.662,747.868 37.282,758.219 828.222,763.463 195.346,788.505 601.861,792.557 983.422,803.176 580.910,809.484 238.000,827.474 33.491,836.627 536.106,843.106 791.942,845.225 461.287,848.573 187.795,860.070 200.405,873.033 617.213,880.138 387.048,899.828 459.279,901.229 82.100,908.478 15.917,919.093 457.438,933.880 665.397,940.587 11.747,941.672 488.348,941.717 456.220,943.144 298.440,945.494 765.259,950.395 87.765,964.449 329.086,967.309 206.185,973.062 886.079,983.433 551.574,989.991 129.296,999.740 121.251,999.920 720.017,316.847 212.629,466.106 185.360,883.224
ABE1 720.201,315.926 86.355,963.427 212.026,466.480 15.423,663.199 62.612,649.115 185.476,883.488 185.732,320.464 766.500,358.213 940.771,548.853 489.733,566.443 92.304,741.304 831.735,322.641 810.086,253.471 830.698,392.408 396.512,691.189 81.962,908.205 15.858,919.179 457.455,933.997 461.484,603.584 387.116,899.265 817.234,302.687 162.774,333.985 527.532,344.343 876.210,161.997 713.621,374.576 639.717,513.988 778.268,616.577 353.354,699.057 298.580,945.557 121.481,1000.252 687.732,323.769 255.214,614.283 839.631,748.001 760.199,90.719 876.371,142.280 492.709,259.054 821.781,321.906 817.843,406.791 651.131,433.515 509.980,504.346 152.610,560.755 795.561,610.066 589.322,68.727 235.181,92.699 780.920,373.102 586.000,455.724 162.111,459.099 190.571,560.717 68.805,682.174 551.744,989.555 914.512,241.386 566.185,334.196 493.870,452.325 69.498,485.345 104.140,514.527 463.546,524.864 142.556,686.609 11.255,941.478 206.414,973.381 333.070,61.950 538.227,90.763 448.787,215.036 181.538,335.093 756.689,341.950 767.184,400.918 380.857,414.044 793.734,434.345 728.440,445.853 114.309,693.466 988.522,776.794 536.367,843.457 791.714,845.207 200.767,872.851 361.337,99.873 871.520,133.425 516.211,147.699 637.002,194.513 11.923,253.082 809.156,442.993 918.399,442.742 840.140,500.862 275.269,539.322 643.999,542.908 799.700,584.763 151.727,606.704 779.118,659.844 37.865,671.108 38.125,687.996 179.050,740.394 131.724,898.641 459.316,900.912 310.596,110.441 81.753,116.034 114.416,124.152 159.396,133.652 146.326,150.497 327.708,163.412 113.545,182.137 912.370,195.345 919.007,205.814 905.308,216.867 569.947,228.252 456.904,235.509 68.112,266.958 836.289,268.814 189.578,310.375 774.532,342.781 944.152,372.840 33.712,380.564 632.032,436.716 799.851,444.974 373.537,459.944 810.089,581.541 117.951,612.074 861.536,675.521 218.965,684.233 232.899,731.239 364.720,750.756 827.878,763.793 936.301,767.175 201.512,781.980 508.362,792.438 983.562,802.701 187.764,860.369 994.731,921.581 275.350,924.129 757.390,995.803 909.650,1014.069 812.411,24.598 206.290,31.158 451.402,60.502 575.556,74.743 274.440,92.900 182.381,93.948 545.939,118.491 130.874,126.593 373.450,127.878 42.746,140.502 299.612,169.707 758.718,175.921 39.808,188.716 257.471,190.321 878.190,218.071 87.902,289.850 609.016,291.259 964.340,296.052 552.104,299.029 697.649,324.318 350.869,344.823 742.162,349.469 749.036,357.481 129.085,383.321 858.850,411.523 511.996,413.872 580.852,433.055 515.297,467.614 141.096,513.885 720.816,572.562 900.666,625.001 124.297,645.208 591.987,660.570 453.660,674.523 703.362,686.410 324.608,690.709 314.588,719.288 769.044,735.698 591.267,796.030 580.987,809.009 461.244,848.816 617.512,880.158 383.468,886.919 488.635,941.825 329.152,966.440 661.264,8.766 555.821,49.299 743.884,58.175 943.036,59.111 434.037,63.637 807.773,95.484 913.379,99.805 344.169,119.703 847.320,176.594 766.992,210.008 672.936,213.578 46.103,228.888 186.730,279.419 817.741,345.129 1012.345,365.504 753.745,393.775 266.621,414.165 724.276,419.603 388.550,430.320 886.032,495.009 715.507,507.422 689.702,521.671 120.699,539.809 208.333,552.000 762.359,566.568 583.461,574.092 109.407,590.287 690.187,591.479 159.526,592.260 205.517,602.391 215.797,631.738 241.144,641.345 130.608,672.873 242.035,675.690 28.470,678.642 293.763,694.136 145.410,726.230 37.278,758.081 284.032,810.380 302.757,823.751 34.184,836.838 81.223,850.490 231.500,927.661 664.956,940.896 456.087,943.714 765.220,950.322 886.326,983.536 768.591,50.214 351.000,142.831 369.164,152.907 619.546,162.455 321.360,184.132 61.000,189.870 973.508,193.508 872.380,209.718 757.660,275.593 866.296,291.430 522.462,303.803 155.138,343.535 908.682,360.672 1001.242,395.230 207.838,445.505 21.494,468.417 210.404,503.202 741.404,589.434 762.890,588.886 421.361,594.801 921.866,621.667 794.224,622.486 363.725,633.628 109.700,678.823 235.303,692.000 744.537,701.261 386.975,719.052 890.165,765.339 325.503,790.137 601.631,792.228 237.647,827.151 238.006,872.349 289.513,228.251 72.421,588.422 605.493,670.931
ABE2 720.204,315.849 212.106,466.541 62.577,649.134 15.448,663.261 185.519,883.329 86.326,963.760
ABE3 307.207,32.551 693.140,298.918 720.218,315.823 428.814,334.902 116.830,362.712 235.424,387.206 212.187,466.600 62.493,649.155 468.718,650.362 15.477,663.300 898.515,716.446 904.622,951.602 224.753,262.950 86.344,963.751
ABE4 212.105,466.489 217.229,473.624 62.579,649.142 92.426,741.278 719.987,315.811 15.501,663.296 185.548,883.306 904.773,952.407 86.267,963.869 104.495,600.132
ABE5 212.601,466.724 217.097,472.103 63.050,649.330 94.012,740.606 721.024,317.051 16.206,663.423 184.959,882.529 905.712,952.419 87.255,964.912 103.905,600.826
ABE6 769.098,360.539 64.393,649.928 17.402,664.906 84.543,961.557 841.369,960.597 87.231,964.834
ABF0 472.083,26.924 483.993,32.485 508.080,34.200 464.635,37.174 470.640,38.638 484.765,43.042 454.410,44.842 925.476,49.006 494.951,52.496 933.936,64.789 574.545,68.726 896.524,75.538 876.725,80.201 712.246,89.748 996.993,92.314 459.312,93.244 76.821,102.029 935.839,110.170 622.263,111.015 123.851,117.727 984.274,118.858 907.170,126.430 859.419,129.413 834.594,141.163 136.254,145.496 842.930,147.335 909.289,147.288 564.595,150.654 923.731,153.618 894.462,155.992 721.426,163.433 964.621,164.167 834.814,166.317 908.996,167.648 715.102,189.003 698.083,190.629 252.667,201.128 697.932,202.554 922.614,210.051 811.754,212.017 958.974,220.347 199.603,226.958 479.219,235.382 528.374,239.164 308.090,248.265 255.646,248.165 710.599,249.170 738.896,254.869 442.897,265.828 697.501,266.333 696.531,276.336 143.520,292.785 602.450,295.965 98.464,299.387 545.147,314.966 233.415,328.566 224.906,356.863 919.453,361.957 759.985,373.275 996.136,374.167 335.236,379.653 455.463,426.516 105.587,438.166 346.308,452.106 203.710,454.744 379.645,464.811 594.312,467.939 991.594,471.360 884.046,490.097 792.982,493.948 938.346,503.469 761.786,514.694 160.647,536.895 543.408,565.518 822.826,568.427 931.117,611.149 520.723,641.221 217.108,667.117 967.521,668.005 371.674,673.120 403.714,675.618 12.028,690.730 873.111,727.813 390.755,734.026 176.327,738.653 710.096,738.904 597.185,748.943 929.672,755.492 755.714,757.195 585.842,777.078 230.864,777.748 576.945,787.963 710.371,787.825 573.937,797.620 305.740,805.209 844.938,808.956 886.042,812.818 22.176,823.364 417.088,827.144 313.246,830.373 221.101,848.296 581.668,854.004 667.210,854.017 960.149,862.000 738.417,869.601 483.906,878.288 37.315,880.070 384.854,886.320 357.442,908.372 366.396,922.631 857.209,922.115 298.970,923.528 339.420,928.597 876.066,934.403 945.110,947.665 147.477,949.807 193.861,964.346 232.493,288.206 510.696,585.788 737.301,202.269 673.363,785.346 114.395,206.811 942.981,123.438 143.277,590.685 558.388,432.643 799.907,184.698 737.722,213.072 809.636,305.667 749.479,999.879 925.107,169.983 374.240,976.845 321.126,641.351 771.634,34.472 443.224,789.747 901.264,324.679 278.697,704.606 349.535,765.253 671.778,1012.572 992.056,579.927 901.705,990.943 313.289,20.462 997.742,917.350 658.461,527.688 780.390,856.415 649.900,171.127 899.499,525.448 1002.155,297.346 192.736,814.732 551.485,779.622 556.404,84.760 725.343,342.570 717.460,895.206 419.656,28.148 700.189,903.662 934.901,51.992 731.323,400.155 547.651,18.613 117.553,41.318 523.027,114.280 788.374,148.111 431.549,688.242 794.651,64.374 153.626,683.342 616.332,831.013 1008.724,587.095 716.529,639.579 255.131,865.076 430.475,995.213 506.798,49.307 256.500,699.209 336.460,238.719 444.792,472.113 749.923,789.922 372.165,889.360 318.234,222.113 417.471,401.225 137.690,620.236 817.763,810.885 549.461,863.705 984.461,800.974 126.023,586.441 624.376,643.474 591.864,896.308 96.197,52.882 910.761,587.282 864.925,47.802 50.702,98.375 867.849,223.582 683.384,395.364 898.480,493.702 758.146,713.012 234.825,615.424 297.500,816.453 640.296,906.798 914.843,398.230 962.439,698.294 271.477,219.369 145.848,423.306 202.246,393.924 843.283,975.570 725.571,980.420 645.629,279.692 754.579,408.264 496.402,423.108 997.481,783.957 894.292,127.972 822.348,273.565 768.009,494.494 425.439,952.286 948.006,477.378 860.638,817.442 227.210,482.386 470.249,742.096 736.551,743.809 172.825,1003.825 482.799,557.481 778.386,874.419 562.706,844.105 247.358,331.760 630.696,420.463 650.761,867.521 873.612,790.388 708.046,600.710 572.092,675.286 234.537,249.654 975.481,792.296 360.603,1002.519 252.474,959.612 561.666,25.068
ABF1 923.280,211.193 193.975,966.048 756.360,758.506 485.279,43.753 521.259,642.063 221.214,849.027 308.382,248.746 105.635,438.586 313.623,831.351 910.078,147.855 876.688,80.752 472.324,26.929 305.708,805.454 812.376,212.207 494.657,53.002 834.619,141.318 252.567,201.459 464.453,37.115 876.540,934.602 484.118,32.446 621.754,111.508 834.605,166.591 225.103,356.769 667.245,853.895 907.279,126.474 760.128,373.276 884.376,490.324 217.397,667.127 967.631,667.850 22.000,823.406 384.456,886.369 945.083,947.593 708.550,250.244 697.608,266.286 12.398,690.458 585.822,776.515 417.201,827.059 574.829,68.556 77.049,102.539 984.400,119.090 894.458,156.206 965.060,164.014 715.153,189.622 545.369,314.814 233.368,328.773 346.297,452.412 991.672,471.654 160.369,536.420 371.592,673.298 390.752,734.353 573.551,797.784 897.086,75.610 936.122,110.490 858.801,129.034 721.582,163.537 908.906,167.628 959.411,220.360 199.687,227.092 758.084,713.084 576.550,787.684 960.027,861.931 453.418,44.974 925.611,48.568 712.702,90.380 459.735,93.220 924.525,158.225 479.015,235.051 255.491,248.367 919.721,361.898 996.283,374.270 938.693,502.822 581.516,854.548 738.238,869.588 484.205,878.415 37.211,879.984 998.000,917.211 794.774,64.616 996.640,92.304 698.099,202.907 947.611,217.831 696.214,275.705 602.427,295.506 558.419,432.352 379.479,464.369 947.906,477.978 898.955,493.659 822.768,568.086 143.803,590.665 872.896,727.689 176.412,738.907 710.487,738.957 929.653,755.375 549.605,864.148 718.115,894.129 299.338,923.130 857.027,922.169 339.459,928.679 725.056,979.998 419.817,28.359 508.011,33.919 118.170,41.283 934.162,65.777 556.734,84.220 523.048,114.183 123.970,118.430 943.140,123.442 136.284,146.217 565.122,151.227 649.539,171.370 799.929,185.075 737.051,202.150 336.611,238.700 739.097,255.388 442.671,265.838 143.722,293.060 1001.716,297.250 809.533,306.065 725.329,343.008 201.956,393.609 210.806,446.683 203.563,455.102 594.495,467.974 898.655,524.957 930.640,610.619 403.796,675.722 431.495,688.391 256.577,699.496 736.363,744.379 597.311,748.943 349.674,764.479 230.684,777.439 551.693,779.606 672.297,786.253 710.364,788.000 749.696,789.953 886.106,812.385 297.540,816.655 699.788,904.022 358.260,908.247 366.253,922.948 147.434,948.942 373.719,976.631 671.670,1012.395 546.749,18.771 313.682,21.149 771.136,34.885 50.774,98.666 924.473,170.473 699.028,190.967 113.615,207.129 737.515,213.628 317.968,222.434 867.300,223.505 528.254,238.951 232.452,288.611 900.717,324.618 335.493,379.877 731.275,400.703 140.151,417.741 496.973,422.984 456.165,426.051 227.231,481.453 768.457,494.473 793.204,494.113 658.857,527.275 483.000,557.374 543.655,565.218 991.709,579.391 510.773,585.408 707.791,600.494 235.720,615.132 321.287,641.085 572.102,675.450 153.835,683.407 278.933,704.157 470.000,741.579 873.061,789.954 844.552,808.833 817.996,810.678 192.551,814.256 860.914,817.153 780.313,856.083 778.658,874.419 371.804,889.808 592.208,896.663 843.788,975.552 749.519,1000.095 361.061,1002.709 561.369,24.415 865.529,47.551 506.750,49.381 96.145,52.696 788.144,147.963 271.525,218.709 233.861,248.780 822.504,272.862 645.304,280.275 98.061,299.128 247.703,331.730 683.547,394.927 914.356,398.856 417.481,401.760 754.101,408.713 630.421,420.854 444.407,472.719 762.623,513.993 124.839,585.445 1008.518,586.281 909.404,587.324 137.883,620.233 716.555,639.716 624.506,643.022 961.947,697.695 996.661,784.207 443.210,790.365 974.634,792.835 984.644,800.248 616.434,831.370 563.269,844.192 255.014,864.875 650.199,867.945 640.240,906.922 425.790,952.697 901.539,991.129 431.043,994.658 173.256,1003.994 895.322,128.315 251.817,959.233
ABF2 464.362,206.716 756.440,758.487 923.289,211.168 308.395,248.519 105.825,438.833 521.272,642.315 193.966,966.150
ABF3 473.080,126.631 464.350,206.701 758.340,269.152 68.073,426.804 470.558,437.043 368.453,486.844 928.629,503.735 488.844,550.418 138.366,634.995 286.858,712.932 756.522,758.493 34.684,772.918 238.594,953.466 764.748,983.122 923.403,211.152 193.908,966.201 105.699,439.513
ABF4 464.367,206.700 756.539,758.485 912.669,148.379 923.072,210.964 308.397,248.505 105.831,438.832 521.271,642.315 193.737,966.386 313.820,831.670
ABF5 464.774,208.311 756.414,758.178 912.810,149.459 923.198,211.039 308.663,249.152 105.941,438.121 521.024,642.088 193.879,966.535 314.215,832.718
ABF6 928.081,215.891 912.707,153.071 920.845,208.624 352.793,744.229 192.786,964.943
ABG0 139.189,14.871 515.620,20.103 808.307,24.219 51.504,50.498 252.678,57.467 698.939,73.015 260.610,77.544 690.705,87.216 668.074,89.862 347.905,97.488 834.273,98.976 484.757,111.904 387.147,116.313 65.114,124.293 607.266,128.116 230.525,139.239 34.754,141.929 67.953,159.587 171.398,163.889 158.431,172.372 93.472,196.315 458.881,198.198 605.320,200.850 380.582,204.021 166.584,208.097 626.012,220.129 428.272,230.146 398.669,231.163 416.957,278.168 22.503,281.397 724.322,328.748 946.068,330.068 515.764,342.177 277.979,350.449 386.456,359.074 38.639,381.283 208.977,394.141 106.620,416.055 109.183,432.323 666.936,435.180 223.443,440.346 154.034,456.400 379.340,465.693 666.618,474.243 175.762,493.079 775.767,497.980 478.177,500.405 230.451,501.212 644.720,511.198 24.741,517.167 539.758,519.414 228.092,521.282 93.848,531.933 673.711,538.010 972.724,553.187 600.131,569.844 398.268,588.520 370.618,605.225 173.331,655.620 43.704,675.060 669.678,676.074 361.474,680.344 430.020,692.624 734.649,694.526 396.497,730.222 129.026,775.179 238.730,780.436 86.533,782.118 365.782,782.209 106.087,783.087 128.012,797.598 934.967,798.467 858.500,801.965 194.627,822.648 144.557,841.146 135.336,847.683 579.521,869.331 340.075,883.046 984.513,883.320 813.050,885.051 75.415,901.343 688.456,907.863 642.811,915.180 361.037,917.055 33.007,918.960 922.135,921.821 113.225,929.604 748.515,941.868 868.458,948.920 263.374,971.078 206.421,976.967 676.350,979.302 726.071,983.061 494.196,999.031 573.253,1006.164 82.006,1013.648 26.005,294.832 200.266,333.475 292.309,358.132 276.370,944.315 759.732,471.225 901.206,180.998 830.780,710.891 409.917,839.308 55.647,889.306 318.902,587.802 656.523,195.368 492.578,277.620 272.292,868.841 533.989,958.492 304.061,716.977 81.251,412.851 24.566,470.699 255.826,683.887 37.531,994.103 240.007,573.603 221.140,285.984 409.873,615.859 201.307,629.319 710.369,69.701 214.279,276.583 890.697,487.973 247.732,531.179 372.296,67.493 62.873,790.478 226.471,704.622 238.159,839.262 703.126,816.812 953.589,243.569 481.494,635.762 251.408,363.235 1006.748,507.477 564.313,802.386 466.494,269.131 590.427,447.147 565.125,597.080 767.839,50.585 1000.078,726.399 639.254,901.325 910.633,580.509 248.191,735.586 321.755,544.824 430.707,96.136 691.116,301.268 256.658,788.349 197.968,1001.442 175.258,148.652 315.559,674.965 296.325,609.435 18.340,719.062 547.004,64.744 254.537,182.882 842.874,814.005 433.434,132.096 278.497,226.022 37.246,414.366 860.779,454.343 599.666,265.654 219.532,355.490 690.904,142.777 846.032,151.258 326.409,492.355 104.134,28.909 612.322,632.013 139.503,763.339 741.148,189.514 865.375,990.836 476.630,35.104 210.984,310.380 125.744,358.647 778.384,615.061 542.170,329.299 874.298,637.559 196.590,652.239 857.064,678.509 241.446,123.802 480.513,584.400 816.166,621.530 942.032,52.674 88.139,375.004 351.734,410.937 952.719,676.279 389.110,739.623 193.618,483.480 487.761,738.602 178.004,420.735 400.446,579.085 736.541,96.213 346.286,492.912 188.753,538.586 284.210,568.097 444.094,822.748 445.323,128.610 799.977,209.014 105.750,794.902 520.596,373.427 220.606,578.632 315.700,222.581 1002.427,265.603 607.615,480.673 216.920,490.585 414.441,968.890 530.422,93.112 135.586,193.633 836.227,491.399 518.236,8.136 648.335,586.326 828.204,1010.044 436.496,173.979 942.516,492.566 770.576,32.694 600.249,804.627 724.769,393.434 186.795,262.560 554.663,165.644 162.416,642.744 420.598,336.373 663.292,779.368 762.712,24.162
ABG1 643.860,916.591 230.830,502.305 230.953,140.541 25.353,518.185 366.383,783.145 973.509,554.080 228.387,522.143 387.283,117.382 515.982,20.484 154.174,457.473 579.619,870.332 399.024,231.764 237.691,784.100 676.501,979.899 44.364,675.416 167.008,208.247 109.347,432.862 645.221,511.674 209.508,394.797 946.266,330.447 690.978,87.752 86.931,782.434 360.959,917.507 775.592,497.928 666.735,474.331 922.029,921.498 478.184,500.560 984.448,883.486 868.376,948.823 428.160,230.285 417.086,278.038 175.462,493.078 340.577,883.423 138.957,14.617 458.592,198.241 515.371,342.011 934.778,798.748 812.813,884.735 607.217,128.363 666.568,435.165 688.794,907.763 748.680,941.972 67.429,160.244 106.715,416.379 759.682,471.414 361.504,679.780 194.862,822.839 33.130,918.606 726.156,982.718 484.351,111.713 93.344,196.351 626.167,220.253 22.806,281.210 723.832,328.720 396.917,729.986 106.534,783.666 206.503,976.975 494.014,999.177 573.397,1006.599 51.830,50.377 252.827,57.078 698.664,73.364 668.226,89.546 64.821,124.645 170.885,163.913 158.381,172.867 657.302,195.069 274.911,354.552 326.263,492.027 539.800,520.066 673.982,537.482 240.896,574.099 201.904,629.775 429.811,692.450 276.085,944.574 198.180,1001.604 807.601,24.299 260.117,77.016 834.280,99.005 34.461,142.320 287.139,344.147 386.473,358.685 292.593,358.715 890.437,487.855 600.015,569.565 319.688,587.334 398.481,588.469 371.084,605.549 670.091,676.549 129.207,775.563 127.762,797.603 858.252,802.016 638.927,901.592 864.997,990.593 942.302,53.377 348.082,98.112 444.983,128.568 175.730,148.401 604.740,200.488 380.698,203.927 799.529,209.008 599.511,265.681 214.692,276.409 26.317,295.215 690.710,301.729 301.385,352.527 219.327,355.783 38.360,381.894 81.016,413.221 223.108,440.234 607.343,480.400 1006.673,507.483 188.468,538.506 220.826,578.698 480.866,583.393 815.781,620.870 196.294,651.947 248.321,736.331 145.044,841.294 135.092,848.341 272.898,868.915 55.477,889.006 113.259,929.427 533.940,958.220 262.772,970.828 82.212,1013.884 518.522,8.708 472.267,33.014 768.127,51.032 710.442,69.610 736.646,96.685 240.958,123.684 434.184,131.600 690.527,142.467 845.798,150.167 553.923,165.565 901.197,180.671 278.494,225.123 953.930,243.825 200.060,333.336 125.787,358.269 251.776,363.414 520.806,372.954 88.255,374.656 37.422,413.811 590.291,447.423 860.385,454.703 379.228,466.163 25.180,470.311 666.980,484.587 93.718,532.013 321.854,544.475 911.497,580.683 296.436,609.546 612.498,632.117 481.653,636.024 874.558,637.486 162.821,642.821 173.613,654.613 855.999,678.912 255.981,683.753 735.001,694.050 226.238,704.525 830.428,710.634 17.845,718.625 389.738,739.325 139.262,763.454 256.685,788.517 63.000,790.400 563.932,802.492 600.294,805.853 702.996,816.703 237.935,839.495 410.460,839.609 75.388,901.190 413.226,968.221 37.730,993.761 828.468,1009.829 762.814,23.536 104.252,27.909 770.503,33.000 547.012,65.350 372.176,67.365 530.844,93.298 430.626,96.425 435.839,173.984 254.202,182.845 740.634,188.799 315.538,222.778 466.339,268.669 493.481,277.503 220.819,285.993 211.270,310.535 542.148,329.555 421.000,335.803 724.685,392.855 351.836,411.498 178.104,420.840 193.439,483.116 217.630,490.205 835.676,490.526 346.552,491.785 247.660,531.259 283.551,568.358 400.595,579.006 648.611,586.000 565.000,596.655 778.255,615.769 315.456,674.834 303.970,716.609 487.646,739.438 662.500,780.000 106.577,795.000 842.402,814.327 656.723,186.267 135.103,193.577 187.414,262.000 1002.025,265.295 943.142,490.964 409.617,615.163 952.233,675.743 999.744,726.426 443.757,822.073
ABG2 515.979,20.303 230.878,140.519 154.161,457.416 230.865,502.311 25.385,518.190 228.385,522.321 973.578,554.044 366.516,783.126 237.773,784.454 579.681,870.566 387.207,117.472 398.940,231.899 643.851,916.540 167.779,208.482 109.236,432.860
ABG3 950.476,96.476 32.886,111.177 230.801,140.551 328.537,328.038 388.300,334.681 230.890,502.313 25.432,518.190 228.315,522.385 444.793,550.353 973.614,553.969 366.501,783.056 643.833,916.462 167.936,208.470 398.995,231.972 113.061,433.599 237.765,784.741 888.498,929.065
ABG4 515.958,20.296 230.876,140.456 154.158,457.414 230.934,502.382 25.392,518.197 228.384,522.318 973.566,554.053 366.513,783.126 237.766,784.453 247.186,869.180 579.672,870.564 387.191,117.466 167.764,208.477 398.981,231.913 643.974,916.539 652.875,917.191 109.242,432.863 112.845,433.625
ABG5 516.972,20.993 230.643,140.205 155.260,458.161 231.393,502.830 25.313,517.363 229.106,523.183 973.058,554.122 365.940,782.771 238.837,784.910 247.967,869.233 580.732,870.447 387.349,117.177 168.519,207.984 398.913,232.710 644.859,917.907 651.836,918.638 110.006,434.122 113.009,434.246
ABG6 233.178,504.112 217.178,561.157 368.852,785.521 646.288,920.080 688.868,88.336 644.779,917.811
ABH0 97.415,24.750 972.069,26.696 810.771,29.785 354.918,30.895 194.326,53.132 470.206,75.822 731.061,84.632 811.870,86.818 181.178,94.047 122.529,111.554 173.980,115.197 929.001,120.009 999.032,126.244 205.669,133.679 442.577,138.139 560.835,150.750 806.567,190.493 812.641,194.649 604.622,205.102 304.162,212.882 109.912,214.429 325.775,222.246 246.322,231.160 156.955,243.343 534.407,242.756 470.305,245.011 260.860,264.257 458.692,266.220 372.799,271.531 614.592,282.251 506.523,282.745 412.976,287.843 796.775,295.654 589.592,296.408 634.856,297.371 218.356,304.616 666.729,307.369 656.445,312.111 970.823,312.612 326.403,319.218 257.638,324.601 343.140,345.714 749.074,365.221 808.032,364.409 572.921,366.460 435.437,372.491 576.652,376.468 74.490,383.791 178.456,383.623 430.914,391.732 186.445,392.823 848.481,392.226 509.944,413.644 83.994,421.004 326.522,423.369 335.442,427.407 451.025,429.506 1018.663,444.937 262.977,495.688 898.354,498.488 837.112,501.668 722.944,543.099 79.634,544.349 798.690,552.639 764.781,560.452 850.693,604.519 304.512,625.979 82.361,647.376 988.872,649.020 782.697,649.908 391.030,650.621 866.295,654.384 278.436,670.318 806.667,671.474 36.277,679.714 602.871,684.427 906.660,692.471 664.571,702.338 945.882,706.582 734.282,718.004 423.962,717.753 668.917,755.191 550.480,767.310 950.847,779.811 453.582,782.979 960.553,791.060 704.273,797.010 370.006,802.757 209.187,830.281 770.894,829.625 18.804,838.332 1002.879,849.605 740.483,850.389 143.645,860.311 334.649,874.765 899.112,878.649 778.365,889.465 804.720,889.342 619.062,891.630 795.010,895.438 366.469,906.238 884.029,912.881 6.357,915.801 327.083,929.654 230.857,932.330 666.255,947.616 126.257,956.553 312.078,980.460 65.798,994.755 626.609,996.525 924.016,10.881 305.500,11.956 760.388,15.761 707.546,19.184 792.255,20.566 273.991,25.009 589.118,24.288 388.554,31.618 861.059,32.668 81.419,41.489 1016.249,45.623 653.308,52.452 311.667,59.864 825.972,70.191 45.225,72.419 468.219,74.919 515.759,83.949 192.762,96.954 567.984,108.004 599.652,116.089 196.119,120.964 127.284,122.240 685.318,122.269 698.900,121.662 1011.882,133.761 914.184,148.592 833.328,155.170 829.738,162.303 596.200,165.367 536.218,174.280 135.375,175.301 552.918,174.657 320.311,181.476 305.420,189.408 840.757,195.028 913.221,197.149 766.830,207.401 502.719,212.406 1008.366,213.527 464.380,225.538 417.367,228.880 73.255,241.733 211.195,245.913 761.363,248.458 371.698,251.600 923.800,251.757 777.450,274.658 444.837,278.134 685.514,283.689 783.005,288.804 930.845,288.197 44.964,306.094 369.495,315.789 6.012,319.240 575.934,325.676 139.907,352.820 571.793,353.596 793.687,351.896 384.794,357.343 587.539,364.251 242.999,368.697 703.166,379.631 869.143,388.510 315.604,392.901 699.319,416.397 297.194,429.302 216.996,433.619 553.544,457.940 813.106,472.397 159.325,481.339 704.679,482.935 569.121,495.644 626.211,503.623 314.138,505.043 397.283,519.704 670.508,523.853 8.304,545.758 763.745,548.286 625.424,553.602 695.186,559.867 366.444,576.365 612.099,577.434 69.897,579.565 984.373,580.662 284.516,585.883 513.460,586.105 544.991,587.137 773.460,601.958 848.376,608.944 857.917,609.760 552.316,615.748 240.282,625.663 427.497,640.256 854.949,649.668 708.357,659.621 183.351,670.490 184.592,674.006 353.122,681.531 911.151,685.437 971.191,692.337 672.321,699.289 321.136,704.878 375.723,707.618 385.314,709.929 642.205,719.113 152.679,735.130 1014.954,737.774 660.098,753.459 759.552,784.554 1013.861,787.239 223.397,793.808 517.152,794.939 932.536,801.250 757.135,807.210 340.450,813.509 769.926,817.916 852.085,818.730 9.904,820.304 116.522,827.856 649.396,837.469 911.475,863.644 825.785,879.484 181.261,885.272 910.809,889.344 796.080,933.785 719.095,945.550 825.698,987.287 244.919,999.885 471.867,1014.286 937.117,1015.269 945.230,1015.081 197.224,78.225 165.132,225.841 425.289,270.867 741.148,275.427 553.354,278.641 583.184,354.061 674.624,495.198 786.876,506.722
ABH1 444.601,277.500 469.389,74.749 794.359,351.033 503.323,211.832 139.558,352.507 244.506,999.800 8.032,545.879 786.677,506.532 425.434,270.436 855.040,649.951 535.692,173.783 674.338,495.332 553.541,278.310 164.886,225.450 985.325,580.432 741.165,275.484 352.943,681.824 311.889,59.399 197.509,78.191 471.646,1014.040 757.537,807.473 464.549,225.708 397.035,519.435 851.782,818.365 44.652,306.498 385.350,709.746 340.430,813.506 321.289,704.717 305.477,11.919 826.382,70.617 912.834,197.046 930.539,288.304 695.000,559.758 304.536,626.062 152.857,735.801 589.286,24.487 684.966,122.034 913.903,148.379 553.587,174.498 840.328,195.148 812.877,472.000 670.911,523.829 773.417,602.032 424.002,717.881 734.787,718.092 770.975,829.000 760.200,15.644 698.489,121.498 127.457,121.759 766.782,207.534 506.784,283.287 326.675,422.714 544.434,586.919 910.585,889.196 231.045,932.049 971.809,26.499 192.771,96.752 928.735,119.656 829.763,162.639 243.016,368.393 217.015,434.391 837.915,501.778 626.254,503.636 366.429,576.491 183.107,670.505 664.584,702.097 642.038,719.069 517.315,794.720 326.686,929.557 825.826,986.708 707.150,19.830 811.201,29.634 388.610,31.537 861.065,32.553 45.567,72.341 174.000,115.136 599.021,116.117 206.547,134.091 560.154,150.760 135.364,174.791 325.280,221.879 783.206,288.927 576.211,325.329 579.851,350.432 571.738,354.075 430.696,391.830 315.936,392.996 848.469,392.629 553.464,458.399 612.336,577.026 769.685,817.662 116.682,828.623 718.729,945.904 355.125,30.680 652.591,52.212 515.570,84.151 731.000,83.960 812.253,87.474 196.459,120.918 442.307,137.652 109.460,213.888 417.504,228.496 246.018,231.468 470.504,245.337 923.563,251.173 261.649,263.549 372.905,271.496 413.362,287.387 589.189,296.469 667.558,306.672 656.474,311.611 573.513,366.261 576.483,376.010 869.285,388.014 186.480,392.939 450.862,430.091 159.089,481.219 722.243,543.148 79.624,544.469 764.840,560.509 858.294,609.870 783.293,649.439 278.236,670.773 807.119,671.487 36.852,680.865 970.961,691.571 1015.222,737.150 759.886,784.895 794.898,895.315 366.663,906.896 796.131,934.005 66.074,994.430 792.261,20.608 80.753,41.429 194.193,53.003 122.587,111.874 998.682,126.372 305.404,189.433 806.261,190.353 1007.946,213.649 303.561,213.394 74.015,241.759 157.491,243.366 533.829,242.659 211.006,245.887 761.451,249.088 458.283,266.087 777.310,274.351 615.182,282.712 796.494,295.615 635.012,297.704 218.423,304.509 971.431,312.110 384.017,357.493 587.431,363.564 748.574,365.148 807.873,364.327 435.704,373.009 703.129,379.358 74.256,383.409 178.409,383.262 511.393,413.399 700.000,417.000 297.565,428.714 705.025,483.291 262.967,495.997 799.285,552.596 283.983,586.195 847.751,608.471 552.289,615.739 427.013,640.875 82.367,647.067 989.101,650.069 707.960,660.181 602.963,684.583 906.501,691.313 946.127,705.657 375.317,707.876 659.613,754.160 669.165,755.614 950.979,780.118 961.311,791.956 703.548,796.766 369.824,802.859 10.005,820.039 209.404,829.962 18.770,836.980 649.439,837.463 1002.599,849.427 911.242,863.542 334.449,875.009 898.844,878.071 825.554,879.587 619.098,892.098 626.587,996.582 96.735,24.970 274.370,25.205 180.733,94.559 568.361,107.581 1012.092,133.392 319.868,181.363 603.372,205.481 370.249,251.134 685.435,284.040 370.216,316.682 326.477,319.250 258.182,324.080 343.258,345.693 84.327,420.560 335.959,428.247 569.466,496.364 899.413,497.921 313.517,505.632 764.041,547.978 625.290,553.341 514.329,585.929 240.594,625.485 390.767,650.830 866.457,653.904 550.273,767.361 1014.011,787.197 223.222,793.017 932.409,801.230 740.358,849.743 144.000,859.402 778.705,888.670 804.857,889.820 884.714,912.299 666.304,947.431 126.623,956.730 313.142,979.466 596.112,164.106 69.723,579.453 454.000,780.500 183.000,885.000
ABH2 469.449,74.755 535.940,173.933 503.317,211.736 444.590,277.566 553.520,278.233 794.356,350.961 674.645,495.215 786.710,506.601 8.012,545.973 244.384,999.656 425.221,270.522 139.597,352.602 855.012,649.862
ABH3 469.541,74.767 115.493,163.062 503.286,211.707 444.551,277.627 794.316,350.875 488.064,352.900 180.451,714.624 822.967,718.953 39.647,936.512 726.384,992.921 801.058,1010.852 139.675,352.701 244.195,999.450
ABH4 469.460,74.746 503.318,211.734 553.498,278.247 794.356,350.959 674.654,495.234 786.687,506.595 7.999,545.970 244.400,999.634 535.915,174.082 425.218,270.582 444.556,277.493 139.601,352.605 855.002,649.845
ABH5 469.660,75.110 503.292,211.364 553.677,278.790 794.623,351.503 674.647,496.879 786.634,507.553 8.349,546.658 244.791,1000.117 536.940,174.887 425.122,270.848 444.270,277.423 139.807,352.855 854.968,648.882
ABH6 426.727,184.262 792.069,512.711 345.448,569.321 448.801,281.247 96.294,761.266
ABI0 314.737,3.221 627.409,14.569 599.115,28.688 338.484,49.209 458.026,56.675 718.722,59.887 858.671,64.215 56.648,77.700 840.548,88.066 189.481,89.246 570.332,99.573 701.973,99.976 335.714,130.683 28.938,131.715 91.026,138.981 199.736,138.829 228.923,150.546 222.762,172.990 250.014,174.607 850.564,173.996 61.954,180.660 190.375,180.586 744.275,188.724 114.671,196.704 166.316,210.146 640.043,232.904 52.080,242.302 141.519,244.539 574.616,247.274 320.718,253.489 495.052,258.619 398.670,262.733 526.553,269.696 214.661,281.448 90.708,288.631 530.885,296.032 6.521,312.369 886.120,313.880 529.949,322.728 656.469,322.762 434.519,328.898 344.669,330.727 24.829,332.728 377.383,342.616 495.089,342.432 590.831,358.797 998.219,364.130 550.353,365.075 920.673,367.891 298.646,380.444 890.265,387.851 566.554,393.578 635.038,393.037 350.478,401.375 848.921,402.545 266.746,407.423 193.732,432.913 578.681,443.551 192.936,455.854 931.514,475.155 51.241,480.019 888.096,480.700 1019.637,482.342 445.039,486.518 332.962,489.553 279.802,490.536 418.258,494.385 964.661,501.080 596.060,522.374 387.794,570.716 480.108,589.869 29.950,594.502 905.817,606.409 863.310,608.908 550.926,615.131 74.860,619.341 698.477,624.296 385.043,636.626 545.213,642.881 327.024,651.412 609.723,654.899 422.288,666.572 17.562,671.083 360.535,670.929 848.152,718.480 604.709,728.344 380.916,732.484 2.638,753.381 269.463,754.471 304.989,758.684 331.129,770.752 223.514,796.720 149.611,805.094 540.557,810.443 110.449,814.172 863.059,838.504 309.107,840.474 855.925,858.127 794.542,892.931 369.715,905.155 100.560,943.408 243.051,948.377 988.597,964.220 163.648,964.627 526.399,972.509 806.524,976.006 627.542,981.061 482.431,995.196 32.972,7.706 507.260,12.055 456.720,12.093 1009.857,13.975 674.153,16.977 989.232,24.410 388.018,25.579 375.595,29.911 747.292,31.018 1003.411,35.589 663.874,38.876 339.570,41.602 377.531,44.328 773.035,48.394 84.500,57.696 802.120,60.608 696.418,67.220 687.813,68.940 362.283,79.306 407.461,79.310 578.859,81.735 187.404,81.997 657.900,82.934 263.236,87.656 647.672,87.749 453.778,98.130 217.442,100.718 439.873,105.159 142.461,106.857 285.476,109.730 731.598,118.013 40.122,118.017 900.628,119.281 267.384,123.630 308.521,124.017 853.933,128.216 381.177,129.634 41.112,132.943 121.885,135.434 529.854,136.277 823.276,146.638 259.995,148.070 853.618,151.800 212.644,155.176 198.345,156.933 606.926,155.536 128.887,157.764 528.062,158.295 183.201,160.252 197.347,162.504 368.937,173.731 835.899,175.249 643.609,179.285 286.919,178.739 334.485,184.513 228.715,184.898 435.775,189.101 792.961,190.961 821.615,191.310 663.953,192.130 684.325,196.529 132.967,199.167 410.662,205.491 117.661,205.764 830.238,206.786 673.530,208.341 653.863,215.213 471.623,229.594 738.460,233.923 978.178,233.693 815.744,237.584 187.812,238.016 194.167,240.583 559.739,248.600 594.156,249.400 868.567,251.155 134.337,252.886 725.051,252.083 254.626,257.976 369.452,259.625 320.642,262.092 652.099,265.213 679.231,268.430 255.023,276.378 467.582,276.441 379.475,278.033 537.988,281.411 425.310,293.337 175.678,303.368 642.052,303.918 226.477,307.008 243.870,309.650 925.253,315.481 385.922,315.817 418.971,316.868 721.438,316.496 913.383,320.019 29.559,319.963 377.896,327.969 855.845,333.637 393.562,334.156 781.368,335.962 816.445,338.647 189.324,342.772 864.239,347.466 28.018,353.568 402.842,353.998 960.749,357.327 787.518,359.744 801.242,364.405 107.747,365.823 400.441,383.955 461.312,387.612 789.569,395.498 793.266,402.967 826.036,404.054 277.463,404.243 541.938,408.061 488.350,414.077 395.006,436.823 336.383,447.284 19.926,448.991 508.506,452.139 87.830,458.733 202.287,458.028 873.986,469.942 77.860,474.881 914.059,481.561 476.748,481.870 856.418,499.234 20.324,509.238 581.229,508.550 299.554,513.212 453.840,512.776 795.901,517.948 336.175,523.807 42.179,536.391 35.631,565.521 73.912,565.891 785.431,596.527 857.793,607.277 537.891,672.420 117.141,682.305 955.266,683.674 572.993,683.723 94.700,689.233 433.019,691.003 782.089,697.112 807.930,704.467 31.804,728.348 316.407,730.451 481.451,737.124 660.519,739.625 932.914,765.056 648.007,768.020 608.958,770.212 816.746,783.180 749.001,789.820 999.283,792.063 141.414,794.692 404.458,809.994 283.376,828.143 297.771,840.522 137.127,842.436 1002.373,842.279 54.853,843.597 241.802,849.328 643.485,861.747 432.324,872.791 467.644,888.083 313.381,892.444 896.033,894.472 886.666,904.049 819.708,915.841 767.930,922.750 215.599,933.361 125.063,970.159 771.926,981.299 112.374,205.831 543.038,483.002 67.069,602.987 192.430,674.967
ABI1 792.660,191.356 368.736,173.423 192.156,675.265 39.597,117.528 67.387,603.580 913.427,319.977 543.135,482.879 802.124,60.624 664.027,38.672 228.866,185.190 88.141,458.575 687.702,69.081 537.607,672.630 27.908,353.419 541.509,408.153 702.000,99.960 308.553,123.920 436.047,188.892 419.012,316.390 925.619,315.653 286.836,178.940 134.388,252.680 20.314,509.744 54.756,843.562 606.711,155.432 643.339,179.270 410.650,205.352 933.116,764.973 1009.852,13.824 673.825,16.883 198.138,156.293 226.566,307.318 386.138,315.812 873.647,469.798 94.750,689.211 648.300,768.281 137.090,842.418 1002.931,842.645 886.622,903.843 41.467,133.266 725.430,251.992 801.328,364.484 793.489,403.174 74.155,566.392 116.955,682.237 768.170,922.329 747.294,30.627 457.831,56.651 718.344,59.948 28.796,131.750 850.478,174.466 334.293,184.732 377.725,327.679 278.111,404.014 19.667,449.317 77.802,474.536 479.847,590.150 432.820,690.656 781.718,697.033 748.875,789.289 215.993,933.803 125.088,970.067 598.986,28.572 773.253,48.478 263.188,87.710 453.934,98.325 212.434,155.037 977.781,234.372 188.288,237.996 175.464,303.360 394.558,436.695 313.377,891.926 806.561,976.228 388.390,25.367 989.482,24.857 338.826,49.273 84.727,57.912 578.847,81.654 658.357,82.925 142.366,107.320 823.127,146.271 249.813,174.737 830.218,207.006 816.494,338.493 30.247,594.788 863.258,609.001 573.250,683.913 404.414,810.188 241.733,849.620 377.883,44.350 57.044,77.929 285.245,110.000 854.235,151.682 528.543,158.082 836.063,175.486 821.709,191.701 132.514,199.643 868.585,250.484 320.371,253.489 651.880,265.314 254.935,276.164 721.466,316.532 24.905,332.821 393.603,333.994 590.881,358.673 298.574,380.465 202.435,457.718 581.375,508.890 698.706,624.526 604.838,728.073 316.594,730.499 269.555,754.273 817.188,783.086 141.540,794.599 100.286,943.105 771.868,981.572 456.492,11.863 858.975,63.979 570.251,99.254 731.159,118.129 900.616,119.013 853.703,128.086 380.797,130.297 529.917,135.981 190.811,180.341 61.554,180.896 744.142,188.379 683.203,196.954 738.509,234.788 574.370,246.458 593.743,249.715 254.782,258.252 398.815,262.645 380.063,278.061 530.344,296.104 243.450,310.000 434.180,328.695 781.463,335.368 189.249,342.803 863.991,347.630 402.543,353.963 461.608,387.615 888.061,480.539 444.463,486.454 964.595,500.988 453.748,512.487 336.697,524.131 906.009,606.395 545.008,642.746 326.841,651.849 381.117,732.200 481.511,737.032 305.315,758.963 109.943,814.509 432.554,872.635 896.018,894.802 482.109,994.664 507.136,12.246 626.661,14.540 375.822,29.562 362.508,78.916 186.989,81.904 647.828,87.938 439.789,105.000 260.128,148.698 128.687,158.313 117.866,206.275 673.204,208.762 166.324,210.050 639.962,232.875 51.567,242.018 679.340,268.767 538.033,280.933 215.049,281.903 91.318,288.987 642.068,303.583 29.402,319.582 530.119,322.609 656.508,322.505 377.004,342.027 787.403,359.777 550.141,364.985 920.704,367.522 635.116,392.580 848.919,402.521 266.586,406.657 194.027,432.964 578.557,443.971 192.975,455.986 931.087,475.269 51.582,480.359 418.573,494.552 856.470,498.542 796.374,517.816 42.369,536.679 550.976,615.424 386.498,635.955 609.660,655.064 422.000,666.658 17.344,671.455 31.229,727.884 660.184,740.794 283.586,827.466 862.651,838.228 856.101,858.772 467.864,887.486 369.265,905.027 526.343,972.387 627.730,980.805 1003.355,34.782 407.306,79.030 840.582,88.082 217.115,100.363 267.809,123.657 334.996,130.444 121.809,135.457 199.335,138.360 228.842,151.022 223.404,173.434 663.519,192.305 653.935,214.717 471.606,229.776 816.166,237.237 560.495,249.688 495.461,257.582 369.666,260.082 525.619,269.668 425.461,293.652 886.081,313.935 344.936,330.330 855.251,333.563 495.083,342.491 960.407,356.958 998.041,364.401 107.326,366.276 400.263,384.263 889.674,387.517 566.481,393.155 350.703,401.320 825.377,404.104 489.813,414.672 336.276,446.995 332.835,488.928 299.279,513.818 35.459,565.829 76.461,619.332 360.684,671.390 955.787,683.213 808.125,703.942 848.253,718.138 608.721,770.347 330.194,770.718 998.720,791.560 223.221,796.442 149.725,805.300 541.324,810.369 309.456,839.175 643.546,861.890 795.087,893.211 820.178,915.218 243.447,948.553 164.463,964.509 988.228,964.025 91.463,139.544 183.454,159.430 468.238,276.283 508.607,450.997 476.779,481.455 913.808,480.965 280.433,489.902 596.345,521.988 387.625,569.991 785.408,594.996 299.000,839.000
ABI2 192.028,675.139 368.839,173.406 792.715,191.431
ABI3 989.237,46.656 46.889,48.962 158.888,64.199 368.861,173.361 544.802,318.749 20.447,386.550 755.034,420.951 646.704,468.888 965.115,638.878 1003.117,656.641 191.908,675.018 714.763,896.494 714.791,1004.695 792.829,191.534 153.181,728.937
ABI4 192.023,675.128 368.840,173.418 792.713,191.430
ABI5 191.249,674.350 368.794,172.866 793.796,192.124
ABI6 727.954,254.993 793.728,192.838
ABJ0 173.845,8.918 34.750,27.077 508.398,39.056 503.496,53.703 328.033,76.252 629.718,79.461 933.652,85.028 194.975,87.922 330.855,117.565 468.008,119.280 896.603,142.102 312.573,181.126 635.148,191.658 500.418,194.498 495.650,209.963 474.422,216.689 424.046,265.704 62.947,271.171 301.920,275.204 74.911,288.909 165.021,289.853 207.426,300.297 486.207,319.583 933.198,320.789 859.810,324.011 437.827,335.569 462.190,349.772 934.520,351.415 57.788,355.036 294.913,363.886 219.494,385.761 792.939,388.025 271.465,401.033 242.795,408.199 580.884,433.152 344.834,433.323 8.630,435.176 270.916,449.958 929.099,480.189 381.136,491.072 258.053,535.589 548.880,548.501 148.868,550.690 67.896,551.139 667.928,585.484 557.333,586.413 869.591,596.182 89.601,609.152 544.536,627.232 273.799,641.587 578.174,647.090 113.432,651.401 378.974,653.962 443.533,658.588 46.827,683.182 513.749,694.655 133.482,710.149 76.580,714.380 134.828,731.043 319.066,758.658 295.411,781.512 672.610,787.063 889.921,843.901 373.306,854.998 302.517,858.800 817.137,864.625 108.512,877.702 348.282,900.328 957.055,916.130 792.132,957.352 329.919,959.392 906.470,968.363 201.188,988.396 560.103,997.082 861.032,1008.034 676.046,1009.330 89.136,1009.052 533.478,120.149 594.055,126.494 164.687,555.094 605.188,783.646 240.134,776.170 917.776,63.403 393.038,43.786 158.240,780.092 399.370,30.667 716.812,255.601 646.556,563.274 70.095,492.286 182.595,256.056 385.552,1006.721 257.463,58.619 890.977,544.841 78.836,499.916 253.095,908.694 156.948,735.981 131.173,844.672 776.053,551.127 125.163,569.103 769.418,781.396 510.557,189.113 780.513,304.162 816.242,636.355 197.612,886.763 411.702,786.590 477.121,576.735 530.331,933.285 336.565,783.245 172.549,914.547 220.953,991.808 94.917,85.021 222.190,802.804 963.488,757.870 201.013,940.602 882.163,205.928 669.656,915.344 20.393,78.226 91.729,568.512 123.378,428.965 317.500,430.592 227.109,679.660 233.697,732.734 90.635,392.209 739.773,525.092 561.387,159.456 245.810,271.412 542.623,413.854 255.524,863.868 626.381,1014.591 256.036,305.395 935.360,758.452 485.420,729.382 804.770,880.208 97.263,994.516 446.512,398.989 73.806,526.035 540.284,54.550 734.818,697.182 696.895,699.243 92.640,700.857 272.613,203.156 657.854,238.658 919.564,428.329 399.496,735.932 787.286,743.684 566.236,296.511 794.438,699.842 507.809,262.409 539.386,753.186 352.284,217.549 131.358,868.770 392.888,520.240 319.239,748.818 304.610,58.468 234.872,593.822 726.865,126.657 65.461,337.631 63.864,642.238 246.922,675.779 415.897,982.039 176.389,35.481 541.439,208.769 831.571,314.994 404.384,472.642 266.875,299.561 99.449,756.864 342.886,911.519 878.511,720.143 267.902,345.040 999.073,451.361 501.318,605.706 139.820,789.540 154.416,200.584 342.232,247.928 440.617,887.474 560.095,142.059 626.780,302.924 201.244,764.430 159.477,417.657 564.342,700.090 419.860,52.500 566.193,927.161 826.497,544.373 724.573,566.225 117.516,702.661 94.790,867.377 484.950,48.190 274.578,194.445 286.881,505.733 39.801,484.475 933.582,676.693 54.334,109.644 381.326,312.391 312.353,169.496 622.286,887.310 595.530,495.530 550.681,135.503
ABJ1 134.161,711.165 58.437,355.901 174.535,9.587 329.782,960.468 47.647,683.842 35.460,27.698 869.831,596.986 560.885,997.488 312.802,181.843 243.423,408.792 135.478,731.502 207.625,300.814 201.291,992.314 90.005,609.268 195.765,88.317 8.927,435.717 896.839,142.402 544.578,627.883 793.317,388.486 495.440,210.194 301.892,275.414 929.197,480.542 557.203,586.859 957.330,915.999 906.415,968.163 859.656,324.039 294.707,364.049 381.278,490.832 76.415,714.580 271.320,401.074 258.095,535.450 667.959,585.338 792.290,957.544 462.234,349.546 549.361,548.286 68.388,551.369 468.097,119.640 424.330,265.985 245.662,271.330 580.772,433.333 379.006,653.877 933.551,85.537 474.593,216.421 437.726,335.646 270.860,449.593 646.534,563.008 273.397,641.370 578.336,646.351 113.161,650.920 443.240,658.520 513.669,694.464 295.341,781.522 411.981,786.518 672.523,787.418 221.922,801.883 889.808,843.680 372.810,855.162 302.758,858.766 817.383,864.663 676.023,1009.321 860.767,1007.617 917.776,63.122 330.908,117.725 533.503,120.194 561.351,159.603 934.099,351.468 891.057,544.902 776.072,551.100 146.990,555.511 319.147,758.808 769.642,781.314 108.706,877.595 669.513,915.274 508.526,39.089 503.698,53.318 304.227,58.000 328.164,76.497 20.755,78.026 629.902,79.034 635.052,192.077 63.180,270.954 74.759,288.686 165.197,289.928 485.484,319.187 219.409,385.664 404.363,473.194 595.983,495.553 287.744,507.425 393.174,520.130 739.329,524.641 157.089,542.309 92.661,701.103 485.177,729.517 786.967,743.610 319.618,748.728 99.179,757.242 963.732,757.842 935.313,758.622 158.159,780.006 130.624,844.730 197.344,887.000 385.266,1007.542 88.738,1009.052 626.900,1014.606 399.584,30.344 176.794,35.013 392.690,43.363 420.011,52.162 94.869,85.406 594.168,127.156 551.028,134.464 560.123,141.930 510.521,188.793 500.331,194.591 154.850,200.455 881.663,206.329 540.860,208.406 658.177,238.095 342.598,248.642 182.713,255.422 716.962,255.091 255.869,305.704 932.995,320.906 65.473,338.129 91.088,391.461 919.978,427.581 123.481,428.633 345.135,433.557 172.707,547.211 165.785,555.470 124.959,568.557 477.483,576.861 501.233,606.166 816.314,635.771 63.831,642.562 226.735,679.585 201.178,764.909 605.576,783.522 336.422,783.129 139.684,789.618 255.316,863.862 94.892,867.492 131.358,868.506 347.786,900.177 252.724,907.625 173.058,914.569 530.362,932.802 201.503,940.531 96.241,994.241 485.639,48.617 540.879,54.573 257.935,58.767 54.489,110.166 726.787,125.787 312.884,169.885 273.975,194.964 273.065,203.130 351.918,217.789 508.185,262.978 566.329,296.189 266.965,299.534 626.674,302.594 780.518,304.354 483.817,311.096 381.510,312.335 830.860,314.689 268.344,345.130 447.039,398.805 542.637,414.421 159.617,417.639 317.225,430.353 998.962,451.038 39.675,483.948 69.978,492.806 78.460,499.285 74.308,526.101 825.893,544.427 724.357,566.281 91.408,568.752 234.521,594.388 558.985,596.662 934.405,676.775 697.000,698.788 794.529,698.789 118.129,703.231 879.000,720.425 233.193,733.514 399.385,735.903 538.741,752.858 239.183,776.301 804.642,879.574 621.902,887.681 343.461,911.237 415.812,981.860 220.453,991.785 246.968,675.380 736.086,696.711 564.260,699.559 155.703,735.722 440.327,887.358 565.318,926.510
ABJ2 174.510,9.647 35.516,27.837 207.744,300.556 58.429,355.942 90.108,609.317 134.240,711.215 201.112,991.928 312.531,181.496 243.263,409.105 869.841,596.854 47.439,683.786 329.790,960.395 560.699,997.504 135.563,732.004
ABJ3 174.470,9.685 825.098,74.343 1015.528,106.932 590.674,205.133 58.445,355.995 986.859,514.905 926.532,581.166 134.311,711.234 504.811,755.110 344.455,898.575 585.730,936.667 758.639,989.214 201.074,991.875 47.123,683.921 329.848,960.613
ABJ4 174.501,9.639 35.520,27.832 58.409,355.931 90.103,609.324 201.136,992.146 312.536,181.497 243.268,409.101 47.429,683.791 134.139,711.186 135.703,732.043 329.795,960.397 560.701,997.499 207.744,300.558 768.168,520.484 869.844,596.859
ABJ5 174.610,9.507 34.968,27.191 59.120,356.578 91.477,608.749 201.943,992.979 312.449,181.622 241.763,408.184 46.838,683.707 134.324,711.270 137.890,733.170 330.053,961.162 560.632,997.455 207.870,300.752 771.041,520.501 868.994,596.604
ABJ6 30.550,412.950 986.528,496.685 136.161,713.012 54.480,352.918 64.541,359.253 873.109,600.799 201.482,993.111
ABK0 941.172,11.000 693.670,21.206 441.346,31.027 380.342,32.922 578.009,37.008 180.676,68.063 975.412,95.341 538.102,98.595 326.075,101.836 949.358,109.221 734.279,126.361 632.508,128.559 992.216,145.872 877.981,153.273 529.685,153.815 278.482,156.281 409.033,157.582 447.104,161.658 913.302,168.346 7.300,181.397 253.263,183.438 642.076,192.873 64.944,206.132 486.500,206.427 103.544,221.993 230.774,223.093 979.378,240.925 372.696,242.211 665.027,244.400 694.002,244.299 329.636,254.176 50.877,265.368 934.138,269.826 912.549,273.316 335.367,308.757 625.491,314.622 525.279,320.358 358.801,321.431 622.639,323.799 665.042,325.037 338.812,327.055 868.364,330.601 593.787,337.259 637.105,344.239 740.067,346.654 726.744,348.108 307.833,355.950 229.794,357.135 627.541,368.458 130.775,369.674 984.767,372.107 497.448,374.271 457.117,388.405 734.080,392.201 990.986,394.247 923.027,408.186 617.294,411.741 418.566,414.461 859.685,418.572 321.717,428.045 568.458,435.290 622.320,434.374 318.738,436.191 133.856,436.024 6.757,436.970 410.991,444.428 685.526,446.255 454.910,448.330 373.072,448.845 448.264,449.582 988.694,456.158 31.794,472.037 652.057,472.586 87.476,478.740 342.533,480.057 407.770,482.117 461.605,482.394 604.149,484.297 440.599,501.585 969.172,513.017 961.071,515.750 429.473,526.374 718.809,528.159 318.226,533.472 397.031,538.831 966.077,541.411 471.774,542.219 434.012,542.548 348.929,548.364 31.704,553.177 847.857,553.080 434.566,556.513 889.037,564.434 446.253,571.097 312.241,579.512 634.593,592.074 600.456,602.791 782.529,606.147 424.338,607.340 568.487,607.338 479.834,624.911 118.211,625.882 338.113,637.021 204.117,637.537 233.861,638.374 355.324,642.351 240.139,644.237 227.126,648.346 821.801,648.910 240.085,657.859 101.556,658.982 406.019,668.071 426.039,681.186 97.611,684.208 882.452,686.139 190.897,687.963 151.032,695.520 990.292,709.673 427.199,711.060 625.898,723.612 40.819,745.213 313.236,746.118 251.803,746.930 383.251,760.381 577.015,770.805 630.086,778.310 339.718,783.457 311.098,792.230 209.595,793.171 327.325,795.346 417.006,803.989 178.706,805.575 92.494,809.637 332.612,810.964 75.166,827.909 584.729,827.239 764.591,831.407 408.883,833.661 298.938,837.159 932.953,837.474 351.267,847.329 812.101,849.359 898.994,853.992 809.324,859.200 320.170,869.121 814.334,868.302 71.947,876.238 407.013,887.904 253.025,900.122 685.444,928.708 327.987,932.039 958.881,931.690 374.657,946.719 83.097,952.766 417.029,964.285 342.983,964.655 128.662,978.807 8.071,984.444 690.416,997.595 921.573,1006.834 141.403,1001.049 701.223,461.413 8.428,882.328 931.120,97.842 51.810,56.338 46.580,599.754 148.519,910.168 969.768,329.852 285.953,466.775 525.409,712.641 17.068,866.004 317.477,936.819 339.062,147.735 838.805,37.195 203.394,211.052 252.760,164.048 794.740,382.038 292.103,850.049 585.358,950.053 279.630,345.669 317.910,825.910 78.632,989.394 476.769,425.585 688.787,496.428 341.790,750.020 359.431,761.277 1011.048,17.267 738.035,410.285 432.921,475.520 428.158,725.100 318.016,552.659 318.204,684.551 461.412,181.387 366.508,848.182 273.099,97.145 660.614,265.092 490.750,15.421 770.599,148.027 810.903,245.373 707.587,248.447 494.603,351.640 518.734,484.443 188.110,1009.158 110.627,465.281 231.927,484.748 350.626,714.536 886.771,77.418 803.557,134.136 279.495,439.184 172.711,855.496 132.004,356.768 478.714,362.587 768.363,673.189 651.468,706.339 386.310,397.276 593.818,587.369 155.209,649.533 339.278,66.229 522.595,457.935 330.213,836.880 463.631,351.390 23.053,843.398 274.646,107.440 670.617,912.009 906.684,80.855 419.777,517.581 609.144,558.222 152.328,808.913 526.640,138.318 500.562,178.322 348.707,237.143 405.225,365.505 894.721,29.821 266.734,303.278 903.342,323.479 343.733,683.712 958.672,297.112 540.182,388.935 326.382,979.202 406.284,352.880 550.778,363.093 812.190,623.924 437.954,395.298 273.865,760.248 222.453,843.640 571.431,912.235 649.550,952.704 841.541,990.694 301.254,345.785 136.395,609.205 679.751,211.565 829.303,398.788 376.516,726.394 506.011,25.505 392.261,277.295 998.402,477.138 615.894,908.909 197.469,252.824 926.773,591.387 337.361,764.596 416.046,339.350 895.426,772.179 361.460,101.370 555.264,213.130 12.462,347.482 784.640,988.959 51.523,437.016 800.600,786.670 137.619,941.574 9.275,153.159 46.830,311.469 22.347,939.677 233.629,836.504 227.527,946.570 414.643,283.464 158.387,30.748 327.281,237.610 432.049,589.357 654.291,372.795 529.508,474.549 498.282,115.362 743.281,146.048 129.056,413.528 350.493,140.086 718.426,12.886 212.629,304.245 1010.529,170.105 133.627,251.196 1014.386,472.478 279.862,580.533 395.356,813.459 325.196,775.456 134.275,160.709 908.805,355.471 190.533,793.318 300.500,870.383 237.742,878.499 229.100,962.272 1004.369,161.297 130.512,383.736 913.631,540.489 89.848,29.570 654.618,34.238 84.859,744.929 609.532,83.182 254.576,759.555 162.531,992.366 328.133,60.415 687.089,334.478 990.449,730.692 446.878,716.119
ABK1 694.385,22.749 637.055,345.742 497.944,375.641 685.959,447.564 961.912,516.196 8.211,985.691 913.508,169.584 329.947,255.076 822.469,649.566 227.261,649.413 372.963,242.859 604.296,485.109 41.602,745.828 32.015,553.666 209.568,793.530 397.631,539.395 278.373,156.846 727.113,348.372 231.026,223.314 251.958,747.477 83.123,952.766 568.539,435.454 889.491,564.799 75.585,828.427 318.823,436.720 298.924,837.447 383.083,760.892 782.765,605.978 338.555,327.218 990.864,394.030 472.158,542.653 625.596,723.382 577.114,771.375 480.151,624.899 407.351,887.918 342.964,964.976 984.669,372.432 457.276,388.695 418.568,414.739 427.314,711.386 351.650,847.474 642.551,192.575 448.408,449.493 966.026,541.774 406.266,668.151 312.963,746.407 72.076,876.447 577.784,36.821 992.624,145.792 408.916,157.867 664.839,324.661 229.807,357.431 627.774,368.594 240.517,644.261 319.936,869.403 447.380,161.269 103.288,222.130 373.081,448.840 407.366,482.294 429.492,526.558 718.437,528.386 338.118,636.618 339.618,783.505 941.232,10.884 527.360,157.609 665.029,244.425 593.488,337.632 988.471,456.317 433.534,542.317 848.019,552.957 118.204,625.603 310.776,792.222 327.426,795.715 933.244,837.565 899.219,853.955 328.007,931.688 921.676,1006.328 734.607,126.591 707.859,248.039 912.216,273.254 902.972,324.003 734.328,392.582 32.195,472.366 342.514,480.256 434.702,556.427 446.458,570.969 240.327,657.583 191.176,688.032 525.658,713.253 332.618,811.210 809.325,859.150 180.507,68.237 931.509,97.615 803.452,134.446 878.397,153.099 64.693,206.585 979.692,240.771 133.911,250.982 934.016,269.492 358.613,321.687 923.364,408.372 318.286,533.525 349.037,548.369 926.932,591.680 424.518,607.474 568.704,607.272 101.965,659.016 343.402,683.685 630.000,778.312 812.227,849.488 417.013,964.237 51.988,56.099 326.169,101.539 632.189,128.549 500.641,178.724 253.641,183.682 693.777,244.003 958.462,297.192 46.335,311.792 625.655,315.608 524.781,320.722 868.343,330.082 740.546,346.859 12.617,348.029 130.687,383.731 859.085,418.181 621.663,434.140 652.073,472.287 317.941,552.415 312.493,579.439 46.660,599.594 203.995,637.438 97.628,684.320 882.603,686.488 990.489,709.329 764.279,831.316 408.601,833.239 23.845,843.750 17.453,865.685 685.133,929.477 959.122,931.414 690.442,998.054 188.401,1009.445 491.080,15.524 339.483,66.038 975.480,95.461 537.626,98.741 948.534,109.645 498.204,114.981 339.291,147.980 253.340,164.198 1010.474,170.492 203.261,211.011 50.399,265.282 415.130,283.515 266.919,302.843 406.009,352.834 308.566,356.193 551.372,363.470 405.283,365.161 385.859,396.973 617.342,412.024 476.631,425.733 134.238,435.990 523.145,458.687 701.235,461.460 111.695,464.869 433.319,475.075 86.554,478.691 461.490,482.213 688.796,496.846 634.781,591.434 600.560,603.195 355.662,642.423 768.991,673.074 990.241,730.346 341.161,750.329 895.383,771.676 416.892,804.396 92.567,809.991 317.496,825.716 585.315,826.576 234.534,836.554 222.356,843.386 366.690,847.703 181.025,860.424 814.334,868.123 253.413,899.889 149.199,910.082 317.273,936.378 374.780,946.964 585.498,949.456 128.722,978.956 784.875,988.952 841.878,990.836 141.316,1001.236 718.001,13.242 1011.505,16.695 505.841,25.867 89.849,29.389 894.872,29.442 158.171,31.399 654.479,33.608 380.586,33.841 839.144,36.908 327.949,60.360 886.600,77.776 907.377,81.051 609.605,83.263 272.609,97.138 361.695,102.033 274.846,107.607 351.230,139.489 9.300,152.934 460.953,181.480 487.033,206.642 680.558,211.310 555.130,212.827 327.349,237.654 348.768,238.017 810.823,245.285 660.880,264.554 212.792,304.455 335.964,308.695 618.331,326.859 970.374,329.992 687.478,334.667 301.031,345.599 495.260,351.578 908.564,355.535 132.280,356.600 654.203,372.061 794.943,381.440 540.127,389.146 738.427,411.096 279.784,438.682 410.070,444.401 1014.969,472.527 998.334,476.525 518.865,484.686 232.172,484.678 441.346,502.194 420.271,517.369 913.060,539.545 594.154,587.071 135.693,609.584 812.712,624.447 155.574,649.370 425.871,681.424 318.325,685.444 651.415,706.454 349.970,714.401 447.198,716.028 376.787,727.050 273.723,760.064 324.856,775.804 190.309,793.643 178.544,805.786 151.919,808.918 330.419,837.000 172.537,855.798 238.260,878.586 571.663,912.609 670.560,911.840 137.364,941.625 78.433,989.162 441.289,31.044 525.730,137.916 743.634,145.652 770.050,148.726 133.787,160.054 197.924,252.869 392.708,277.476 416.112,338.431 279.492,344.896 463.485,350.940 478.572,362.811 130.512,370.256 438.545,394.584 828.630,398.668 129.175,413.266 51.407,436.813 285.458,466.407 529.972,475.609 609.839,558.000 280.383,580.390 432.426,589.837 151.573,695.547 428.399,725.410 320.809,736.809 84.316,745.420 254.478,759.667 358.915,761.424 337.429,764.202 800.652,786.679 395.183,813.935 292.283,849.412 300.736,870.104 608.811,904.932 22.396,939.969 227.401,947.503 649.750,952.636 228.352,962.378 326.084,978.923 162.539,992.055 617.000,908.000
ABK2 372.979,242.728 685.876,447.514 961.958,516.136 397.500,539.401 31.977,554.014 822.377,649.410 209.736,793.267 694.404,22.695 913.669,169.563 330.006,255.077 637.085,345.758 497.921,375.659 604.427,485.029 227.878,649.288 8.391,985.750
ABK3 330.278,255.938 237.186,354.893 630.643,361.064 1017.085,414.880 944.677,439.856 685.901,447.445 959.842,480.658 962.099,516.226 32.024,554.142 822.353,649.286 209.881,792.982 541.078,994.774 694.438,22.657 913.778,169.422 637.127,345.782 497.912,375.604 632.558,584.797 769.260,592.766 929.627,679.519 8.343,985.656
ABK4 372.980,242.741 330.008,255.076 31.978,554.008 822.383,649.417 384.370,760.631 209.736,793.267 694.517,22.472 913.671,169.561 637.066,345.764 497.976,375.626 685.823,447.473 604.430,485.037 961.947,516.170 227.876,649.282 8.394,985.744
ABK5 372.836,243.916 329.303,255.205 34.281,556.172 822.742,648.907 385.205,762.154 208.048,793.009 694.901,23.023 913.434,169.111 636.431,344.821 498.728,376.306 686.221,447.901 603.557,485.657 961.896,516.618 227.348,649.928 8.000,984.913
ABK6 704.596,34.079 696.939,25.013 687.717,449.057 226.169,649.005 693.189,21.224 558.769,344.321 8.368,985.066
ABL0 941.161,29.047 840.571,37.289 723.137,47.038 750.445,46.711 923.458,48.225 462.015,50.674 779.685,53.128 1007.244,78.711 307.796,90.322 357.678,99.492 207.590,110.380 642.049,125.436 180.582,132.385 974.721,139.942 782.828,153.038 216.486,156.427 424.098,156.437 745.774,164.587 620.089,185.628 979.508,189.790 755.992,195.408 556.514,196.552 737.938,196.956 63.106,201.121 203.779,229.119 54.896,231.345 992.850,237.962 973.617,240.141 229.104,240.703 87.805,243.236 156.593,248.432 287.791,253.395 108.280,257.516 378.959,262.073 13.430,292.565 425.313,296.295 321.338,299.775 402.724,303.312 422.372,309.108 748.490,321.296 732.970,321.657 960.955,327.497 653.148,334.138 759.193,343.349 865.105,354.637 447.626,361.249 318.075,363.066 84.736,368.122 198.919,372.295 859.588,384.609 330.079,396.744 231.389,403.287 705.483,409.147 387.078,411.799 773.960,414.981 464.302,429.654 220.511,437.215 460.384,448.099 491.236,448.779 781.308,460.708 640.195,471.048 242.592,485.119 311.255,497.801 452.391,509.375 53.065,521.013 319.676,526.363 332.606,535.224 796.221,537.974 420.066,547.947 121.186,552.878 820.025,563.109 698.941,568.459 20.953,569.165 572.236,572.267 342.033,573.063 804.817,579.465 334.360,605.169 22.098,606.995 917.867,608.056 770.718,609.973 31.472,610.517 421.172,619.941 913.556,627.232 844.759,644.168 895.292,645.712 849.477,654.155 299.090,659.918 324.421,671.905 283.172,675.055 548.991,681.459 571.590,680.504 429.035,682.644 81.673,684.243 707.731,689.166 857.832,705.366 112.684,743.122 578.425,744.367 701.676,743.961 512.821,749.716 887.608,754.153 402.590,770.799 380.077,774.366 429.255,779.525 176.955,810.309 447.631,822.137 491.155,822.061 770.059,835.831 732.752,848.994 576.404,858.025 181.476,863.335 863.700,882.160 9.500,893.101 971.096,900.834 323.957,924.884 912.574,925.527 626.505,962.957 945.344,969.141 76.073,970.826 276.219,974.429 294.535,976.381 449.116,981.745 14.064,988.271 554.133,1000.776 253.294,507.337 60.617,431.424 106.383,224.159 579.713,326.287 74.880,388.289 402.375,581.285 724.337,761.406 176.797,567.797 751.599,133.350 725.672,531.146 66.093,698.523 603.742,883.095 40.637,889.693 100.711,985.418 360.599,241.527 954.906,270.210 92.916,521.171 917.379,650.509 970.855,758.670 482.291,544.988 894.895,236.290 285.653,437.550 943.754,834.066 797.583,771.817 799.224,914.522 914.368,585.126 986.969,792.301 639.635,609.524 535.943,627.857 957.541,71.140 391.407,291.711 968.870,396.652 113.059,808.444 249.449,45.432 68.848,725.055 573.578,706.570 656.499,1012.553 47.169,479.375 842.717,68.064 241.546,567.796 168.308,73.651 674.902,170.974 77.319,576.681 608.206,672.005 935.146,774.224 116.532,8.255 121.070,144.707 464.516,675.892 497.014,204.287 546.596,296.277 336.417,435.786 686.765,677.029 833.336,744.354 333.062,369.555 535.367,859.971 225.613,660.121 880.255,772.299 490.705,995.528 549.634,440.101 985.314,448.594 520.624,899.525 997.004,33.546 48.559,448.982 186.735,503.658 200.889,830.689 728.226,105.367 606.578,209.410 278.860,643.743 985.410,854.731 177.359,246.488 571.508,388.549 676.763,556.426 927.279,662.617 570.322,616.914 374.914,623.138 130.044,685.700 456.214,915.744 685.406,153.601 991.101,505.918 183.798,637.116 858.889,476.598 23.929,219.938 993.494,554.155 567.368,887.618 520.538,350.000 342.430,809.952 949.055,325.739 318.407,515.971 310.170,226.871 611.296,360.778 175.692,361.727 21.876,839.394 503.984,899.359 34.719,334.665 748.384,486.057 36.816,394.089 904.253,915.727 421.898,949.837 375.536,279.966 396.704,604.642 218.225,172.334 162.056,568.004 531.404,708.577 10.521,779.373 167.634,513.406 902.040,624.970 808.733,953.017 754.367,220.528 350.542,880.633 467.463,893.532 304.657,612.839 981.395,311.276 360.872,999.708 808.311,498.616 672.245,890.623 310.613,807.358 485.368,602.477 916.319,345.536 793.514,55.832 610.275,274.867 566.336,608.463 85.497,1014.578 962.817,506.306 341.495,143.869 34.535,976.619 326.569,622.550
ABL1 85.391,368.810 864.196,883.086 204.408,229.803 231.635,404.136 420.665,548.338 887.715,754.450 975.185,140.321 387.382,412.000 449.787,981.915 424.027,157.300 332.403,536.085 220.726,437.476 549.003,681.843 294.887,976.996 283.296,675.411 324.239,925.166 14.112,988.991 941.441,29.466 22.651,606.883 63.533,201.658 198.840,372.176 918.022,608.985 447.607,822.231 379.441,262.585 748.702,321.376 973.860,239.967 402.663,770.762 181.385,863.888 402.704,303.847 53.561,520.848 571.297,680.208 216.853,156.886 318.289,363.258 578.269,744.423 769.958,835.697 971.095,900.930 452.277,509.638 299.094,659.728 464.422,429.684 640.353,470.680 733.061,849.013 722.624,46.717 207.804,110.270 54.875,231.290 87.619,243.369 334.046,605.495 31.524,611.156 773.561,414.726 572.275,572.376 913.327,627.356 895.418,645.329 701.966,744.017 379.957,774.565 276.228,974.244 307.797,90.290 745.459,164.556 992.607,238.031 321.491,299.610 422.349,309.054 652.927,334.034 330.427,397.027 491.582,448.272 796.417,537.630 342.505,573.288 770.683,610.188 491.143,821.872 554.312,1001.159 462.388,50.689 927.547,53.948 755.543,195.074 288.002,253.357 425.168,296.168 948.903,325.731 865.002,354.706 705.631,409.427 460.674,447.740 985.427,448.809 121.470,552.492 805.262,579.343 324.479,671.937 81.800,684.000 429.991,779.844 840.722,37.843 249.740,45.683 750.532,46.446 779.593,52.705 357.641,99.480 641.944,125.409 180.650,132.403 751.461,133.806 121.076,144.372 782.923,152.970 675.254,170.192 979.759,190.122 556.282,196.361 737.832,197.594 106.152,223.614 160.476,254.127 13.616,292.641 732.792,322.044 759.003,343.637 780.903,460.595 242.811,484.611 311.216,497.987 319.647,526.262 677.165,556.335 902.754,625.177 916.977,650.508 513.212,749.350 176.973,810.649 9.995,892.927 520.489,899.960 945.313,969.377 1007.518,78.754 341.745,144.026 619.871,185.704 606.251,209.186 754.293,219.967 228.645,240.950 610.525,274.496 391.312,291.743 546.958,296.856 961.320,327.756 447.298,360.445 175.906,361.804 859.465,384.860 571.327,388.357 969.287,397.004 60.744,430.875 285.746,437.607 991.162,505.405 725.457,530.784 177.211,567.091 21.137,568.864 304.148,612.330 420.635,620.064 375.379,622.937 845.092,643.543 429.297,682.744 707.819,689.032 531.257,708.080 724.311,761.244 112.386,808.148 535.669,859.301 351.033,880.298 566.729,886.928 626.487,962.949 100.624,985.499 491.502,995.392 656.390,1012.060 116.840,8.648 997.129,33.375 842.421,67.992 957.185,70.450 168.184,73.309 217.386,172.445 497.458,204.343 108.364,257.846 376.586,279.848 579.501,326.531 333.086,369.309 336.330,435.698 48.363,449.349 46.522,478.823 186.858,503.986 252.037,507.505 318.309,515.489 482.233,545.139 820.591,563.284 162.413,567.366 241.099,567.617 699.064,568.553 485.676,602.659 639.628,608.873 570.792,617.307 279.041,643.648 848.823,654.041 225.437,660.005 927.688,662.205 686.624,675.711 66.041,698.674 857.799,705.484 112.333,742.319 833.311,744.596 880.131,772.438 934.163,773.462 987.309,792.508 311.073,807.549 201.195,830.914 944.627,833.554 22.404,838.886 576.378,858.398 602.781,882.480 40.401,890.001 799.126,915.045 455.710,915.864 912.913,925.562 421.823,949.935 808.530,952.859 75.859,970.268 34.754,976.459 304.649,977.380 360.749,999.156 44.676,6.308 793.085,56.226 728.676,105.399 686.384,153.273 24.376,219.240 310.174,226.426 895.151,236.056 360.745,242.079 177.273,245.893 955.239,270.347 981.303,310.235 34.003,334.802 916.714,345.750 520.484,350.539 611.700,360.720 74.331,388.030 36.619,393.697 549.022,439.813 859.135,476.837 748.585,486.204 808.499,498.684 962.938,506.424 167.019,513.431 92.402,520.873 993.168,553.830 76.812,576.935 401.601,581.643 914.423,584.807 397.158,604.029 566.542,608.467 326.000,622.324 536.323,628.531 183.559,637.250 607.444,671.997 464.679,676.069 129.935,685.120 573.783,706.612 68.726,724.499 970.434,758.784 797.003,771.054 342.591,809.148 985.290,854.882 671.805,891.162 504.588,899.537 904.628,915.422 85.147,1014.168 11.678,779.368 466.000,895.000
ABL2 204.412,229.911 420.657,548.564 294.644,976.653 85.132,368.691 231.654,404.109 220.793,437.012 864.176,883.126
ABL3 250.310,132.228 204.346,229.984 420.824,549.008 294.682,976.624 136.014,1007.847 511.240,1013.064 84.882,368.680 863.970,883.335 166.076,54.479 183.447,629.807 232.741,753.516
ABL4 204.408,229.908 85.131,368.694 420.645,548.558 864.180,883.121 294.655,976.627 14.260,988.761 220.791,437.016 231.650,404.095
ABL5 204.521,229.972 84.413,368.381 421.054,548.002 863.697,882.716 295.122,978.012 15.191,989.891 220.641,437.355 231.117,404.007
ABL6 208.653,233.617 50.657,569.067 784.798,592.764 88.883,369.646
ABM0 113.094,10.566 529.515,13.994 291.988,19.046 1005.925,46.216 324.960,63.476 908.579,72.760 544.294,96.132 463.472,99.422 723.023,117.390 675.796,120.957 130.638,140.814 396.874,164.434 709.759,171.193 962.059,171.528 258.921,176.002 427.397,185.496 1001.683,205.066 982.542,235.505 481.373,250.108 476.146,258.576 466.463,260.793 860.288,262.599 124.064,276.057 291.912,278.749 97.114,288.098 103.802,291.325 650.510,293.237 36.840,298.239 474.637,309.457 831.081,323.232 595.833,329.874 182.707,331.188 291.502,345.374 792.901,354.029 891.179,371.493 193.104,372.925 729.627,375.254 26.647,378.824 971.894,393.769 272.198,402.495 67.764,428.623 560.672,463.931 452.201,479.890 236.014,496.441 516.827,497.842 877.623,497.151 984.844,510.623 869.747,513.116 891.034,524.835 334.349,537.412 758.663,539.027 185.792,545.284 107.358,551.222 360.802,561.505 180.641,564.235 63.493,569.473 493.273,571.257 71.531,579.398 220.562,582.439 765.399,583.583 700.387,585.284 380.723,586.900 796.059,602.029 654.162,610.630 255.108,617.121 625.131,618.592 201.636,627.907 776.774,630.878 904.615,636.131 785.748,637.222 184.237,643.797 81.889,646.847 975.447,648.835 441.079,653.205 694.642,653.081 541.497,656.299 140.121,657.148 114.376,659.251 1008.738,659.730 605.501,669.229 728.083,669.027 229.783,674.050 516.290,672.659 92.853,686.637 8.958,688.252 673.432,687.415 514.994,696.344 646.594,695.192 663.072,699.824 712.552,702.309 129.306,703.066 373.206,703.516 411.032,711.401 453.581,711.834 668.415,715.350 404.331,729.100 392.231,736.835 628.969,737.144 325.549,743.720 380.613,749.023 353.280,752.276 518.749,753.817 211.720,766.198 298.875,767.333 407.726,770.005 522.811,771.268 148.856,772.508 970.680,773.156 303.483,772.676 914.987,776.801 660.241,788.392 353.044,791.053 244.868,796.490 720.700,801.236 440.660,808.124 317.832,808.180 287.795,816.986 746.502,822.431 486.372,823.931 916.469,828.408 341.071,839.192 443.266,842.831 590.162,845.999 384.249,849.576 578.709,853.064 588.164,855.658 576.765,861.497 590.512,863.534 65.345,867.565 641.036,873.014 980.696,875.216 859.326,878.082 1010.110,884.884 591.386,887.939 357.931,893.048 993.625,891.836 349.061,895.692 793.533,894.727 817.325,899.373 667.727,903.667 235.085,919.677 44.230,927.005 250.453,934.289 292.191,946.444 235.720,947.436 156.643,949.081 902.622,953.933 685.302,956.319 60.128,963.582 661.844,966.207 624.963,969.261 765.697,972.117 936.767,976.408 189.943,980.512 333.243,1015.232 926.667,754.737 94.233,194.767 787.684,710.511 496.673,449.291 848.561,794.767 1002.621,969.679 290.485,128.319 663.191,404.029 626.396,171.629 948.682,814.134 267.733,760.055 791.160,801.969 582.770,720.785 896.413,929.526 297.437,977.077 223.107,538.385 192.692,783.108 862.354,246.701 974.919,540.609 460.198,832.895 55.271,903.567 617.991,689.509 573.639,764.321 985.633,181.245 960.296,692.788 334.251,772.521 380.443,926.890 67.661,503.566 121.623,538.909 909.842,710.998 424.566,466.273 907.192,924.404 273.172,703.010 250.748,854.906 687.504,639.635 401.456,906.439 878.567,930.576 153.716,35.382 350.634,574.991 298.479,692.680 288.683,854.775 32.311,870.128 832.605,1012.024 552.670,648.621 29.784,681.516 617.376,710.375 377.782,762.140 186.814,62.806 693.344,692.433 210.605,791.388 208.284,810.620 726.486,702.390 856.755,937.274 924.146,198.706 1006.619,856.576 570.360,170.168 858.587,210.243 589.203,350.360 998.653,377.848 869.275,528.010 756.258,765.376 626.491,924.357 337.610,382.416 1000.360,447.453 444.814,944.500 932.999,191.741 827.842,409.467 621.152,148.004 638.582,434.014 838.843,708.843 879.949,788.108 164.128,974.360 754.414,126.667 901.936,588.722 816.202,608.619 579.776,692.471 631.972,706.784 266.031,1011.610 847.518,172.777 273.047,368.753 238.964,860.658 791.090,792.579 248.789,41.887 696.378,676.406 560.019,742.514 418.976,300.279 633.524,348.648 660.298,763.684 762.631,843.536 178.151,913.656 65.414,465.060 934.447,577.426 202.872,723.430 50.580,279.892 260.557,810.237 601.495,962.236 570.443,100.511 861.754,489.175 172.231,890.387 187.636,22.347 613.714,397.977 284.325,688.446 221.751,859.294 286.465,957.756 359.539,226.879 187.394,286.322 317.555,576.444 739.220,684.902 744.591,759.390 949.741,178.455 174.342,727.490 617.542,734.667 596.831,218.431 149.209,322.199 613.555,406.728 936.552,887.748 643.920,632.406 36.226,802.582 175.616,993.362 647.273,711.731 434.126,714.426 908.994,741.187 959.495,539.982 761.166,853.361 730.225,818.597 38.483,268.384 503.669,851.632 898.999,542.652 908.695,669.634 850.961,699.651 803.110,991.793 130.510,631.394 276.919,165.984 777.471,734.471 743.183,935.332 79.371,622.295 361.529,13.101 535.579,637.037
ABM1 114.855,660.473 212.564,767.510 181.162,565.536 981.302,876.207 103.696,292.542 289.998,347.490 729.773,376.323 189.939,981.414 255.886,617.459 589.602,861.510 408.436,770.396 766.262,972.539 157.033,949.479 970.763,773.648 660.249,789.207 1010.738,885.449 904.850,636.602 358.055,893.066 230.146,674.192 712.875,702.599 916.787,828.637 936.900,976.585 1001.816,205.271 516.743,498.030 287.435,817.112 817.320,899.621 123.949,276.594 71.811,580.302 720.674,801.993 541.494,656.176 244.790,797.066 902.101,953.546 441.084,653.198 605.683,669.252 182.648,331.528 793.275,354.140 700.386,585.351 776.742,630.974 722.639,117.558 272.121,403.134 129.327,702.980 303.557,772.399 250.373,934.331 140.136,656.999 728.211,668.774 373.399,703.643 590.316,845.964 624.908,968.861 961.704,171.703 451.923,479.784 334.193,537.688 352.860,791.147 460.000,833.000 859.294,877.761 661.847,965.921 396.776,164.816 36.506,298.266 694.204,653.116 9.245,688.562 522.476,771.420 44.372,927.024 113.056,10.764 291.742,278.560 639.006,433.979 236.049,496.143 107.465,551.326 796.227,602.269 514.736,696.854 663.277,699.495 453.521,711.912 404.208,729.003 392.027,736.701 628.804,737.409 576.232,856.859 292.094,946.524 60.307,963.977 291.738,18.617 1005.817,45.852 544.754,95.700 476.721,258.169 38.734,267.716 891.411,524.888 758.799,538.622 63.482,569.947 625.252,618.854 102.870,684.115 673.208,687.497 960.503,693.200 756.000,764.916 440.684,808.017 486.608,823.832 591.563,888.049 324.580,63.033 908.544,72.597 130.722,140.725 570.171,169.424 985.747,181.156 860.257,262.927 474.264,309.732 193.229,372.450 971.521,393.387 67.639,503.667 984.974,509.974 493.638,571.533 643.893,632.216 81.779,646.768 975.735,648.914 92.715,686.864 518.758,753.945 268.000,759.235 148.940,771.954 341.402,839.320 443.260,842.634 65.504,867.689 993.680,892.453 401.727,906.461 235.104,919.945 625.951,924.076 1002.212,969.514 675.336,120.655 754.011,127.032 626.793,172.013 259.417,176.147 427.439,185.275 924.025,199.294 831.370,322.779 596.192,329.810 26.535,378.504 998.449,378.229 65.767,465.178 877.373,496.735 222.780,538.364 359.903,561.669 220.415,581.680 653.898,610.006 552.128,648.669 646.410,695.309 668.221,715.496 325.396,743.504 36.729,802.501 948.390,814.200 384.405,848.890 641.148,872.949 172.077,890.826 793.653,894.871 685.491,956.423 164.071,973.919 523.439,18.655 188.673,22.785 153.348,36.019 463.326,99.875 570.506,100.352 621.289,147.647 847.822,172.710 949.490,178.040 94.346,194.669 981.748,235.194 466.179,261.042 650.883,293.294 633.342,348.811 272.951,368.708 337.837,382.505 613.993,406.305 68.450,428.375 496.885,449.656 560.198,463.824 861.578,489.110 869.557,512.545 974.273,540.778 186.282,544.437 317.928,576.609 764.674,583.840 380.954,586.920 815.893,608.547 786.257,637.425 414.790,704.049 838.560,709.019 583.048,721.039 203.334,724.015 617.204,734.534 777.349,735.062 380.914,748.742 353.525,751.592 334.430,772.466 914.499,777.118 790.388,792.578 848.376,794.741 317.890,807.833 746.757,822.585 288.586,854.647 1006.363,856.923 237.605,861.157 32.514,870.322 668.305,903.945 178.892,914.043 896.562,929.328 444.422,944.400 601.606,962.588 709.551,171.266 858.907,210.480 596.494,218.319 862.822,246.987 50.789,279.508 187.201,287.149 588.919,350.545 891.071,371.708 662.840,403.488 827.816,409.210 424.453,466.111 869.406,528.231 122.658,531.058 121.028,539.134 958.613,540.348 350.700,574.928 934.555,577.594 201.638,628.000 130.012,631.053 535.000,636.338 184.274,643.339 1008.746,659.153 516.534,672.617 738.984,685.520 692.731,692.042 298.361,693.274 579.923,692.807 850.397,699.499 726.238,702.861 631.859,706.976 616.449,710.264 909.653,711.275 559.732,742.630 926.411,754.840 377.566,762.014 573.582,764.433 659.748,763.929 192.417,783.042 880.563,787.851 210.941,791.214 790.799,801.840 259.382,810.391 504.061,852.081 250.825,854.584 221.630,858.750 936.978,887.652 906.954,924.384 380.379,927.012 878.315,930.245 856.917,937.209 236.365,947.689 297.631,976.755 802.632,991.541 832.525,1011.445 361.100,12.690 248.612,41.594 186.717,63.287 290.598,128.011 278.492,167.239 933.140,191.896 359.514,227.176 418.364,300.161 149.419,322.195 999.973,446.656 902.621,587.823 80.093,622.562 686.836,639.936 696.287,676.466 30.253,681.425 284.772,688.666 618.063,690.373 272.904,704.143 787.365,710.354 647.493,711.816 434.092,713.579 173.575,727.000 909.403,741.487 744.698,759.429 670.180,780.373 208.691,810.079 729.638,818.639 762.252,843.186 761.000,853.240 55.550,903.213 742.707,934.692 286.304,958.230 176.796,993.532 266.489,1011.335 899.500,541.992 908.848,668.943
ABM2 103.520,292.561 290.079,347.411 181.096,565.591 212.585,767.555 981.235,876.150 358.032,892.991 190.231,981.497 729.875,376.408 255.660,617.515 114.778,660.426 766.296,972.643 589.779,861.520
ABM3 886.500,184.318 820.430,258.838 103.456,292.516 290.086,347.396 102.462,388.919 181.011,565.472 624.446,566.716 114.751,660.422 212.632,767.555 981.418,876.046 190.491,981.443 166.791,1004.695 501.781,543.122 221.528,225.205 273.046,345.013
ABM4 103.510,292.556 290.053,347.442 981.241,876.153 190.240,981.491 729.865,376.421 181.065,565.515 255.668,617.514 114.979,660.476 212.637,767.595 766.295,972.632 921.046,128.066
ABM5 104.408,293.355 290.355,347.499 981.662,876.092 190.238,980.741 730.410,375.619 180.734,565.306 255.071,617.130 115.080,660.744 212.702,767.383 766.970,972.127 921.417,127.798
ABM6 184.519,568.466 212.685,767.298 984.349,880.824 180.714,565.265 116.217,661.493 192.574,985.017
ABN0 956.186,9.128 894.914,10.837 755.518,13.549 667.999,15.447 217.598,71.000 641.094,72.301 835.414,82.406 831.346,93.728 600.882,95.788 586.804,96.941 355.249,103.260 556.336,102.739 592.471,105.222 938.758,111.057 919.777,111.226 776.090,121.273 913.635,128.132 183.324,128.528 849.838,130.990 147.648,131.523 696.766,134.108 861.207,134.234 70.055,149.348 946.337,172.254 755.287,176.737 756.048,184.141 338.969,185.688 831.573,189.584 249.630,201.773 571.586,207.518 811.576,222.148 542.315,235.484 987.642,235.672 950.075,242.042 103.777,250.108 992.063,251.927 637.072,252.589 162.621,264.085 242.410,268.323 858.755,278.690 807.401,292.282 130.563,293.901 551.574,305.899 784.261,338.764 203.683,340.104 103.700,341.756 800.070,348.932 747.453,348.763 382.561,350.774 788.152,351.870 568.834,353.582 610.759,352.478 724.871,353.914 873.452,354.058 276.619,357.002 460.999,357.278 382.557,358.537 212.703,365.222 904.289,368.297 998.845,391.444 56.127,399.226 405.255,399.363 714.936,400.057 276.994,420.446 127.244,423.777 228.523,437.482 308.882,450.839 651.464,451.502 574.215,455.481 766.008,458.301 815.290,459.161 540.123,465.151 325.201,477.201 567.021,479.269 448.737,480.523 456.333,489.371 173.213,495.618 625.933,501.406 700.270,509.114 636.882,509.186 537.056,515.055 811.686,517.726 302.240,524.141 315.488,523.803 628.189,526.396 737.222,527.184 323.428,528.125 880.171,531.480 910.581,537.855 942.154,538.064 625.718,545.209 807.713,544.610 505.980,546.562 649.188,558.681 499.618,561.601 805.586,567.164 864.338,566.945 508.547,570.296 639.696,570.044 294.691,576.672 846.409,581.185 65.109,583.897 838.962,585.137 292.488,594.928 556.105,601.355 467.814,606.183 996.141,608.210 816.390,608.576 863.978,608.648 607.090,614.900 227.588,615.687 742.533,634.950 549.146,650.142 1012.619,649.675 622.986,653.997 741.070,653.912 376.788,656.152 217.442,657.691 984.585,659.147 545.513,670.373 795.069,691.996 632.954,692.668 838.477,701.295 950.197,718.995 722.457,722.214 253.999,730.200 944.924,741.009 576.362,746.512 455.093,748.338 225.811,753.805 507.161,765.923 68.909,776.590 879.528,779.035 285.087,781.445 647.022,782.391 818.104,784.409 578.676,790.210 351.062,806.791 629.044,806.987 550.953,813.398 505.082,824.354 429.368,827.556 469.621,833.015 416.633,834.055 453.244,849.434 260.658,850.228 266.590,865.118 255.163,868.097 403.150,895.213 369.196,896.116 55.809,904.356 675.409,910.363 500.246,910.624 431.565,914.435 694.618,917.085 643.769,921.126 106.801,926.330 506.434,928.343 640.202,936.197 386.295,946.982 673.290,952.830 827.913,957.461 28.539,967.235 741.767,965.781 489.354,968.007 440.449,981.737 23.909,996.746 224.578,709.950 701.281,386.970 856.765,891.458 187.224,86.656 989.157,549.438 906.405,832.908 265.532,808.958 314.635,621.872 644.678,950.563 307.039,964.789 591.775,316.290 870.106,503.875 433.118,348.638 1006.758,127.702 470.178,947.092 653.011,597.502 528.723,433.732 23.199,37.251 224.940,863.813 899.421,493.302 996.647,521.821 445.293,290.997 210.517,301.397 313.710,347.003 277.705,702.806 858.428,67.521 998.771,373.526 770.517,423.408 562.063,613.880 80.697,841.938 803.198,490.536 878.141,717.824 691.858,188.350 476.056,655.133 952.767,21.297 358.679,339.281 96.401,267.112 604.640,436.638 936.991,144.359 481.214,334.916 539.286,658.242 776.404,834.645 742.644,580.658 716.423,701.307 416.464,859.098 560.686,883.516 642.404,582.800 937.756,674.760 309.909,49.799 842.008,222.551 511.562,688.010 527.178,223.117 542.666,707.018 595.300,304.195 718.933,363.543 577.494,488.982 482.113,760.929 343.763,108.515 819.741,911.927 197.000,792.393 910.766,241.424 55.245,684.427 162.957,914.576 147.354,281.859 558.800,524.152 602.075,557.360 356.410,996.614 521.047,170.377 412.558,816.862 112.203,876.337 304.224,212.201 966.981,803.704 657.293,936.524 506.646,964.541 829.794,354.861 215.407,537.261 609.405,950.324 855.600,752.670 694.638,808.472 960.307,69.092 974.012,275.121 742.975,308.914 234.308,372.670 622.410,703.865 40.254,751.279 585.366,145.637 41.244,636.039 158.748,641.739 56.376,726.865 597.913,272.465 584.065,691.557 862.066,731.212 384.526,768.828 298.683,902.714 357.032,907.588 778.050,982.752 784.092,877.560 798.407,155.481 558.860,366.759 749.184,528.857 470.561,804.903 251.368,970.345 732.791,282.314 904.763,321.091 763.648,558.494 456.200,623.013 884.987,819.738 117.823,952.848 312.226,84.139 74.971,237.229 793.474,258.296 65.749,1003.655 781.568,198.251 573.148,406.013 198.762,443.936 626.350,17.526 309.946,190.162 450.631,391.479 862.782,706.132 761.229,827.505 479.194,245.405 978.599,249.519 898.423,614.488 511.235,630.959 215.624,619.915 180.115,62.823 768.660,102.552 290.708,397.031 164.190,586.292 785.066,795.695 403.706,842.436 856.634,376.595 707.441,854.567 624.357,886.760 661.406,443.227 775.044,851.319 878.313,980.515 677.466,147.272 519.554,156.272 962.370,454.876 727.185,827.926 608.586,872.576 157.674,26.428 844.449,166.596 238.088,228.468 149.223,634.266 891.680,172.558 883.788,703.122 637.340,865.457 812.418,1014.241 906.840,772.524 469.779,779.841 846.611,934.523 400.257,667.575 798.667,789.234 913.504,909.610 32.695,368.893 22.051,754.649 681.542,983.557 261.149,257.581 722.535,288.753 488.287,446.628 417.352,775.774 162.000,533.503 340.539,840.115 757.730,909.114 133.428,445.339 673.189,885.593 77.441,720.400 534.775,763.010 938.632,396.692 353.389,858.570 442.799,817.799 313.485,853.821 47.424,314.576
ABN1 104.676,251.326 626.346,546.454 697.594,135.101 807.643,293.559 984.938,660.077 579.177,790.944 939.422,111.748 992.613,252.611 260.658,851.327 212.991,366.074 377.504,656.605 568.649,354.190 65.675,584.208 453.488,849.990 835.419,82.544 942.402,538.581 789.754,355.900 508.357,570.403 839.050,585.626 828.021,957.879 913.726,128.550 507.543,766.144 805.490,567.343 838.181,701.272 28.591,966.990 536.985,514.966 505.112,824.603 895.278,11.172 775.740,121.332 811.697,222.010 162.523,264.344 873.472,354.022 807.421,544.322 999.093,391.201 556.101,601.006 944.254,740.791 675.565,910.646 69.889,149.829 946.507,172.547 242.423,268.567 699.753,509.604 302.333,523.944 505.559,546.458 795.251,691.730 386.341,947.448 641.395,72.606 755.648,184.440 405.565,399.771 567.379,479.679 627.629,526.274 996.507,608.251 267.340,865.291 403.000,895.291 800.206,349.157 540.366,464.566 173.483,495.733 632.719,692.526 68.541,776.885 628.959,806.926 639.998,936.091 600.890,95.496 849.639,130.871 542.284,235.694 950.209,242.292 203.849,340.112 460.578,357.282 276.721,420.387 127.747,423.899 766.006,458.409 811.874,518.153 315.256,524.134 910.583,537.571 294.520,577.099 292.379,595.070 742.498,635.201 950.119,718.550 646.919,782.480 254.838,867.992 55.488,904.369 106.612,926.388 506.220,928.172 673.212,953.377 755.780,13.767 861.138,134.426 636.968,252.954 784.385,338.877 103.862,341.659 724.464,353.935 228.982,437.621 308.625,450.727 324.623,477.349 899.469,493.243 737.158,527.423 880.207,531.714 649.401,558.605 864.410,566.758 816.232,608.507 863.976,608.403 227.284,615.609 607.297,615.215 548.907,649.544 253.673,730.236 455.187,748.605 416.795,833.223 694.582,917.151 643.580,921.204 470.016,946.912 307.000,965.000 489.514,968.105 667.905,15.357 858.977,68.261 831.024,93.295 355.196,103.166 692.065,187.596 858.845,278.567 276.492,357.132 904.196,368.564 815.335,459.422 448.599,480.724 577.567,488.957 468.047,606.563 40.889,635.674 622.825,654.070 545.576,670.291 224.970,709.768 722.917,721.864 576.191,746.720 225.541,753.586 879.294,779.088 284.657,781.119 817.495,784.474 351.530,806.722 429.261,827.872 469.508,833.386 906.580,832.660 440.510,981.541 582.135,1015.161 956.465,9.199 626.557,17.785 952.479,21.104 959.848,68.654 218.097,70.428 919.499,110.831 1006.678,127.699 183.224,128.679 147.969,131.728 798.605,155.074 520.753,170.781 339.143,186.069 831.815,189.489 250.324,202.406 842.172,222.802 988.145,235.894 910.762,241.505 130.528,294.007 210.988,301.318 595.331,304.067 551.480,305.457 591.713,315.721 382.739,358.607 234.809,372.698 998.689,372.903 55.710,398.563 714.950,400.133 527.883,433.819 604.710,436.208 198.112,443.364 133.145,444.238 651.150,451.790 626.326,501.165 869.992,504.080 323.430,527.696 989.154,548.789 642.982,582.755 653.269,597.460 898.252,614.830 504.205,624.368 538.951,657.747 277.706,703.156 56.868,726.717 197.187,792.159 265.574,809.418 694.297,808.919 550.893,813.782 727.965,827.263 776.328,834.965 403.959,842.334 416.465,859.296 112.321,875.961 857.013,891.229 913.842,909.842 500.840,910.475 162.515,915.427 645.217,950.256 777.591,982.832 23.751,996.787 356.616,996.824 157.434,25.857 180.616,63.248 187.652,86.473 586.643,97.644 592.512,105.650 344.160,108.827 600.145,109.486 937.741,145.264 676.561,147.139 519.495,155.495 892.177,171.561 309.520,189.984 571.301,208.279 304.811,211.957 527.008,222.922 237.688,228.852 978.491,250.462 96.327,266.723 597.875,272.088 974.129,275.573 445.559,291.489 358.445,338.335 433.624,348.472 746.508,348.560 382.759,350.748 610.772,352.561 830.347,354.910 558.175,367.045 856.570,376.144 450.487,391.381 938.018,396.796 770.313,423.428 661.690,443.141 488.023,446.633 573.802,455.895 803.305,490.841 636.786,508.595 749.252,528.571 161.438,533.537 215.358,536.939 764.505,558.684 639.608,569.413 742.788,580.517 163.693,586.307 561.632,613.501 159.095,641.908 1012.631,650.543 741.240,654.347 217.483,657.357 937.581,674.427 55.090,684.291 511.483,687.714 583.959,691.187 883.544,703.313 542.708,707.442 877.166,717.426 78.900,720.000 40.662,752.000 855.897,752.665 534.816,763.124 384.288,768.979 907.074,772.739 470.000,779.430 966.859,803.538 470.551,804.675 413.186,816.509 775.505,851.543 707.300,854.108 353.228,858.385 225.194,864.229 784.246,877.469 624.998,886.635 369.153,896.154 351.026,900.071 299.576,903.000 357.533,908.235 819.657,912.477 437.608,914.343 657.853,936.182 609.574,951.054 117.874,952.673 506.794,964.738 741.517,965.858 251.244,969.919 878.242,980.540 681.235,984.200 812.227,1013.645 23.517,37.086 310.174,49.293 311.463,84.177 768.484,101.492 556.042,102.960 844.547,166.885 74.210,237.552 479.309,244.549 793.797,257.897 261.370,257.689 733.305,282.454 146.944,282.331 722.048,289.089 742.000,309.424 905.534,320.636 481.474,334.152 313.734,346.798 718.401,364.113 701.784,386.348 289.942,397.032 572.907,405.966 962.227,454.351 996.269,523.019 558.557,524.150 602.410,557.193 314.444,621.305 215.748,620.353 456.691,622.549 148.833,633.639 476.076,655.488 399.442,667.015 715.944,701.388 622.441,703.678 862.408,705.800 862.538,731.106 21.598,754.757 482.001,760.812 417.889,775.489 798.440,789.416 784.320,795.679 442.911,817.742 884.887,819.687 761.202,827.441 80.438,840.924 340.966,839.211 313.789,853.425 637.906,865.348 608.894,872.050 560.440,883.366 673.344,885.762 563.593,892.167 758.006,909.251 847.646,934.560 390.500,936.555 66.504,1003.508 584.000,143.500 781.962,198.000 47.607,314.997 33.168,369.080 58.875,779.225 445.500,839.992
ABN2 939.305,111.570 697.619,135.111 992.633,252.688 807.710,293.608 212.768,366.243 626.351,546.500 984.865,660.210 104.669,251.334 579.152,791.240 260.611,851.337
ABN3 939.346,111.472 697.658,135.142 807.755,293.635 944.377,360.427 22.842,428.410 442.320,504.310 626.349,546.523 652.781,595.063 984.949,660.283 638.657,696.551 376.869,766.318 276.912,910.642 822.743,944.411 180.409,994.489 104.656,251.350 579.068,791.133 430.505,1000.663
ABN4 939.288,111.575 807.713,293.610 212.756,366.251 626.387,546.477 984.862,660.203 260.612,851.332 697.551,135.125 104.652,251.393 992.636,252.683 65.426,584.045 579.152,791.236
ABN5 938.961,111.406 807.927,294.324 213.057,366.882 626.960,547.194 984.180,659.418 260.673,850.855 696.783,134.078 104.635,251.467 992.740,252.871 65.474,584.582 579.129,791.337
ABN6 624.785,544.623 632.203,552.608 580.286,793.062 617.179,232.920 104.626,251.457
ABO0 164.302,8.541 690.787,13.819 765.735,16.869 892.037,18.733 713.971,23.505 868.395,27.244 101.994,35.425 574.385,47.286 820.452,69.393 464.006,72.532 310.432,87.516 437.724,88.691 8.528,99.453 845.739,109.192 204.391,129.382 843.460,134.081 268.137,152.891 923.391,153.255 660.208,158.159 550.838,160.713 587.132,167.345 581.758,177.160 303.068,187.803 775.697,188.458 535.583,193.203 491.933,204.309 757.821,215.487 624.464,221.960 659.527,234.226 914.745,236.524 331.636,248.275 612.102,257.028 543.887,258.046 926.906,258.955 864.240,259.265 648.262,275.060 750.647,277.296 676.673,277.141 73.524,281.980 661.528,284.153 836.184,288.960 933.133,295.570 573.631,301.885 658.555,301.098 702.149,314.914 81.995,328.985 584.429,330.183 257.060,337.123 855.642,337.154 832.458,339.366 814.005,342.286 636.681,344.168 822.211,353.158 830.751,354.208 299.410,388.185 630.176,409.441 436.686,409.794 746.349,417.093 729.252,422.883 672.881,432.195 648.961,433.394 802.040,447.999 474.892,449.941 71.315,462.953 824.865,488.910 693.998,491.773 790.667,494.983 637.262,510.029 231.609,510.379 291.501,510.935 240.638,514.654 463.247,516.245 243.943,524.089 756.244,530.335 689.897,531.260 697.603,534.031 715.828,538.952 83.181,543.323 837.122,546.824 724.484,549.999 737.974,560.444 882.646,568.092 172.816,570.493 693.666,572.132 577.059,576.532 886.244,577.087 1005.953,580.730 782.257,583.436 743.593,587.321 830.949,590.575 553.690,598.740 155.056,603.159 737.880,615.485 802.409,616.602 532.455,627.550 941.516,628.348 768.471,634.350 763.976,639.705 813.997,645.138 933.403,670.385 62.092,684.471 947.643,683.754 920.373,687.223 346.057,689.197 797.944,689.819 279.779,695.458 619.555,696.219 405.073,702.076 130.378,712.065 678.233,716.378 21.430,721.542 771.607,723.240 984.889,724.923 501.655,728.789 588.355,735.434 181.208,738.495 635.279,749.477 956.941,760.394 652.602,765.176 574.768,775.028 383.136,783.482 783.155,786.841 343.457,797.453 670.006,807.283 716.475,813.048 675.263,830.227 700.651,841.446 568.684,850.016 703.655,850.565 979.769,854.830 884.670,859.484 294.692,861.106 665.324,865.387 945.139,874.039 312.058,879.059 600.077,881.962 309.100,887.106 590.807,891.314 32.128,899.048 217.004,899.011 451.319,901.319 880.901,924.389 713.435,932.965 325.606,945.007 406.110,946.746 689.749,950.047 763.540,963.249 495.600,979.604 359.225,997.907 121.620,1011.620 377.133,1012.105 810.707,1011.872 454.552,95.063 138.032,373.403 128.628,289.803 554.882,773.433 428.553,475.122 550.344,466.399 908.106,981.491 891.789,524.104 159.639,868.546 871.098,45.081 971.327,619.984 738.411,88.603 1008.286,273.531 188.313,128.896 655.745,330.240 914.060,542.856 921.147,865.633 675.981,954.567 164.410,998.187 751.118,145.631 452.704,545.147 690.378,362.261 765.540,604.084 525.387,893.776 109.298,10.749 862.226,16.859 658.022,220.396 599.321,265.610 759.525,670.988 795.900,724.254 554.968,837.255 734.478,367.023 704.661,912.980 689.923,647.436 1007.696,119.490 544.419,737.393 378.229,639.753 854.940,678.271 789.456,742.662 813.458,473.189 751.097,561.903 648.664,35.172 151.987,136.304 366.516,313.413 676.562,328.735 851.317,640.769 471.368,1006.032 815.220,724.600 893.166,940.921 651.343,254.557 76.262,821.117 635.040,253.169 398.960,334.992 717.918,184.350 879.733,66.359 956.558,83.303 568.176,607.532 795.311,170.163 714.179,382.758 572.820,640.234 115.593,151.184 888.535,298.421 662.447,368.034 355.058,147.521 114.880,381.004 925.488,477.287 890.308,891.531 527.129,55.203 72.786,436.428 621.489,399.420 687.064,661.819 809.778,673.089 980.772,751.632 52.430,856.503 721.130,969.361 469.555,94.160 314.296,348.550 702.565,671.418 371.266,705.099 79.344,249.475 320.496,392.727 298.140,798.002 741.723,146.622 700.763,326.176 48.752,761.968 305.790,933.257 125.522,63.019 133.494,71.321 861.715,689.354 919.688,743.935 953.305,632.705 897.278,752.158 142.453,429.569 288.152,567.358 728.632,57.667 713.111,196.534 653.500,106.836 555.573,139.580 187.894,398.270 1008.336,647.512 736.292,766.435 35.813,824.410 221.303,633.647 512.488,23.493 1002.622,129.300 487.491,899.968 374.349,362.718 110.361,47.386 671.624,314.514 928.495,319.606 861.916,706.435 685.090,166.037 725.565,280.584 729.495,738.642 596.350,309.925 827.923,428.019 675.115,298.738 295.608,946.343 678.912,33.071 698.382,510.832 337.578,832.022 639.384,209.384 931.145,943.550 805.195,170.657 431.402,105.487 773.535,205.180 998.484,738.405 645.510,819.216 823.436,894.510 448.226,982.459 9.654,956.546 939.253,114.924 481.308,62.658 643.168,95.576 607.457,40.367 169.314,721.620 888.509,180.624 641.445,870.417 7.924,653.250 611.586,417.595
ABO1 772.124,724.656 575.458,775.916 675.690,831.473 312.795,879.725 348.563,690.310 619.776,697.141 829.541,341.330 985.494,725.632 331.689,249.230 957.038,761.125 756.405,531.116 923.367,153.974 750.987,278.308 574.574,47.531 757.822,215.940 845.826,109.586 475.292,450.320 882.920,568.414 678.367,716.977 659.526,234.416 343.551,798.228 600.163,882.060 765.913,17.141 636.676,344.814 797.809,690.000 294.676,861.286 630.187,409.713 73.646,281.875 746.014,417.287 693.540,571.988 933.454,670.498 303.275,188.065 814.120,645.478 820.537,69.516 661.666,283.999 325.658,945.139 689.864,950.021 763.467,962.835 550.577,160.698 543.784,258.144 790.627,494.883 404.991,702.465 880.366,924.814 892.131,18.711 464.429,72.573 672.875,432.167 782.361,583.352 768.477,634.267 501.212,729.007 945.008,873.512 713.420,932.758 581.486,176.718 612.025,257.269 926.848,259.754 836.449,288.811 702.479,314.730 463.459,516.328 724.627,550.083 155.420,602.765 716.890,812.897 979.673,854.926 665.297,865.529 268.192,152.507 637.300,510.327 383.226,783.704 669.879,807.320 568.751,849.618 31.672,899.073 406.004,947.062 377.361,1012.526 101.843,35.516 437.384,89.285 491.649,204.319 624.812,221.871 573.232,301.192 658.574,301.042 82.063,328.602 584.010,330.416 822.135,353.382 241.002,514.541 697.476,534.218 837.313,546.563 577.019,576.684 1005.605,580.527 830.483,590.765 861.866,689.000 554.838,773.572 700.624,841.363 359.274,997.691 713.717,23.676 204.501,129.262 844.165,133.836 914.574,236.333 676.291,277.406 299.555,388.386 729.473,422.833 71.499,462.569 715.583,538.568 737.888,560.044 941.761,628.514 21.562,721.528 652.507,765.195 782.970,786.793 547.270,837.794 159.992,868.986 471.519,1006.073 879.984,66.769 738.488,88.508 469.402,94.310 586.753,166.582 775.549,188.725 535.264,192.913 713.294,197.514 863.666,259.274 648.322,275.402 128.425,289.807 256.776,337.432 855.515,337.465 813.806,342.458 734.183,367.418 824.623,489.168 243.690,523.879 752.013,561.969 172.591,570.422 765.396,604.139 737.987,615.109 532.535,627.801 851.473,640.869 759.425,671.412 947.497,683.775 62.188,684.451 129.726,711.984 588.452,735.688 181.563,738.313 635.518,749.381 704.596,851.071 164.591,997.944 121.462,1011.597 810.866,1012.046 163.937,7.866 512.608,23.548 871.022,44.902 431.349,105.128 1002.313,129.162 750.790,145.277 741.983,147.090 660.182,157.885 684.856,165.731 651.654,253.713 1008.266,273.912 933.165,295.361 888.828,298.329 676.594,328.637 365.442,363.936 320.230,392.682 437.002,409.777 649.129,433.391 550.444,466.350 428.036,474.688 694.400,492.234 231.652,509.535 291.570,510.533 913.488,543.359 83.418,543.512 744.015,587.227 802.896,616.786 971.193,619.595 221.836,633.277 1008.297,647.190 919.764,686.808 279.728,695.342 861.526,705.833 729.146,738.917 920.197,743.429 980.977,751.380 525.341,893.711 217.100,899.155 704.862,913.215 305.764,932.480 675.707,954.269 109.068,10.284 690.399,14.267 869.243,27.271 608.073,40.643 526.733,54.507 728.694,58.163 126.425,63.041 310.545,87.415 8.721,99.271 1007.847,119.462 188.330,128.147 556.172,140.258 354.804,147.105 115.915,151.151 795.473,169.981 804.705,170.803 888.928,180.695 773.516,205.414 658.349,220.582 79.673,249.606 635.290,253.688 725.589,281.244 675.212,299.651 596.292,310.757 366.799,313.029 700.335,326.177 690.359,361.834 138.780,373.482 115.513,380.961 714.792,382.199 827.299,428.031 801.908,448.287 814.017,473.056 925.760,477.274 891.985,524.271 452.021,545.680 553.932,598.656 567.521,607.146 572.775,640.786 702.742,670.813 854.745,677.557 169.361,721.468 795.742,724.162 815.501,724.562 790.200,743.566 736.638,766.866 297.477,798.931 645.429,819.908 76.698,821.168 884.207,860.011 590.863,891.338 451.119,901.955 893.517,940.903 295.153,946.452 720.573,969.308 495.488,979.370 907.887,981.438 862.339,15.793 678.820,32.451 647.799,34.945 110.555,47.424 481.828,62.427 133.565,71.554 454.322,94.858 653.586,106.634 939.503,114.763 151.574,135.840 718.106,184.498 638.562,208.572 599.753,265.798 671.889,314.366 928.644,319.421 655.920,330.082 399.179,335.019 314.624,348.182 374.388,362.497 661.674,368.436 188.316,398.594 621.197,399.243 611.340,417.536 142.518,430.000 73.733,436.782 698.640,510.286 288.293,567.686 953.324,632.966 378.706,639.504 690.001,647.835 7.760,653.615 686.627,661.456 810.137,673.182 371.861,705.000 544.099,736.490 998.300,738.334 897.201,751.744 49.151,762.391 35.851,824.776 337.754,831.452 53.694,856.737 920.402,865.101 641.501,869.814 890.458,891.648 823.418,894.690 488.141,899.546 931.482,943.710 955.841,82.529 642.962,94.000 8.000,955.000 447.593,981.840
ABO2 574.625,47.829 410.580,64.833 829.641,341.391 331.081,656.338 348.929,684.639 348.363,690.364 619.687,697.281 294.794,861.271 331.969,249.217 772.139,724.731 957.104,761.011 575.425,775.975 675.713,831.514 312.670,879.891
ABO3 574.754,47.932 410.571,64.762 546.926,388.317 921.828,408.611 283.106,656.465 331.125,656.271 348.171,690.316 772.163,724.796 957.214,760.911 246.924,845.625 294.869,861.277 312.651,880.110 864.969,907.143 623.869,953.178 575.408,776.020 675.731,831.549 990.395,382.009
ABO4 574.617,47.826 410.625,64.832 331.066,656.361 348.931,684.645 348.362,690.355 294.789,861.277 312.678,879.900 331.977,249.211 829.633,341.393 619.690,697.275 772.005,724.686 957.087,761.002 575.472,775.958 675.754,831.606
ABO5 575.701,49.640 410.173,64.929 332.191,656.563 348.775,685.473 349.156,691.299 293.995,860.375 313.810,880.937 333.876,250.594 829.506,340.596 620.486,697.839 772.756,725.439 957.100,760.910 575.848,776.482 676.082,831.240
ABO6 486.302,481.119 774.984,728.482 576.655,777.236 677.192,833.575 313.603,880.948
ABP0 58.418,7.840 16.925,20.888 697.437,27.356 853.993,28.096 840.121,31.183 574.549,37.295 855.958,38.711 421.038,42.813 260.332,48.361 688.981,47.319 10.709,51.487 524.022,64.616 696.534,65.185 278.197,67.590 826.353,72.025 329.001,96.542 414.167,97.892 437.492,118.309 736.798,131.119 783.335,132.073 31.677,134.226 828.994,145.372 477.194,162.565 290.842,171.490 752.983,193.994 725.985,198.939 666.576,205.042 876.234,209.407 729.195,213.159 1012.462,215.739 212.592,220.242 335.847,228.913 977.733,236.949 502.466,240.231 587.066,244.156 799.145,246.235 57.449,254.976 521.758,254.806 303.006,255.334 114.726,277.177 1005.268,288.214 220.187,301.175 69.990,306.075 764.053,308.173 458.607,310.929 65.778,326.866 60.642,345.259 685.649,353.953 315.684,360.576 858.161,360.232 450.168,363.471 639.261,373.420 549.430,382.073 375.145,384.893 682.814,392.090 396.081,401.051 514.664,410.990 65.094,427.197 310.144,447.392 74.718,453.208 531.640,456.587 29.151,465.294 245.859,466.929 67.553,480.999 363.809,479.779 485.947,481.337 558.737,487.637 404.782,520.073 766.976,530.944 780.602,548.754 54.007,570.422 938.285,569.998 199.181,580.741 760.944,581.236 345.484,587.318 820.864,598.438 133.175,607.381 496.941,608.239 632.279,612.019 850.212,618.728 436.815,623.146 431.019,641.494 662.694,661.271 262.212,668.462 489.635,679.845 540.210,681.284 212.848,712.947 958.498,721.218 799.163,724.039 406.473,725.852 48.295,748.789 199.982,754.468 576.137,759.783 361.114,772.079 303.470,773.193 97.535,796.164 785.504,849.240 946.532,855.819 407.471,884.382 134.650,890.004 942.912,905.340 252.676,934.258 517.114,943.916 558.295,969.295 689.745,977.782 976.626,987.154 447.003,990.368 71.404,991.343 222.846,1012.668 863.817,1015.387 1012.172,534.237 616.140,69.506 444.010,582.265 830.990,849.900 377.584,455.130 28.828,869.465 993.063,44.420 360.860,249.666 615.498,640.352 628.357,671.467 68.157,941.663 83.508,308.570 910.459,375.620 555.049,316.256 224.328,405.638 427.390,801.391 509.734,67.311 13.847,452.329 1012.683,940.001 505.252,960.264 792.371,999.193 400.039,979.524 965.213,584.778 427.487,596.802 388.089,446.224 527.551,798.804 241.866,253.666 81.789,398.149 907.489,421.187 54.355,529.657 182.649,621.414 947.609,1002.625 347.820,857.637 877.610,771.842 654.545,826.100 86.782,871.629 688.264,112.758 91.678,570.575 161.369,584.225 929.222,201.340 779.727,440.464 88.263,686.467 105.763,297.500 428.136,313.955 162.416,404.634 143.443,301.862 925.537,403.367 280.684,801.137 638.669,226.478 115.477,608.287 49.046,660.302 455.665,855.769 219.389,192.302 56.210,359.017 683.235,608.548 514.537,127.127 708.656,890.130 148.393,122.024 912.682,409.466 500.971,307.016 348.819,406.164 547.311,577.183 471.158,818.265 121.471,962.120 340.223,973.254 81.270,353.000 424.378,722.024 531.949,768.270 870.802,397.200 473.277,483.342 599.423,716.917 740.628,927.411 537.317,208.548 725.381,672.249 46.297,272.790 320.046,914.899 553.823,137.727 184.744,600.300 671.081,641.591 381.355,102.684 588.207,217.508 586.116,287.331 83.367,425.179 355.514,444.868 209.609,529.221 613.187,958.735 903.848,535.762 509.681,711.385 491.458,744.334 56.393,903.508 892.172,47.151 346.861,149.453 642.527,239.573 452.993,337.528 365.226,690.953 91.882,471.235 460.122,504.012 274.716,907.573 698.405,430.083 750.263,440.119 686.000,521.619 1002.577,614.683 502.810,390.552 909.301,668.485 353.526,1012.516 958.342,118.472 66.188,87.675 134.335,656.665 410.011,1014.729 581.228,974.482 621.697,950.326 45.517,246.030 490.602,874.040 750.361,538.538 963.025,470.319 420.236,897.007 143.340,392.451 45.580,397.859 331.513,642.175 365.549,744.000 867.941,323.690 845.220,379.146 423.705,695.959 824.570,743.753 600.755,789.524 145.925,197.294 92.803,425.554 705.256,508.517 824.825,392.532 495.406,20.151 789.428,415.216 211.192,421.142 500.467,376.444 215.863,626.218 481.297,812.168 659.919,898.232 213.599,948.407 400.146,701.539 281.342,836.848 46.259,944.984 478.574,871.337 197.742,871.617 961.826,890.425 163.605,177.617 665.256,873.130 225.828,518.263 264.484,1005.210 718.600,770.381 367.623,934.398 338.399,999.347 42.584,8.416 299.576,742.851 775.923,976.567 448.639,472.676 460.504,798.594 342.354,516.522 423.718,658.333 403.867,675.514 381.501,223.155 461.837,264.707 955.428,626.189
ABP1 737.723,132.196 98.201,797.569 977.368,988.430 29.307,466.807 574.840,38.659 75.344,454.362 212.879,221.437 71.992,310.438 329.067,96.796 65.291,427.712 260.405,48.626 16.772,20.848 875.606,209.852 764.561,307.988 65.978,326.923 697.441,27.464 396.093,401.565 798.953,724.498 840.282,31.183 829.356,145.524 514.557,410.579 761.072,581.108 361.089,772.327 134.523,889.915 447.329,990.444 57.344,254.883 245.820,466.358 767.296,531.175 820.706,598.910 421.286,42.926 725.830,198.452 133.251,607.559 406.106,726.115 576.491,759.510 407.416,884.481 414.275,97.734 485.990,481.411 517.297,943.510 856.560,38.976 696.027,65.536 616.177,69.236 753.071,194.098 799.551,246.214 522.049,255.256 303.407,255.566 60.962,345.210 683.171,392.045 431.040,641.089 477.702,162.320 291.162,171.113 666.382,204.978 906.920,421.397 309.809,447.464 559.286,487.949 54.051,570.479 437.007,622.646 71.284,991.236 853.363,27.892 335.639,228.866 502.411,240.522 114.497,276.933 1005.616,288.297 858.810,360.073 363.687,480.644 404.686,520.011 628.462,671.342 528.262,798.972 427.204,801.169 785.731,849.028 399.794,979.457 792.061,998.525 222.815,1012.626 10.868,51.715 524.449,64.384 509.659,66.867 783.014,132.257 638.013,226.067 978.043,237.196 642.859,239.958 587.618,244.312 105.346,297.537 219.995,301.284 457.409,310.619 685.858,353.622 56.538,358.741 315.563,360.945 450.002,363.518 375.382,385.330 67.696,480.854 198.672,581.253 497.166,608.039 662.363,661.124 491.271,744.591 470.853,818.015 347.897,857.746 951.507,911.036 689.578,47.445 892.752,46.934 278.000,67.725 826.226,72.580 958.072,118.341 553.558,138.501 729.892,213.173 45.491,245.630 143.187,302.046 501.078,306.922 83.722,308.795 428.005,314.041 555.000,315.822 89.538,316.475 453.106,337.871 639.104,373.094 500.263,376.434 910.071,375.682 549.088,382.078 925.836,402.923 789.252,415.561 355.326,444.527 13.918,452.455 377.839,455.132 531.865,456.204 1012.616,534.609 780.815,548.547 547.341,576.683 161.812,584.209 965.169,584.881 427.350,596.946 615.691,640.633 262.463,668.000 489.378,679.930 212.681,712.501 48.523,748.765 460.495,798.625 455.706,856.141 946.294,856.197 942.663,905.584 253.053,934.393 68.137,941.589 505.032,960.032 353.398,1012.452 749.914,1015.560 381.684,103.090 687.718,112.798 437.692,118.562 31.393,134.672 347.275,149.499 928.619,201.423 1012.598,215.044 588.180,217.634 361.531,249.875 241.875,253.999 46.877,272.914 76.670,321.003 825.112,392.244 81.537,398.110 226.040,399.458 162.427,404.649 349.068,406.118 224.308,405.611 911.734,409.393 83.526,424.969 780.105,440.492 448.630,472.217 460.402,504.410 342.422,517.278 685.740,521.862 55.177,529.445 209.719,528.845 91.749,571.144 443.541,582.500 345.617,587.461 683.532,608.419 632.295,611.594 850.325,619.313 183.061,621.141 49.132,660.715 87.386,686.383 364.655,690.849 599.653,716.929 959.026,721.269 824.511,743.769 199.833,754.433 532.553,768.061 718.978,770.005 878.026,771.857 303.418,772.714 600.576,788.864 280.299,801.546 481.073,812.438 654.463,826.485 28.093,869.128 197.852,871.441 56.062,903.767 320.242,915.085 745.004,921.679 46.291,945.101 621.217,950.712 613.110,959.342 339.791,973.367 580.808,974.640 42.681,8.254 494.777,20.458 993.294,44.099 66.345,87.746 147.581,122.345 514.481,126.700 163.679,177.562 219.695,193.005 146.101,197.458 537.464,208.665 462.621,264.227 585.719,287.433 867.662,323.433 81.661,352.772 845.078,379.183 502.471,389.788 45.345,397.722 870.503,397.320 93.351,424.853 698.440,430.782 749.796,440.111 387.948,446.137 963.047,469.586 91.715,471.164 473.456,483.518 705.558,508.561 903.643,535.618 937.389,570.180 184.904,599.654 115.374,607.766 216.032,624.979 335.428,640.521 670.866,641.874 135.208,656.406 423.424,657.788 725.539,672.312 403.531,674.877 540.643,681.702 423.511,695.865 400.316,701.760 509.717,710.461 424.225,722.290 365.185,743.818 280.897,836.496 831.102,849.690 86.947,871.667 665.264,872.425 490.361,873.977 708.313,890.674 962.079,891.114 420.038,896.173 274.851,907.503 367.946,934.016 1013.124,939.956 213.881,947.995 121.015,961.306 558.461,968.994 689.672,976.745 776.174,975.826 338.588,998.617 947.640,1002.265 264.585,1005.000 382.000,223.000 142.979,392.265 211.532,421.224 225.959,517.991 749.370,538.414 1002.773,613.729 956.414,626.000 908.860,668.333 300.000,741.000 478.971,870.371 660.500,898.000
ABP2 574.724,38.559 212.923,221.435 75.272,454.286 29.240,466.768 737.885,132.986 72.072,310.237 98.271,797.631 977.378,988.628
ABP3 574.562,38.375 638.617,129.269 446.489,165.116 398.397,208.292 212.935,221.430 146.666,316.169 18.523,364.081 29.226,466.765 750.912,690.919 98.334,797.708 458.478,816.720 75.100,454.116 977.440,988.697 737.858,132.962 72.164,309.343 328.314,888.905
ABP4 574.726,38.561 212.925,221.437 75.276,454.288 29.288,466.754 260.181,48.853 749.065,132.709 72.077,310.238 98.510,797.689 328.592,888.911 977.552,988.631 737.761,132.947 217.104,528.342 536.241,960.516
ABP5 575.186,38.556 212.943,220.951 75.671,454.550 29.329,466.789 260.567,48.971 749.131,134.516 72.230,310.299 98.360,797.409 327.791,888.441 977.469,988.525 737.586,132.446 216.328,529.119 537.991,959.799
ABP6 29.269,466.781 96.300,795.386 99.296,798.603 980.247,992.735 576.906,40.921 216.485,224.945 32.251,468.782 975.327,984.948 977.469,988.521
ABQ0 465.516,20.377 632.052,20.723 463.799,30.455 463.001,47.037 958.483,48.406 444.127,49.080 939.547,56.528 808.877,57.761 884.618,63.529 277.227,73.272 675.160,85.869 893.374,85.886 797.192,101.949 71.237,104.752 9.998,107.215 179.575,121.416 330.100,122.783 676.159,134.035 959.450,135.392 822.449,152.363 169.973,164.354 516.841,171.987 468.099,175.086 778.341,182.833 910.507,208.464 123.429,211.861 385.236,219.101 812.634,219.136 593.315,232.956 422.607,240.631 790.208,262.383 443.813,262.422 258.067,267.774 514.536,270.566 478.360,277.390 933.290,295.618 194.895,298.041 337.852,300.110 43.839,299.790 536.887,308.817 587.005,311.360 485.950,322.713 739.477,361.389 747.333,361.334 698.467,377.373 409.711,377.992 331.647,388.945 478.873,390.249 368.452,399.140 493.099,401.275 391.359,403.721 422.868,409.058 466.990,412.551 326.130,414.269 157.426,416.032 394.750,419.582 337.533,440.388 93.394,440.646 869.300,442.340 945.822,446.631 455.128,461.112 905.823,487.267 7.298,495.154 31.176,510.033 347.217,520.113 95.176,529.038 344.701,538.407 339.612,554.233 837.755,555.867 329.189,558.108 567.259,558.629 765.993,565.088 581.683,568.936 196.825,578.870 568.903,580.114 841.196,587.082 301.908,591.385 357.962,607.175 661.577,606.122 476.826,618.893 688.124,622.023 944.407,627.007 117.213,633.177 418.469,638.370 721.226,638.248 210.211,655.331 604.999,661.302 86.044,663.409 491.165,667.298 530.217,697.700 833.533,704.008 136.724,714.933 390.421,719.315 818.939,752.779 593.477,765.686 983.154,776.317 812.800,777.314 104.150,793.149 480.702,794.181 415.465,794.413 488.207,795.379 16.647,804.802 158.377,815.265 412.001,823.915 464.795,828.061 1011.681,826.654 177.118,830.710 424.518,838.864 574.578,840.977 374.523,841.671 14.429,860.351 968.157,866.783 748.138,872.101 820.597,925.761 440.675,938.148 342.437,943.454 725.777,946.561 735.614,947.147 268.690,957.210 177.377,966.108 550.502,972.366 579.792,981.545 622.510,985.815 578.653,993.099 634.792,993.245 371.317,1006.197 561.958,109.586 22.141,438.364 208.040,256.138 407.576,486.292 994.158,510.293 421.172,106.778 443.253,314.470 34.400,411.832 937.304,761.747 873.376,590.376 521.908,602.703 363.471,20.384 585.360,374.235 617.551,562.284 179.111,628.039 418.968,659.599 975.685,732.073 184.155,475.520 324.125,470.948 308.663,570.963 58.355,645.444 737.135,751.135 968.804,164.804 340.575,340.279 561.507,489.768 378.093,993.595 301.560,302.128 735.357,740.447 663.678,403.554 384.500,413.000 514.822,824.407 11.853,448.395 718.939,425.434 16.313,16.605 296.120,186.519 275.539,265.911 609.295,520.057 516.295,847.019 335.950,211.085 697.151,311.095 245.543,471.313 831.160,504.777 272.122,570.456 437.984,60.275 232.329,292.467 281.179,745.254 578.182,340.380 206.473,685.774 467.227,363.980 92.488,75.094 794.357,334.466 586.686,429.658 56.756,485.928 804.592,839.635 953.892,431.671 351.422,506.804 194.659,932.021 638.291,381.821 328.028,514.768 822.181,113.542 46.337,446.982 578.346,902.234 686.112,101.382 419.077,559.983 366.959,588.800 165.014,879.391 50.373,795.036 537.511,447.004 458.397,234.056 686.763,470.728 621.245,616.296 81.642,743.887 949.267,716.892 205.528,905.068 320.613,444.674 445.298,882.438 565.119,385.813 308.922,400.245 964.687,426.402 761.049,553.812 807.424,941.802 188.596,350.628 669.400,374.308 646.728,903.620 13.380,192.850 253.297,218.297 207.642,277.538 490.853,306.344 502.723,438.856 265.228,481.688 796.493,940.617 216.274,948.004 7.987,137.212 522.729,210.374 454.821,334.260 552.288,334.923 651.410,496.637 797.898,800.480 528.227,894.359 53.538,242.288 949.451,304.810 670.480,506.333 369.566,614.434 358.523,468.231 361.612,767.482 311.495,445.047 465.528,565.644 509.317,152.487 195.968,459.034 389.174,838.997 1008.579,141.721 749.205,260.588 461.232,399.255 277.683,672.392 262.168,693.424 174.283,252.904 407.259,319.088 735.276,391.109 88.630,37.651 77.939,136.304 173.238,362.740 530.487,258.093 402.417,963.361 581.765,391.398 81.600,988.065 39.311,674.566 53.608,372.536 1013.655,133.260 558.680,917.696
ABQ1 277.723,75.024 491.151,669.162 369.021,400.018 517.596,172.907 326.187,415.488 210.400,656.575 410.223,378.561 269.367,958.050 339.671,555.276 569.443,580.568 812.793,219.663 441.046,938.575 455.550,461.607 735.779,947.267 477.144,619.202 463.752,31.338 790.588,262.717 337.660,441.276 841.285,587.202 104.516,793.464 177.623,830.788 688.001,622.010 739.799,361.753 530.508,697.888 464.535,828.164 797.047,101.774 468.173,175.239 412.294,823.776 443.957,49.285 7.553,495.455 766.406,565.533 983.282,776.243 463.288,47.013 959.478,135.702 822.384,152.263 586.575,311.640 344.219,539.139 16.667,804.565 958.569,48.945 10.280,107.586 418.242,638.547 384.664,218.972 493.639,401.316 157.279,415.840 357.527,607.117 480.749,794.233 478.378,277.218 331.702,388.228 301.907,591.309 632.266,21.000 675.804,133.992 485.943,322.394 698.502,377.530 422.594,408.872 348.078,519.667 567.417,558.473 117.711,633.098 605.232,661.389 818.767,752.483 574.688,840.639 622.303,986.131 939.575,56.553 884.605,63.377 675.168,85.925 179.720,121.523 257.610,267.329 514.574,271.078 194.603,298.236 337.804,299.601 536.885,308.649 391.390,403.723 905.478,487.332 31.385,510.234 581.901,569.115 968.278,866.702 748.009,871.921 808.543,57.874 421.367,106.825 330.112,122.605 777.875,182.894 296.316,186.089 592.831,232.804 932.944,296.036 697.356,311.379 466.620,412.268 394.927,419.610 22.262,438.486 197.012,579.043 1011.462,827.089 14.470,860.299 893.279,86.193 207.814,277.620 232.727,292.947 93.895,440.288 946.037,446.517 407.890,486.189 95.414,528.727 838.039,555.982 329.332,558.618 944.441,626.869 86.610,663.474 49.981,795.043 414.892,794.755 515.025,824.928 424.666,838.787 804.410,839.583 374.350,841.832 726.451,946.748 177.421,965.647 578.962,992.944 634.781,993.518 371.443,1005.853 15.553,16.549 363.190,20.159 93.051,75.516 422.649,241.172 749.530,260.389 44.048,299.559 442.884,314.860 584.828,374.509 639.530,382.479 735.740,390.847 308.830,400.870 718.437,425.217 503.199,439.420 320.700,445.387 537.382,446.235 46.575,447.726 686.814,470.381 323.396,470.874 181.801,480.375 566.194,482.520 830.573,504.529 272.005,569.731 367.482,588.490 522.578,603.151 661.662,606.000 370.248,614.475 621.555,615.431 830.117,706.379 136.568,715.055 389.691,719.566 975.955,731.810 280.810,745.145 736.742,751.612 938.019,761.760 594.033,765.616 812.700,777.425 797.986,799.909 342.240,943.573 550.430,972.874 579.822,982.024 378.090,993.371 465.137,20.208 88.559,38.049 70.860,104.944 561.465,109.323 821.437,113.514 77.612,136.775 8.169,137.863 169.462,165.097 13.611,193.090 909.935,208.627 335.397,211.646 458.141,234.247 49.296,243.956 174.445,253.422 208.448,256.223 443.959,262.280 276.644,265.979 301.799,302.242 949.484,304.368 491.242,305.861 406.194,319.237 552.757,335.071 578.252,340.508 340.804,341.027 172.475,362.749 467.679,363.424 53.624,372.339 669.028,374.289 564.865,385.287 478.771,390.539 33.675,411.743 964.382,426.621 869.516,442.496 312.370,444.476 11.713,448.185 195.655,460.004 245.370,471.728 265.164,481.685 56.998,485.887 350.991,506.687 994.555,510.683 761.362,554.094 617.156,561.999 465.151,565.259 309.097,570.700 179.595,627.526 721.462,638.049 57.955,645.702 419.764,660.166 734.528,740.081 80.755,744.193 362.254,767.669 158.457,815.122 516.217,846.834 444.779,882.051 205.831,904.716 820.739,925.923 194.460,931.207 796.555,940.082 808.030,941.738 216.114,947.327 402.721,963.143 82.806,988.237 437.612,60.536 685.935,101.206 1013.585,133.281 1008.695,141.813 508.988,152.909 968.472,164.843 123.978,211.738 522.645,210.763 254.286,218.514 530.582,258.563 794.480,333.606 454.613,334.212 188.888,350.461 460.350,398.649 663.115,403.684 586.465,429.373 953.394,431.501 358.992,468.205 651.382,497.057 328.491,514.426 609.253,520.646 419.690,559.579 873.494,590.841 277.000,673.000 39.213,674.472 206.476,685.520 948.757,716.805 389.131,837.651 165.291,879.321 528.707,894.212 578.976,902.789 646.559,903.578 582.345,390.988 669.974,506.352 262.304,692.975 558.318,917.510
ABQ2 517.646,173.018 410.190,378.517 369.055,400.059 326.121,415.474 569.353,580.502 210.251,656.627 269.333,958.172 277.743,75.008 339.931,555.489 491.313,669.232
ABQ3 999.168,151.241 410.107,378.625 664.705,378.776 369.141,400.124 325.968,415.533 774.952,431.279 569.255,580.486 470.705,648.648 302.705,836.768 269.230,958.328 277.760,75.005 517.670,173.164 210.030,656.590 491.384,669.334 575.136,744.367 359.117,768.601 487.666,984.467
ABQ4 410.191,378.525 569.353,580.499 210.248,656.631 441.040,938.352 277.752,75.065 517.603,173.013 369.095,400.097 326.115,415.488 340.184,555.454 491.197,669.158 269.335,958.156 256.082,385.239 584.377,568.119
ABQ5 409.879,378.115 569.556,581.425 210.898,656.445 441.268,937.768 277.184,74.618 517.250,172.903 368.964,399.891 325.532,415.417 339.846,555.840 491.118,668.864 269.071,957.741 255.064,383.746 584.962,568.041
ABQ6 369.238,400.395 491.073,668.820 272.477,961.005 279.275,76.300 520.454,175.270 327.886,417.860
ABR0 502.222,18.354 757.061,46.995 251.697,63.149 177.636,65.127 871.421,67.387 228.551,72.234 249.012,73.335 565.576,78.641 320.714,83.178 710.514,82.058 271.154,83.315 957.404,96.704 331.774,100.400 364.350,118.517 258.016,125.720 289.041,127.442 603.717,131.112 352.746,131.672 268.096,134.964 252.131,143.178 312.929,148.699 269.730,152.450 500.756,166.467 216.435,170.272 667.580,171.139 936.603,173.635 524.223,177.333 679.632,186.548 963.222,188.717 273.235,193.898 526.055,195.985 320.114,196.182 219.165,196.609 347.388,198.584 216.875,206.330 568.093,206.661 74.291,221.294 638.332,236.620 469.196,240.112 747.972,243.006 315.450,271.288 574.377,287.262 314.414,290.310 958.894,294.693 91.008,296.696 840.069,296.060 391.303,303.459 880.696,315.199 195.816,328.051 297.512,339.484 320.570,340.653 196.036,368.089 434.753,373.571 102.184,381.063 520.998,388.119 260.463,402.188 69.965,409.581 46.995,412.561 349.070,427.439 294.028,429.595 660.496,436.530 403.923,462.093 357.411,478.170 681.024,487.876 980.624,487.424 970.217,495.360 432.898,499.078 625.990,501.885 822.797,509.723 227.780,530.001 974.317,535.524 151.738,541.792 270.681,548.468 761.660,557.921 716.269,575.661 503.484,577.327 746.275,585.159 500.340,584.462 497.869,627.459 850.456,640.238 696.070,644.055 323.295,663.084 889.943,673.694 910.359,689.483 77.418,690.710 85.766,696.225 391.197,701.222 100.020,704.092 236.226,705.363 745.367,715.216 93.564,722.262 717.073,739.189 367.390,746.117 322.996,750.561 216.713,753.066 691.586,756.485 31.019,784.249 313.737,786.909 974.119,789.190 357.842,799.098 284.703,812.417 624.509,814.915 255.724,822.829 609.060,823.873 432.985,825.867 630.309,830.361 719.992,832.679 416.549,834.348 331.840,835.266 219.502,848.826 431.941,855.085 107.595,858.784 39.669,886.133 472.128,886.294 813.349,888.530 375.735,893.106 409.694,895.094 723.680,918.479 391.244,922.606 407.336,926.254 272.167,928.180 627.643,934.965 876.963,939.314 377.521,941.196 679.796,942.112 351.193,973.034 372.765,989.122 206.845,990.034 401.890,989.900 621.286,999.683 36.948,1000.746 798.711,1002.205 794.817,1008.904 480.640,1015.205 403.912,227.860 1003.338,378.836 474.535,943.199 543.155,799.854 1013.494,996.381 599.315,250.884 845.771,745.196 633.196,778.612 303.291,159.861 901.727,188.968 157.257,332.530 507.002,669.775 447.422,729.079 733.641,34.774 396.671,933.153 310.390,943.115 641.635,1008.666 930.746,524.338 393.147,11.107 736.468,419.651 943.567,570.600 435.747,57.641 87.215,95.556 102.995,190.784 199.479,640.461 631.266,885.461 149.813,918.370 549.665,628.867 257.916,963.553 837.261,989.340 17.939,23.619 45.508,685.766 213.038,972.537 134.424,767.506 255.416,159.239 420.535,306.950 498.768,524.612 856.487,748.038 859.408,997.987 199.500,44.270 667.225,560.795 480.043,274.561 190.217,891.355 965.444,723.196 590.804,768.474 697.989,127.565 469.189,1006.057 314.829,412.572 498.548,751.131 493.651,803.929 230.058,20.441 987.328,155.666 476.618,683.905 936.709,962.647 164.553,274.623 650.288,423.589 437.479,601.628 398.213,1008.213 429.800,104.086 649.740,412.177 387.521,834.044 964.887,897.998 154.608,363.486 413.590,721.450 246.206,526.511 684.616,798.252 577.645,676.687 364.477,128.344 906.794,541.682 100.399,732.500 548.169,964.558 265.486,786.889 347.012,61.284 482.782,652.542 586.740,719.811 159.310,972.899 472.624,198.056 683.706,643.777 351.693,999.703 566.989,57.215 122.843,96.761 500.467,155.368 926.223,712.803 37.686,230.125 20.689,572.685 354.973,832.773 573.121,922.700 186.554,123.570 272.379,717.705 345.242,787.472 471.479,832.838 535.625,377.695 397.616,742.904 436.552,982.165 283.639,115.899 414.149,534.823 449.418,752.529 214.535,705.877 603.445,706.413 495.853,202.978 805.514,388.921 909.401,1007.492 416.672,264.535 417.277,854.725 320.358,870.884 536.521,182.316 490.794,224.534 318.663,730.616 525.392,600.200 461.549,739.500 943.871,988.421
ABR1 217.168,171.753 40.395,887.473 680.841,943.293 236.528,706.775 378.025,942.295 373.567,990.155 376.268,893.959 630.523,831.428 404.453,462.479 270.605,137.504 433.087,499.262 472.253,886.959 502.573,18.718 391.075,303.901 251.741,63.438 86.319,697.037 627.857,935.142 177.407,65.413 696.559,643.965 93.278,722.381 500.768,584.431 216.722,753.101 99.908,704.263 717.034,738.959 321.199,83.769 723.240,918.488 401.937,990.273 962.062,101.053 667.569,171.183 746.372,585.624 312.729,148.714 349.334,427.557 497.648,627.681 409.665,895.220 794.749,1009.004 289.122,127.751 526.509,195.672 195.558,368.753 974.340,535.522 313.504,786.839 228.472,72.172 524.259,177.558 102.482,380.702 624.612,815.067 876.740,939.662 206.327,990.234 970.247,495.459 432.973,825.596 219.764,848.700 621.290,999.532 258.523,125.478 962.859,189.124 315.529,271.193 195.641,328.055 391.489,701.391 357.840,798.959 351.231,972.696 252.357,143.175 273.188,193.912 347.632,198.624 74.397,220.911 69.993,409.650 37.295,1000.651 249.046,73.408 500.549,166.468 216.456,206.650 323.483,750.318 974.298,789.280 272.026,927.920 468.733,1005.865 480.670,1015.798 429.996,103.992 603.465,130.967 936.127,173.813 320.333,196.276 748.715,243.285 958.538,294.316 91.100,296.837 881.108,314.508 156.706,332.560 294.147,429.770 681.061,487.745 822.997,509.768 716.723,575.539 199.506,640.973 367.411,745.628 134.160,767.150 31.013,784.597 255.697,822.601 719.931,832.861 407.098,925.548 199.550,44.024 757.136,46.851 871.631,66.651 218.692,196.801 403.951,227.726 638.038,236.793 469.237,239.809 599.005,251.503 574.342,287.468 313.729,289.544 420.979,306.988 297.537,339.206 46.564,412.594 357.516,477.882 850.654,640.649 683.062,643.894 889.690,674.109 910.442,689.377 397.851,743.404 345.252,787.167 284.220,812.560 609.166,823.923 431.499,854.871 416.701,854.510 212.621,972.361 229.964,19.934 733.340,34.913 271.302,82.864 87.959,95.508 331.922,100.727 364.495,118.030 186.550,123.075 697.665,127.358 353.826,131.665 987.453,156.205 302.903,159.460 536.745,182.382 679.449,186.453 103.580,191.200 839.632,295.932 319.910,340.352 434.881,373.566 534.740,377.783 805.381,388.443 260.420,402.000 736.743,419.419 660.857,436.427 625.734,501.538 498.979,524.593 151.396,541.944 906.304,541.553 270.611,548.770 943.791,570.527 525.982,600.304 322.914,663.438 45.510,685.948 926.393,713.000 745.044,715.138 319.208,729.913 447.758,729.417 857.210,747.811 691.892,757.396 538.438,792.849 355.123,833.150 331.621,835.811 813.638,888.518 149.541,918.475 391.620,922.603 572.932,922.112 936.812,962.473 158.762,973.290 436.445,982.184 1013.318,996.445 352.447,1000.027 398.578,1008.455 435.688,57.799 564.807,78.722 710.093,82.614 123.306,96.533 269.724,152.906 500.541,155.572 255.605,159.770 901.699,189.021 472.429,197.807 568.169,206.788 164.996,275.072 479.403,274.840 520.709,388.010 650.116,411.711 227.698,530.484 761.892,558.285 666.969,560.676 20.619,572.572 437.157,601.829 549.224,628.576 483.166,652.487 507.176,669.502 578.051,676.333 476.659,684.013 214.391,706.000 603.556,706.543 273.183,716.582 413.735,721.400 965.699,723.199 497.896,751.348 590.645,769.658 265.403,786.535 685.215,797.899 493.574,804.458 387.826,833.648 471.567,832.717 416.979,834.890 107.564,859.482 964.622,898.099 396.822,932.989 310.143,942.338 474.346,944.060 257.795,964.378 836.258,989.843 642.268,1008.582 393.123,10.923 17.493,24.071 347.188,60.420 364.588,127.894 495.907,202.970 490.848,223.981 38.195,229.586 411.130,256.899 416.656,265.043 154.894,362.741 1002.710,378.505 650.263,424.048 930.764,524.547 246.276,526.294 414.568,534.425 586.538,719.853 100.488,733.400 461.140,738.960 845.039,745.221 448.678,752.426 633.250,778.382 631.846,885.137 189.451,891.188 547.879,964.967 859.592,997.845 909.722,1007.636 566.742,56.751 283.494,115.308 313.403,412.000 320.264,871.459 944.000,989.000
ABR2 502.743,18.868 236.609,706.845 376.318,894.074 377.918,942.371 373.579,990.270 217.135,171.710 630.569,831.259 40.466,887.415 680.920,943.516
ABR3 11.128,40.862 431.791,42.554 64.800,562.320 108.366,634.995 854.416,672.787 236.650,706.909 696.577,822.933 376.369,894.229 377.789,942.422 373.623,990.307 217.102,171.664 217.390,180.571 631.526,831.135 40.534,887.385 680.934,943.506
ABR4 502.740,18.867 236.524,706.762 377.914,942.339 373.581,990.267 217.093,171.806 217.425,180.587 630.582,831.258 40.533,887.549 472.601,887.884 376.313,894.068 681.138,943.494 271.504,137.592
ABR5 502.856,20.057 237.366,707.302 378.789,943.425 374.030,990.433 217.358,171.816 217.647,180.337 631.349,831.106 40.563,887.302 472.475,889.272 377.299,895.419 680.708,943.303 271.645,137.790
ABR6 964.570,154.562 48.576,897.098 238.327,708.662 40.575,887.308 681.603,944.872 208.845,809.574 632.244,832.837 376.190,993.494
ABS0 178.595,9.483 850.000,23.550 897.453,26.740 281.644,34.267 288.033,38.701 574.233,46.549 481.620,58.972 301.569,68.419 646.328,94.557 54.811,123.137 490.799,126.486 1010.930,135.937 298.553,173.515 596.526,176.972 896.633,181.457 902.811,185.634 180.404,194.963 53.707,198.632 7.098,204.552 311.588,205.082 328.094,210.363 606.508,233.551 440.904,238.984 76.706,253.483 834.603,253.893 116.816,256.983 1003.278,274.893 142.595,295.397 481.666,302.169 211.296,310.722 806.380,317.909 732.508,318.779 785.849,330.849 606.089,356.262 679.883,394.606 276.968,396.801 622.352,397.482 104.851,398.373 561.211,398.379 317.501,403.028 813.103,409.043 543.959,431.150 868.589,435.661 580.297,443.993 102.753,446.079 226.344,461.998 280.572,463.580 254.820,476.072 210.555,482.297 296.658,498.468 276.801,504.916 315.123,542.755 367.597,546.480 289.992,554.342 966.480,560.241 241.586,563.195 485.963,578.417 78.297,586.302 629.492,598.700 322.264,603.890 342.934,609.728 112.503,617.684 864.482,622.226 403.489,636.656 275.170,639.963 214.550,646.675 273.549,652.685 440.397,655.033 566.626,656.637 890.586,666.607 564.512,673.799 533.080,676.542 202.593,685.130 192.938,687.012 109.713,698.251 354.724,709.585 886.126,716.539 487.590,726.796 165.524,730.825 508.897,752.569 414.861,760.225 551.748,762.737 943.776,763.170 650.450,768.747 78.178,772.454 295.152,773.801 12.954,774.706 376.923,775.142 10.659,785.181 348.641,784.462 317.609,801.805 148.232,803.027 69.806,806.302 908.651,814.039 410.758,814.667 694.936,815.983 294.570,844.982 481.154,854.628 222.105,858.733 378.536,907.946 386.419,921.862 406.634,937.244 366.526,943.427 504.762,959.430 520.742,967.370 946.691,978.462 219.867,982.146 693.760,988.686 967.870,1011.093 790.222,5.124 967.915,17.318 157.191,27.954 108.867,33.025 260.874,37.487 186.069,66.593 346.391,66.903 508.580,67.953 448.764,69.869 48.775,76.466 207.637,78.379 258.370,81.228 101.708,85.803 1003.897,88.438 883.215,96.607 717.800,109.259 116.187,112.462 173.333,122.065 53.459,143.474 708.050,145.975 33.992,147.776 801.350,151.416 161.386,173.919 341.703,176.349 61.020,178.912 179.414,179.708 104.589,188.387 649.633,209.212 1005.104,216.354 655.066,217.605 664.756,219.640 109.123,220.910 105.675,227.328 830.250,227.680 57.305,227.630 310.769,238.204 141.316,238.711 21.276,241.371 27.348,241.287 143.217,268.388 196.805,271.029 437.724,270.009 769.251,277.383 105.940,281.397 55.601,286.628 156.004,293.619 172.015,300.660 183.666,309.456 202.910,309.861 4.280,313.720 268.366,318.877 9.916,321.607 61.383,331.574 208.337,332.919 442.466,338.143 365.072,340.411 217.600,350.631 627.496,355.587 849.096,360.252 13.366,367.549 489.557,367.857 121.434,371.295 89.363,385.711 569.492,395.567 253.877,403.855 867.234,403.582 301.126,415.115 122.851,420.182 312.492,423.151 201.040,426.818 185.863,436.656 311.548,479.844 365.963,481.019 359.462,503.371 383.389,505.499 253.949,513.430 124.225,516.054 128.470,517.283 285.314,517.441 119.718,518.421 255.634,524.776 139.111,525.780 301.399,527.208 285.900,533.404 855.203,537.447 99.970,541.012 422.988,539.923 302.999,543.858 317.940,549.481 669.821,548.278 357.484,557.533 824.074,560.202 336.234,567.162 320.141,569.716 710.685,572.841 218.047,572.210 33.459,575.789 791.453,575.789 228.808,577.505 776.108,579.259 131.815,582.413 354.076,594.074 446.517,599.664 35.304,599.997 855.305,616.438 406.251,626.050 51.504,633.452 881.983,633.066 439.967,633.790 892.138,641.988 685.325,644.066 69.346,651.749 309.771,661.860 216.659,663.077 335.649,663.257 547.119,672.062 839.638,681.878 873.712,689.175 260.231,694.027 543.144,695.221 251.471,697.280 935.647,699.781 529.348,708.641 367.436,717.590 690.665,724.992 83.123,732.279 444.427,745.350 713.894,744.070 278.095,747.484 169.210,754.478 587.188,775.936 556.289,776.979 204.234,785.404 753.641,803.384 342.076,805.143 708.871,812.206 456.493,813.605 720.494,816.315 162.077,820.576 269.889,820.819 734.968,826.866 544.753,831.339 169.320,836.472 177.826,844.469 457.537,847.458 148.996,850.154 339.708,851.319 765.291,853.235 600.505,879.468 534.264,880.264 59.634,885.045 620.318,885.987 139.504,889.287 248.631,894.881 608.801,899.140 520.966,899.737 942.875,899.600 454.805,904.248 396.159,910.151 275.173,911.460 238.074,911.590 810.387,915.679 304.198,915.869 249.890,924.666 506.135,930.003 935.712,937.033 169.181,945.795 277.471,963.654 892.131,971.749 170.532,972.884 228.596,973.477 347.317,977.790 177.815,981.783 896.582,983.748 248.538,1003.354 889.917,1012.002 67.238,1013.565 236.889,127.608 77.823,137.040 145.553,327.106 628.003,497.085 124.536,529.937 122.723,532.424 317.126,591.008 226.775,632.590
ABS1 77.187,137.087 260.457,36.727 248.385,895.041 395.603,911.146 507.678,68.386 628.266,496.857 237.115,127.645 124.414,530.475 83.019,732.138 145.426,327.306 339.772,851.333 217.566,571.678 448.913,69.759 444.493,745.346 173.350,122.116 317.094,591.213 226.839,632.431 250.251,924.535 169.414,754.218 896.463,984.215 9.705,321.429 873.465,689.461 442.779,337.878 60.487,178.714 301.574,415.187 311.551,479.978 423.002,539.958 304.057,915.416 170.480,973.452 57.255,227.318 717.819,109.596 669.444,548.243 406.471,626.439 124.324,515.727 709.145,812.257 269.945,820.499 139.586,889.187 105.912,281.452 302.648,543.887 354.065,593.965 600.474,879.412 108.794,220.895 196.644,270.722 313.061,423.414 357.251,557.582 892.239,971.375 157.425,27.912 883.333,96.687 437.432,269.626 171.975,300.279 867.167,403.417 253.872,404.125 440.028,634.165 336.106,662.898 690.021,724.818 204.215,785.493 366.228,943.218 108.707,33.535 346.351,66.564 649.811,209.198 217.537,350.701 185.836,436.539 255.641,524.173 139.606,525.881 35.632,600.484 148.705,850.385 534.475,880.529 897.287,27.000 574.334,46.620 708.487,145.913 341.771,175.625 180.916,195.084 654.918,218.280 785.683,330.915 277.000,397.079 289.888,554.547 486.119,578.606 51.447,633.495 564.362,673.452 543.234,695.071 166.004,730.757 734.814,826.965 457.883,847.261 219.810,982.566 186.020,66.547 606.569,233.122 55.464,286.254 183.995,309.357 266.940,318.580 61.358,331.319 364.945,341.307 99.907,541.009 710.780,572.697 892.336,642.486 753.326,802.928 456.433,813.292 720.721,815.800 238.304,911.526 228.064,973.492 281.547,34.461 101.846,85.677 897.257,181.168 52.985,199.023 830.164,227.524 116.649,256.520 769.464,277.048 155.811,293.866 89.167,385.538 569.409,395.603 123.053,419.744 200.693,426.924 210.277,482.004 301.345,527.170 966.423,560.593 131.791,582.678 403.624,636.784 69.117,651.983 441.066,654.348 216.914,663.369 10.695,785.469 695.339,815.547 169.458,836.469 481.299,854.021 608.421,898.675 454.773,904.630 378.561,908.131 810.036,916.495 505.879,930.196 406.381,937.638 504.237,958.631 520.755,967.347 301.492,68.562 49.039,76.539 258.484,81.511 491.574,126.888 800.701,151.657 160.792,174.076 104.447,188.501 312.137,205.037 327.684,210.406 664.233,219.804 141.398,238.703 441.128,238.952 76.826,253.500 143.006,295.662 202.556,309.425 211.500,310.337 849.218,360.009 489.721,368.282 120.743,371.505 104.917,398.724 103.015,446.667 254.891,476.535 366.181,481.153 277.352,504.863 383.090,505.078 286.362,517.474 314.035,543.301 776.310,579.425 78.030,585.614 685.123,644.370 273.101,652.672 566.854,656.578 546.989,673.229 533.026,676.883 251.466,697.548 935.823,699.571 943.533,762.986 295.793,774.226 556.274,776.471 348.100,784.471 410.842,814.185 162.388,820.613 294.902,844.937 765.355,853.548 943.146,899.121 520.835,900.111 170.097,945.313 968.282,17.194 481.541,59.580 207.875,78.061 1005.077,88.234 1011.157,135.964 53.357,143.480 33.659,148.205 596.607,178.091 1004.349,216.530 27.541,242.104 834.493,252.872 482.570,302.000 806.820,318.405 627.205,355.605 605.708,356.318 679.806,394.329 621.803,398.383 813.203,408.786 580.400,443.514 226.071,461.500 279.580,463.341 296.751,498.189 855.208,536.947 335.797,566.542 320.268,569.624 33.796,575.817 791.452,575.570 228.630,577.886 447.236,600.270 342.505,609.900 112.697,617.553 855.654,616.657 863.838,621.877 275.168,640.131 309.640,661.414 839.605,681.845 202.226,684.227 192.395,687.021 259.755,693.979 354.649,710.268 367.170,717.510 886.425,716.632 714.081,744.532 277.916,747.826 508.149,753.156 414.363,760.837 551.354,762.358 13.019,774.957 586.781,775.990 317.775,801.811 341.676,804.919 68.964,805.659 178.363,844.128 275.455,911.220 946.017,978.499 693.933,989.178 248.741,1002.573 968.121,1011.032 67.500,1013.468 178.000,10.765 848.828,23.573 646.513,94.788 116.441,113.106 54.595,123.216 298.062,173.440 179.165,179.631 7.370,204.573 310.342,237.123 143.199,267.992 1003.735,274.462 731.530,318.852 207.980,332.891 13.390,368.228 544.432,431.715 869.538,434.731 359.136,503.584 253.177,513.378 285.450,533.333 367.493,545.618 822.988,560.323 241.857,563.339 629.514,598.356 322.543,604.240 881.328,631.959 214.788,646.686 109.299,698.676 487.982,726.622 649.817,768.831 377.155,774.510 147.468,803.756 908.610,814.086 544.725,832.600 221.609,858.588 620.515,886.447 59.803,885.209 386.367,922.041 936.106,937.686 277.216,963.467 347.720,978.276 890.701,1011.193 317.345,401.988 890.542,666.998 529.243,707.951 77.681,772.173
ABS2 260.458,36.677 507.630,68.465 628.327,496.904 124.257,530.445 181.036,702.734 83.068,732.119 395.497,911.013 236.956,127.747 77.144,137.077 145.417,327.613 248.398,895.028
ABS3 144.526,4.280 260.451,36.627 782.525,308.347 145.367,327.504 472.493,486.879 158.487,648.928 181.042,702.722 83.159,732.465 395.835,910.819 918.807,992.875 77.091,137.111 624.724,201.112 248.527,894.938 6.809,904.292 550.731,81.055 236.751,127.976 628.609,496.872 1008.799,544.844 393.130,773.426 488.817,904.971
ABS4 260.438,36.598 507.624,68.463 628.331,496.908 124.262,530.447 83.057,732.272 339.963,851.837 395.492,911.014 144.627,4.174 236.908,127.956 77.192,137.068 145.430,327.615 248.409,895.028 896.632,984.652
ABS5 260.603,36.814 507.544,69.288 629.344,498.136 125.849,531.650 84.005,733.134 340.176,853.824 395.973,912.336 145.087,4.860 237.465,127.888 77.342,136.791 143.637,326.680 248.580,895.176 896.562,983.953
ABS6 72.180,134.051 264.475,40.431 512.627,72.225 249.174,896.096
ABT0 872.678,18.317 152.084,24.443 177.501,26.234 746.879,28.538 1016.188,28.863 176.356,34.523 515.118,87.982 179.182,102.425 664.128,132.814 142.783,139.614 652.325,142.165 390.776,172.346 766.685,172.659 832.471,180.927 879.794,194.911 496.581,208.511 358.237,212.030 826.972,224.652 411.557,254.443 634.335,256.236 854.751,275.247 310.258,278.061 226.471,284.766 206.651,287.279 509.616,290.849 264.178,302.448 923.500,306.399 178.818,307.696 662.343,313.991 680.343,334.236 998.701,336.397 2.298,343.844 344.409,359.145 593.788,366.697 523.715,370.558 578.420,376.778 581.818,408.832 838.447,428.960 490.748,440.570 58.711,454.617 734.322,463.498 955.100,472.007 442.595,474.409 754.506,491.313 471.050,495.475 109.424,498.387 510.282,500.703 322.661,506.472 758.607,517.725 116.733,524.483 1002.747,550.386 627.816,558.801 470.575,566.244 892.542,569.616 599.492,585.130 92.532,592.910 22.417,600.839 594.587,632.315 1018.576,656.556 650.387,688.906 400.338,694.787 510.454,708.122 122.380,710.436 758.807,726.028 84.936,735.066 493.478,746.388 844.379,746.593 218.916,751.444 875.385,754.856 40.617,762.284 432.558,762.569 696.846,771.863 64.494,780.658 856.488,785.065 690.655,788.610 606.674,798.848 639.460,806.969 970.438,811.951 383.121,817.569 534.767,832.587 600.304,854.625 1019.100,864.715 61.303,866.472 581.867,866.897 623.117,866.490 80.348,874.986 332.474,880.481 1016.511,888.813 171.061,895.667 446.605,899.390 841.535,904.399 675.262,911.013 945.028,910.435 851.797,914.569 772.080,928.776 679.934,931.110 768.965,940.965 500.200,974.465 82.670,981.579 826.935,987.004 817.233,990.355 295.637,1010.476 434.384,1013.482 432.384,8.289 562.095,11.565 373.703,16.756 475.336,26.092 547.410,27.600 35.184,34.860 70.756,57.820 87.770,56.533 96.606,63.786 615.681,64.996 115.660,73.213 313.391,84.236 288.960,91.907 600.998,95.086 486.253,100.089 747.805,109.418 455.663,113.522 432.001,116.869 846.056,121.916 636.604,125.318 500.015,128.478 455.323,140.513 643.860,148.919 397.378,154.508 404.102,156.672 833.795,159.346 176.025,165.350 1015.442,171.962 930.040,179.143 209.113,182.291 193.511,188.098 122.454,193.964 809.048,201.470 1005.175,201.347 382.872,203.638 807.621,209.658 942.363,217.193 40.731,218.673 922.072,229.560 737.705,232.189 251.845,232.385 51.825,235.785 17.000,240.561 307.941,243.391 697.009,247.201 884.094,255.598 463.608,257.584 723.365,261.847 423.212,264.542 716.501,269.947 796.185,271.249 115.246,275.455 972.741,278.115 704.863,285.057 189.843,286.762 459.100,291.569 171.660,296.095 236.307,300.258 585.354,302.021 834.139,305.758 893.275,320.414 842.301,325.246 69.452,335.794 908.502,351.852 673.785,353.872 472.444,365.242 986.150,371.368 403.377,373.608 567.334,373.483 663.446,380.630 736.027,389.020 89.908,393.777 43.156,395.666 664.399,399.849 362.625,401.433 619.782,404.370 977.534,409.412 192.419,424.561 637.763,454.023 1002.982,465.946 154.932,471.846 561.452,472.491 960.081,484.485 589.823,490.859 435.337,513.690 955.625,527.118 865.245,527.703 742.044,531.019 565.012,542.185 864.185,541.962 951.122,551.116 835.629,563.422 484.430,567.077 871.044,570.242 544.341,571.883 640.576,571.781 87.568,573.594 1004.950,578.227 144.104,581.445 655.401,592.940 950.761,592.641 960.558,593.416 523.724,604.954 825.966,604.099 10.314,614.891 981.359,619.166 340.570,624.366 673.383,627.369 766.486,627.948 40.776,628.581 443.552,632.016 324.190,650.747 59.244,653.892 96.447,655.927 728.534,659.951 21.926,663.027 357.887,678.841 865.894,685.173 371.245,689.363 142.011,691.095 343.544,691.294 980.908,691.908 269.212,700.028 691.949,699.839 395.877,708.342 260.374,719.453 467.748,718.358 818.145,724.643 96.740,727.122 799.455,729.071 215.565,741.333 227.960,756.306 783.687,761.648 453.271,768.598 403.801,773.628 540.250,773.887 599.274,788.241 840.206,802.992 265.832,807.463 457.623,812.293 509.286,819.289 232.618,826.000 716.007,833.999 969.587,836.191 844.977,842.091 261.093,857.870 371.374,865.233 121.339,869.594 475.213,871.982 311.791,881.425 213.954,887.100 380.798,887.333 939.271,888.429 291.214,889.905 731.160,893.734 801.127,900.364 961.906,904.688 183.022,927.594 442.267,933.289 468.503,934.862 809.629,935.806 191.924,985.601 366.013,988.569 907.824,996.377 888.466,999.948 954.174,1012.624 226.905,57.104 243.113,90.517 454.813,108.067 743.170,351.249 277.222,407.238 979.067,574.728 653.420,592.884 513.914,636.950 274.659,835.147 939.174,862.693 874.724,974.727
ABT1 979.442,573.896 654.305,592.047 513.268,635.991 743.657,351.561 373.448,16.270 382.715,203.146 643.586,148.536 962.217,904.479 242.879,90.321 274.422,835.265 540.111,773.285 468.399,935.235 227.130,56.697 70.841,57.606 939.251,862.475 960.269,484.271 277.133,406.917 122.177,193.951 499.834,128.355 874.966,974.713 236.267,300.261 209.012,182.527 954.199,1012.538 289.116,92.113 422.818,264.029 615.457,64.942 51.609,235.519 190.333,286.902 561.644,472.617 871.419,569.850 324.395,650.517 455.551,113.486 340.654,624.373 381.408,887.387 486.461,100.205 922.071,229.609 826.063,604.438 213.912,886.869 176.679,34.362 17.372,240.484 593.466,366.624 1003.134,465.953 141.420,691.138 403.967,774.025 840.029,802.659 35.132,34.991 175.372,165.362 1005.145,201.464 972.766,278.025 704.612,285.262 951.184,551.132 1004.623,578.623 845.561,842.051 397.871,154.683 251.589,232.815 308.252,243.473 458.803,291.214 171.334,296.385 589.916,490.854 565.164,542.238 371.330,689.314 691.924,699.930 601.157,94.892 495.936,208.207 942.650,217.518 463.897,257.238 472.756,365.234 736.372,388.736 10.163,615.484 594.505,632.470 383.000,817.405 366.039,988.389 872.925,17.883 115.635,73.527 431.866,116.626 766.885,172.490 929.675,179.531 193.383,187.952 697.283,248.359 115.278,275.649 841.888,325.389 673.583,353.544 362.462,401.282 154.911,471.982 322.930,506.908 741.919,530.392 863.662,541.683 981.210,618.848 980.996,691.658 122.490,710.921 813.764,722.943 875.418,754.807 856.536,784.983 599.694,788.157 182.414,927.185 442.653,932.916 500.361,974.028 431.886,8.000 152.713,24.511 40.787,218.081 411.716,254.423 796.015,270.691 585.269,301.749 178.250,307.659 661.972,313.549 403.426,373.263 977.465,410.166 838.894,428.822 955.536,471.975 1002.805,550.055 40.693,628.537 443.796,632.523 58.603,654.288 467.759,718.240 97.443,726.580 759.365,725.800 844.659,746.412 218.855,752.329 40.460,762.375 690.466,788.441 715.511,833.987 599.928,854.480 623.112,866.587 581.659,867.413 122.071,869.640 841.141,904.330 827.352,987.308 474.503,25.402 514.708,87.584 179.222,103.067 747.342,109.541 846.461,122.169 142.651,139.398 833.801,159.250 358.618,212.550 737.720,232.457 854.994,274.837 226.628,284.975 206.562,287.307 893.758,320.924 680.376,333.781 69.750,335.399 907.717,351.462 620.077,404.312 734.856,462.664 753.858,491.313 471.101,495.169 109.504,498.360 759.557,517.752 835.318,563.446 949.595,592.517 22.469,600.568 524.019,604.884 766.600,627.989 21.693,662.784 866.047,684.783 343.706,691.180 510.240,708.432 453.617,768.572 696.417,772.099 456.978,811.422 475.352,871.257 290.855,890.405 731.402,893.445 170.690,895.409 945.670,910.998 809.675,935.763 82.658,981.642 191.901,985.777 434.506,1013.774 561.664,11.331 547.491,26.685 747.693,28.082 87.903,56.626 95.628,63.500 313.247,84.274 664.027,133.389 454.624,140.840 390.780,171.594 880.620,195.125 808.729,201.371 884.681,254.853 633.546,255.914 510.155,291.451 264.519,302.493 832.877,306.059 923.441,306.030 998.731,336.721 523.732,370.374 577.971,376.290 663.848,380.554 664.630,400.345 192.970,424.254 490.980,440.836 637.955,454.127 443.070,474.514 435.950,513.646 116.766,524.421 864.166,527.607 627.883,558.832 892.783,569.366 86.517,573.009 144.633,581.488 599.543,584.681 965.704,596.368 673.618,627.391 96.399,656.431 358.402,678.413 650.372,688.668 799.801,729.417 85.000,734.514 215.404,740.866 493.573,746.033 783.691,762.317 606.640,798.897 509.277,819.009 232.421,825.387 534.484,832.998 968.829,835.565 61.412,866.709 80.219,874.648 312.004,881.219 446.112,899.483 675.587,911.697 852.001,914.754 768.208,940.074 816.801,990.541 908.055,995.655 888.677,1000.181 636.552,125.621 832.757,180.737 807.573,209.400 827.061,224.541 722.685,261.033 716.629,270.257 344.511,358.505 566.598,373.328 987.042,371.489 89.843,393.726 43.180,395.630 582.017,408.489 58.182,454.776 470.538,565.827 484.151,567.419 640.647,570.555 92.652,593.584 729.023,660.147 400.574,694.433 269.120,699.644 395.552,708.607 260.420,719.812 228.667,756.793 432.769,762.614 64.755,780.513 639.444,806.981 970.873,812.000 260.718,857.704 371.716,865.422 331.279,880.667 938.496,888.657 800.091,901.535 680.028,931.482 771.194,929.616 296.030,1010.075 309.975,276.439 510.894,501.129 955.369,526.394 545.568,571.536 266.265,807.308
ABT2 227.197,56.698 243.012,90.424 643.960,148.458 382.619,203.118 236.159,300.310 939.155,862.253 373.440,16.316 743.572,351.522 979.460,573.794 654.280,592.031 513.408,635.841 962.049,904.561 468.272,935.405
ABT3 243.671,90.629 644.152,148.512 382.541,203.118 801.035,368.435 228.878,463.109 144.514,478.766 961.858,904.563 2.597,983.090 743.538,351.568 979.467,573.732 654.381,592.007 513.376,635.888 373.433,16.380 40.117,64.705
ABT4 227.205,56.713 243.001,90.428 643.963,148.453 382.622,203.121 274.433,835.484 373.442,16.313 241.075,304.730 743.572,351.523 979.490,573.776 654.385,592.040 513.418,635.939 962.049,904.554 468.271,935.396
ABT5 227.803,58.036 245.110,92.172 644.365,148.561 382.168,202.099 275.049,837.525 373.640,16.806 242.578,305.894 743.208,350.737 979.768,574.733 655.079,593.098 513.724,636.365 962.530,905.081 469.198,935.163
ABT6 223.105,220.791 744.585,353.871 978.601,573.324 511.001,633.103 514.781,637.295
ABU0 368.593,34.235 379.043,37.908 635.090,54.676 990.745,58.100 279.709,64.883 318.785,66.459 583.224,74.477 405.546,77.493 805.770,83.055 354.453,85.421 158.518,91.056 175.026,94.968 202.523,103.141 86.364,104.939 416.353,106.019 189.361,119.193 558.334,131.059 915.559,130.511 920.069,139.406 368.493,139.489 155.177,149.853 919.252,159.377 298.734,163.193 889.531,172.787 677.197,182.550 6.795,187.160 954.463,194.521 487.999,195.539 960.706,204.609 608.514,213.578 946.429,215.513 495.856,216.710 529.970,241.261 954.479,240.564 848.698,248.179 225.490,281.297 25.825,285.131 588.266,283.782 221.266,290.372 854.011,298.052 1002.012,297.227 197.949,303.058 216.921,305.307 755.339,306.269 722.355,314.809 732.389,314.901 857.177,318.023 867.403,318.397 600.887,319.624 384.900,321.640 561.762,328.085 790.994,335.700 809.033,337.591 852.727,341.256 67.873,344.871 802.126,349.346 783.080,350.792 746.940,366.178 814.070,367.390 863.624,388.443 298.898,387.848 412.178,392.229 799.163,394.835 542.935,397.016 849.886,402.895 754.990,411.507 611.536,419.581 681.459,422.411 662.799,425.578 192.697,428.025 523.457,434.988 241.293,436.234 403.145,437.412 758.768,438.259 839.606,437.865 615.349,442.221 99.581,450.791 132.034,480.420 537.054,487.996 666.477,502.413 148.087,506.447 489.649,506.533 302.103,512.349 31.903,518.824 179.124,529.044 216.279,530.640 514.664,548.189 966.717,550.124 134.921,557.179 608.071,559.792 745.402,565.013 229.651,572.853 175.735,574.989 823.916,580.226 484.696,584.262 278.454,586.882 818.652,605.585 800.901,611.233 85.567,612.203 37.755,624.125 923.708,624.853 60.466,633.786 152.607,639.955 90.912,646.176 612.530,647.165 60.180,650.507 164.281,654.213 799.895,654.559 135.211,659.561 415.687,669.095 423.492,670.427 881.558,673.465 372.862,675.470 722.757,677.966 111.728,705.360 786.478,730.119 856.959,744.896 844.702,760.238 953.816,768.170 523.629,775.285 595.451,795.367 998.792,806.606 549.218,826.994 201.782,828.394 804.946,840.238 213.848,841.870 198.100,850.915 94.680,871.173 398.151,876.054 29.065,879.131 470.195,881.305 285.581,896.392 466.858,913.170 308.141,918.105 95.780,925.185 1005.660,924.987 215.781,941.662 337.823,941.209 773.607,943.862 130.423,964.348 558.507,973.738 763.968,989.034 916.427,1014.177 125.605,256.257 387.920,96.482 824.402,429.572 742.782,499.089 144.968,864.096 497.471,922.910 106.745,232.534 162.224,351.680 763.773,694.673 223.952,249.830 786.273,387.783 800.250,169.232 24.086,901.616 333.227,693.724 1005.318,780.765 628.608,867.333 340.851,144.668 874.204,264.993 17.815,397.878 81.126,153.505 262.586,647.709 56.491,720.589 212.186,757.554 893.302,982.354 51.049,216.685 251.540,842.608 51.204,641.551 602.411,33.410 24.513,559.000 669.720,531.804 252.984,798.218 382.414,727.131 227.575,63.885 913.327,207.635 978.399,373.504 914.505,494.236 949.649,443.324 714.310,582.880 919.579,216.521 52.114,431.255 263.245,612.922 385.723,610.754 816.168,43.129 853.440,89.686 32.387,119.932 86.040,193.255 557.853,287.653 903.769,289.168 474.170,654.527 251.350,702.895 474.373,829.011 712.630,203.453 942.581,360.922 313.041,666.837 621.189,59.904 645.515,278.920 496.850,40.499 1015.045,194.550 830.307,440.140 605.857,782.357 411.477,130.288 419.345,409.137 479.617,44.036 147.193,611.398 341.042,765.211 544.403,451.595 169.224,482.323 362.726,160.446 345.213,666.237 198.164,709.493 795.358,268.892 906.526,765.560 617.055,779.399 868.390,498.196 49.647,798.379 239.880,654.726 806.898,203.144 791.174,49.787 959.799,98.011 165.103,693.721 317.033,797.278 661.004,149.761 890.943,409.392 834.623,577.543 242.639,898.486 861.496,18.630 395.752,863.636 393.529,120.627 184.538,560.025 786.983,559.509 238.847,601.847 944.936,621.634 96.275,814.138 589.955,101.963 328.375,203.275 238.238,416.026 141.873,579.248 625.854,659.338 300.322,783.552 238.294,474.437 710.098,519.191 674.259,929.682 446.305,573.734 234.986,522.203 10.424,691.421 765.328,582.792 787.400,583.221 102.681,155.843 132.593,645.000 255.255,663.859 405.548,696.843 126.450,82.725 816.593,618.500 97.554,553.432
ABU1 26.944,286.380 755.854,307.872 96.982,926.436 241.676,437.390 38.378,625.204 85.918,613.084 198.740,851.537 514.658,548.970 111.624,706.141 966.938,550.540 848.905,248.638 484.681,585.032 221.416,290.766 863.625,389.262 867.566,319.027 800.731,351.523 94.685,871.467 415.989,669.360 920.375,139.446 155.109,149.826 801.045,611.563 919.412,159.406 192.789,428.105 278.442,586.555 398.029,876.558 805.848,83.184 198.269,303.265 681.382,422.804 758.739,438.057 746.892,366.329 857.383,745.119 29.128,879.381 467.024,913.679 130.479,964.210 635.182,54.610 530.267,241.366 216.694,305.490 561.730,328.393 99.754,450.991 178.644,529.048 308.175,918.424 379.070,37.670 416.136,106.219 853.952,298.591 809.272,337.630 666.806,502.567 91.485,645.878 496.020,216.655 722.747,314.776 857.588,318.209 813.751,367.662 798.929,394.708 536.835,487.806 175.665,574.575 372.845,675.664 175.419,95.210 954.418,240.577 600.596,319.471 31.853,518.522 164.400,653.957 523.794,775.299 549.280,826.690 764.290,989.360 583.474,74.215 790.967,335.550 754.699,411.826 523.823,434.831 839.414,438.084 489.965,506.734 301.705,512.385 745.463,565.147 135.526,659.006 998.605,807.196 202.014,828.258 773.581,943.890 558.521,973.431 278.729,64.246 125.858,256.006 225.125,281.194 1002.320,297.330 384.749,321.712 162.519,351.306 783.259,350.921 614.757,442.414 914.148,494.238 216.203,530.514 823.959,580.541 818.650,605.370 60.743,633.846 60.017,650.537 345.496,666.291 804.723,840.283 213.669,841.579 215.295,940.977 991.276,58.252 227.222,63.509 405.537,77.381 189.572,119.370 915.327,130.645 80.926,153.147 298.905,163.701 677.622,182.669 488.773,195.521 903.960,288.581 853.241,340.955 663.351,425.697 403.290,437.515 868.177,498.000 834.882,577.160 386.079,610.946 152.539,639.973 333.672,693.851 1005.241,781.078 595.163,795.196 144.941,864.222 286.479,896.509 242.820,898.681 1006.042,925.391 337.488,940.905 319.034,65.804 158.075,91.794 387.622,96.719 202.221,103.404 411.186,130.146 558.542,131.029 340.932,145.139 800.458,169.696 889.700,173.303 954.585,194.531 961.022,204.807 607.876,213.752 946.431,215.952 106.952,232.889 558.007,287.798 732.521,314.959 68.191,344.500 942.478,360.962 979.200,373.821 786.201,387.963 412.060,392.277 17.519,397.694 542.392,397.056 850.454,402.819 419.857,409.568 544.642,451.861 132.027,480.129 148.402,506.657 24.530,558.795 607.335,560.183 229.768,573.017 765.244,582.727 923.384,624.384 51.348,641.664 612.408,646.703 800.024,655.083 881.544,673.590 165.272,693.811 763.314,694.445 405.431,697.067 786.122,730.019 212.368,757.562 844.547,759.767 954.315,768.125 395.643,863.443 470.199,880.669 24.034,901.775 497.541,923.438 916.714,1013.530 601.522,32.906 496.517,40.049 791.400,50.169 621.482,59.972 354.888,85.522 853.129,89.900 959.507,97.354 589.708,102.259 85.544,104.852 368.269,139.482 362.468,159.378 86.254,193.595 328.333,203.254 807.258,203.032 912.630,207.207 920.585,215.977 50.477,217.648 873.998,264.692 794.962,268.651 646.287,278.874 298.839,387.441 611.754,419.737 824.447,429.897 52.541,430.569 238.500,473.513 710.195,519.430 670.542,531.827 97.836,553.207 135.008,557.240 184.423,560.798 786.843,560.134 445.733,573.470 142.058,578.550 787.024,583.896 262.799,612.618 945.279,621.436 132.796,645.010 262.203,648.241 240.525,654.238 474.245,654.894 625.931,659.510 313.070,667.137 722.799,677.697 10.307,690.695 251.257,703.083 198.491,710.315 62.847,717.705 56.213,720.662 906.712,765.820 616.508,779.428 605.622,782.749 317.472,796.756 49.679,798.565 253.414,798.879 251.710,842.497 629.147,867.559 893.013,982.082 861.568,18.181 368.635,33.770 816.059,43.015 480.011,43.795 33.000,119.978 393.889,119.615 660.858,149.912 1015.546,193.832 223.565,249.523 588.323,283.870 238.486,416.000 948.508,443.484 168.761,482.310 743.135,499.472 235.378,522.389 713.747,582.687 238.903,601.876 147.492,611.472 816.742,618.295 255.037,663.275 341.193,765.000 300.107,783.528 95.668,814.406 473.700,828.252 674.237,929.405 126.424,83.426 102.379,154.986 712.732,202.598 890.421,408.076 382.810,726.291
ABU2 514.829,548.995 38.347,625.102 26.972,286.513 755.799,307.781 241.707,437.373 86.084,612.848 198.803,851.625 97.348,927.034
ABU3 213.080,263.025 296.217,304.806 936.975,448.068 245.471,450.582 313.124,570.211 85.988,612.676 38.404,624.991 364.675,698.862 672.834,711.951 823.676,730.707 240.100,767.522 96.703,803.168 198.815,851.871 606.884,904.063 681.907,102.437 790.703,138.048 935.682,167.399 27.014,286.542 755.758,307.798 241.712,437.358 97.013,926.900 696.003,128.498
ABU4 514.825,548.989 38.438,625.139 198.805,851.615 27.003,286.646 755.841,307.823 241.680,437.414 86.094,612.830 97.184,926.881 785.423,608.083
ABU5 515.495,549.647 39.087,625.252 198.704,851.303 27.655,287.219 756.031,308.136 241.153,437.198 85.329,612.883 97.218,926.935 785.697,608.296
ABU6 89.689,616.473 45.089,814.921 24.987,284.868 759.871,311.949 108.632,929.115 752.966,304.934 369.315,416.904 95.388,924.967
ABV0 471.156,7.739 91.520,12.737 681.504,71.203 929.943,96.351 20.137,101.579 362.879,116.174 995.642,116.642 743.166,132.393 903.130,136.530 747.501,141.532 558.648,152.694 534.610,159.943 672.633,160.063 485.439,172.050 851.764,182.055 207.083,206.304 833.534,209.984 262.622,220.011 381.394,224.302 356.159,243.469 862.142,243.569 851.722,248.480 988.864,258.924 242.358,274.221 858.819,278.245 83.148,293.753 400.858,299.988 734.735,324.106 489.662,338.188 660.678,346.220 19.274,357.750 489.185,368.928 886.134,388.264 565.275,389.246 979.207,414.251 234.665,420.210 739.701,421.368 779.783,424.867 238.917,426.913 473.981,429.068 629.854,429.279 742.676,428.272 127.533,433.224 78.822,435.428 273.627,453.968 809.498,453.576 497.998,456.500 513.860,460.168 15.652,462.201 803.076,472.061 940.524,470.680 496.564,474.001 629.489,481.277 64.548,484.637 776.125,484.085 837.430,495.071 594.607,520.194 989.730,525.127 724.634,543.915 641.071,561.023 273.510,583.340 74.425,597.773 399.321,617.177 202.520,618.518 469.815,619.217 33.290,623.500 296.950,628.110 645.263,629.253 422.202,635.129 396.786,636.372 335.029,665.227 275.326,667.013 612.099,667.043 928.923,669.074 442.042,675.157 593.299,675.434 617.906,679.066 575.910,682.101 660.643,685.442 465.285,693.600 299.924,694.830 925.487,694.084 421.690,700.218 453.413,704.716 349.714,706.002 111.623,709.035 189.146,713.285 460.834,725.043 763.117,729.298 512.794,731.440 304.467,732.348 934.456,751.315 496.108,754.086 216.459,756.293 296.535,761.681 471.150,764.010 850.856,763.985 703.556,782.322 296.997,805.242 391.301,804.257 988.994,821.189 790.971,822.849 108.125,827.098 93.641,834.128 832.778,834.018 83.514,838.564 119.811,841.996 987.920,852.818 403.999,890.028 712.926,895.593 583.948,900.177 241.904,902.746 978.173,913.185 135.871,926.978 462.943,928.955 637.984,942.808 729.480,960.734 227.185,971.281 931.055,982.481 34.018,984.814 729.088,988.508 843.598,987.674 931.725,1008.496 794.457,1012.630 516.050,648.419 482.056,54.328 833.582,195.634 659.056,549.801 486.314,301.540 26.487,187.316 237.244,132.647 464.780,705.908 419.924,939.323 643.454,1008.697 181.386,832.272 440.388,514.222 328.569,552.844 831.617,867.336 965.023,414.704 9.326,143.593 367.603,195.521 131.514,957.400 313.831,470.433 750.916,383.651 754.776,772.303 586.207,795.666 393.738,875.777 437.018,36.459 566.622,237.599 621.354,846.482 672.507,1005.596 424.559,781.295 790.298,719.032 657.721,721.770 639.478,690.048 545.614,728.203 411.636,834.604 60.700,862.543 314.547,899.188 216.945,488.974 441.947,457.676 159.085,1007.461 686.425,1009.281 616.224,128.296 557.608,490.502 304.481,411.741 438.848,899.488 190.042,206.909 784.897,289.910 769.528,370.973 315.391,851.966 562.590,686.287 375.683,523.304 303.074,576.433 40.965,606.098 315.569,275.106 380.266,659.832 132.345,841.728 927.417,50.035 415.749,556.685 802.778,624.430 821.531,963.136 116.688,1000.628 695.601,950.985 187.500,393.417 835.994,413.724 1006.440,603.111 817.892,999.222 624.956,630.721 359.940,416.304 308.167,503.435 581.353,702.284 963.604,797.216 733.690,951.443 524.792,744.628 179.916,200.392 976.735,655.476 977.877,607.536 667.519,980.253 701.897,74.421 751.273,230.681 364.016,919.730 980.561,993.490 706.459,84.338 219.027,690.950 903.891,796.500 511.507,907.146 398.845,412.183 348.970,564.365 573.525,600.697 318.353,669.122 586.113,153.727 285.668,480.506 272.499,734.370 438.635,928.500 780.617,543.947 585.107,773.414 437.517,66.660 518.492,398.414 82.760,275.270 360.821,685.762 803.778,336.721 426.547,590.757 554.596,557.839 525.599,699.908 400.355,433.473 1008.978,576.486 492.506,777.637 645.575,615.411 146.704,470.004 175.770,732.444 251.541,56.295 742.283,664.627 768.271,667.307 311.618,601.487 601.064,844.720 926.783,409.339 827.642,483.871 413.654,646.898 372.215,734.648 529.840,914.200 256.380,659.695 345.241,547.148 434.521,970.217 266.526,415.327 866.401,868.646 884.055,962.275 599.668,1012.486 808.212,298.780
ABV1 630.075,482.911 227.241,973.036 189.216,714.663 461.572,726.043 496.958,754.929 763.140,730.622 422.242,701.361 609.928,671.360 514.429,460.936 990.522,525.803 886.351,388.843 93.701,834.631 239.000,426.595 929.014,669.663 127.415,433.491 78.687,436.148 470.556,619.842 934.559,751.462 119.892,841.875 780.018,424.803 15.375,462.223 216.214,756.216 400.930,299.943 512.583,731.957 594.539,520.892 729.267,988.971 381.493,224.690 803.106,471.761 743.029,132.821 583.661,900.396 300.102,694.754 832.379,834.111 988.837,259.019 593.335,675.654 989.329,821.316 471.345,7.690 929.657,96.726 641.413,560.937 534.576,159.838 399.646,618.164 441.420,675.121 576.723,682.522 660.275,685.399 297.015,805.383 108.389,827.196 362.760,116.149 672.287,159.797 262.650,220.548 489.562,338.074 565.465,389.289 273.773,454.116 471.073,763.994 790.988,822.988 404.322,889.975 712.773,895.862 833.414,209.689 489.140,368.745 742.739,428.302 474.135,428.660 634.727,434.541 809.475,453.856 498.015,456.479 314.034,470.000 273.628,583.716 645.842,629.281 391.379,804.290 729.628,960.240 995.786,116.387 242.045,273.970 734.511,324.287 837.620,495.354 659.334,549.960 303.968,732.204 296.965,761.436 978.432,913.232 932.014,1008.643 794.073,1012.560 927.520,49.817 20.416,101.101 356.642,243.394 660.648,345.967 497.210,474.286 776.170,484.033 297.055,628.215 421.988,634.930 465.164,693.722 349.748,705.911 851.586,764.015 438.892,899.738 241.731,902.976 637.827,942.974 559.202,152.989 367.356,195.063 574.795,230.300 83.949,293.908 486.259,301.948 304.915,411.755 965.592,414.873 64.247,484.789 415.318,556.069 1009.000,576.656 74.630,597.830 624.657,631.012 334.482,665.636 275.671,667.510 925.912,693.950 790.400,718.597 524.789,745.062 424.985,781.168 702.940,781.595 963.225,797.227 180.988,832.546 61.136,862.118 314.580,899.803 510.958,906.882 419.123,939.634 931.290,982.804 34.401,984.252 90.862,12.785 437.353,36.248 482.428,54.017 904.014,136.506 852.121,182.186 26.387,187.780 190.396,206.565 207.225,205.925 862.152,243.462 19.573,357.954 835.276,413.772 978.655,414.339 441.836,457.434 940.765,470.815 827.559,483.740 217.169,488.944 557.477,490.597 308.413,502.555 432.221,513.999 724.887,544.224 780.653,543.702 348.881,563.625 303.344,576.653 1006.427,602.948 33.352,623.480 379.673,659.604 318.262,669.063 525.446,700.417 453.480,704.579 465.261,705.690 111.981,709.365 546.184,727.965 586.126,795.680 904.027,796.512 394.715,875.896 463.562,928.573 131.192,957.634 843.111,987.384 817.900,999.104 600.565,1012.769 437.895,68.247 681.617,70.815 616.852,128.428 237.533,132.879 9.696,142.856 833.599,195.223 180.351,200.617 751.598,230.751 851.293,248.033 315.929,274.773 83.226,275.396 859.112,278.528 769.610,370.900 751.195,384.008 187.950,393.199 518.894,398.131 359.762,416.535 441.635,514.219 374.849,522.512 328.586,552.267 554.607,557.861 41.430,606.854 978.362,607.339 203.084,618.632 396.818,636.804 510.960,646.557 768.461,667.955 562.045,685.543 639.217,690.134 218.621,691.667 272.438,734.293 585.387,773.020 411.755,834.554 131.974,841.018 621.167,846.580 988.163,853.564 831.451,866.675 363.965,920.346 135.627,927.061 668.015,980.652 980.694,993.122 159.853,1006.838 672.477,1005.785 686.286,1009.346 251.573,57.172 702.341,74.115 706.351,84.496 485.235,171.619 784.523,289.855 807.488,298.575 393.734,310.388 804.335,336.283 927.392,408.758 399.591,411.711 266.552,415.084 400.480,432.794 147.208,469.594 285.833,480.306 345.605,546.791 310.835,601.086 572.849,600.601 646.761,615.492 413.246,647.000 976.889,655.974 256.285,659.378 742.441,664.613 360.621,685.742 580.848,702.088 658.395,722.222 176.692,731.922 372.425,734.931 756.279,771.611 492.657,777.425 600.487,844.752 315.097,852.269 865.921,868.506 529.330,914.063 439.779,928.216 695.696,950.903 821.437,963.633 433.886,969.758 116.556,1001.192 643.196,1008.319 586.938,152.981 426.952,590.595 802.798,624.513 884.107,961.948
ABV2 886.481,389.096 78.580,436.117 514.455,461.008 346.688,524.219 990.470,525.647 609.874,671.471 422.301,701.267 189.240,714.711 461.641,726.201 763.253,730.638 496.751,754.831 630.226,482.936 227.344,972.994
ABV3 950.701,92.120 614.562,204.476 340.846,262.764 346.723,524.165 570.818,588.623 463.026,652.823 189.277,714.765 461.822,726.276 763.364,730.671 496.611,754.748 200.767,970.554 52.836,998.483 952.012,287.125 630.208,482.914 422.329,701.345 227.447,972.979 236.462,973.120 15.656,610.569
ABV4 78.591,436.104 514.444,461.020 630.570,482.835 346.662,524.324 990.458,525.650 609.868,671.471 189.289,714.624 461.615,726.198 763.257,730.643 769.041,736.984 496.752,754.831 422.244,701.304 227.769,972.892 236.526,972.976
ABV5 78.425,435.760 514.827,461.424 631.221,483.550 346.500,524.552 990.510,526.523 608.762,670.483 188.987,714.672 461.940,726.701 762.863,730.269 766.909,735.189 496.751,754.804 422.662,701.710 227.830,973.607 237.032,971.746
ABV6 628.703,480.879 993.044,528.028 424.974,704.128 189.015,714.655 464.182,729.217 761.491,728.930 632.578,485.389 495.998,753.455 227.338,972.966
