AAA0 448,22 485,40 1012,47 172,63 282,65 349,65 8,88 424,96 39,146 44,167 592,176 234,180 213,205 809,212 739,240 300,270 877,276 230,280 281,317 40,318 718,331 829,331 787,372 269,375 497,389 610,390 675,403 570,411 147,414 42,445 665,447 839,455 22,459 619,459 49,465 121,468 278,476 80,501 308,501 805,506 813,508 845,508 74,509 967,513 532,515 458,534 568,549 554,555 630,561 977,565 525,574 767,576 36,577 236,580 82,590 656,590 185,603 864,605 701,613 659,623 398,628 739,639 721,645 662,651 696,654 564,669 82,675 689,677 301,680 908,687 928,708 412,718 249,724 873,729 776,738 262,742 435,754 931,761 24,779 153,783 409,794 641,800 584,803 649,818 415,821 430,838 327,847 277,889 874,912 84,924 160,924 972,926 214,928 374,944 101,953 610,958 81,960 377,972 310,973 398,977 278,985 569,993 250,1014 239,553 525,179 803,752 253,928 949,261 752,989 827,581 340,738 157,205 151,704 14,573 750,960 210,486 330,415 483,485 271,709 688,162 177,878 712,528 722,546 880,120 255,203 331,200 75,216 58,283 640,504 67,172 130,318 188,334 35,672 302,820 727,8 886,585 554,630 45,878 852,123 970,349 223,698 141,370 404,592 109,347 980,373 563,401 461,654 186,628 975,917 168,470 399,135 463,333 1010,843 630,669 222,784 143,233 598,303 168,417 508,699 421,662 701,782 185,291 728,256 900,786 573,961 691,574 427,621 484,701 130,107 313,149 456,154 704,122 47,431 84,701 481,852 304,928 374,1001 709,76 144,162 690,543 796,412 907,990 62,307 862,426 194,761 610,84 233,170 277,329 800,740 916,773 125,16 648,79 794,89 295,745 780,457 676,500 535,806 371,297 553,710 227,843 58,228 470,668 825,949 116,197 276,919 375,532 625,735 781,957 333,996 21,141 27,471 496,880 963,24 25,309 150,102 12,199 357,389 476,97 767,441 882,460 498,323 848,39 550,280 769,799 330,971
AAA1 571,413 39,149 846,510 767,578 270,377 620,460 214,931 44,170 499,391 659,625 449,24 149,418 262,743 399,978 814,509 565,671 641,802 877,277 309,502 585,805 436,755 283,66 719,332 840,456 278,478 978,566 610,960 689,678 302,685 1013,48 831,332 611,392 569,549 697,655 788,373 675,405 533,517 25,780 85,925 973,927 310,974 967,514 412,718 776,739 161,924 377,973 569,994 909,689 432,839 82,961 486,40 424,97 214,205 666,448 23,459 80,501 83,590 865,605 397,628 661,651 932,761 153,783 416,821 874,912 279,986 300,271 231,282 282,317 458,534 526,576 37,577 827,581 657,591 739,639 271,709 649,818 728,8 8,89 144,161 688,162 592,175 809,213 141,370 49,466 122,468 713,528 690,543 631,561 237,580 701,614 722,644 461,653 630,669 83,675 222,698 509,699 483,701 928,708 249,724 277,889 253,927 374,944 751,989 708,76 609,84 793,89 150,102 129,108 703,121 852,124 399,135 313,149 331,200 254,204 949,260 599,303 41,317 329,416 780,457 26,471 74,510 722,547 554,556 14,573 404,592 426,621 186,628 554,711 874,729 804,752 222,784 409,794 328,847 481,851 177,878 976,916 304,928 102,953 749,960 173,63 348,65 476,98 880,120 67,172 234,179 525,179 75,217 739,240 184,292 129,318 498,324 462,332 188,334 109,347 970,349 982,373 795,412 167,417 41,444 882,460 169,469 209,485 483,486 677,500 239,552 691,574 888,585 185,604 554,628 470,667 34,671 153,704 340,738 194,761 916,774 900,786 303,821 574,961 124,16 848,39 20,142 456,153 233,170 117,196 158,204 58,228 142,232 727,256 549,279 56,282 372,298 63,307 26,308 278,329 357,389 562,401 862,425 47,430 767,440 640,505 375,531 421,660 82,700 626,734 799,739 293,745 187,770 701,781 770,797 535,808 227,843 1011,843 44,879 495,881 276,918 825,949 780,957 330,969 906,990 333,995 372,1000 962,23 649,77 11,197
AAA2 40,149 45,170 271,377 499,391 149,418 620,461 767,579 213,931 251,1016 40,149 45,170 271,377 572,413 581,413 620,461 767,579 40,149 45,170 271,377 572,413 620,461 846,509 767,579
AAA3 944,9 345,24 560,73 45,170 757,207 271,377 767,579 943,605 65,659 3,728 213,931 995,945 465,995 944,9 560,73 40,149 271,377 572,413 767,579 560,73 40,149 271,377 711,391 572,413 767,579
AAA4 45,170 271,377 499,391 620,461 767,579 213,931 251,1016 225,9 39,149 45,170 271,377 573,413 581,413 620,461 767,579 39,149 45,170 271,377 573,413 620,461 767,579
AAA5 45,170 271,377 499,391 620,461 767,579 213,931 251,1016 225,9 39,149 45,170 271,377 573,413 581,413 620,461 767,579 39,149 45,170 271,377 573,413 620,461 767,579
AAA6 67,525 169,417 121,513 572,413 169,417 121,513 849,513 641,801
AAB0 544,8 978,31 392,34 986,42 918,43 889,45 458,48 227,50 966,54 479,68 297,71 688,72 140,74 725,97 439,100 685,108 845,110 903,116 349,122 174,130 450,138 795,147 10,155 769,156 948,163 230,174 982,178 212,188 86,205 751,206 153,208 94,211 63,219 229,224 511,231 656,240 725,247 494,250 701,251 522,255 914,257 702,259 868,260 671,267 318,274 559,280 931,289 983,308 547,310 1008,316 687,338 787,338 305,374 664,387 271,396 507,397 562,400 815,401 171,416 616,420 511,423 272,435 944,443 736,447 373,451 245,458 874,466 44,479 460,488 734,504 161,508 374,509 70,515 407,516 45,519 885,523 921,545 913,547 1011,563 655,575 288,582 773,603 526,606 348,613 574,618 552,662 578,707 535,713 145,719 594,741 863,766 338,792 842,834 769,869 464,875 691,880 726,898 96,919 883,932 131,944 574,949 45,963 691,967 679,970 980,242 700,226 42,353 996,415 504,839 505,946 308,91 415,279 794,361 85,305 169,374 1010,585 118,744 949,56 152,526 473,441 463,27 265,146 277,206 513,125 901,441 829,908 474,418 59,846 840,443 217,734 247,81 424,355 734,536 506,700 558,74 793,455 636,79 624,853 412,158 930,491 964,157 956,362 819,421 887,717 588,754 770,798 655,162 291,124 578,629 326,237 378,731 617,342 599,417 594,459 418,550 159,973 763,189 138,226 313,630 779,891 571,971 282,419 234,472 590,842 461,499 147,37 345,194 644,282 730,352 604,358 287,404 665,737 845,270 556,595 949,383 98,640 929,60 390,219 149,239 947,691 773,391 219,98 380,495 792,970 423,126 44,171 324,216 756,430 313,968 842,75 738,108 460,845 458,717 258,651 617,760 871,860 985,426 527,483 459,896 95,509 543,622 468,676 8,772 325,172 195,981 760,661 628,1001 746,664
AAB1 656,577 788,340 87,207 393,36 770,158 513,233 915,259 932,291 349,615 508,399 918,45 512,425 726,900 657,242 913,549 161,509 154,210 563,401 536,714 10,157 65,220 727,99 948,165 547,312 408,517 873,467 922,545 559,282 734,505 174,131 231,176 701,252 672,268 595,742 967,56 869,261 289,583 553,662 687,73 439,101 903,116 349,123 271,397 736,449 842,835 884,932 986,42 982,178 212,188 944,444 71,516 146,720 863,767 458,49 451,138 664,387 616,420 526,606 578,708 298,72 512,124 996,414 373,451 338,793 770,869 692,880 96,920 691,967 889,45 227,50 636,78 685,108 230,224 725,248 85,305 687,338 604,357 169,373 473,441 840,444 245,458 45,479 375,509 774,604 573,618 665,736 770,798 131,943 45,963 679,971 195,981 978,31 949,56 479,67 307,90 422,126 411,157 345,186 751,205 389,219 980,242 1008,316 617,342 423,356 306,373 814,401 172,416 273,435 594,459 461,489 885,523 153,526 1012,563 556,595 97,641 745,665 379,731 587,753 505,839 461,845 58,847 624,852 464,875 779,891 505,947 571,972 158,974 464,28 146,36 140,73 559,73 843,76 246,80 264,146 794,147 655,162 44,171 323,172 763,189 323,216 701,225 326,236 148,238 495,249 318,273 984,307 731,353 794,360 286,403 474,418 282,419 818,421 901,440 528,483 930,491 95,510 45,518 419,551 1010,584 468,676 505,700 888,717 616,760 829,908 573,949 928,60 218,98 739,107 846,109 290,123 963,155 345,195 277,205 139,224 521,254 844,270 415,278 982,316 40,352 955,362 949,382 773,390 597,415 984,426 757,431 793,454 235,473 381,495 461,500 734,536 541,622 314,628 579,629 259,650 762,660 948,690 459,717 216,733 118,744 591,840 871,860 459,895 315,968 792,969 630,1000 645,280 8,771
AAB2 771,157 513,233 917,259 932,291 509,399 513,424 656,577 135,993 393,36 771,157 87,207 513,233 932,291 788,340 656,577 349,615 393,36 771,157 87,207 513,233 788,340 656,577 349,615
AAB3 771,157 291,231 513,233 917,259 857,327 481,336 788,340 513,424 497,567 656,577 175,761 153,875 967,889 135,993 704,1008 393,35 771,157 513,233 788,340 656,577 393,35 88,207 513,233 656,577
AAB4 771,157 513,233 917,259 932,291 789,341 509,399 656,577 349,615 135,993 393,36 771,157 87,207 513,233 917,259 932,291 789,341 656,577 349,615 1017,937 393,36 771,157 87,207 513,233 789,341 513,424 656,577 349,615
AAB5 771,157 513,233 917,259 932,291 789,341 509,399 656,577 349,615 135,993 393,36 771,157 87,207 513,233 917,259 932,291 789,341 656,577 349,615 1017,937 393,36 771,157 87,207 513,233 789,341 513,424 656,577 349,615
AAB6 453,127 89,209 793,345 657,577
AAC0 82,14 966,20 568,32 963,35 476,48 542,56 1008,56 618,60 438,64 808,64 626,75 322,85 97,90 597,92 477,99 610,113 696,120 528,124 510,126 380,148 609,150 384,158 665,167 833,170 966,184 955,190 607,199 868,214 23,215 856,220 53,224 881,224 620,231 747,231 766,240 665,241 469,253 455,255 812,260 482,261 903,263 593,276 363,279 953,280 446,281 485,293 611,300 930,303 784,306 701,310 473,311 742,311 953,318 317,335 107,340 846,342 418,343 819,351 866,351 827,363 215,379 649,389 933,395 404,424 861,426 329,432 727,432 136,444 833,457 566,462 658,466 458,470 966,471 308,473 129,481 1009,494 727,501 639,503 892,504 733,509 774,510 1008,518 796,519 926,519 556,521 821,531 748,536 751,546 877,551 719,554 986,556 1007,556 49,565 759,566 991,568 574,591 789,591 202,602 593,603 774,618 964,636 764,646 639,649 940,662 38,669 432,673 684,676 471,677 642,679 742,687 498,689 627,689 137,692 660,705 588,731 52,737 890,743 717,748 374,758 524,780 530,792 969,794 241,806 902,809 813,822 891,830 613,835 824,840 82,850 977,852 984,887 665,890 698,912 740,918 714,921 725,923 11,927 683,939 1011,955 360,966 757,1011 710,426 500,531 137,229 891,356 236,759 880,365 658,692 856,944 989,278 275,950 365,775 908,748 766,702 863,9 530,410 197,453 613,537 820,621 789,357 850,531 887,939 963,353 407,901 780,448 498,655 782,166 539,191 806,350 983,462 501,86 818,590 131,328 599,54 798,263 918,312 435,706 740,193 671,389 494,737 761,228 638,604 132,720 912,777 374,817 24,178 346,222 575,340 682,706 81,576 792,960 476,118 941,958 641,61 712,219 65,394 951,849 464,221 168,450 677,145 465,271 59,291 731,995 410,179 890,882 303,222 448,430 804,837 705,585 969,983 694,298 843,318 528,755 716,264 705,704 637,122 889,284 795,474 456,767 377,1012 586,507 529,340 87,519 32,949 307,309 489,406 517,515 475,664 319,688 947,615 1012,755 375,903 696,44 394,233 540,398 62,919 324,76 628,526 977,596 536,270 325,367 394,372 162,516 804,203 269,228 564,429 373,465 512,594 168,863 66,951 619,46 820,154 537,240 358,396 596,679 479,794 352,852 416,282 122,761 501,1004 422,449 530,948 605,518 555,548 276,190 519,252 939,407 988,677 438,728 366,800 347,76 1004,330 291,346 428,517 13,243 174,997 928,1008 296,490 894,953 680,76 515,405 828,469 840,690 791,86 610,87 297,168 549,366 120,265 466,373 625,546 662,128 989,234 803,273 567,443 158,287 44,527 903,686 507,728 508,299 493,832 343,746 226,284 239,686 489,869 632,91 660,197
AAC1 847,345 622,233 639,651 98,92 1011,957 809,65 765,648 330,434 665,169 598,93 775,512 988,557 857,222 524,782 137,445 726,924 904,264 639,505 470,254 405,425 659,467 748,537 967,22 1008,57 83,851 50,566 767,241 363,281 612,301 931,304 702,312 216,380 992,568 433,674 137,693 825,841 624,61 796,520 609,151 384,159 882,224 812,260 483,261 484,294 474,311 893,505 500,531 720,554 574,592 39,669 375,759 698,913 83,14 477,99 610,113 834,171 608,200 869,214 594,277 989,278 954,281 828,363 530,410 863,427 728,432 567,463 1009,495 821,532 758,566 471,678 498,690 12,928 626,75 322,86 955,189 137,229 665,242 107,340 935,395 834,458 458,470 966,472 308,473 130,482 1007,556 788,591 203,603 775,618 685,676 641,680 681,707 969,796 374,817 814,823 614,835 985,887 715,921 792,86 696,120 510,127 410,179 346,223 53,225 761,228 784,307 919,312 132,328 418,344 806,350 867,351 197,454 728,500 732,509 605,519 556,521 878,552 80,576 819,591 940,662 657,692 661,706 890,743 234,764 902,809 892,831 664,890 408,901 276,951 359,967 862,9 568,33 963,34 956,43 696,45 476,47 688,48 543,55 599,55 324,76 528,125 381,148 297,169 966,184 538,191 24,215 463,221 304,222 747,231 393,233 537,240 519,251 455,256 536,271 307,309 742,311 843,318 954,318 820,351 790,357 394,373 671,389 650,390 540,399 780,447 984,463 373,466 1002,486 295,491 429,516 627,526 705,584 593,603 963,638 987,677 626,690 765,703 436,706 587,732 531,792 241,806 740,917 682,940 791,961 969,982 502,1004 757,1011 618,45 641,60 438,63 348,75 680,76 501,86 610,86 475,117 676,145 24,178 276,191 740,192 804,203 713,219 13,243 716,263 798,263 466,270 446,281 58,291 316,335 529,339 574,340 292,346 962,353 891,356 880,365 548,366 325,367 64,394 488,405 710,426 564,428 168,451 795,474 586,506 161,516 87,519 927,519 1007,519 43,527 850,531 625,547 554,548 512,594 977,595 638,604 820,620 498,655 597,679 238,685 741,687 839,692 52,737 492,737 344,745 908,748 717,750 1012,755 366,774 951,849 976,852 890,881 376,901 888,939 856,943 530,948 65,950 895,954 940,957 729,994 377,1013 632,92 662,128 820,154 781,165 795,207 268,227 988,233 803,274 416,281 225,284 886,284 158,287 694,298 508,299 1003,329 465,372 357,396 513,404 939,408 449,429 420,449 829,467 518,515 947,615 476,665 902,685 320,689 705,704 134,719 507,727 437,728 529,756 123,761 455,768 912,777 478,793 366,799 804,837 351,850 167,864 489,869 62,919 32,950 175,996 928,1007 637,121 660,195 120,264 565,442 613,535 492,831
AAC2 847,345 621,233 847,345 639,651 621,233 847,345 639,651
AAC3 1013,59 231,339 847,345 31,481 457,639 839,865 903,913 704,47 621,233 847,345 639,653 621,233 321,257 193,305 847,345 969,449 639,653
AAC4 847,345 809,65 621,233 193,305 847,345 639,653 601,97 621,233 193,305 847,345 639,653
AAC5 847,345 809,65 621,233 193,305 847,345 639,653 601,97 621,233 193,305 847,345 639,653
AAC6 919,89 184,542 529,785
AAD0 636,8 885,8 678,9 790,12 82,13 280,21 961,25 245,28 389,28 845,34 1000,43 658,44 850,48 893,51 855,58 819,62 500,64 690,74 859,89 350,99 669,116 812,119 390,126 617,127 503,136 726,146 590,153 695,158 499,159 837,162 662,165 919,167 620,177 809,177 748,186 294,187 72,190 698,224 469,226 221,228 893,235 826,239 880,239 707,240 895,245 846,247 343,286 362,308 49,326 653,340 249,347 1011,355 864,379 760,384 801,391 912,404 340,429 665,431 774,433 852,433 987,456 787,473 918,480 804,481 879,492 912,494 581,517 878,517 405,519 305,529 514,538 856,547 672,548 278,555 684,555 650,565 690,568 947,570 167,580 830,586 895,591 674,596 656,604 822,620 469,625 775,642 428,647 856,653 98,659 535,660 778,672 932,691 270,695 943,709 71,723 556,728 849,732 164,733 972,752 884,755 761,769 923,775 650,783 608,827 929,834 29,835 726,839 955,842 207,845 929,849 804,850 687,860 969,861 418,886 184,888 585,897 767,909 449,911 594,919 766,920 925,923 320,925 883,934 464,938 1005,939 802,945 730,950 759,952 762,962 815,966 757,985 605,986 831,991 908,1010 574,1014 592,1014 887,428 592,600 793,835 989,881 792,52 668,421 426,356 900,821 233,124 975,882 750,52 857,1008 912,314 556,803 802,436 304,934 367,432 649,719 780,781 484,908 852,13 350,569 813,83 901,463 557,80 842,894 402,915 600,462 146,75 909,661 959,747 648,874 288,975 632,946 943,158 854,325 388,91 997,656 869,62 776,541 946,655 946,696 918,825 276,450 328,551 726,685 145,754 434,977 181,341 329,364 933,491 476,10 590,46 231,65 968,819 570,689 676,461 293,233 224,562 918,579 286,602 364,257 643,832 186,606 700,969 47,376 764,448 850,717 988,507 698,525 841,926 530,864 385,980 565,439 897,539 687,659 997,699 460,902 978,40 980,128 913,388 672,566 888,701 377,129 453,1013 645,67 950,272 748,581 665,714 620,15 652,853 316,833 961,352 183,466 922,466 520,511 554,986 207,141 183,271 556,611 537,690 680,345 617,692 912,180 855,257 667,873 107,115 727,581 487,677 579,800 150,365 533,425 593,850 922,152 987,699 1003,953 248,992 633,497 486,533 504,751 831,64 87,532 732,605 113,783 873,941 450,976 779,303 409,654 91,895 392,936 574,154 893,495 625,549 972,425 502,568 513,611 667,754 492,28 879,60 855,190 275,240 560,399 915,557 958,758 654,889 290,956 713,15 349,197 393,376 958,524 689,692 640,705 16,1014 709,120 936,173 868,390 589,392 303,896 269,250 320,302 411,414 901,11 692,614 640,146 661,767 467,448 950,420 185,546 616,651 706,200 252,786 876,613 909,511 983,396
AAD1 1001,46 957,844 887,10 824,622 606,988 837,165 469,228 961,27 764,954 879,494 469,626 591,154 850,49 536,661 305,531 894,593 689,861 802,946 708,241 695,159 790,14 504,136 621,178 727,840 845,35 1012,356 685,555 585,899 816,966 636,9 747,188 278,555 674,598 864,381 776,643 778,673 850,733 29,836 419,887 449,912 389,29 859,90 670,116 699,225 774,434 858,548 167,582 973,753 925,924 678,9 351,100 813,119 880,239 831,587 99,660 944,709 164,734 929,850 72,190 827,239 918,481 406,519 581,519 918,579 429,648 922,777 805,851 321,926 1006,940 757,986 575,1014 245,29 893,52 231,65 690,74 234,124 390,127 726,145 919,167 893,235 854,325 654,340 250,347 801,391 913,494 878,517 691,568 948,571 909,660 932,691 145,754 919,825 883,934 465,937 700,969 909,1011 83,13 280,21 501,65 377,129 499,160 936,173 294,187 341,286 362,308 852,433 600,462 804,481 519,511 513,611 648,719 555,728 883,756 650,783 610,827 202,849 184,888 766,920 832,991 454,1012 592,1014 476,9 821,63 645,66 146,75 388,91 618,127 207,141 944,158 810,177 856,190 222,229 292,233 895,245 855,257 181,341 961,351 392,376 913,388 869,390 560,399 668,421 533,426 340,430 666,432 800,436 981,506 897,540 649,565 351,569 502,569 727,581 592,600 657,606 856,653 997,655 726,684 617,691 946,696 997,699 71,723 504,750 761,770 899,820 316,833 929,834 793,835 970,861 648,875 975,881 428,887 766,909 595,919 840,926 304,933 392,936 730,951 288,975 451,976 433,977 248,992 16,1014 901,10 853,13 620,15 713,16 658,43 749,52 790,52 556,80 107,114 922,151 661,164 913,180 349,196 706,200 275,241 846,247 363,257 951,271 780,304 913,314 49,325 680,345 329,364 760,384 922,389 912,404 411,414 973,425 887,427 564,439 764,449 986,455 675,461 901,462 183,466 787,472 932,490 697,525 487,533 513,538 770,539 672,547 672,566 747,582 732,605 187,606 556,610 877,613 946,653 409,654 686,658 570,688 270,694 987,698 849,718 960,747 667,753 662,769 579,800 556,803 969,819 643,833 989,880 653,888 91,895 460,902 484,908 402,915 632,945 856,1008 493,27 979,39 590,47 869,62 831,65 813,82 639,146 574,153 268,250 183,270 318,302 426,358 149,365 47,375 589,391 984,396 949,421 367,432 466,447 275,449 922,467 958,524 626,548 328,551 914,556 286,602 692,614 616,651 487,676 537,689 690,691 888,701 639,705 664,714 959,757 779,780 112,783 652,853 529,863 667,872 840,892 302,896 872,942 1004,952 290,956 385,980 554,987 881,58 709,119 980,127 633,495 895,495 909,509 88,530 185,544 224,560 251,784 592,848
AAD2 887,10 837,165 470,229 824,623 613,815 607,988 887,10 1001,46 837,165 470,229 824,623 957,844 607,988 887,10 1001,46 837,165 824,623 957,844 607,988
AAD3 1001,47 737,64 624,97 183,361 824,623 101,671 613,815 979,945 323,973 607,989 409,9 887,9 1001,47 624,97 824,623 957,844 607,989 887,9 1001,47 97,49 502,561 833,585 824,623 957,844 249,985 607,989
AAD4 1001,47 837,165 470,229 824,623 613,815 957,845 607,988 887,9 1001,47 837,165 470,229 824,623 957,845 607,988 887,9 593,33 1001,47 97,49 837,165 833,585 824,623 957,845 607,988
AAD5 1001,47 837,165 470,229 824,623 613,815 957,845 607,988 887,9 1001,47 837,165 470,229 824,623 957,845 607,988 887,9 593,33 1001,47 97,49 837,165 833,585 824,623 957,845 607,988
AAD6 835,633 841,169 961,849 841,169 617,449 961,849
AAE0 406,29 305,35 531,39 1015,44 787,45 291,49 668,54 947,62 298,64 519,72 351,77 102,79 209,79 976,81 424,99 263,102 438,106 252,107 495,124 400,127 578,132 753,134 767,135 35,137 777,144 559,145 813,145 190,147 639,156 785,159 278,163 640,177 802,195 53,197 284,200 212,202 534,206 138,207 358,213 38,242 450,250 29,252 330,254 38,255 419,258 818,268 9,277 683,290 361,301 343,305 354,312 630,329 174,337 322,337 93,346 868,347 588,350 709,354 308,355 866,358 672,367 566,370 785,371 445,374 729,385 540,386 89,387 711,387 332,396 409,405 698,410 482,420 552,422 222,429 145,434 496,442 549,444 545,452 579,452 840,453 191,457 988,457 510,459 433,476 319,477 712,477 857,477 545,484 394,486 545,495 722,496 889,500 264,531 334,531 110,533 621,536 352,548 509,551 274,553 390,557 584,558 245,560 363,562 521,567 701,567 44,583 276,600 96,603 661,611 396,627 552,629 197,637 274,645 434,646 283,649 349,652 279,661 292,661 467,667 376,693 10,708 56,709 388,710 285,716 87,718 536,724 780,729 892,741 461,746 539,754 121,758 850,763 102,769 493,775 660,790 726,794 641,798 424,806 488,812 132,814 251,815 626,827 143,830 373,830 668,831 633,841 460,852 809,856 922,874 739,878 440,883 107,892 439,906 407,907 515,919 402,920 531,928 129,930 334,947 207,959 171,965 545,968 999,969 467,970 656,970 266,975 433,976 202,996 408,1001 271,1010 519,1013 214,92 186,636 647,849 758,663 980,821 183,415 391,573 112,761 654,982 180,835 419,584 389,377 215,546 755,589 639,43 216,55 458,406 83,547 515,372 207,922 704,368 522,194 1005,450 25,64 313,396 518,967 172,253 362,658 419,940 529,345 975,114 617,304 823,483 487,23 1003,67 348,529 18,591 534,618 731,72 52,495 665,676 375,706 274,497 473,512 970,968 691,343 542,858 326,63 905,473 311,367 870,415 661,524 801,73 401,581 69,388 289,554 308,182 534,168 177,404 675,453 410,740 723,937 24,89 374,747 1004,840 621,873 111,504 326,747 999,13 28,352 354,589 646,830 607,91 372,152 656,170 474,482 299,593 745,703 645,939 539,88 589,711 556,954 919,409 608,435 402,822 126,567 61,290 158,378 849,381 698,702 43,841 1011,31 440,137 231,159 326,705 847,488 334,896 387,288 292,310 667,564 649,681 762,782 804,885 387,912 72,961 760,962 296,239 750,411 778,528 658,544 467,684 838,861 426,115 247,202 569,817 423,862 47,437 420,215 133,231 17,342 398,937 192,475 431,700 585,792 687,902 427,907 794,976 267,297 670,334 914,373 642,525 172,138 230,495 732,593 289,737 101,904 1007,180 809,639 779,701 37,915 273,138 998,550 640,28 421,287 444,470 590,816 321,464 830,713 694,848 767,1005 952,214 914,452 625,704 336,705 628,736 819,825 549,277 854,416 655,509 651,628 193,583 59,962 645,642 312,112 912,734 277,809 405,844 363,878 263,308 806,782 674,689 349,980 716,545 363,647 1008,487 371,984 737,1012 700,742 452,1015 624,782 494,249 442,787 924,988 922,334 862,951 338,1009 945,303 411,891
AAE1 365,564 140,209 330,256 699,412 439,108 493,777 306,37 251,817 407,30 359,314 867,360 298,66 851,764 781,731 440,907 546,453 192,459 191,148 209,81 590,351 510,460 621,538 292,662 424,808 285,201 361,302 585,559 276,601 977,83 308,355 580,453 537,724 102,770 642,799 497,443 987,458 858,477 889,502 274,646 740,879 352,78 263,103 768,136 639,157 54,197 420,259 723,496 892,741 540,754 546,969 401,128 579,132 218,208 174,337 553,423 841,453 434,477 215,546 245,562 96,603 467,668 377,694 10,709 87,718 442,884 787,46 102,79 496,125 35,138 446,374 546,485 394,488 353,549 509,552 274,554 144,829 461,853 107,893 402,921 999,971 202,997 409,1001 531,40 253,107 754,134 785,159 278,163 247,202 29,253 40,255 683,290 673,367 566,370 332,396 409,407 905,474 50,589 396,628 349,653 759,664 57,710 133,816 627,828 668,831 634,840 923,874 128,930 171,965 266,976 560,145 640,177 533,206 32,237 617,305 343,306 292,311 708,356 89,388 177,404 221,430 1005,450 675,453 319,478 474,512 110,534 390,558 701,567 390,573 401,580 353,589 552,630 434,646 280,661 374,748 726,795 981,821 373,831 646,849 207,922 532,927 723,938 657,971 640,43 216,54 669,54 948,62 519,72 24,90 607,90 214,92 423,99 313,113 439,137 172,138 813,144 370,151 231,158 803,195 296,239 451,249 818,268 8,277 549,277 17,343 93,346 868,347 27,352 312,366 704,369 784,371 515,373 541,386 729,386 711,387 70,388 183,416 481,420 146,435 1007,487 545,495 82,548 289,554 520,567 755,588 18,590 300,592 661,612 197,636 809,640 646,642 362,658 698,703 335,706 388,711 286,716 410,740 660,790 488,813 401,823 647,831 179,834 808,857 411,906 427,908 515,919 399,937 419,940 334,948 70,961 517,966 654,983 519,1013 999,13 486,22 291,48 327,62 730,72 801,73 976,113 1007,179 309,182 359,213 951,214 419,216 134,231 495,248 173,252 386,288 323,336 529,345 389,376 157,379 312,396 458,405 919,407 750,411 869,415 854,417 608,434 47,437 914,451 445,471 192,475 713,479 823,482 848,488 229,495 52,496 274,497 656,510 643,524 264,531 333,531 668,564 418,584 533,618 186,635 664,675 647,680 467,682 745,702 625,704 376,706 830,714 288,737 628,737 463,745 325,746 120,758 112,761 761,782 585,792 276,809 1005,839 44,841 694,847 837,861 621,872 363,878 805,884 37,915 644,938 207,959 472,965 971,966 432,976 794,976 925,987 767,1006 639,28 1010,31 24,63 1003,67 539,88 426,114 534,167 656,169 522,193 420,286 60,291 267,296 943,303 629,329 921,332 670,334 691,342 914,373 848,381 322,463 474,481 110,504 660,523 778,527 347,529 658,543 998,550 125,567 192,584 732,593 652,627 364,646 674,689 430,699 778,700 589,710 912,733 698,742 806,781 443,787 589,816 820,824 404,845 542,856 421,862 334,896 342,896 686,901 101,904 386,911 862,952 761,961 59,962 349,979 371,984 271,1009 271,138 263,307 716,543 326,702 624,781 568,815 409,891 555,953 338,1008 735,1011 452,1015
AAE2 407,31 307,37 439,108 330,256 699,412 365,564 307,37 439,108 140,209 330,256 699,412 365,564 493,777 253,817 307,37 439,108 140,209 330,256 699,412 365,564 493,777 253,817
AAE3 39,9 409,31 307,37 439,108 875,145 689,179 330,256 41,303 311,321 577,343 887,345 120,393 699,412 872,609 639,777 7,857 633,863 905,907 892,981 817,995 439,108 140,209 330,256 699,412 365,564 140,209 330,256 758,296 365,564 9,921
AAE4 407,31 307,37 439,108 699,412 365,565 407,31 307,37 439,108 140,209 330,257 699,412 365,565 365,573 493,777 253,817 407,31 307,37 439,108 140,209 330,257 699,412 365,565 493,777 253,817
AAE5 407,31 307,37 439,108 699,412 365,565 407,31 307,37 439,108 140,209 330,257 699,412 365,565 365,573 493,777 253,817 407,31 307,37 439,108 140,209 330,257 699,412 365,565 493,777 253,817
AAE6 145,213 329,255 368,567 441,113 329,255 705,417 368,567
AAF0 297,10 452,11 694,21 574,40 429,62 150,63 495,65 171,66 676,68 556,72 697,82 684,88 861,121 464,125 581,127 146,129 973,142 659,143 448,150 447,166 426,198 616,201 599,210 395,213 308,218 331,220 137,223 772,225 618,234 494,243 545,243 338,249 1007,249 100,260 989,278 812,287 441,291 397,337 872,342 882,353 296,357 696,365 313,372 872,376 574,377 785,377 324,399 80,404 146,409 89,419 474,428 824,433 303,439 400,445 490,445 929,466 793,468 331,472 657,473 902,481 445,490 1010,523 742,528 184,540 56,550 670,554 569,555 358,561 715,561 52,574 88,575 523,585 27,589 9,597 94,598 525,613 53,617 237,631 690,631 102,634 685,641 133,660 761,661 196,663 311,663 720,670 463,672 745,673 651,679 238,691 496,692 972,700 1011,701 882,703 631,730 852,736 981,754 157,759 925,777 110,781 520,789 211,800 291,811 751,815 106,828 175,830 518,852 949,866 573,880 505,902 70,909 601,954 769,960 831,962 776,980 584,983 869,984 921,986 1012,1000 933,1001 62,1009 212,656 730,690 976,911 588,454 456,762 52,707 903,752 1006,619 976,265 357,597 737,563 419,85 703,470 779,648 294,715 883,888 486,980 323,65 365,116 656,945 680,796 679,52 910,164 40,690 665,828 471,464 458,252 538,291 292,544 563,675 775,179 606,821 1007,773 958,992 529,104 733,920 717,259 740,851 201,920 748,963 98,172 520,469 334,867 132,83 508,385 331,531 201,581 930,617 379,30 425,361 606,685 727,705 566,532 961,573 614,737 978,195 675,987 579,57 284,164 31,448 883,169 560,964 817,78 957,198 130,720 119,552 616,864 663,275 538,405 646,779 274,116 653,449 852,689 138,255 68,657 666,915 245,352 330,572 331,195 443,433 829,538 715,194 224,814 239,505 888,657 15,121 821,981 359,21 409,257 202,105 263,500 1005,513 678,32 52,73 732,829 995,969 437,262 967,294 197,403 72,990 587,993 765,272 432,888 495,330 313,53 93,730 520,841 697,947 753,459 73,688 748,906 797,928 969,500 394,653 796,986 191,501 780,513 281,531 433,792 371,195 227,326 740,663 767,821 301,882 115,485 254,935 871,636 832,215 378,219
AAF1 212,802 778,982 950,869 520,792 869,986 770,962 291,813 922,987 94,600 496,245 632,732 852,738 156,761 449,168 580,129 453,13 883,354 763,665 694,23 309,220 147,411 89,421 185,541 574,41 475,429 304,441 832,964 332,221 825,434 464,673 497,693 676,69 546,244 872,343 196,664 619,235 696,366 330,473 238,693 111,782 176,832 71,911 171,65 616,201 812,288 934,1001 298,10 430,62 556,74 396,213 1007,250 101,261 490,446 657,474 445,491 358,561 746,674 107,829 53,73 685,89 448,151 296,357 313,373 902,481 742,529 57,551 569,555 52,575 1011,702 926,779 506,903 600,954 1012,1001 323,65 463,125 660,144 284,164 139,223 785,377 471,464 793,468 238,506 27,589 53,618 102,635 563,674 883,704 981,755 573,881 656,946 62,1010 149,63 698,82 530,104 861,121 147,129 911,165 458,251 398,337 508,385 543,397 79,404 588,454 930,467 520,469 702,470 780,513 714,561 524,584 779,647 68,656 312,663 740,663 52,707 902,752 646,779 732,828 749,963 486,980 675,986 71,990 379,29 495,65 275,115 365,115 973,143 883,169 331,195 600,211 377,219 339,249 438,262 977,266 988,279 440,292 495,330 426,361 872,377 574,378 325,399 30,448 190,500 1010,522 671,553 737,562 331,571 9,599 524,613 1007,619 690,631 238,632 685,642 212,656 133,660 651,678 606,685 73,688 40,689 731,691 728,705 130,721 455,762 680,797 750,814 740,851 748,906 584,983 313,53 816,79 131,82 97,171 425,198 772,224 408,256 764,272 246,352 400,445 653,450 262,500 968,500 281,531 330,531 566,533 830,538 291,544 119,551 960,571 88,574 203,582 356,597 929,617 889,656 720,670 852,689 971,699 294,715 1008,773 605,820 665,827 518,853 617,863 334,866 432,888 975,912 201,920 796,927 561,964 996,970 797,985 958,992 357,22 677,33 679,52 579,57 420,84 202,105 15,120 774,179 715,193 977,195 371,196 956,197 833,216 137,255 717,258 538,290 967,293 226,324 197,402 538,407 753,459 1004,512 393,653 93,729 615,737 223,814 766,820 520,841 300,883 884,888 665,914 733,921 255,934 696,948 820,982 662,274 442,432 115,485 872,635 432,793
AAF2 449,168 95,600 291,813 778,982 869,987 922,987 449,168 496,244 95,600 157,761 520,791 213,802 291,813 950,869 778,982 869,987 449,168 496,244 95,600 157,761 520,791 213,802 950,869 778,982 869,987
AAF3 645,47 327,119 767,217 635,321 733,379 925,435 225,443 781,487 554,543 1007,589 95,601 129,713 253,755 213,803 741,831 609,919 778,983 869,987 922,987 425,257 213,803 949,869 778,983 209,25 249,257 425,257 520,791 213,803 949,869 697,961 778,983
AAF4 95,601 253,755 291,813 771,963 777,983 869,987 922,987 449,168 425,257 95,601 157,761 520,791 213,803 291,813 950,869 777,983 869,987 241,9 449,168 95,601 633,737 157,761 520,791 213,803 950,869 777,983 869,987
AAF5 95,601 253,755 291,813 771,963 777,983 869,987 922,987 449,168 425,257 95,601 157,761 520,791 213,803 291,813 950,869 777,983 869,987 241,9 449,168 95,601 633,737 157,761 520,791 213,803 950,869 777,983 869,987
AAF6 981,107 215,805 953,873 769,961 775,977 673,993 521,793 215,805 953,873 769,961 673,993
AAG0 189,15 201,18 209,18 202,26 761,28 216,33 617,35 208,39 731,40 967,44 151,45 670,50 203,53 367,53 229,56 952,57 239,132 43,142 166,169 70,187 232,195 627,196 913,221 1005,224 797,234 15,245 300,260 549,277 763,279 67,284 1008,301 211,305 246,308 201,311 625,316 222,317 149,346 168,346 140,352 675,354 746,373 183,375 762,385 396,386 326,387 326,397 410,400 307,401 349,401 259,408 445,408 586,415 611,419 845,419 438,424 662,434 618,435 377,436 347,443 737,444 950,444 360,448 405,449 995,451 97,460 346,461 365,465 449,487 423,492 576,493 320,495 379,502 690,509 329,529 16,561 438,563 518,574 199,582 442,583 666,620 461,629 816,629 74,630 579,630 439,634 233,649 339,650 997,656 850,673 95,682 349,688 801,702 153,703 419,704 511,704 458,721 573,723 264,725 912,750 611,751 944,751 532,752 241,761 220,771 702,810 700,818 912,823 421,837 467,844 132,849 710,861 104,862 352,869 124,879 984,883 65,890 168,896 62,902 114,914 962,914 942,939 549,944 96,952 627,963 195,967 95,992 475,1009 994,1009 329,520 952,721 729,90 890,978 423,955 885,592 511,500 704,468 54,665 732,902 690,978 497,333 216,350 368,213 304,665 416,165 978,326 182,462 838,110 376,278 399,463 772,229 174,925 445,302 274,385 548,570 596,523 764,325 365,313 219,546 157,853 683,760 64,771 763,849 216,126 225,344 264,82 172,113 845,979 297,608 102,415 80,645 321,55 655,979 310,696 644,852 706,924 747,986 449,9 296,355 475,700 859,750 802,620 200,253 58,454 478,66 281,461 148,872 503,377 703,891 948,984 558,199 438,829 804,890 68,788 190,901 826,931 699,1001 364,65 32,411 798,609 900,828 415,360 568,453 9,712 583,405 620,296 518,65 634,9 903,65 397,222 65,478 168,600 944,543 123,674 839,913 645,1005 515,1013 234,934 107,311 533,531 216,454 625,421 593,473 592,451 678,607 603,793 335,12 730,827 818,141 564,1014 707,984 267,98
AAG1 321,497 477,1012 208,41 549,279 574,724 763,29 747,374 363,451 214,21 327,388 207,55 733,41 396,388 259,410 612,752 945,752 701,817 627,964 203,26 1010,227 617,37 149,348 308,402 619,437 913,825 377,437 97,461 380,504 340,651 350,689 169,347 711,862 968,45 233,196 405,451 347,462 439,564 519,575 851,674 963,915 152,45 627,197 247,308 326,398 450,488 329,530 420,704 511,705 460,721 367,53 43,142 797,234 65,890 995,1010 672,50 67,284 348,444 996,452 366,466 200,582 74,631 153,704 104,863 62,902 942,940 423,955 230,56 15,246 199,253 1008,302 675,355 762,384 233,649 999,657 264,725 683,760 242,762 220,772 732,902 96,992 952,57 729,91 166,169 912,220 300,260 376,277 212,304 107,311 202,311 223,318 979,326 183,375 410,401 446,408 587,415 448,417 612,419 844,420 281,461 424,492 577,493 442,582 462,630 816,630 96,683 912,751 533,753 69,788 422,837 134,849 351,870 706,924 549,945 189,15 265,83 838,110 172,112 239,132 416,165 557,198 445,302 625,317 496,333 414,361 273,384 348,401 33,410 438,424 663,435 182,463 66,478 17,560 549,570 579,631 440,634 55,666 801,702 469,844 762,850 645,852 148,872 123,879 984,883 703,891 168,896 96,952 196,967 748,987 563,1014 634,8 217,63 364,65 478,65 517,66 217,125 367,213 763,278 620,295 365,312 217,349 296,354 103,416 737,444 950,444 592,450 568,452 57,454 215,454 398,463 704,467 510,500 690,508 595,523 219,546 884,591 168,600 665,619 802,619 304,664 951,722 63,770 189,901 113,913 845,980 948,983 699,1002 448,8 335,12 321,54 266,97 819,141 71,186 397,222 771,231 763,323 504,379 583,405 624,420 330,519 945,542 677,605 297,607 799,607 80,645 122,674 309,694 473,701 9,711 858,750 603,793 899,827 437,828 804,890 839,913 175,925 234,933 690,976 889,977 656,978 708,984 646,1004 515,1012 903,63 592,472 524,523 533,529 731,827 157,852 826,929
AAG2 477,1012 208,41 321,497 477,1012 208,41 321,497 477,1012
AAG3 209,42 519,433 39,501 569,551 215,617 587,753 539,867 922,875 197,975 477,1012 209,42 321,497 477,1012 999,166 809,369 321,497 753,817 489,953 477,1012
AAG4 208,41 321,497 477,1012 208,41 321,497 477,1012
AAG5 208,41 321,497 477,1012 208,41 321,497 477,1012
AAG6 475,1009 475,1009 361,209 321,497
AAH0 365,8 353,9 663,9 218,23 757,53 360,59 502,61 873,74 883,93 975,97 678,103 507,111 602,117 633,121 91,147 861,158 508,160 503,168 698,172 78,193 671,194 804,194 407,201 792,204 705,206 545,210 91,214 589,229 732,237 804,237 201,242 558,257 207,287 491,291 247,298 560,308 497,320 453,326 674,330 434,354 579,355 852,357 400,358 932,363 626,395 537,404 867,415 699,424 768,450 887,460 619,462 772,465 420,482 818,484 144,486 216,516 843,518 899,520 900,540 701,556 33,573 592,602 491,607 408,614 40,628 687,645 628,646 490,655 333,671 581,680 860,681 475,693 615,696 419,699 736,708 694,728 316,739 289,746 138,763 939,801 829,803 787,811 807,811 72,813 830,825 416,830 507,839 422,846 900,847 265,854 374,854 327,868 852,868 843,875 585,923 554,925 228,927 790,930 255,936 751,948 830,957 678,983 987,995 634,1001 929,1002 439,203 679,343 287,760 147,792 998,968 696,513 130,676 697,678 570,577 919,726 342,604 551,755 266,903 484,21 408,290 770,919 918,593 374,62 948,369 998,62 885,652 238,774 947,703 769,565 766,822 313,162 867,307 185,805 744,450 1001,733 246,228 1001,600 614,620 324,722 476,629 985,890 434,924 906,380 264,726 454,858 946,862 572,815 369,446 356,595 921,549 374,673 288,633 225,674 945,756 78,928 1008,689 609,237 980,624 591,505 617,787 233,177 873,376 284,803 355,230 702,457 225,874 959,809 838,791 807,178 550,417 490,426 184,975 889,199 998,501 41,209 716,754 781,392 431,701 40,74 62,799 32,145 919,238 273,393 127,413 725,74 712,1011 861,507 675,902 166,985 631,313 162,738 860,333 883,676 671,768 508,851 47,199 999,555 454,611 587,50 870,143 899,600 773,229 963,583 709,947 135,212 503,722 556,277 136,588 125,858 590,36 839,447 100,491 488,824 956,229 863,563 396,282 808,824 322,289 98,297 886,512 534,878 746,413 307,250 848,669 830,289 678,795
AAH1 901,522 702,559 861,161 900,542 820,486 491,656 317,741 773,467 940,806 328,870 867,417 805,238 736,710 289,749 139,765 498,321 421,483 789,812 229,929 400,360 844,519 422,848 353,11 33,573 593,603 831,825 634,1002 633,121 219,24 589,230 887,461 538,404 694,728 678,104 508,160 733,238 207,287 487,297 248,298 561,308 620,462 217,516 491,607 687,647 361,58 503,62 503,169 805,194 671,196 794,205 92,216 851,357 932,364 625,394 769,450 743,451 144,486 410,615 629,645 476,693 419,699 417,831 585,924 790,931 751,949 484,21 757,54 884,94 233,177 407,202 557,257 674,330 859,332 941,357 947,370 701,425 455,610 129,675 582,680 615,696 802,814 487,823 900,847 851,868 554,925 255,935 166,985 988,995 930,1003 713,1011 282,1015 997,62 874,74 976,96 507,111 602,118 698,172 79,193 440,202 547,210 246,228 918,237 610,238 201,242 408,288 452,325 579,354 862,507 887,512 696,513 999,555 770,565 615,619 40,628 287,633 334,671 697,678 263,726 1001,734 286,760 147,791 839,791 72,814 808,824 507,839 264,852 374,855 946,862 224,874 534,877 843,877 986,890 674,902 265,903 78,929 830,957 678,984 663,9 587,50 374,62 40,74 725,74 870,142 91,146 312,162 889,198 47,199 41,209 354,231 396,282 830,287 860,298 867,306 679,342 434,354 935,374 873,376 782,391 273,392 127,414 549,415 1014,416 368,446 921,550 863,562 569,577 1001,599 980,623 478,629 225,673 374,673 884,676 859,680 433,700 324,722 918,726 162,738 550,755 946,756 670,768 617,787 62,799 829,802 283,803 570,815 509,850 454,858 769,919 185,975 589,36 806,178 704,205 135,212 771,229 957,230 305,250 556,276 322,288 99,297 632,312 956,362 905,380 746,413 491,425 838,447 701,455 99,490 999,500 591,505 963,582 137,588 918,592 356,596 899,600 342,604 885,650 847,669 1008,689 948,702 501,723 715,754 237,775 677,794 185,803 960,809 767,821 124,859 434,923 996,967 32,142 708,945
AAH2 1019,110 901,543 702,559 491,657 139,765 785,855 329,870 1019,993 861,161 820,487 901,522 901,543 702,559 491,657 317,741 329,870 861,161 820,487 901,522 901,543 702,559 491,657 317,741 940,807 329,870
AAH3 195,41 349,335 117,347 811,405 901,543 702,559 1011,577 837,655 55,685 632,712 133,755 275,793 785,855 329,870 123,929 1019,993 861,161 901,522 901,543 702,559 632,712 317,741 329,870 40,959 861,161 901,522 901,543 702,559
AAH4 901,543 491,657 317,741 139,765 785,855 329,871 1019,993 861,161 820,487 901,522 901,543 702,559 491,657 737,711 317,741 329,871 861,161 820,487 901,522 901,543 702,559 121,577 491,657 737,711 317,741 941,809 329,871
AAH5 901,543 491,657 317,741 139,765 785,855 329,871 1019,993 861,161 820,487 901,522 901,543 702,559 491,657 737,711 317,741 329,871 861,161 820,487 901,522 901,543 702,559 121,577 491,657 737,711 317,741 941,809 329,871
AAH6 643,853 705,561 705,561
AAI0 596,12 822,22 942,35 477,37 154,41 856,46 370,55 219,61 495,63 183,66 265,67 536,86 252,93 344,97 385,102 624,113 307,134 957,138 466,142 73,144 500,148 480,176 218,181 285,181 906,203 682,214 475,217 675,234 369,236 538,240 553,242 612,260 520,271 233,284 30,287 1001,299 728,303 316,319 111,326 969,326 744,341 905,350 107,361 343,387 823,399 334,400 685,403 41,406 217,410 101,418 680,434 433,435 52,443 352,446 513,447 748,447 704,452 142,461 415,479 665,481 345,487 126,490 908,490 980,501 1015,508 998,513 589,522 86,523 380,528 723,530 129,539 364,542 860,544 863,572 903,574 698,593 515,599 237,609 90,647 104,661 126,671 110,687 567,689 417,699 449,705 870,720 82,730 94,731 203,745 602,745 143,749 361,750 755,764 12,777 729,794 404,805 688,808 354,812 615,824 296,831 694,848 49,875 800,885 210,892 95,909 203,932 600,954 638,1013 805,855 288,243 519,462 466,385 970,234 508,457 390,652 294,741 363,249 766,296 260,466 123,897 280,684 249,377 293,906 275,607 244,681 513,352 164,791 170,836 393,123 340,590 689,723 709,507 374,563 482,796 525,448 440,733 898,957 911,23 68,639 808,67 467,414 359,654 65,77 327,369 485,440 571,822 181,293 530,464 594,355 513,363 458,585 218,200 566,234 26,889 294,343 111,389 240,718 82,557 435,982 792,354 212,764 848,127 169,160 604,308 814,590 862,677 771,383 964,556 420,622 515,756 39,534 142,669 330,716 938,158 589,103 1000,270 365,493 896,910 395,357 866,338 489,375 751,1012 728,601 327,109 683,621 973,625 902,405 257,622 584,881 325,531 343,815 725,981 530,540 418,880 631,256 624,376 793,241 508,242 357,346 783,388 377,615 353,192 747,416 394,436 323,582 329,916 209,1010 377,513 473,598 871,415 680,760 937,997 804,111 461,1008 502,325 829,771 852,923 665,91 843,485 1007,678 238,592 643,870 630,528 24,557 1014,133
AAI1 219,412 380,531 613,262 958,141 297,833 352,448 746,343 365,544 857,48 906,352 201,749 335,402 908,204 522,272 681,436 434,437 129,541 689,810 75,145 90,648 942,37 254,95 568,691 1000,514 730,795 155,43 699,593 219,183 210,893 271,68 108,362 748,448 800,886 203,933 386,104 728,303 704,453 345,489 233,285 908,491 864,573 624,114 288,244 344,388 823,400 143,461 86,523 871,721 822,22 369,236 31,287 361,751 616,824 694,849 596,12 477,37 537,87 466,143 285,181 475,219 539,241 1000,270 317,320 41,407 508,448 415,480 589,523 904,574 377,615 110,687 602,745 755,765 912,23 496,64 183,66 344,97 682,214 631,257 1001,299 970,326 466,386 102,419 519,462 664,481 710,507 814,591 515,598 105,661 126,671 1008,679 13,777 164,791 405,805 572,822 94,910 852,924 898,958 435,981 936,996 370,55 849,126 308,133 500,148 169,160 479,176 218,201 566,234 674,234 604,309 112,326 866,338 512,352 594,355 112,390 685,403 466,413 394,436 485,439 52,443 507,457 127,490 1015,507 723,530 861,544 83,557 374,563 238,592 728,601 275,608 67,639 390,652 141,669 244,681 330,717 83,729 94,731 294,740 343,815 26,889 292,906 596,954 460,1008 210,1009 218,61 807,66 65,78 590,103 394,122 971,233 552,242 363,250 181,293 766,296 502,324 872,329 293,342 792,354 394,357 327,369 624,376 249,377 902,405 748,415 526,448 530,463 843,486 364,493 979,500 325,531 40,534 256,620 359,654 861,677 280,683 457,698 417,699 449,704 688,723 142,748 514,755 829,771 482,796 355,813 171,836 806,854 49,875 121,898 897,911 751,1010 803,110 939,157 351,192 793,241 507,242 356,346 514,362 489,375 771,382 871,414 259,466 377,514 630,529 530,539 23,556 963,556 322,581 456,586 341,589 473,597 683,619 973,624 95,671 239,718 440,732 679,760 211,763 644,869 418,880 584,881 329,916 726,980 639,1013 667,90 327,108 1012,131 783,387 235,608 420,620
AAI2 857,48 958,141 613,262 746,343 219,412 681,436 353,449 380,531 365,544 297,833 999,905 857,48 958,141 613,262 746,343 219,412 681,436 353,449 380,531 365,544 201,749 297,833 857,48 958,141 613,262 746,343 219,412 353,449 380,531 365,544 201,749 297,833
AAI3 857,48 625,127 958,141 613,262 920,305 578,393 219,412 380,531 365,544 59,645 747,665 999,905 857,48 625,127 958,141 613,262 219,412 353,449 380,531 365,544 297,833 857,48 625,127 958,141 613,262 219,412 353,449 380,531 365,544 297,833
AAI4 857,48 958,141 746,343 219,413 381,531 365,544 689,809 297,833 999,905 857,48 958,141 613,262 746,343 219,413 681,436 353,449 381,531 365,544 201,749 297,833 857,48 958,141 613,262 746,343 219,413 353,449 381,531 365,544 201,749 297,833
AAI5 857,48 958,141 746,343 219,413 381,531 365,544 689,809 297,833 999,905 857,48 958,141 613,262 746,343 219,413 681,436 353,449 381,531 365,544 201,749 297,833 857,48 958,141 613,262 746,343 219,413 353,449 381,531 365,544 201,749 297,833
AAI6 961,145 297,833
AAJ0 817,8 562,36 197,45 1000,60 578,106 912,109 813,130 758,139 887,149 632,153 150,160 812,163 16,164 809,172 515,177 674,194 883,208 273,211 948,237 542,247 954,256 632,264 921,278 964,281 988,288 67,303 705,307 750,315 960,317 932,319 896,323 866,351 762,361 693,372 480,394 715,409 854,412 280,414 980,416 860,429 820,449 880,457 483,460 691,484 351,498 133,515 292,524 838,526 335,532 254,536 404,558 936,587 24,623 374,632 57,643 45,670 805,675 574,681 995,686 375,696 620,702 780,705 210,711 679,711 485,745 584,750 886,751 510,766 910,803 374,804 87,813 179,828 267,831 128,833 718,834 138,860 771,864 117,889 804,907 896,907 28,910 984,910 813,913 476,929 455,933 769,936 293,940 621,940 882,953 22,957 762,962 398,963 878,976 771,979 912,987 357,991 464,991 858,748 748,943 466,299 155,755 297,924 851,258 510,822 650,873 981,959 789,776 899,581 832,268 261,438 718,655 1015,841 891,88 504,651 521,903 637,794 621,851 587,922 650,12 783,1002 220,195 788,501 317,996 938,428 155,783 478,909 428,138 318,263 425,111 807,342 963,523 508,726 672,842 1009,768 315,962 634,521 416,846 733,937 979,350 290,607 236,309 928,558 299,15 772,818 30,861 703,421 117,556 971,564 468,833 1011,910 171,982 594,797 935,804 719,817 98,174 441,584 604,387 538,837 714,186 1011,475 558,258 880,288 456,668 213,348 1013,500 610,919 392,377 728,118 111,655 449,978 240,697 631,706 427,284 396,196 459,528 504,964 599,613 386,339 532,920 384,280 985,1013 977,515 836,610 502,862 329,848 23,851 449,953 803,305 476,746 759,201 848,290 16,39 225,259 405,508 410,827 774,959 762,98 156,946 114,93 191,691 394,1014 333,32 317,580 71,844 612,955 256,360 196,495 691,628 348,145 26,731 235,806 582,435 625,486 743,215
AAJ1 715,411 456,936 679,713 884,210 274,213 814,132 476,931 693,486 30,912 140,861 933,320 763,363 721,836 359,992 335,534 68,304 768,981 759,140 292,525 981,417 855,413 211,712 813,165 674,195 464,992 377,697 579,107 806,677 780,706 88,815 881,457 1000,61 633,154 151,160 17,164 633,264 750,316 280,414 133,515 45,671 995,687 584,752 128,834 965,282 820,450 984,910 912,109 515,177 705,307 255,538 404,558 574,682 910,804 268,832 772,865 818,8 198,46 989,289 237,310 897,324 693,374 351,499 971,564 57,643 455,668 179,829 768,936 882,953 315,962 913,988 714,187 542,247 954,255 558,258 922,277 865,351 838,526 937,589 375,633 858,748 510,767 897,907 620,941 763,962 649,11 562,37 425,111 949,237 851,259 318,263 426,284 881,288 979,350 481,393 859,428 261,437 405,508 899,582 290,606 504,651 620,701 485,745 886,751 155,756 789,774 155,783 594,797 374,804 510,821 672,842 622,851 521,903 813,913 297,924 294,939 748,943 157,946 22,957 774,960 398,964 878,976 171,981 784,1002 891,87 114,92 762,97 729,118 348,146 887,148 219,195 396,196 225,260 833,267 384,281 803,305 959,316 807,341 213,347 256,360 393,376 937,429 582,435 483,460 1011,474 625,486 788,502 303,521 635,521 459,527 117,555 441,584 599,613 26,623 691,627 718,654 191,690 240,698 632,706 508,726 636,795 719,816 771,818 410,828 538,837 71,844 22,850 29,861 651,872 117,888 804,906 1011,911 287,917 587,922 733,937 611,955 982,957 449,979 318,996 986,1013 298,14 429,137 97,173 760,200 743,214 847,291 466,298 386,339 604,386 702,419 196,494 1014,499 977,513 962,524 928,557 317,579 838,609 15,625 25,732 1008,767 935,803 468,832 416,845 330,847 502,861 478,908 533,920 448,952 502,963 332,30 14,38 111,653 235,804 609,917 394,1012
AAJ2 275,212 934,321 763,362 719,836 477,932 359,993 813,133 884,210 275,212 934,321 715,413 679,713 719,836 139,861 29,912 477,932 456,935 359,993 813,133 884,210 275,212 934,321 715,413 693,485 679,713 719,836 29,912 456,935 359,993
AAJ3 976,81 275,212 696,297 927,309 715,413 951,521 679,715 993,803 719,836 597,903 275,929 361,992 697,995 696,297 715,413 679,715 719,836 456,935 813,133 889,134 696,297 934,321 715,413 246,647 679,715 719,836 456,935 361,992
AAJ4 457,201 885,211 275,212 934,321 719,836 477,932 481,937 813,133 885,211 275,212 934,321 715,413 679,713 719,836 139,861 29,912 477,932 456,935 359,993 113,33 813,133 885,211 275,212 934,321 715,413 41,529 679,713 719,836 29,912 456,935 359,993
AAJ5 457,201 885,211 275,212 934,321 719,836 477,932 481,937 813,133 885,211 275,212 934,321 715,413 679,713 719,836 139,861 29,912 477,932 456,935 359,993 113,33 813,133 885,211 275,212 934,321 715,413 41,529 679,713 719,836 29,912 456,935 359,993
AAJ6 977,817 457,937 713,409 737,761 977,817 585,873 457,937 361,993
AAK0 683,8 690,19 357,23 880,29 165,30 867,59 736,79 364,83 504,105 970,115 419,124 78,151 47,152 496,163 403,175 832,179 211,182 907,185 547,200 833,210 45,216 585,216 413,232 692,243 713,259 887,262 473,265 753,280 447,281 260,283 764,287 782,289 491,297 717,299 663,308 217,316 415,320 763,335 99,343 229,342 265,345 803,351 731,357 555,360 651,365 731,368 839,385 1005,393 749,403 967,404 803,405 747,415 698,417 387,418 265,419 1010,427 331,443 701,459 206,465 164,471 1009,473 19,484 496,487 975,510 658,523 783,527 755,539 566,553 927,554 935,557 1011,564 807,565 129,583 797,594 400,603 721,603 833,605 814,609 51,611 795,611 775,615 498,623 600,635 439,637 787,639 910,663 939,663 661,683 742,683 803,700 601,705 733,711 847,712 956,713 193,714 668,715 793,715 175,729 759,754 31,756 394,757 866,777 438,779 140,783 809,790 371,793 355,795 469,807 219,820 122,831 512,831 775,833 870,845 419,856 675,857 449,859 831,858 847,864 613,867 613,874 310,887 469,893 987,915 115,918 924,927 461,928 335,933 393,945 791,947 342,949 1013,958 460,967 99,971 171,977 757,977 673,983 427,992 705,996 180,1007 605,8 683,8 701,17 349,18 631,19 602,21 357,23 401,26 880,29 165,30 665,44 921,51 867,59 516,61 653,65 795,69 895,70 655,76 437,79 736,79 364,83 375,92 809,101 504,105 680,105 661,106 759,107 911,107 836,113 970,115 109,119 438,121 419,124 525,129 908,131 853,135 940,137 532,139 905,141 78,151 572,151 47,152 869,153 496,163 145,167 799,169 215,170 907,173 403,175 674,175 790,177 832,179 211,182 545,183 907,185 172,189 673,189 749,193 547,200 1012,207 833,210 630,213 45,216 585,216 993,221 413,232 470,235 265,239 706,239 692,243 873,247 623,249 953,249 100,250 713,259 887,262 248,263 29,264 751,264 575,268 649,270 636,271 69,272 653,272 753,280 447,281 607,281 92,283 260,283 764,287 782,289 491,297 717,299 557,307 663,308 904,313 120,315 217,316 641,319 415,320 924,323 420,325 390,329 763,335 465,337 99,343 229,342 265,345 803,351 731,357 555,360 566,360 643,363 717,364 651,365 261,367 365,367 731,368 839,369 649,377 661,377 839,385 1005,393 349,401 749,403 967,404 803,405 61,411 263,412 747,415 698,417 708,417 387,418 265,419 760,419 205,421 915,421 1010,427 660,432 437,441 287,443 331,443 208,445 395,445 785,446 469,447 838,449 664,452 743,452 919,452 313,455 750,456 157,457 701,459 206,465 129,466 164,471 1009,473 873,478 504,483 19,484 968,485 496,487 821,490 375,491 487,497 975,510 805,513 953,511 16,513 869,513 223,516 359,517 1013,519 658,523 783,527 635,533 167,537 521,537 755,539 63,548 788,549 532,551 297,553 566,553 845,553 927,554 935,557 317,564 1011,564 807,565 438,567 380,569 129,583 749,584 196,585 827,585 39,588 233,588 797,594 400,603 721,603 728,605 814,609 828,609 51,611 795,611 503,612 775,615 904,616 498,623 921,624 791,625 119,628 600,635 439,637 787,639 808,641 527,647 948,648 725,653 864,663 910,663 859,668 604,670 825,675 569,677 476,678 464,679 661,683 742,683 765,686 803,700 373,704 914,707 733,711 847,712 956,713 193,714 668,715 793,715 802,717 800,721 851,721 39,726 175,729 162,735 697,745 193,748 610,752 709,753 759,754 31,756 394,757 705,762 77,775 866,777 438,779 680,780 140,783 478,787 809,790 371,793 355,795 944,797 469,807 209,818 219,820 159,821 122,831 344,831 512,831 775,833 475,834 509,839 870,845 466,849 880,855 419,856 675,857 449,859 831,858 854,862 901,863 847,864 567,866 613,867 834,868 256,871 613,874 310,887 429,887 469,893 394,897 461,905 645,905 436,913 876,913 671,914 987,915 115,918 167,924 595,925 819,924 475,925 924,927 461,928 797,932 335,933 814,937 54,938 897,940 393,945 791,947 342,949 812,953 1013,958 460,967 99,971 171,977 281,977 757,977 673,983 623,985 925,985 427,992 705,996 180,1007 640,1007 881,1015 205,1017 369,1017 605,8 683,8 697,15 701,17 349,18 631,19 602,21 357,23 401,26 945,27 880,29 165,30 665,44 921,51 867,59 516,61 653,65 795,69 895,70 655,76 437,79 736,79 364,83 375,92 809,101 504,105 680,105 661,106 759,107 911,107 836,113 970,115 109,119 438,121 419,124 525,129 908,131 853,135 940,137 532,139 905,141 78,151 572,151 47,152 869,153 496,163 145,167 799,169 215,170 907,173 403,175 674,175 790,177 832,179 211,182 545,183 907,185 172,189 673,189 749,193 547,200 1012,207 833,210 630,213 45,216 585,216 993,221 413,232 470,235 265,239 706,239 692,243 873,247 623,249 953,249 100,250 713,259 887,262 248,263 29,264 751,264 575,268 649,270 636,271 69,272 653,272 726,273 753,280 447,281 607,281 92,283 260,283 764,287 782,289 491,297 717,299 557,307 663,308 904,313 120,315 217,316 641,319 415,320 924,323 420,325 390,329 763,335 465,337 99,343 229,342 265,345 803,351 731,357 555,360 566,360 643,363 717,364 651,365 261,367 365,367 731,368 839,369 649,377 661,377 839,385 1005,393 349,401 749,403 967,404 803,405 61,411 263,412 747,415 698,417 708,417 387,418 760,419 205,421 915,421 1010,427 660,432 437,441 287,443 331,443 208,445 395,445 785,446 469,447 838,449 664,452 743,452 919,452 313,455 750,456 157,457 701,459 206,465 129,466 164,471 1009,473 873,478 504,483 19,484 968,485 496,487 821,490 375,491 487,497 975,510 805,513 953,511 16,513 869,513 223,516 359,517 1013,519 658,523 783,527 635,533 167,537 521,537 755,539 63,548 788,549 532,551 297,553 566,553 845,553 927,554 935,557 317,564 1011,564 807,565 438,567 380,569 129,583 749,584 196,585 827,585 39,588 233,588 400,603 721,603 814,609 828,609 51,611 795,611 503,612 775,615 904,616 498,623 921,624 791,625 119,628 600,635 439,637 787,639 808,641 527,647 948,648 725,653 864,663 910,663 859,668 604,670 825,675 569,677 476,678 464,679 661,683 742,683 765,686 803,700 373,704 914,707 733,711 847,712 956,713 193,714 668,715 793,715 802,717 800,721 851,721 39,726 175,729 162,735 697,745 193,748 610,752 709,753 759,754 31,756 394,757 705,762 77,775 866,777 438,779 680,780 140,783 478,787 809,790 371,793 355,795 944,797 469,807 209,818 219,820 159,821 122,831 344,831 512,831 775,833 475,834 509,839 870,845 466,849 880,855 419,856 675,857 449,859 831,858 901,863 847,864 567,866 613,867 834,868 256,871 613,874 310,887 429,887 469,893 394,897 461,905 645,905 436,913 876,913 671,914 987,915 115,918 167,924 595,925 819,924 475,925 924,927 461,928 797,932 335,933 814,937 54,938 897,940 393,945 791,947 342,949 812,953 1013,958 460,967 99,971 171,977 281,977 757,977 673,983 623,985 925,985 427,992 705,996 180,1007 640,1007 881,1015
AAK1 157,454 726,273 872,477 897,939 696,746 108,119 312,454 373,705 634,532 544,183 700,16 827,608 945,27 868,152 487,496 906,140 804,512 158,820 622,984 635,271 661,378 205,420 641,318 991,221 953,248 900,862 61,411 941,137 261,366 347,401 845,554 852,722 987,914 880,1015 910,107 853,136 607,282 803,350 717,364 838,369 469,449 710,751 460,966 921,51 680,104 759,106 906,173 923,323 763,335 438,441 16,513 503,612 790,624 924,926 516,62 795,70 895,71 265,238 651,364 914,420 394,445 374,491 1013,518 754,538 380,569 904,616 526,647 825,676 602,705 831,858 595,925 652,65 835,114 496,164 215,170 749,192 873,248 100,250 713,259 752,264 904,314 466,336 567,360 642,363 649,378 920,451 206,465 869,513 921,623 859,668 604,671 803,700 703,762 219,819 846,864 645,904 100,970 281,976 682,8 867,58 736,78 526,129 531,139 673,188 45,216 706,239 623,250 473,266 261,282 765,286 120,313 218,316 420,325 730,368 747,403 748,415 760,418 659,431 164,470 503,484 519,537 64,548 297,553 927,554 826,584 726,652 569,677 662,683 914,706 956,712 669,715 38,725 834,869 256,870 469,893 167,923 813,936 925,986 705,996 179,1006 164,30 437,79 809,101 661,107 572,151 790,175 906,184 172,189 413,232 469,236 693,241 69,272 754,279 99,343 838,385 263,412 708,417 785,445 839,449 744,452 702,460 953,511 658,522 532,550 567,554 232,587 39,588 722,603 798,609 600,634 808,641 939,663 437,779 680,780 140,782 809,789 512,831 774,834 509,839 419,856 675,856 880,856 428,886 461,906 460,928 334,933 54,938 343,949 813,953 1013,957 672,983 639,1008 604,8 349,18 602,19 631,21 879,28 663,43 376,91 503,105 436,120 78,150 46,153 145,167 799,168 402,175 674,175 833,209 629,214 576,268 650,269 447,280 91,283 783,288 662,309 390,329 555,359 365,366 1006,394 804,406 287,442 128,467 968,487 223,515 782,527 167,537 936,558 1010,565 807,566 439,567 129,582 195,585 401,603 775,614 120,628 788,640 948,648 910,661 464,680 743,682 765,686 161,734 393,756 866,776 371,795 355,796 469,806 345,831 122,832 476,834 466,849 448,858 566,866 613,868 310,886 671,914 875,914 757,977 400,27 653,75 364,83 970,113 419,123 831,178 210,182 545,201 1011,205 885,262 249,263 29,264 489,297 717,298 557,306 228,342 967,403 387,417 698,418 1012,425 330,444 208,445 1008,472 18,484 820,489 976,509 360,515 788,549 316,563 748,582 796,595 814,609 50,610 498,623 439,636 476,677 733,711 193,714 792,714 802,715 801,723 175,728 194,749 611,751 758,753 30,755 76,775 944,796 209,819 393,897 435,913 114,919 820,923 476,925 796,932 393,943 791,948 170,977 426,991 584,214 264,344 730,355 663,450 477,787 871,843
AAK2 108,119 312,454 159,455 872,477 697,747 726,273 159,455 872,477 373,705 897,939 726,273 159,455 872,477 373,705 897,939
AAK3 108,119 35,201 663,344 159,455 872,477 711,553 637,723 63,849 31,857 47,921 225,928 726,273 159,455 872,477 897,939 30,162 201,257 726,273 159,455 872,477 449,521 54,759 897,939
AAK4 108,119 872,477 697,747 63,849 545,185 201,257 726,273 157,455 872,477 697,747 897,939 726,273 157,455 872,477 373,705 897,939
AAK5 108,119 872,477 697,747 63,849 545,185 201,257 726,273 157,455 872,477 697,747 897,939 726,273 157,455 872,477 373,705 897,939
AAK6 729,277 157,453 161,457 729,277 157,453 161,457
AAL0 983,19 461,23 456,27 217,41 341,51 101,56 957,57 821,59 843,61 615,63 203,72 887,83 251,95 28,151 73,157 109,170 434,181 15,194 571,215 437,240 464,261 936,263 743,272 827,276 61,297 273,317 571,319 785,325 132,327 153,327 20,339 204,339 319,340 522,353 211,363 113,379 596,407 171,410 423,411 261,412 549,412 504,447 205,481 307,500 395,506 291,518 820,523 263,524 305,543 801,547 370,559 438,603 402,605 615,611 316,613 7,623 757,626 573,631 949,635 502,639 879,662 445,678 235,688 660,691 987,709 857,714 511,720 753,747 735,778 1011,778 28,803 725,806 214,807 727,821 647,825 327,827 146,835 305,848 607,848 563,855 339,862 634,895 781,936 796,955 223,975 660,979 20,985 7,1000 687,1016 728,9 957,13 757,17 983,19 169,22 461,23 930,29 347,37 217,41 45,44 341,51 500,55 101,56 957,57 821,59 843,61 615,63 203,72 887,83 464,86 250,87 885,93 251,95 269,96 875,100 100,103 318,116 529,137 396,143 28,151 364,156 73,157 129,158 109,170 434,181 844,187 15,194 212,197 867,200 76,201 441,209 56,211 371,212 571,215 735,216 229,217 889,220 429,222 900,229 949,235 40,237 627,237 437,240 820,240 441,257 688,258 464,261 760,261 936,263 337,269 456,271 665,272 743,272 827,276 25,277 348,280 1015,284 1016,291 61,297 807,301 333,303 845,308 273,317 571,319 785,325 132,327 153,327 453,328 637,331 801,332 212,338 20,339 71,339 204,339 319,340 375,345 788,353 522,353 585,361 211,363 100,372 113,379 267,383 1017,389 435,397 264,402 645,403 596,407 171,410 423,411 261,412 549,412 449,425 720,431 901,434 996,434 735,439 86,443 504,447 14,461 385,461 733,463 257,464 969,475 205,481 339,481 985,482 112,484 235,489 937,492 167,495 655,495 307,500 221,501 395,506 568,517 291,518 177,519 820,523 263,524 157,527 713,533 906,537 868,539 941,540 194,543 305,543 915,545 801,547 370,559 461,573 697,576 656,582 281,601 438,603 402,605 560,609 889,609 615,611 438,612 316,613 1009,620 702,621 7,623 757,626 573,631 949,635 502,639 673,649 116,655 193,659 389,659 879,662 217,667 409,669 143,673 359,674 445,678 681,683 235,688 660,691 397,692 323,701 616,701 832,701 987,709 857,714 511,720 950,723 383,729 231,733 116,739 524,741 753,747 269,755 836,757 870,760 71,765 665,766 980,769 744,769 723,776 664,777 1011,778 733,783 492,786 5,787 708,791 21,797 907,798 28,803 855,805 725,806 214,807 290,809 503,812 939,813 193,820 727,821 647,825 327,827 243,829 146,835 258,837 305,848 607,848 68,849 563,855 339,862 155,877 997,890 469,893 634,895 509,899 396,901 185,907 95,912 792,915 809,915 681,922 719,925 944,934 35,936 781,936 239,942 321,943 74,946 796,955 39,960 717,962 90,969 43,969 223,975 660,979 496,981 569,983 20,985 565,985 211,988 109,999 7,1000 323,1000 55,1001 262,1001 826,1005 879,1006 149,1012 687,1016 728,9 957,13 757,17 983,19 169,22 461,23 930,29 347,37 217,41 45,44 190,49 341,51 500,55 101,56 957,57 821,59 843,61 615,63 203,72 887,83 464,86 250,87 885,93 251,95 301,95 269,96 875,100 100,103 318,116 529,137 396,143 28,151 364,156 73,157 129,158 109,170 434,181 844,187 15,194 212,197 867,200 76,201 441,209 56,211 371,212 571,215 735,216 229,217 889,220 429,222 900,229 949,235 40,237 627,237 437,240 820,240 441,257 688,258 241,261 464,261 760,261 936,263 337,269 456,271 665,272 743,272 827,276 25,277 348,280 1015,284 215,285 1016,291 61,297 807,301 333,303 845,308 273,317 571,319 785,325 132,327 153,327 453,328 637,331 801,332 212,338 20,339 71,339 319,340 375,345 788,353 522,353 585,361 211,363 100,372 113,379 267,383 435,397 264,402 645,403 596,407 171,410 423,411 261,412 549,412 449,425 267,427 720,431 901,434 996,434 735,439 86,443 504,447 14,461 385,461 733,463 257,464 969,475 205,481 339,481 985,482 112,484 235,489 937,492 167,495 655,495 307,500 221,501 395,506 568,517 291,518 177,519 820,523 263,524 157,527 713,533 906,537 868,539 941,540 194,543 305,543 915,545 801,547 370,559 461,573 697,576 656,582 281,601 438,603 402,605 560,609 889,609 615,611 438,612 316,613 1009,620 702,621 7,623 757,626 573,631 949,635 502,639 673,649 116,655 193,659 389,659 879,662 217,667 409,669 143,673 359,674 445,678 681,683 235,688 660,691 397,692 323,701 616,701 832,701 987,709 857,714 511,720 950,723 383,729 231,733 116,739 524,741 753,747 269,755 836,757 870,760 71,765 665,766 980,769 744,769 723,776 664,777 1011,778 733,783 492,786 708,791 21,797 907,798 855,805 725,806 214,807 290,809 503,812 939,813 193,820 727,821 647,825 327,827 243,829 146,835 258,837 305,848 607,848 68,849 563,855 339,862 155,877 649,883 997,890 469,893 634,895 509,899 396,901 185,907 95,912 792,915 809,915 681,922 719,925 944,934 35,936 781,936 239,942 321,943 74,946 796,955 39,960 717,962 90,969 43,969 223,975 660,979 496,981 569,983 20,985 565,985 211,988 109,999 7,1000 323,1000 55,1001 262,1001 826,1005 879,1006 149,1012 687,1016
AAL1 997,889 302,94 241,261 129,158 567,984 89,968 216,285 956,12 375,344 388,659 338,480 267,427 650,883 440,209 855,804 531,138 26,277 156,526 745,769 20,797 230,735 71,766 191,49 441,256 338,267 155,876 347,36 178,519 469,892 386,461 269,755 727,10 645,403 734,438 967,475 508,898 757,18 371,213 384,728 261,999 168,22 228,217 333,302 235,488 713,532 409,669 434,396 450,426 655,494 194,660 731,783 35,935 39,962 614,63 250,95 364,156 806,300 215,667 938,813 843,186 985,482 568,517 949,635 674,650 661,690 708,791 238,942 211,989 461,22 101,55 456,270 1015,291 801,333 212,337 71,339 266,381 549,412 721,430 460,574 879,662 323,701 869,760 68,849 792,915 500,54 887,83 396,143 437,240 464,260 936,264 320,340 596,407 261,413 15,461 734,462 257,464 370,559 282,602 889,609 987,710 949,722 491,786 907,798 681,923 943,935 74,946 795,954 496,982 108,999 55,1002 982,18 884,93 270,96 875,99 318,115 434,181 867,199 571,215 429,222 687,257 826,276 212,362 100,372 422,410 997,433 111,484 306,500 194,542 917,545 801,547 696,575 561,609 573,630 503,639 143,673 445,678 235,688 398,692 617,700 524,741 836,757 665,765 979,769 664,777 503,812 647,825 635,894 321,941 19,984 323,1000 826,1005 149,1012 216,42 44,43 341,50 957,56 821,57 202,71 73,157 109,171 75,200 56,212 735,215 889,219 948,235 40,237 628,237 820,239 760,260 742,271 664,272 349,280 61,297 844,306 786,324 131,327 152,327 451,327 638,330 20,338 586,361 113,378 263,401 901,433 504,447 937,491 220,500 291,517 304,542 401,605 615,611 437,612 317,613 756,627 116,655 681,683 857,714 512,719 116,739 754,748 1010,779 214,805 723,806 727,820 328,826 146,834 305,848 338,862 396,900 95,912 719,925 781,936 716,962 223,973 659,978 879,1006 686,1015 928,28 843,61 465,85 99,102 13,194 212,196 900,228 275,317 570,319 202,340 522,354 788,354 170,410 86,443 205,481 167,496 395,505 263,523 820,523 906,536 868,538 940,540 656,582 1010,620 701,621 360,672 833,701 290,807 192,819 243,828 257,836 606,849 561,855 186,906 811,915 29,149 437,602
AAL2 302,95 129,159 241,261 216,285 375,344 339,481 389,659 335,905 302,95 129,159 241,261 216,285 375,344 1016,389 997,889 89,969 567,985 302,95 129,159 241,261 216,285 375,344 1016,389 997,889 89,969 567,985
AAL3 302,95 975,97 130,160 241,261 771,261 736,296 551,321 873,343 599,439 51,589 274,729 999,863 544,865 27,899 335,905 302,95 975,97 736,296 737,520 544,865 997,889 89,969 649,25 302,95 241,261 734,518 873,593 997,889
AAL4 302,95 975,97 241,261 873,343 375,345 339,481 389,659 335,905 302,95 529,137 129,159 241,261 216,285 375,345 1017,389 339,481 997,889 89,969 567,985 302,95 529,137 129,159 241,261 216,285 375,345 553,425 73,769 997,889 89,969 567,985
AAL5 302,95 975,97 241,261 873,343 375,345 339,481 389,659 335,905 302,95 529,137 129,159 241,261 216,285 375,345 1017,389 339,481 997,889 89,969 567,985 302,95 529,137 129,159 241,261 216,285 375,345 553,425 73,769 997,889 89,969 567,985
AAL6 465,579 313,537
AAM0 430,10 302,26 759,26 479,51 528,70 324,71 750,79 763,92 625,94 313,98 176,175 299,197 212,203 353,218 323,252 622,255 779,255 603,256 630,257 612,263 620,263 631,268 78,274 624,276 648,286 359,289 623,289 250,291 573,292 223,304 669,357 137,358 45,383 441,398 285,400 488,402 606,405 672,418 1003,437 520,440 240,458 749,467 249,489 478,504 336,518 705,523 671,527 531,532 662,534 683,537 636,574 867,574 618,577 610,585 884,585 797,587 921,588 799,597 823,597 655,600 781,604 733,620 857,627 95,633 887,636 828,639 842,642 404,647 830,657 116,658 850,659 941,666 914,676 298,680 64,691 871,693 810,696 586,697 226,717 823,720 824,729 943,746 951,765 13,778 705,801 979,811 957,819 857,850 202,851 172,863 23,864 750,864 159,865 591,868 149,870 824,871 494,881 874,888 950,895 995,907 620,916 113,917 679,930 794,938 255,962 308,971 777,978 174,979 539,989 758,990 291,926 489,800 827,471 578,905 525,807 260,671 98,115 1007,669 626,175 254,124 808,409 690,562 916,604 548,54 278,264 404,597 11,684 884,651 668,685 83,574 745,594 960,503 128,688 407,735 231,934 646,355 685,304 847,353 901,481 687,133 147,841 807,814 596,61 779,267 148,357 835,901 374,16 523,140 651,479 719,763 82,902 155,926 1007,883 891,244 61,770 387,304 603,351 604,1010 735,267 367,858 584,652 299,794 591,221 548,696 282,992 975,546 518,659 759,106 636,296 327,474 296,543 762,560 852,196 822,507 881,545 599,881 351,8 765,668 344,941 542,958 116,1000 119,286 89,957 355,244 40,493 386,280 998,357 573,551 559,719 932,235 261,631 699,671 677,824 306,948 153,978 52,53 839,412 116,755 133,394 367,546 742,224 464,639 508,789 828,134 180,314 847,620 645,904 257,304 107,897 307,239 238,780 389,823 690,318
AAM1 811,698 310,973 360,291 79,276 226,719 625,277 845,645 1004,439 867,576 798,588 734,621 626,291 480,52 628,257 354,219 618,264 636,575 876,890 781,605 45,384 706,524 943,747 223,306 673,419 619,578 587,697 857,851 172,864 241,458 888,637 117,658 540,990 763,93 478,505 831,658 592,868 149,871 680,931 777,979 759,27 40,494 857,628 826,729 794,938 299,199 662,535 83,575 884,585 96,634 829,639 941,668 872,694 12,779 202,853 24,865 751,865 951,895 994,908 175,980 757,991 430,10 301,27 750,79 323,252 250,292 441,398 336,519 531,532 800,598 404,646 64,692 298,795 980,812 600,881 113,919 313,97 98,114 213,204 488,404 838,412 521,440 975,545 690,562 916,604 851,659 298,680 406,736 489,799 526,806 957,820 825,870 494,882 1008,882 255,962 351,8 549,54 596,61 529,70 626,94 828,134 176,174 626,174 780,255 575,292 387,303 685,303 848,353 669,356 137,357 284,401 607,405 807,410 748,467 327,474 250,489 960,503 684,537 761,561 405,596 926,596 585,651 518,659 914,676 718,763 59,770 706,801 146,841 367,858 620,917 306,949 124,8 323,70 760,106 688,132 853,195 591,220 779,266 386,280 119,286 647,286 119,294 690,318 645,354 997,358 134,394 828,469 650,480 901,481 823,507 671,526 296,543 367,546 881,546 921,587 824,596 653,600 884,649 765,668 1007,669 260,671 699,671 128,687 548,697 823,719 950,766 240,780 389,822 678,825 835,902 290,925 156,926 231,933 343,942 90,957 153,978 373,16 254,123 522,141 931,235 307,238 891,243 278,263 736,268 257,305 180,314 604,352 574,551 743,592 847,620 260,631 464,639 668,683 12,684 116,756 508,789 807,813 106,896 82,901 578,904 645,904 540,958 604,1010 51,51 743,222 355,243 636,294 149,355 559,717 281,991 117,998
AAM2 79,276 360,291 226,719 360,291 811,699 226,719 310,973 360,291 811,699 226,719 310,973
AAM3 944,160 833,271 360,291 433,360 489,401 288,585 447,625 81,875 793,971 176,1002 201,529 811,699 226,719 310,973 574,272 201,529 811,699 226,719 310,973
AAM4 79,276 360,291 363,389 1005,439 226,719 360,291 811,699 226,719 309,973 360,291 811,699 226,719 309,973
AAM5 79,276 360,291 363,389 1005,439 226,719 360,291 811,699 226,719 309,973 360,291 811,699 226,719 309,973
AAM6 809,695 313,977 809,695 313,977
AAN0 637,12 875,18 837,23 16,35 922,45 47,49 980,51 167,67 62,70 663,93 173,103 971,124 175,129 240,135 1013,139 599,140 867,166 991,173 637,175 18,193 233,203 11,217 515,231 505,240 191,245 999,245 385,246 959,249 684,253 19,258 916,261 803,268 621,277 835,281 519,290 195,293 811,305 256,309 533,340 464,355 26,367 657,367 825,378 307,379 615,383 97,384 673,393 471,394 825,403 111,408 519,413 755,419 275,422 422,423 361,439 217,446 612,473 645,480 347,501 966,501 72,517 259,519 89,520 507,522 216,529 675,529 838,539 844,539 699,584 751,585 869,594 235,607 961,631 464,653 9,667 897,669 664,683 795,687 389,691 688,691 818,695 425,696 814,703 829,704 991,707 976,709 416,721 797,749 917,759 75,772 1019,780 843,791 1009,795 7,805 747,823 994,834 854,839 567,850 999,872 123,877 421,887 837,907 101,909 965,910 751,952 620,969 952,969 155,974 599,977 912,991 859,1012 147,1019 637,12 609,15 897,17 875,18 837,23 387,33 16,35 649,40 922,45 89,48 47,49 733,50 980,51 100,58 753,62 167,67 863,69 62,70 898,72 453,85 523,89 240,91 663,93 173,103 191,105 351,105 64,118 971,124 635,125 175,129 249,129 240,135 62,139 293,139 1013,139 289,140 599,140 91,142 152,145 249,145 427,151 360,152 121,164 454,164 867,166 113,167 101,170 991,173 443,174 637,175 18,193 777,197 919,199 124,200 233,203 64,204 473,225 152,230 515,231 760,236 505,240 191,245 999,245 385,246 979,246 959,249 684,253 19,258 341,259 582,261 916,261 803,268 937,269 328,273 725,273 309,275 153,277 621,277 810,278 543,280 835,281 519,290 711,292 195,293 699,300 811,305 185,309 256,309 875,325 378,329 636,330 581,333 175,335 533,340 964,350 709,352 464,355 576,357 684,361 26,367 657,367 812,373 825,378 307,379 854,380 615,383 97,384 897,384 768,385 673,393 471,394 825,403 111,408 760,411 413,413 519,413 755,419 275,422 308,423 422,423 792,425 361,439 847,443 217,446 301,449 388,455 496,466 612,473 764,475 182,477 645,480 379,484 949,490 893,493 489,495 347,501 966,501 223,502 236,507 95,508 439,511 637,511 72,517 259,519 89,520 507,522 216,529 675,529 562,533 179,539 838,539 844,539 864,544 110,568 525,569 605,574 142,579 699,584 751,585 869,594 221,606 235,607 344,611 866,617 684,623 520,625 681,625 653,628 961,631 236,644 18,649 511,649 918,649 981,649 952,653 783,652 464,653 951,653 952,653 235,656 921,657 9,667 897,669 931,673 664,683 795,687 856,687 336,688 773,688 984,689 389,691 688,691 818,695 425,696 257,697 258,697 452,697 41,700 912,701 814,703 829,704 873,707 857,709 976,709 821,711 839,711 988,712 262,713 621,717 416,721 973,721 995,745 777,747 797,749 912,755 773,760 46,771 75,772 46,783 1007,790 843,791 953,793 321,796 625,801 7,805 680,813 767,817 324,819 328,819 747,823 305,826 363,833 994,834 560,837 457,838 854,839 567,850 617,862 589,867 804,867 807,867 999,872 123,877 191,883 313,883 407,885 578,885 421,887 455,901 837,907 101,909 965,910 973,913 543,918 601,921 637,925 639,933 117,939 897,939 747,944 875,949 751,952 893,957 620,969 952,969 155,974 599,977 912,991 557,1004 991,1005 281,1009 809,1009 859,1012 637,12 609,15 897,17 875,18 837,23 387,33 16,35 649,40 922,45 89,48 47,49 733,50 980,51 100,58 753,62 8,69 167,67 863,69 62,70 898,72 453,85 523,89 240,91 109,93 663,93 173,103 191,105 351,105 64,118 971,124 635,125 175,129 249,129 240,135 62,139 1013,139 289,140 599,140 91,142 152,145 249,145 427,151 360,152 454,164 867,166 113,167 101,170 991,173 443,174 637,175 381,189 18,193 382,193 777,197 919,199 124,200 233,203 64,204 473,225 152,230 515,231 760,236 505,240 191,245 999,245 385,246 979,246 959,249 684,253 19,258 341,259 582,261 916,261 803,268 937,269 328,273 725,273 309,275 153,277 621,277 810,278 543,280 835,281 519,290 711,292 195,293 699,300 811,305 185,309 256,309 875,325 378,329 636,330 581,333 175,335 533,340 964,350 709,352 464,355 576,357 684,361 26,367 657,367 812,373 369,377 825,378 307,379 854,380 615,383 97,384 897,384 768,385 673,393 471,394 825,403 111,408 760,411 413,413 519,413 755,419 275,422 308,423 422,423 792,425 361,439 847,443 217,446 301,449 388,455 496,466 612,473 764,475 182,477 645,480 379,484 949,490 893,493 489,495 347,501 966,501 223,502 236,507 95,508 439,511 637,511 72,517 259,519 89,520 507,522 216,529 675,529 562,533 844,539 864,544 110,568 525,569 605,574 142,579 699,584 751,585 869,594 221,606 235,607 344,611 866,617 520,625 681,625 653,628 961,631 305,637 236,644 18,649 511,649 918,649 981,649 952,653 783,652 464,653 951,653 952,653 235,656 921,657 9,667 897,669 931,673 664,683 795,687 856,687 336,688 773,688 982,689 984,689 389,691 688,691 818,695 425,696 257,697 258,697 452,697 41,700 912,701 814,703 873,707 857,709 976,709 821,711 839,711 988,712 262,713 821,712 621,717 416,721 973,721 995,745 777,747 797,749 912,755 773,760 46,771 75,772 423,773 46,783 1007,790 843,791 953,793 321,796 625,801 7,805 680,813 767,817 324,819 328,819 747,823 305,826 363,833 994,834 560,837 457,838 854,839 567,850 617,862 589,867 804,867 999,872 123,877 191,883 313,883 407,885 578,885 421,887 761,896 455,901 837,907 101,909 965,910 973,913 543,918 601,921 637,925 489,931 639,933 117,939 897,939 747,944 875,949 751,952 893,957 620,969 952,969 155,974 599,977 912,991 557,1004 991,1005 281,1009 809,1009 859,1012
AAN1 379,190 761,896 983,689 8,68 369,378 682,623 952,652 422,773 326,818 109,93 820,712 954,794 876,948 258,696 281,1008 524,570 490,930 511,649 806,867 523,89 305,637 113,166 931,672 339,259 767,385 588,868 387,32 351,104 724,272 600,920 838,711 308,274 874,325 773,687 638,925 249,145 184,307 858,708 1007,790 635,126 636,173 174,336 488,495 980,649 994,744 766,815 315,883 248,128 893,493 637,512 520,625 776,746 747,944 91,142 683,253 580,333 847,443 109,568 560,837 892,956 636,12 898,16 453,85 289,139 153,145 920,199 475,225 803,267 153,277 709,352 658,366 413,412 438,511 674,530 750,584 798,749 912,755 320,796 456,838 616,862 192,882 837,907 898,938 809,1010 837,23 16,34 753,62 64,119 427,151 776,196 979,246 959,249 582,262 543,280 965,350 576,358 824,378 471,394 517,412 497,467 764,475 182,476 235,506 868,595 18,649 389,690 976,708 988,712 973,721 46,771 75,772 964,910 973,913 923,45 733,50 864,69 192,105 454,164 444,174 938,269 621,276 810,277 378,329 635,330 683,360 812,372 853,380 97,385 824,403 110,407 760,411 307,423 421,423 360,439 301,450 388,456 223,500 346,502 258,519 839,538 605,574 235,606 960,630 424,696 40,700 262,714 681,814 363,834 567,850 579,883 408,885 544,919 117,938 557,1003 609,15 876,17 45,49 979,51 100,57 62,69 897,73 172,104 61,138 598,140 359,151 101,169 991,173 18,194 124,200 233,203 152,229 515,231 759,235 505,241 20,259 328,273 835,281 518,289 711,291 699,300 256,309 25,368 307,379 791,426 613,472 644,480 379,485 95,510 89,520 507,520 214,528 562,535 864,544 698,584 236,642 783,651 464,653 9,665 795,687 818,694 452,697 874,705 622,717 46,783 625,801 746,823 305,826 999,871 421,886 456,901 620,968 951,970 155,974 600,978 913,990 991,1005 651,39 88,49 167,66 242,92 662,93 969,123 175,127 1013,139 866,165 63,203 192,244 384,245 998,245 915,261 195,291 811,305 534,339 463,354 615,383 898,384 216,445 948,490 965,500 72,516 180,539 141,579 220,606 346,611 867,616 653,627 917,648 234,655 897,668 663,683 336,686 856,686 688,691 912,699 417,721 774,760 844,789 994,833 854,838 122,875 100,908 858,1011 11,216 675,391 275,420 920,657
AAN2 9,68 971,389 681,623 952,653 983,689 423,773 325,819 329,819 877,949 9,68 379,193 369,378 681,623 952,653 983,689 821,712 423,773 761,897 9,68 379,193 369,378 681,623 952,653 983,689 821,712 423,773 761,897 281,1009
AAN3 483,81 685,379 55,449 315,501 673,551 681,623 983,689 601,768 423,773 837,883 465,904 521,1007 9,69 381,191 369,378 681,623 953,652 983,689 423,773 761,897 9,69 381,191 369,378 681,623 953,652 983,689 423,773 761,897
AAN4 109,96 681,623 952,653 983,689 423,773 325,819 328,819 9,68 381,191 369,378 681,623 952,653 983,689 821,713 423,773 877,949 281,1009 9,68 381,191 369,378 681,623 952,653 983,689 821,713 423,773 761,897 877,949 281,1009
AAN5 109,96 681,623 952,653 983,689 423,773 325,819 328,819 9,68 381,191 369,378 681,623 952,653 983,689 821,713 423,773 877,949 281,1009 9,68 381,191 369,378 681,623 952,653 983,689 821,713 423,773 761,897 877,949 281,1009
AAN6 309,429 369,377 953,653 361,136 385,195 425,777 759,893 761,897
AAO0 576,9 548,12 585,16 343,17 433,17 245,46 557,49 188,66 632,81 688,81 858,83 467,87 510,98 752,98 620,109 132,110 507,112 272,130 245,164 1014,190 710,193 819,194 394,195 74,201 894,201 240,243 962,246 265,248 379,256 266,257 859,293 311,296 506,297 626,311 197,316 806,319 132,321 367,321 389,323 597,335 818,351 355,358 509,367 637,388 44,411 588,411 639,416 724,416 743,418 572,446 181,453 37,455 266,507 107,512 881,530 204,534 932,534 552,553 783,559 545,577 759,583 1005,583 795,602 303,617 554,620 524,634 147,654 652,657 262,660 436,670 788,674 948,675 280,688 644,688 421,692 874,692 968,693 676,697 744,697 340,704 474,710 697,710 167,719 997,734 912,736 609,750 501,762 560,771 913,801 793,817 681,819 929,835 305,838 32,847 828,847 992,847 570,865 332,881 887,881 820,882 661,886 284,900 421,906 529,907 235,926 846,932 918,943 271,953 859,956 930,974 658,976 944,982 259,990 64,1001 727,1008 491,1011 973,25 15,207 472,237 121,1002 501,318 611,121 241,536 434,327 821,20 529,554 694,678 814,684 745,320 385,452 307,514 415,28 854,422 402,376 625,478 452,521 509,932 654,378 17,440 615,70 690,347 820,494 89,519 994,67 453,149 674,253 406,582 608,911 672,841 399,662 940,877 698,976 918,9 783,457 382,678 442,89 744,529 650,935 209,422 764,694 676,218 691,473 246,996 761,391 915,426 531,434 984,724 572,217 266,721 650,904 465,271 703,600 36,368 728,371 223,896 679,363 555,705 35,327 416,431 132,707 459,775 930,808 106,829 942,324 274,524 424,175 259,531 328,893 902,20 656,110 492,748 928,963 467,329 953,334 947,399 459,414 791,955 217,69 535,708 45,88 770,809 208,189 616,680 187,537 906,391 967,713 598,867 750,428 288,313 474,462 336,851 886,119 277,654 636,849 689,194 895,664 176,875 261,197 819,241 289,298 560,419 799,618 83,975 995,53 631,790 570,417 60,468 772,966 517,20 459,385 803,95 859,237 934,268 393,747 827,156 44,1014 429,416 76,684 896,282 540,67 212,850 434,264 818,222 54,194 306,862 920,580 877,362
AAO1 549,14 819,196 963,248 434,20 422,908 266,250 598,337 790,675 681,821 829,849 554,554 820,884 189,68 169,721 437,672 945,984 246,165 422,693 992,849 511,99 1006,585 241,244 659,977 969,694 653,659 281,689 390,324 525,635 796,604 476,711 998,735 530,909 725,417 784,560 555,621 915,802 793,818 285,901 38,456 108,513 570,866 246,47 690,82 273,131 817,353 677,697 557,50 313,297 356,359 235,928 632,82 637,390 588,412 645,688 272,953 727,1009 676,218 380,256 147,655 859,83 620,110 895,202 367,321 570,448 452,521 759,583 874,692 912,736 332,881 259,992 343,18 414,28 507,111 627,312 806,321 467,329 509,367 45,412 181,454 882,530 187,537 263,660 747,703 340,704 502,763 930,836 32,848 918,944 616,70 45,88 132,110 1015,190 710,192 934,269 859,294 506,298 953,334 654,377 639,415 209,421 854,422 784,457 691,473 267,508 204,535 933,535 240,536 302,617 948,674 814,686 697,710 967,713 609,752 661,886 771,966 931,973 583,15 996,53 994,67 217,69 466,88 752,98 826,156 424,176 394,195 74,201 859,237 673,253 132,321 36,367 728,371 402,375 570,418 750,428 530,433 385,453 545,576 76,684 555,705 459,776 632,789 305,839 224,895 510,933 848,934 860,954 491,1010 517,20 821,20 902,20 975,24 449,86 441,90 610,122 454,149 208,189 54,194 261,197 15,206 573,218 817,223 471,236 821,242 463,271 896,283 289,297 289,312 501,316 746,319 942,323 34,326 690,348 761,390 457,413 430,415 744,417 560,418 915,425 416,432 16,440 474,462 625,478 820,495 308,514 89,519 274,525 543,554 704,599 799,617 277,653 399,662 894,664 382,678 693,678 535,707 393,747 493,748 559,771 769,808 674,841 336,851 598,868 328,893 649,904 609,911 650,935 790,954 927,963 697,977 63,1001 121,1001 44,1015 918,9 802,94 657,108 886,118 689,193 433,263 198,317 432,327 876,361 677,363 459,385 907,390 946,398 466,409 744,529 258,531 528,553 920,580 406,581 615,680 763,693 132,705 266,722 983,723 930,807 105,828 213,849 636,850 176,875 939,876 886,881 83,974 247,994 540,66 60,466 306,861
AAO2 819,197 267,250 599,336 553,555 789,675 829,849 821,884 423,908 550,14 434,19 189,68 829,197 963,249 267,250 599,336 553,555 789,675 169,721 681,821 829,849 993,849 821,884 423,908 550,14 434,19 189,68 963,249 599,336 789,675 169,721 681,821 829,849 423,908
AAO3 993,63 267,250 185,335 599,336 473,487 339,589 9,683 619,817 423,908 523,945 985,951 479,993 881,1011 549,15 434,19 189,68 821,197 829,197 963,249 599,336 789,675 169,721 423,908 921,9 549,15 434,19 169,25 821,197 963,249 599,336 137,593 789,675 169,721 423,908
AAO4 267,250 599,336 553,555 829,849 821,884 423,908 549,15 433,19 189,68 821,197 829,197 963,249 267,250 599,336 784,559 789,675 169,721 681,821 829,849 993,849 821,884 423,908 945,985 549,15 433,19 169,25 189,68 821,197 963,249 267,250 599,336 789,675 169,721 681,821 829,849 993,849 423,908 945,985
AAO5 267,250 599,336 553,555 829,849 821,884 423,908 549,15 433,19 189,68 821,197 829,197 963,249 267,250 599,336 784,559 789,675 169,721 681,821 829,849 993,849 821,884 423,908 945,985 549,15 433,19 169,25 189,68 821,197 963,249 267,250 599,336 789,675 169,721 681,821 829,849 993,849 423,908 945,985
AAO6 529,639 553,17 553,17 73,105 961,247 967,253 601,337 793,681 425,913
AAP0 913,18 646,27 422,30 380,66 95,81 664,83 829,94 77,132 751,143 517,149 733,149 108,175 127,177 785,199 674,200 613,220 988,241 732,257 538,260 26,272 254,282 690,289 708,293 673,308 730,362 890,362 146,386 157,392 182,395 137,396 145,398 158,402 127,404 167,412 585,421 247,431 593,436 846,439 558,445 539,448 131,451 382,454 764,456 652,462 293,472 595,478 968,483 641,487 569,492 524,495 921,498 500,504 236,510 508,511 571,512 708,516 585,519 557,520 391,524 726,524 500,529 623,529 571,531 775,536 867,539 385,549 920,549 368,551 766,557 368,562 585,571 479,572 620,582 148,591 850,592 198,596 381,607 409,614 813,614 109,622 367,624 367,634 721,647 272,653 958,657 759,661 214,671 713,685 925,691 585,719 430,730 658,732 739,752 909,767 118,786 755,792 750,814 656,828 32,830 553,847 606,861 494,929 763,929 823,930 208,931 897,951 757,960 601,970 805,983 758,1007 182,1012 811,277 463,853 432,875 783,955 569,884 383,373 698,420 407,563 262,829 603,491 999,160 785,242 226,792 371,306 628,47 850,942 173,954 85,330 478,665 387,1006 498,360 1013,922 328,890 587,535 567,684 468,547 439,404 229,446 781,913 553,335 407,573 660,938 355,14 842,567 395,701 221,382 321,531 231,321 767,364 777,431 741,698 972,247 702,108 462,432 180,410 101,257 840,916 265,191 122,13 567,852 594,424 662,658 928,673 326,199 93,387 195,473 456,511 135,189 677,945 581,947 960,244 791,931 292,1013 533,585 401,758 662,306 593,356 353,754 369,38 479,209 693,346 407,354 80,760 106,834 103,40 490,633 316,638 348,166 528,419 994,81 162,783 894,900 581,756 615,835 438,854 594,213 885,344 425,767 205,286 736,420 557,494 699,280 997,515 144,924 300,779 705,325 724,337 378,965 204,163 727,423 235,389
AAP1 586,573 183,1014 158,404 922,499 572,514 146,388 480,573 144,399 539,262 540,449 968,485 760,662 733,151 169,413 382,67 158,393 500,505 430,732 708,518 368,625 501,531 868,540 602,971 617,586 759,1008 77,133 295,473 851,593 713,685 659,732 756,792 751,815 647,28 95,83 690,290 765,457 596,478 569,494 558,521 572,532 378,609 553,849 674,200 709,294 890,362 383,455 368,552 925,692 585,720 740,754 751,144 108,177 613,220 652,463 624,531 316,638 722,647 959,657 757,960 423,30 516,150 731,362 181,396 558,445 602,491 390,525 775,536 385,550 767,557 533,585 149,593 813,616 119,786 657,829 1013,921 494,930 763,931 913,18 829,94 1000,160 127,176 265,190 732,258 28,273 811,277 371,306 662,306 673,309 231,321 585,421 846,439 131,451 586,523 920,550 369,562 197,597 110,622 272,654 213,673 910,768 225,793 615,835 433,875 823,929 121,13 103,39 627,48 786,200 479,207 990,241 961,244 972,247 100,256 254,283 724,337 693,346 383,373 128,405 529,418 698,419 461,432 593,436 642,488 237,509 727,526 587,535 406,563 477,664 741,699 31,830 462,853 606,861 327,890 782,913 144,924 208,931 173,953 378,965 292,1012 355,13 369,38 994,81 664,82 702,109 203,163 349,166 134,190 325,200 784,241 204,286 263,292 85,331 593,355 497,360 92,387 439,405 179,410 594,424 247,430 778,430 523,495 455,512 320,531 468,547 408,614 489,633 663,658 394,700 580,757 402,758 261,828 107,834 439,853 661,937 849,940 675,945 581,948 898,950 781,954 806,983 387,1006 594,212 699,279 706,325 552,336 886,344 406,354 766,362 728,422 229,444 194,471 557,494 997,514 843,566 406,572 927,672 566,684 354,753 81,760 300,779 161,783 568,850 568,884 895,900 840,915 792,929 221,381 234,389 737,419 424,765
AAP2 159,405 159,405 586,574 185,1015 159,405 586,574 185,1015
AAP3 622,73 159,405 59,445 585,575 695,624 727,689 645,711 552,729 669,803 899,841 801,931 585,575 169,417 585,575 169,585 552,729
AAP4 159,405 159,405 169,417 585,575 169,585 185,1015 159,405 169,417 617,441 585,575 169,585 185,1015
AAP5 159,405 159,405 169,417 585,575 169,585 185,1015 159,405 169,417 617,441 585,575 169,585 185,1015
AAP6 1017,9 589,577 161,409 585,573 589,577
AAQ0 751,16 611,19 379,21 70,47 827,55 47,75 529,77 229,79 77,81 517,97 237,107 399,121 443,124 519,135 71,140 591,148 109,168 603,177 118,185 537,196 863,210 52,217 200,221 842,225 153,237 93,255 735,257 631,262 948,271 923,277 753,283 269,296 489,303 87,317 341,317 985,317 721,323 549,325 527,337 17,339 544,347 475,360 295,361 222,363 243,365 791,371 433,376 930,393 225,401 807,405 190,423 842,425 937,427 356,459 260,463 1005,490 773,498 685,505 320,519 32,543 291,557 937,561 983,566 953,584 424,597 149,598 97,617 543,621 363,623 9,629 882,635 41,641 953,655 959,665 105,668 667,668 361,681 54,683 292,687 119,711 423,721 611,721 868,723 997,726 835,742 793,754 146,759 255,760 304,765 729,781 261,783 913,786 123,805 962,807 913,811 503,824 168,843 248,849 943,849 85,855 377,857 355,863 591,872 369,873 427,879 460,879 26,880 89,885 539,887 447,907 845,907 364,913 310,917 169,923 887,926 79,931 495,943 911,964 77,965 62,969 67,976 452,981 410,999 158,1003 722,1011 96,1019 589,8 503,11 751,16 611,19 379,21 13,31 70,47 260,53 827,55 228,59 156,69 646,72 47,75 517,75 529,77 229,79 323,80 77,81 585,81 856,83 165,93 317,95 208,97 517,97 99,103 237,107 181,110 379,113 391,117 942,117 399,121 443,124 378,130 519,135 397,137 71,140 458,141 169,145 591,148 193,161 521,161 109,168 603,177 775,178 118,185 857,189 537,196 116,197 663,203 863,210 692,212 130,214 52,217 161,217 200,221 395,221 842,225 153,237 993,248 50,249 103,249 505,254 93,255 515,257 735,257 631,262 613,265 948,271 923,277 767,279 367,280 417,281 753,283 455,284 269,296 540,296 715,296 489,303 299,304 315,308 937,309 522,314 229,316 87,317 341,317 985,317 45,319 721,323 549,325 177,329 328,332 527,337 17,339 544,347 688,351 501,355 475,360 295,361 222,363 243,365 791,371 495,375 433,376 149,393 930,393 85,394 225,401 807,405 617,413 460,416 190,423 842,425 937,427 625,433 737,433 243,439 356,459 659,459 260,463 356,489 1005,490 925,492 773,498 353,499 715,501 685,505 55,506 329,511 347,512 320,519 985,523 512,533 727,537 849,537 860,537 988,543 32,543 687,545 999,545 200,547 291,557 920,559 904,565 983,566 911,574 914,577 929,576 953,584 875,589 943,593 424,597 149,598 536,605 914,611 667,613 97,617 927,619 543,621 363,623 979,628 9,629 180,632 317,633 882,635 736,638 41,641 808,643 366,645 788,645 526,649 647,651 225,653 953,655 34,661 739,661 885,661 968,663 87,665 959,665 105,668 667,668 15,678 361,681 54,683 256,683 292,687 659,705 270,710 119,711 155,719 423,721 611,721 868,723 791,725 997,726 355,729 299,733 841,735 337,737 835,742 793,754 218,755 146,759 255,760 304,765 295,779 348,779 729,781 261,783 913,786 565,788 869,791 397,795 603,801 123,805 962,807 837,808 96,809 356,809 890,809 951,809 913,811 264,815 205,817 380,821 503,824 157,826 109,830 175,829 177,835 945,836 927,841 168,843 268,845 207,849 248,849 943,849 176,852 85,855 94,857 113,859 377,857 279,861 355,863 9,864 250,865 732,870 591,872 369,873 427,879 460,879 26,880 745,883 89,885 925,885 539,887 487,889 125,891 278,900 447,907 845,907 1010,909 225,912 364,913 519,913 310,917 175,920 169,923 887,926 106,929 79,931 97,941 495,943 89,961 329,961 911,964 77,965 322,967 62,969 67,976 452,981 985,983 41,984 971,998 410,999 637,1000 158,1003 27,1005 733,1008 361,1011 722,1011 426,1013 589,8 503,11 751,16 611,19 379,21 13,31 70,47 260,53 827,55 228,59 156,69 646,72 47,75 517,75 529,77 229,79 323,80 77,81 585,81 856,83 165,93 317,95 208,97 517,97 99,103 237,107 181,110 379,113 391,117 942,117 443,124 378,130 519,135 397,137 71,140 169,145 591,148 193,161 521,161 109,168 603,177 775,178 118,185 857,189 537,196 116,197 663,203 863,210 692,212 130,214 52,217 161,217 200,221 395,221 842,225 153,237 993,248 50,249 103,249 505,254 93,255 515,257 735,257 631,262 613,265 948,271 923,277 767,279 367,280 417,281 753,283 455,284 269,296 540,296 715,296 489,303 299,304 315,308 937,309 522,314 229,316 87,317 341,317 985,317 45,319 721,323 549,325 177,329 328,332 527,337 17,339 544,347 688,351 501,355 475,360 295,361 222,363 243,365 791,371 495,375 433,376 149,393 930,393 85,394 225,401 807,405 617,413 460,416 190,423 842,425 937,427 625,433 737,433 243,439 356,459 659,459 260,463 979,473 161,489 164,489 356,489 1005,490 925,492 773,498 353,499 715,501 685,505 55,506 329,511 347,512 320,519 985,523 884,529 512,533 727,537 849,537 860,537 988,543 32,543 687,545 999,545 200,547 291,557 920,559 904,565 983,566 911,574 929,576 953,584 875,589 943,593 424,597 149,598 536,605 914,611 667,613 993,615 97,617 927,619 543,621 363,623 979,628 9,629 180,632 317,633 882,635 736,638 41,641 808,643 366,645 788,645 526,649 647,651 225,653 953,655 34,661 739,661 885,661 968,663 87,665 959,665 105,668 667,668 15,678 361,681 54,683 256,683 292,687 659,705 270,710 119,711 155,719 423,721 611,721 868,723 791,725 997,726 355,729 299,733 841,735 337,737 835,742 793,754 218,755 146,759 255,760 304,765 635,765 295,779 348,779 729,781 261,783 913,786 565,788 869,791 397,795 603,801 123,805 962,807 837,808 96,809 356,809 890,809 951,809 913,811 264,815 205,817 380,821 503,824 157,826 109,830 177,835 945,836 927,841 168,843 268,845 207,849 248,849 943,849 176,852 85,855 94,857 113,859 377,857 279,861 355,863 9,864 250,865 732,870 591,872 369,873 427,879 460,879 26,880 745,883 89,885 531,885 925,885 539,887 487,889 125,891 278,900 447,907 845,907 1010,909 225,912 364,913 519,913 310,917 169,923 887,926 106,929 79,931 97,941 495,943 89,961 329,961 911,964 77,965 322,967 62,969 67,976 78,977 79,981 452,981 985,983 41,984 971,998 410,999 637,1000 158,1003 27,1005 733,1008 361,1011 722,1011 426,1013
AAQ1 162,489 883,529 366,644 156,825 11,30 109,829 203,815 78,976 521,160 929,575 634,765 352,499 979,473 224,910 604,801 112,858 531,885 984,982 149,393 998,544 992,615 789,724 487,890 160,217 687,545 943,591 88,961 27,1004 329,510 850,536 318,633 659,705 927,841 98,942 322,79 201,221 516,258 984,523 225,653 391,117 767,278 936,309 347,513 299,733 337,736 589,8 659,457 927,619 807,644 156,718 396,795 207,848 279,859 300,304 550,323 806,403 727,537 939,561 647,650 870,790 504,9 318,94 194,161 663,202 102,249 418,282 502,355 294,360 617,413 625,432 918,559 979,629 86,665 293,779 945,835 250,864 361,1012 228,59 378,130 602,175 842,225 504,254 735,257 948,270 540,296 329,332 544,347 987,543 199,548 873,588 148,598 736,639 788,645 526,650 885,661 14,678 270,710 834,742 792,753 348,779 122,804 177,836 70,47 645,72 585,81 858,189 614,266 456,285 489,303 45,320 689,352 475,359 356,459 913,577 536,604 666,613 40,641 953,656 105,668 53,682 729,780 951,809 176,851 94,858 926,885 971,998 637,999 827,54 208,98 379,112 941,117 70,140 169,144 775,177 116,197 93,254 716,296 316,308 341,316 495,375 190,423 737,433 261,463 1005,490 716,501 56,506 512,533 31,543 903,564 423,597 739,660 35,661 969,663 255,683 610,720 997,727 355,729 147,758 912,785 943,848 377,857 10,863 446,906 1011,909 363,912 79,931 494,943 322,967 722,1011 750,16 611,19 260,53 156,69 516,75 47,76 229,79 166,94 517,96 237,106 442,124 519,134 397,138 108,168 537,197 863,210 691,212 52,216 395,222 993,247 631,262 922,277 367,280 753,283 522,314 176,329 527,337 243,365 790,372 432,375 931,393 84,394 225,402 841,425 244,440 925,492 684,503 861,536 292,558 914,610 363,622 180,632 959,666 667,668 290,686 119,711 423,720 867,723 218,756 303,765 962,806 263,816 379,820 504,823 84,855 731,870 591,873 370,874 26,880 745,883 89,885 278,901 844,907 520,913 311,917 169,922 104,929 909,963 62,968 67,976 451,982 40,984 409,998 734,1007 378,21 75,80 857,82 98,104 182,109 590,147 119,183 130,213 153,235 49,249 229,315 984,316 721,322 18,337 223,361 459,415 936,427 772,498 981,565 953,585 98,616 543,619 10,628 882,634 360,680 254,760 261,784 564,788 355,808 838,809 891,809 914,812 267,844 354,862 427,877 460,879 124,892 888,924 78,964 159,1001 426,1012 529,74 457,139 269,294 85,315 95,808 247,848
AAQ2 159,389 979,473 353,499 366,644 635,765 203,815 109,830 78,977 11,30 521,160 163,489 884,530 366,644 156,825 109,830 225,911 78,977 11,30 521,160 163,489 884,530 366,644 156,825 109,830 78,977
AAQ3 11,30 176,33 669,127 455,185 265,263 159,389 1020,413 423,453 405,475 577,479 885,531 811,641 353,744 891,797 205,815 78,977 11,30 945,169 163,489 885,531 57,617 366,645 205,815 156,825 109,830 78,977 11,30 945,169 953,225 163,489 885,531 57,617 366,645 205,815 156,825 109,830 78,977
AAQ4 159,389 353,499 885,531 635,765 205,815 109,830 78,977 11,30 521,160 163,489 885,531 366,645 205,815 157,825 109,830 225,911 78,977 11,30 521,160 163,489 885,531 929,577 366,645 205,815 157,825 109,830 225,911 78,977
AAQ5 159,389 353,499 885,531 635,765 205,815 109,830 78,977 11,30 521,160 163,489 885,531 366,645 205,815 157,825 109,830 225,911 78,977 11,30 521,160 163,489 885,531 929,577 366,645 205,815 157,825 109,830 225,911 78,977
AAQ6 165,491 887,533 153,823 111,833 165,491 887,533 153,823 111,833
AAR0 649,8 691,20 453,21 653,22 665,33 415,38 173,42 210,44 447,44 408,49 336,61 265,73 520,73 823,77 199,79 749,83 533,86 428,111 462,112 928,120 538,128 399,129 283,144 295,154 644,154 440,162 287,163 503,165 79,181 541,181 972,227 10,242 635,247 195,285 386,287 141,293 386,297 398,297 448,307 562,331 918,344 568,349 154,355 349,356 453,371 932,371 513,374 425,375 44,380 166,382 71,386 790,397 37,407 632,411 558,412 131,414 591,415 140,417 526,419 439,424 391,440 653,440 103,444 252,449 746,456 572,458 626,462 352,469 389,472 287,475 422,476 736,476 955,478 391,480 393,494 485,501 350,507 845,513 440,526 445,539 374,542 724,546 877,546 999,552 543,555 522,562 292,565 312,565 582,565 445,583 293,592 373,592 340,602 822,604 273,613 31,638 926,638 962,638 298,650 614,658 438,674 763,674 112,691 141,699 537,702 973,710 766,719 991,735 326,740 817,740 310,742 721,765 768,767 826,771 321,782 590,784 699,803 681,809 190,816 534,829 364,837 194,838 822,838 35,839 209,847 586,854 438,862 282,876 89,894 143,898 328,921 675,924 883,929 397,936 309,940 806,945 59,947 320,950 703,959 262,980 512,997 404,1008 432,297 635,638 549,794 588,724 569,529 626,861 264,108 564,979 319,853 20,232 446,492 382,218 640,165 866,283 744,998 1001,81 559,18 33,805 8,836 127,230 673,519 512,121 383,514 130,389 545,494 661,629 430,613 432,459 229,892 592,993 586,1006 260,175 946,220 222,477 54,622 48,959 821,994 524,601 969,434 421,73 215,659 64,551 735,602 642,808 24,897 717,137 374,656 511,704 169,665 476,828 84,1007 552,117 13,109 641,122 860,863 197,129 440,220 903,395 377,466 253,734 634,543 356,558 267,604 986,609 505,575 747,169 325,360 838,548 817,797 236,249 206,698 634,52 395,145 966,297 341,683 1012,871 785,1004 172,243 557,695 345,9 344,371 126,992 669,14 452,748 395,37 40,175 273,462 343,171 204,367 286,380 599,564 241,629 692,95 358,346 230,572 361,728 219,302 263,499 235,529 9,530 810,105 39,145 339,250 434,573 232,386 586,511 998,795 858,514 172,535 806,827 270,510 149,771 76,16 435,42 401,65 425,285 713,43 850,89 20,265 672,446 842,806 842,49 612,237 608,439 63,14 27,187 712,800 412,472 723,582 158,707 367,465 499,961 334,348 413,349 775,189 507,257 959,360 512,544 340,665 53,129 988,432 381,582 317,670 742,210 140,429 903,456 366,105 83,832 9,927 896,228 482,587 712,210 537,447 438,152 905,270 338,504 345,96 847,181 996,423 666,663 556,373 422,22 330,122 210,524
AAR1 281,878 254,451 90,896 351,509 425,377 283,146 791,399 656,441 342,603 287,477 392,481 807,946 448,45 563,333 877,548 191,817 155,356 405,1010 273,614 112,692 441,528 823,604 992,736 141,294 568,350 514,375 209,848 391,441 737,478 681,810 439,863 296,156 398,297 746,457 393,495 544,556 445,585 141,700 538,703 311,742 365,838 650,8 654,23 440,162 287,164 522,562 763,674 822,838 58,948 411,55 200,80 539,128 504,165 972,228 636,248 449,307 557,412 583,566 722,765 36,839 143,897 398,938 262,981 453,22 415,38 749,84 535,86 396,145 640,165 195,286 386,298 918,344 358,346 632,412 131,414 845,513 293,592 926,638 298,650 973,711 327,740 773,769 592,785 549,794 699,804 690,21 665,34 210,44 520,75 823,78 929,121 399,129 645,153 259,176 541,181 10,242 171,249 866,282 387,288 350,356 932,372 71,386 37,406 140,417 573,458 956,478 999,553 313,566 229,572 55,622 963,639 374,656 321,782 534,828 319,853 860,864 229,892 883,929 308,940 47,958 744,999 559,18 634,52 336,61 266,72 264,107 469,109 642,121 79,181 382,218 20,231 454,371 44,380 167,381 903,395 590,416 526,419 439,424 989,432 968,434 432,460 626,463 352,469 423,476 221,477 485,501 858,515 9,531 445,540 374,543 724,546 839,547 524,601 661,629 635,638 614,657 170,666 437,674 205,699 512,704 817,796 477,827 8,836 586,855 625,862 329,921 320,950 821,994 512,997 786,1004 344,9 76,16 395,37 713,42 422,73 1001,79 811,104 12,109 427,111 552,117 53,128 196,128 343,170 27,186 712,210 743,211 948,220 895,228 237,249 508,257 432,296 967,296 220,302 344,371 286,380 130,389 609,438 537,447 903,457 413,471 446,492 545,496 261,500 339,504 585,512 383,513 672,519 235,529 571,529 635,543 63,552 357,559 293,565 434,573 506,575 380,583 723,583 373,592 735,603 30,638 589,724 361,728 253,733 827,771 998,795 33,804 641,808 83,832 193,837 1012,872 10,927 702,960 563,979 126,991 592,993 86,1006 62,13 668,14 173,41 843,48 402,65 850,88 692,95 365,105 329,120 511,120 718,136 38,144 745,168 40,175 847,181 438,219 127,229 338,249 21,264 904,270 426,284 334,347 412,349 959,360 205,366 554,374 231,385 139,429 102,443 672,446 273,461 376,465 210,524 171,536 599,563 482,588 266,604 430,604 985,610 428,613 241,628 216,658 665,662 339,665 340,683 556,695 157,707 766,718 817,740 452,747 148,771 711,801 841,805 24,896 675,922 498,961 585,1006 422,21 345,95 776,188 610,236 324,359 367,464 512,542 317,669 806,825
AAR2 283,146 425,377 254,451 351,509 90,897 283,146 425,377 791,399 254,451 351,509 281,881 90,897 425,377 791,399 656,441 254,451 351,509 281,881 90,897
AAR3 193,24 619,321 793,399 241,427 351,509 123,581 243,697 647,1005 425,377 793,399 253,452 351,509 283,881 90,897 585,289 425,377 793,399 657,441 253,452 351,509 283,881 90,897 689,921
AAR4 283,147 425,377 793,399 351,509 90,897 425,377 793,399 657,441 253,451 351,509 281,881 90,897 425,377 793,399 657,441 253,451 351,509 281,881 90,897
AAR5 283,147 425,377 793,399 351,509 90,897 425,377 793,399 657,441 253,451 351,509 281,881 90,897 425,377 793,399 657,441 253,451 351,509 281,881 90,897
AAR6 319,193 97,905 89,897 353,513 279,877 89,897
AAS0 1012,13 568,20 625,21 179,25 134,29 1012,29 989,43 466,61 912,65 865,77 242,80 710,80 484,97 786,99 744,112 948,152 979,155 681,158 621,176 448,193 575,207 683,208 721,223 702,224 680,230 65,243 413,245 1009,250 131,269 376,278 443,298 796,326 750,336 625,343 427,372 869,373 192,384 398,386 899,395 1011,402 113,408 786,408 844,420 987,435 139,437 249,441 309,465 558,467 18,468 871,469 114,473 975,485 553,486 753,490 607,501 890,501 405,510 110,513 625,537 556,550 664,566 666,583 565,594 815,603 387,615 41,616 256,620 728,623 497,630 568,657 885,679 349,693 833,719 733,722 132,733 334,739 362,739 982,753 152,755 99,757 300,768 378,770 842,770 908,770 587,780 658,798 915,799 593,817 834,822 579,825 143,827 679,837 797,840 519,841 266,852 363,853 708,855 53,861 77,862 678,870 837,871 43,877 401,877 484,903 977,915 490,923 871,923 865,931 731,938 225,940 683,943 760,949 51,960 596,971 855,979 187,1000 671,164 956,779 274,688 789,26 690,472 996,826 783,376 481,625 944,906 795,670 553,45 946,326 550,121 750,538 411,134 997,467 732,709 374,905 579,289 477,395 553,417 596,366 389,358 761,127 854,449 938,263 319,330 745,223 543,702 549,712 541,458 484,639 251,153 471,630 504,268 548,307 299,698 184,43 501,376 191,509 31,879 557,203 886,282 690,590 521,623 460,489 853,568 939,668 110,121 488,309 552,634 580,155 560,256 319,837 501,800 780,829 852,159 669,241 315,382 73,647 876,665 164,691 11,756 318,873 780,297 231,360 481,756 186,320 733,592 116,464 508,859 1011,238 271,932 828,292 470,438 198,896 12,319 589,510 841,802 58,807 575,840 603,344 990,368 323,226 572,414 773,750 555,679 395,396 599,457 680,626 307,840 631,961 827,109 229,632 837,46 642,639 427,567 598,573 384,967 375,147 509,418 567,501 990,207 617,799 218,869 255,590 176,474 320,795 704,213 440,487 1007,837 635,357 47,551 445,757 222,954 215,146 200,795 574,727 145,363 577,1015 827,264 351,635 148,165
AAS1 180,27 555,488 754,492 520,844 449,195 625,540 559,469 225,942 364,855 987,437 363,741 242,82 575,209 666,568 588,782 565,596 140,438 751,337 909,771 54,863 115,474 721,227 1012,30 468,62 484,98 388,616 310,466 797,841 51,961 871,470 133,734 865,78 787,410 607,502 666,584 256,621 300,769 658,799 187,1001 913,67 786,100 977,486 111,514 556,549 41,617 727,624 886,680 334,740 914,801 708,856 625,22 134,30 682,208 443,299 796,326 192,384 593,817 265,853 684,943 597,972 1012,14 703,224 1012,403 114,409 248,441 815,604 796,670 151,756 842,770 142,828 485,902 866,931 731,937 760,949 568,21 788,26 553,45 711,81 745,112 411,135 978,156 680,230 1011,238 377,278 899,394 845,420 996,467 18,468 481,625 494,633 552,635 568,657 300,699 548,711 833,720 982,754 834,822 678,836 78,862 677,871 44,877 373,906 491,922 837,45 761,127 581,154 680,159 745,223 413,244 1009,250 560,256 504,269 131,270 580,289 625,342 389,358 595,367 869,372 783,376 477,396 510,419 590,510 751,538 493,623 228,631 349,693 543,702 10,756 955,778 59,807 579,825 943,906 977,915 854,980 989,43 550,120 110,122 375,147 251,153 947,153 852,159 671,163 147,164 620,175 704,214 322,226 669,241 66,243 939,262 885,283 829,291 780,297 547,305 489,309 12,319 185,320 945,326 318,330 145,362 231,362 427,372 316,381 398,386 572,415 470,439 599,457 542,459 116,464 689,472 177,473 459,489 890,500 191,508 47,551 427,567 690,590 521,624 471,629 74,647 273,687 163,691 732,709 734,721 575,728 99,756 445,757 482,757 99,766 380,769 320,796 616,798 997,827 1006,836 574,838 308,840 507,860 218,870 838,870 401,878 31,879 197,896 271,931 267,940 223,955 384,967 184,42 828,109 556,202 990,206 634,356 990,367 501,375 395,396 554,417 853,448 440,487 567,500 405,509 853,567 599,573 256,588 732,592 682,626 351,635 640,638 483,639 876,664 939,668 554,678 773,749 201,795 500,800 841,801 779,829 319,837 8,852 318,873 630,960 577,1015 214,145 826,264 602,343
AAS2 180,27 533,127 575,209 987,437 555,488 565,597 363,741 225,943 180,27 449,195 575,209 987,437 559,469 555,488 754,493 625,540 565,597 363,741 520,843 364,855 225,943 180,27 449,195 575,209 559,469 555,488 754,493 625,540 665,567 520,843 364,855 225,943
AAS3 599,25 360,73 533,127 217,147 69,155 241,363 987,437 555,489 399,513 625,541 499,581 699,617 363,741 372,743 231,821 225,943 181,27 449,195 555,489 754,493 625,541 520,843 225,943 181,27 710,160 449,195 577,209 744,241 555,489 754,493 625,541 289,665 520,843 369,857
AAS4 533,127 987,437 555,489 565,597 363,741 365,855 225,943 181,27 449,195 987,437 559,469 555,489 754,493 625,540 565,597 363,741 520,843 365,855 225,943 181,27 873,169 449,195 575,209 753,337 559,469 555,489 754,493 625,540 665,569 41,817 520,843 365,855 225,943
AAS5 533,127 987,437 555,489 565,597 363,741 365,855 225,943 181,27 449,195 987,437 559,469 555,489 754,493 625,540 565,597 363,741 520,843 365,855 225,943 181,27 873,169 449,195 575,209 753,337 559,469 555,489 754,493 625,540 665,569 41,817 520,843 365,855 225,943
AAS6 53,335 559,493 709,527 553,489 517,841 181,27 457,201 551,484 553,489 517,841
AAT0 210,35 723,42 921,52 180,71 467,75 896,76 591,92 278,101 356,102 202,112 768,112 367,124 675,126 774,126 37,146 759,146 313,158 699,191 527,192 211,208 660,219 792,248 73,251 422,253 762,256 596,266 42,269 370,271 26,272 521,275 988,279 563,292 939,294 142,299 62,311 948,311 854,322 291,343 522,355 516,364 320,370 474,392 542,399 583,400 566,407 14,412 548,421 443,437 90,441 915,458 689,466 321,470 774,482 652,491 810,492 905,497 697,517 999,525 307,530 769,535 539,543 711,545 914,547 353,568 813,570 284,574 842,593 713,632 365,643 53,653 1013,659 343,667 522,683 580,697 526,702 812,716 611,724 659,736 148,741 667,752 907,760 551,762 739,767 221,774 287,774 394,781 82,793 575,801 118,810 874,818 1012,829 965,838 105,855 602,859 782,859 525,860 902,864 982,864 11,887 416,887 115,895 915,916 293,943 888,948 741,961 937,963 668,970 409,977 775,990 811,997 991,1000 687,1004 987,1010 972,442 508,862 953,44 727,679 947,83 826,413 820,786 888,60 334,1002 476,511 573,200 365,299 584,299 265,430 775,847 605,919 464,156 389,368 399,519 345,138 420,646 927,523 454,538 322,21 147,176 604,391 114,347 596,912 202,244 905,292 789,558 249,644 691,749 520,576 646,640 47,191 913,223 429,388 400,67 499,639 795,358 447,487 952,731 425,440 503,681 363,1002 755,395 124,504 578,843 546,845 424,229 324,644 893,751 558,988 23,428 191,861 189,172 959,443 393,155 399,562 867,945 541,434 180,213 664,446 971,9 528,166 953,538 435,619 731,736 834,668 176,704 126,124 428,688 438,740 681,15 706,424 665,814 101,123 678,296 518,553 120,683 567,712 599,885 914,895 425,94 324,100 830,870 436,827 53,107 139,160 882,435 271,965 216,546 264,693 280,914 872,87 312,519 164,832 851,311 877,333 343,677 543,712 523,1003 624,200 458,656 419,745 227,309 556,658 599,768 821,290 515,629 703,977 236,454 637,260 87,511 95,739 696,787 635,925 553,553 389,921 68,956 694,400 30,552
AAT1 14,414 527,705 713,635 322,472 611,726 523,685 91,443 669,972 906,499 444,439 577,802 118,812 356,104 659,738 653,493 1013,661 585,404 38,147 965,840 181,73 775,126 107,856 313,160 25,274 939,295 292,345 581,698 907,762 921,53 202,113 320,371 294,943 699,191 979,870 591,94 368,125 813,571 417,889 888,950 724,43 466,77 675,127 63,313 712,546 354,568 148,742 667,753 739,768 288,775 83,794 116,895 210,35 527,192 75,252 987,280 999,525 915,547 53,653 727,679 813,716 526,860 903,864 811,998 887,61 896,78 769,113 423,253 762,257 597,266 948,312 515,364 543,400 691,467 810,493 307,530 284,575 841,594 691,749 517,873 742,962 409,979 760,146 792,248 370,272 142,299 474,393 754,395 567,407 23,428 972,443 914,459 774,482 697,516 312,519 539,544 420,646 344,667 177,705 952,731 696,787 782,859 599,885 937,963 954,44 399,68 947,81 278,102 464,156 529,166 189,173 573,200 211,209 660,219 913,223 202,245 42,267 520,275 364,299 585,299 852,310 523,355 390,368 706,424 882,436 124,504 768,536 953,538 216,545 400,562 521,574 498,637 364,644 503,681 732,736 437,740 551,761 222,774 394,781 874,818 546,844 603,859 501,869 10,887 914,895 605,920 776,990 991,1000 687,1004 872,87 425,95 126,124 345,139 561,292 679,296 226,309 854,322 876,333 113,347 795,358 603,391 563,398 825,413 265,431 541,435 425,440 476,511 399,520 519,553 553,553 789,558 646,640 248,643 460,657 557,659 834,667 120,685 429,689 543,712 567,713 95,738 893,751 665,814 1013,828 105,844 774,847 192,860 596,912 281,913 917,916 868,946 67,956 702,978 559,987 335,1001 363,1001 987,1010 971,8 681,16 321,21 432,86 322,99 53,107 101,123 391,155 148,175 47,191 625,200 180,212 425,227 638,259 821,289 905,291 430,386 692,400 547,421 958,442 663,446 448,487 87,511 927,524 455,537 30,553 436,621 517,629 324,642 343,678 264,693 419,744 599,768 819,785 436,827 165,832 579,843 829,869 636,923 270,965 138,158 238,451 391,918 523,1001
AAT2 356,105 91,443 907,499 713,635 527,705 611,727 661,739 119,812 439,1019 356,105 15,415 322,473 713,635 524,685 527,705 611,727 119,812 669,973 15,415 322,473 713,635 524,685 527,705 611,727 119,812 669,973
AAT3 447,23 356,105 649,127 436,187 75,253 971,457 257,479 907,499 451,581 924,609 713,635 527,705 617,795 119,812 669,871 15,415 322,473 713,635 527,705 613,727 119,812 15,415 322,473 713,635 527,705 613,727 25,793
AAT4 356,105 91,443 907,499 713,635 527,705 611,727 661,739 119,812 356,105 15,415 322,473 713,635 525,685 527,705 611,727 577,802 119,812 669,973 356,105 15,415 322,473 713,635 525,685 527,705 611,727 119,812 669,973
AAT5 356,105 91,443 907,499 713,635 527,705 611,727 661,739 119,812 356,105 15,415 322,473 713,635 525,685 527,705 611,727 577,802 119,812 669,973 356,105 15,415 322,473 713,635 525,685 527,705 611,727 119,812 669,973
AAT6 560,609 715,637 217,305 560,609 529,705 217,305 17,417 321,473 529,689 529,705
AAU0 570,13 992,36 369,48 969,48 112,53 364,56 591,59 768,59 875,67 47,105 822,128 224,132 477,154 478,173 353,174 11,207 886,209 645,215 727,237 704,258 144,267 824,269 587,290 350,305 343,335 821,347 790,380 534,388 316,389 274,424 551,441 711,451 993,458 637,499 408,504 619,504 18,531 563,553 503,573 927,588 870,592 621,609 430,612 144,635 580,641 598,644 924,646 563,660 621,713 29,741 41,747 66,750 21,751 29,753 42,757 10,760 51,767 477,773 133,786 485,788 738,790 962,791 970,796 450,797 431,801 658,807 12,808 271,808 1011,814 544,815 180,827 487,831 861,833 534,840 461,846 815,848 415,849 392,859 400,866 464,866 120,867 603,869 478,874 449,875 620,878 279,881 517,883 391,885 464,886 670,889 763,891 816,901 273,907 256,909 662,911 255,921 478,928 369,930 514,939 748,946 24,955 77,959 267,969 711,969 254,986 252,998 993,1003 618,1006 859,1013 780,711 672,553 380,366 296,975 699,628 920,251 295,921 708,294 273,726 516,406 673,594 330,756 590,771 444,687 826,108 221,97 358,904 202,269 262,658 177,181 444,20 878,514 495,845 458,290 389,712 658,714 108,736 589,465 114,801 480,890 670,782 814,16 120,674 966,866 26,543 997,625 207,889 20,372 296,932 250,374 346,867 78,830 174,298 332,21 352,785 855,598 486,776 908,778 553,657 65,765 738,920 703,207 334,73 157,545 218,553 425,943 284,185 843,595 484,707 970,8 263,397 371,562 765,159 584,697 200,1002 241,520 774,694 420,771 297,707 80,51 458,215 869,440 471,322 485,565 94,639 381,995 449,848 891,866 596,676 614,688 629,771 62,312 96,518 992,778 122,743
AAU1 479,930 370,50 43,759 816,850 465,868 52,768 431,614 370,931 431,803 351,306 27,753 392,861 862,834 620,506 969,50 344,336 276,425 30,742 968,797 112,55 41,748 392,886 265,971 253,988 646,216 657,808 180,829 764,892 603,871 517,884 598,645 461,848 464,888 581,641 489,832 511,944 769,60 225,132 928,589 477,773 1012,814 450,876 25,956 478,155 925,647 280,882 47,105 824,269 551,440 994,459 564,553 622,609 623,713 817,902 255,921 619,1006 591,60 822,128 887,210 727,238 317,390 711,451 638,499 871,593 699,628 564,660 545,814 966,866 119,868 479,879 749,946 711,970 570,14 331,22 478,173 12,207 706,258 458,290 251,374 408,505 445,687 584,696 486,776 907,779 670,781 485,789 12,808 207,889 273,907 662,912 78,960 970,8 814,16 875,66 334,72 826,109 353,175 703,207 920,250 588,289 516,406 878,514 18,530 218,553 671,553 504,573 262,658 774,694 389,711 658,714 108,737 67,750 64,765 620,775 739,790 451,797 113,801 534,842 415,849 346,867 621,878 671,890 255,910 253,998 994,1002 80,50 220,97 144,267 709,294 173,298 820,348 382,366 789,380 533,387 263,398 590,465 241,520 673,595 843,595 997,625 590,630 144,635 152,645 615,689 298,706 484,707 779,711 273,725 121,743 629,771 590,772 132,784 352,785 271,808 78,829 495,845 449,849 891,866 480,890 357,904 738,919 296,920 295,933 424,943 297,976 380,995 859,1012 443,19 993,36 766,157 176,181 284,185 459,214 202,268 62,313 472,321 20,371 869,440 95,515 27,542 156,544 371,563 486,565 856,597 94,638 552,657 120,674 596,676 330,757 10,759 419,770 501,937 992,776 199,1000
AAU2 370,50 43,759 433,803 817,850 370,50 43,759 479,931 43,759 465,869 479,931
AAU3 185,15 371,49 503,199 127,439 1007,505 135,521 281,555 239,581 583,721 296,977 479,931 73,97 473,97 631,190 127,439 197,456 479,931
AAU4 370,50 43,759 433,803 370,50 43,759 479,931 89,65 89,169 201,457 43,759 465,869 479,931
AAU5 370,50 43,759 433,803 370,50 43,759 479,931 89,65 89,169 201,457 43,759 465,869 479,931
AAU6
AAV0 695,8 652,28 186,35 157,42 285,46 725,46 803,48 574,53 723,76 856,87 644,102 548,114 933,137 412,139 856,142 603,144 698,144 653,161 44,166 87,184 703,201 730,202 617,205 82,216 31,229 484,231 426,240 98,241 434,242 508,243 551,247 80,251 324,252 398,252 644,258 768,273 405,278 380,285 315,291 37,303 150,314 609,314 74,319 192,319 551,321 303,338 701,348 325,352 45,354 96,356 493,357 808,364 54,366 62,373 499,377 535,384 752,384 30,387 496,391 368,399 77,401 952,416 327,433 43,442 833,445 160,453 473,461 81,474 60,496 160,523 149,531 165,532 643,535 99,548 313,583 988,591 310,594 324,594 426,605 813,605 515,638 434,640 375,646 762,657 184,665 548,665 679,667 846,671 237,672 324,694 128,699 222,703 87,707 928,708 880,715 192,720 539,732 265,740 555,741 709,741 117,749 270,755 895,756 780,757 809,761 238,766 598,771 8,777 445,781 144,782 163,784 594,784 9,788 246,789 704,793 663,809 632,812 329,813 764,820 237,825 859,827 1013,835 288,853 919,864 226,873 453,887 58,900 73,901 232,908 85,911 718,919 671,921 726,922 42,926 275,927 577,927 565,930 359,932 479,938 467,941 376,944 78,946 195,949 490,950 899,955 63,962 417,973 208,977 505,994 686,994 297,1005 971,1009 338,1013 10,258 838,395 397,15 786,48 842,785 581,182 597,303 360,618 465,623 120,549 519,245 483,59 868,227 205,589 937,188 449,673 145,741 303,139 482,322 1012,345 918,696 758,860 403,974 329,313 373,932 756,1010 330,560 159,852 707,972 971,996 646,350 31,408 248,730 404,874 39,66 44,334 505,741 411,446 179,438 155,619 979,528 358,893 746,905 274,72 77,373 525,417 206,283 313,486 114,117 1013,273 44,280 405,565 65,918 101,76 31,813 306,833 327,913 152,88 76,867 618,454 287,745 559,487 488,1012 98,193 816,211 162,1012 762,383 888,911 624,688 885,736 507,448 659,969 159,284 554,594 170,323 368,458 810,474 505,289 480,364 632,447 343,740 113,767 114,1003 521,363 766,775 139,44 900,382 799,442 108,157 522,471 226,539 146,901 949,386 271,803 631,411 263,608 439,198 159,467 608,495 232,657 717,127 702,38 147,278 202,400 954,690 269,726 150,850 11,920 322,959 279,369 132,556 300,433 157,439 899,842 293,990 219,207 41,386 359,132 148,203 168,244 554,410 252,763 584,72 601,622 442,870 419,914 246,367 550,653 721,816 822,455 138,931 1007,977 914,578 322,767 564,365 908,533 715,713 959,22 840,345 998,546 294,813 906,926 819,263 8,271 178,453 565,589 649,642 427,799 434,88 512,431 109,494 125,909 430,111 75,624 591,980 406,985 301,283 299,671 277,674 90,318 850,597 103,956 519,492 741,654 862,851 17,157 242,655 748,227 279,881 299,641 273,772 192,236 885,70 893,633
AAV1 929,710 193,321 75,321 233,910 82,476 726,48 325,596 413,141 780,759 699,146 32,231 151,316 643,537 804,50 447,782 289,854 239,768 809,366 484,233 186,37 895,757 326,352 55,367 238,826 860,828 85,912 506,994 195,950 653,162 467,942 209,978 87,185 77,401 270,741 763,821 79,948 645,104 433,242 100,550 426,606 633,813 298,1007 156,44 310,597 192,721 709,743 551,248 645,258 37,303 493,357 473,462 555,742 599,772 73,902 490,951 707,971 687,994 695,9 653,29 379,286 46,354 952,417 43,442 60,497 313,583 763,657 549,664 184,665 145,782 164,784 705,794 919,864 453,888 671,923 725,923 899,957 418,974 724,76 45,166 324,252 609,313 646,349 535,385 496,391 327,434 833,445 160,523 149,531 237,673 880,715 248,730 117,750 271,755 10,788 586,788 247,790 664,811 1013,835 227,874 360,932 338,1014 285,48 430,111 934,137 856,142 703,202 731,202 816,211 81,217 98,240 79,251 769,273 1013,273 404,278 598,303 302,338 700,349 96,357 500,378 752,384 369,400 160,454 166,532 226,538 360,617 515,639 435,640 678,669 954,690 129,698 539,732 884,736 842,785 329,813 160,851 276,927 578,927 480,939 375,945 481,951 659,968 403,975 787,48 573,55 38,66 275,71 857,86 602,144 108,156 582,181 617,205 749,226 397,253 10,258 205,283 316,292 45,334 840,345 245,367 77,373 30,387 411,446 522,471 313,486 121,549 913,577 989,592 813,606 650,642 376,645 449,672 323,695 222,702 87,707 145,741 506,741 808,761 251,763 767,775 8,777 305,832 151,850 358,892 58,900 566,930 64,962 114,1003 755,1009 488,1012 397,14 959,22 483,60 585,71 102,76 547,113 717,126 302,139 99,193 219,206 508,243 167,244 517,244 43,279 505,290 306,294 483,321 551,321 1013,346 521,362 480,364 86,368 202,400 512,430 299,432 157,439 179,439 800,443 507,448 810,474 607,495 133,555 331,559 154,619 601,622 75,623 466,623 299,641 233,651 740,655 846,670 299,671 623,687 268,726 343,740 288,745 294,812 898,842 76,866 443,870 405,874 746,906 410,917 64,919 11,920 42,925 906,927 406,984 293,990 971,995 971,1011 702,37 140,44 886,72 153,88 114,115 359,132 17,157 936,186 438,197 148,203 870,226 819,262 147,277 159,283 329,312 91,318 169,322 564,365 278,368 899,382 762,383 43,385 949,385 838,394 30,408 553,410 631,410 525,417 631,447 366,451 178,453 619,453 822,455 369,459 158,467 559,486 520,490 109,493 980,527 909,531 997,545 404,564 564,588 204,589 554,593 850,596 279,675 918,697 715,711 113,766 321,766 272,771 428,798 271,802 31,812 863,849 757,859 278,881 146,900 126,909 327,913 420,914 138,932 373,932 321,960 1006,976 162,1012 435,87 192,234 299,282 262,606 893,631 549,651 243,654 721,815 888,910 103,954 590,979
AAV2 727,49 413,141 83,477 325,597 727,49 413,141 76,321 193,321 83,477 325,597 929,711 781,759 233,910 727,49 76,321 193,321 83,477 325,597 929,711 781,759 233,910
AAV3 35,237 991,285 113,463 83,477 83,505 545,567 509,703 233,910 9,928 584,1016 76,321 193,321 83,477 929,711 233,910 9,928 897,65 76,321 193,321 594,424 361,593 929,711 233,910 9,928
AAV4 727,49 413,141 151,317 83,477 643,537 781,759 727,49 413,141 76,321 193,321 83,477 325,597 929,711 781,759 233,910 727,49 33,233 76,321 193,321 83,477 325,597 929,711 781,759 897,761 233,910
AAV5 727,49 413,141 151,317 83,477 643,537 781,759 727,49 413,141 76,321 193,321 83,477 325,597 929,711 781,759 233,910 727,49 33,233 76,321 193,321 83,477 325,597 929,711 781,759 897,761 233,910
AAV6 931,713 81,129 193,321 931,713
AAW0 450,17 206,24 232,26 405,44 93,45 1001,48 995,64 541,70 323,75 515,83 217,88 532,88 771,88 134,95 414,97 575,99 379,126 819,130 570,131 11,142 975,148 473,168 33,177 406,192 805,195 215,210 334,232 637,234 22,238 88,241 297,292 399,303 718,305 179,309 643,347 135,355 849,356 919,358 399,360 859,363 432,365 993,367 846,379 1009,379 799,385 243,388 618,389 108,406 26,420 17,423 127,429 944,434 8,446 812,454 44,457 457,460 757,468 447,475 871,480 907,483 601,486 644,495 309,514 724,517 611,519 66,520 76,530 705,533 383,540 997,540 318,549 408,551 35,555 875,576 712,584 381,594 833,594 903,599 958,599 984,599 241,615 170,619 405,624 696,631 676,643 305,644 630,648 653,668 96,670 493,688 788,694 145,710 553,719 693,729 210,732 975,738 837,744 197,751 552,751 225,779 690,783 917,786 148,790 324,796 84,810 92,814 780,816 67,831 598,831 656,831 951,837 995,844 545,847 987,851 558,871 799,872 111,907 318,931 435,948 531,954 876,955 332,968 752,969 84,970 228,985 490,1000 313,1001 455,1005 929,541 133,443 143,215 482,713 417,767 381,520 257,630 263,746 876,18 666,620 509,708 606,30 773,396 938,218 371,415 451,837 213,945 1012,695 520,880 344,896 559,426 802,713 262,89 996,249 510,443 837,803 378,83 370,475 234,694 527,903 26,202 896,240 511,365 812,903 832,386 458,591 375,655 90,416 200,521 483,530 83,596 198,641 934,752 303,19 249,430 601,577 556,509 711,566 178,127 24,579 332,20 104,230 883,470 790,255 280,447 379,492 836,151 55,233 981,789 948,493 639,834 826,72 144,398 954,659 649,877 629,757 622,777 876,775 441,432 531,275 541,314 336,949 849,762 336,932 39,30 179,146 252,665 25,69 476,241 92,634 428,41 814,55 409,452 506,307 985,200 319,758 139,813 739,727 536,964 485,77 633,691 938,285 793,792 63,299 659,501 816,612 487,91 411,228 463,247 815,397 34,793 905,9 375,623 324,711 336,315 152,821 594,924 251,82 741,438 104,193 378,613 374,719 606,8 318,308 234,407 469,458 312,739 259,204 177,666 1006,708 298,698 350,279 794,749 456,989 955,680 200,264 264,271 406,267 51,481 37,17 900,170 678,378 468,319
AAW1 406,194 297,294 9,448 706,535 753,972 319,551 789,696 84,812 494,690 876,578 904,601 545,849 323,77 1002,49 599,832 720,307 945,435 559,873 66,522 800,387 631,649 553,752 68,833 135,356 645,496 988,851 571,132 211,733 433,366 601,487 918,787 657,832 800,873 491,1001 835,595 675,644 847,380 870,482 88,241 992,368 36,556 450,18 576,101 148,792 781,817 11,143 975,150 215,210 400,304 109,406 28,418 382,595 554,720 407,44 860,364 618,390 813,455 908,483 611,519 197,752 690,783 515,83 134,95 34,179 371,415 128,430 45,457 458,459 448,476 310,515 77,531 306,644 974,739 876,775 225,780 337,948 456,1006 232,26 997,65 532,88 415,99 474,168 334,232 541,315 399,360 758,467 381,521 998,541 408,552 601,577 959,600 144,712 933,752 639,834 435,948 205,24 428,41 819,130 23,238 938,285 506,307 848,356 1009,379 17,424 133,443 371,475 199,521 385,541 929,541 711,565 459,592 83,596 984,599 816,611 242,616 170,620 257,629 374,655 252,666 654,668 739,727 693,731 264,746 951,837 317,932 213,946 229,987 312,1000 905,10 876,18 39,29 605,30 541,71 826,71 770,88 379,126 179,147 142,215 411,229 477,242 200,264 406,267 350,278 179,310 336,315 643,348 244,387 832,387 774,397 89,416 249,430 441,432 948,493 555,509 725,516 482,530 404,624 696,631 1013,694 1006,708 481,713 803,713 374,721 319,759 623,777 451,837 812,903 594,924 531,954 84,971 302,17 332,20 93,45 815,55 484,76 251,81 216,88 262,89 178,127 836,151 104,192 806,196 987,200 27,201 259,203 636,234 996,248 63,298 919,358 510,365 815,397 235,408 558,427 510,443 279,447 659,501 24,577 711,584 665,619 198,641 955,661 97,670 633,691 233,695 297,698 509,708 324,712 311,738 837,742 793,750 629,756 848,762 34,794 325,796 838,803 139,812 649,877 344,896 528,902 876,957 536,964 457,989 606,8 36,17 27,69 378,82 486,91 901,169 939,217 105,229 57,232 896,239 465,245 788,254 530,276 318,307 677,378 145,397 742,436 409,451 377,623 93,632 177,665 322,703 415,767 979,789 792,792 152,821 519,880 111,905 337,931 331,968 263,271 468,317 469,457 881,469 50,480 379,491 378,612 955,680
AAW2 319,551 904,601 789,696 245,703 85,813 753,972 409,195 296,295 9,449 706,535 319,551 877,578 904,601 493,691 789,696 85,813 545,849 753,972 409,195 296,295 9,449 706,535 319,551 904,601 493,691 789,696 85,813 545,849 753,972
AAW3 625,83 871,241 880,272 535,309 9,449 319,551 904,601 789,697 245,703 1000,704 929,767 200,87 409,195 880,272 297,295 9,449 705,535 319,551 904,601 789,697 85,813 753,971 409,195 880,272 297,295 9,449 705,535 319,551 904,601 789,697 85,813 753,971
AAW4 319,551 904,601 789,697 245,703 85,813 753,972 409,195 880,272 297,295 9,449 706,535 319,551 877,578 904,601 493,691 789,697 85,813 599,833 545,849 753,972 409,195 880,272 297,295 9,449 706,535 319,551 877,578 833,593 904,601 493,691 789,697 85,813 545,849 753,972
AAW5 319,551 904,601 789,697 245,703 85,813 753,972 409,195 880,272 297,295 9,449 706,535 319,551 877,578 904,601 493,691 789,697 85,813 599,833 545,849 753,972 409,195 880,272 297,295 9,449 706,535 319,551 877,578 833,593 904,601 493,691 789,697 85,813 545,849 753,972
AAW6 927,657 405,193 413,199 321,553 405,193 413,199 297,295 9,449 321,553 201,921
AAX0 967,23 454,34 473,59 37,60 298,75 354,78 451,84 119,91 10,94 846,94 591,119 1013,130 774,131 505,132 344,137 601,154 30,169 194,186 606,186 908,188 685,192 868,193 871,201 944,213 762,225 940,232 915,249 979,249 144,261 60,270 629,272 647,272 765,273 364,283 631,290 369,291 408,309 261,315 736,318 872,320 215,326 15,338 791,350 66,353 160,363 56,374 211,377 140,414 806,418 101,434 430,437 630,438 560,448 680,460 779,461 585,462 561,469 777,469 830,471 760,473 787,473 461,477 42,479 745,482 368,484 242,485 940,497 611,498 505,506 637,513 207,517 447,518 595,526 627,526 475,541 691,541 639,543 889,560 678,566 17,570 372,577 487,577 655,580 983,585 298,586 188,590 484,607 31,611 407,613 584,632 25,633 492,648 916,669 788,694 315,698 303,707 329,710 611,712 294,714 849,727 943,730 674,741 32,748 92,749 456,750 947,756 165,769 50,773 24,778 360,790 71,801 453,817 361,819 22,825 29,835 90,836 590,844 656,849 866,849 773,853 274,858 121,859 552,863 228,865 208,871 956,883 226,892 1010,901 237,904 413,908 106,925 303,932 1008,945 814,949 609,954 796,957 869,985 649,996 716,999 601,250 94,50 894,783 695,296 865,790 527,544 635,758 386,693 609,659 336,896 850,925 526,736 119,760 908,784 396,862 661,39 807,337 810,480 774,593 939,542 817,637 277,740 668,30 450,320 479,398 613,605 826,923 890,136 582,341 639,525 873,153 313,266 68,175 431,263 967,483 723,534 574,284 359,355 165,889 355,949 599,701 647,717 51,732 54,999 573,956 520,361 75,245 133,389 110,735 459,426 834,509 355,862 417,124 733,489 754,502 946,721 885,759 212,499 519,691 786,424 719,713 965,167 640,211 705,553 651,745 732,1011 270,75 566,387 965,387 21,516 341,710 908,726 60,750 945,876 892,50 932,1003 281,80 486,258 451,353 577,748 582,419 457,585 804,405 501,406 729,403 548,494 490,514 425,335 534,523 679,591 712,942 190,168 929,310 500,145 529,268 164,719 724,882 471,449 703,364 770,571 920,881 524,247 698,509 397,551 363,598 674,981 32,231 428,515 729,977 548,982 920,94 288,349 579,476 797,638 968,240 738,717 654,785 751,991 936,436 258,929 423,1009 468,943 320,883 751,961 909,437 934,849 24,142 394,273 628,929 823,801 495,390 553,569 778,964 23,232 918,54
AAX1 766,274 455,818 373,579 640,545 941,500 680,568 597,528 778,467 647,274 630,440 217,327 1012,132 691,543 473,61 263,316 737,319 304,709 369,290 947,758 872,200 42,480 506,134 763,225 408,311 789,695 649,997 60,272 762,475 746,483 407,615 315,699 847,95 601,155 790,351 431,438 448,519 329,711 122,860 413,910 9,96 909,188 941,232 161,363 628,526 806,419 477,541 17,571 31,612 493,649 22,826 870,985 915,250 630,273 212,378 487,577 655,581 297,586 456,751 866,850 957,884 354,79 451,85 686,193 873,320 479,398 140,415 559,450 585,464 831,472 610,499 584,634 273,859 229,865 1010,902 796,957 967,24 661,39 774,131 31,170 606,187 524,247 980,250 631,290 582,340 67,354 102,435 369,483 506,507 889,560 613,604 25,634 611,713 909,784 773,853 552,862 826,923 717,1000 299,75 344,137 641,211 144,261 16,338 565,387 562,469 638,513 984,586 188,591 485,607 386,693 850,727 944,730 674,742 31,748 884,760 865,791 590,844 656,849 208,870 106,925 1009,946 814,949 38,61 591,119 695,296 451,320 57,373 133,389 787,424 681,460 461,477 810,480 242,485 833,508 698,509 208,516 527,544 456,585 363,599 609,659 646,717 111,735 277,740 119,761 165,769 51,774 25,778 90,836 319,882 164,888 849,925 303,933 609,954 574,956 778,964 93,49 893,49 120,90 191,167 68,174 195,186 945,212 74,246 601,250 486,258 431,264 529,267 395,274 573,283 930,310 450,352 965,386 495,391 459,427 937,436 910,437 472,448 967,483 732,488 548,495 755,501 490,514 21,517 534,523 640,526 723,534 939,542 713,560 770,571 678,590 775,592 824,634 916,670 518,690 599,701 51,731 526,737 651,746 92,748 654,787 360,790 72,801 361,819 354,862 397,862 945,875 921,882 226,893 335,897 236,904 258,929 468,942 712,943 673,981 53,999 932,1003 732,1010 453,34 270,75 280,80 919,93 417,125 890,136 22,141 499,144 873,153 965,166 22,231 967,241 313,266 805,337 359,354 520,361 703,364 729,403 501,405 803,405 581,420 579,475 788,481 211,498 428,514 396,551 553,570 797,638 340,709 718,713 164,718 909,728 577,748 60,751 634,757 894,781 933,849 724,881 354,949 752,961 729,977 549,981 752,991 422,1008 917,53 33,230 425,333 288,347 739,715 945,720 821,799 626,929
AAX2 647,274 777,467 373,579 487,821 647,274 767,277 217,327 777,467 941,499 597,528 640,545 679,567 373,579 455,820 647,274 767,277 217,327 941,499 597,528 640,545 679,567 373,579 455,820
AAX3 987,25 243,41 977,83 1009,175 647,274 449,359 777,467 501,523 161,527 640,545 373,579 879,691 487,821 775,933 827,935 647,274 767,277 941,499 597,529 640,545 679,567 373,579 455,819 647,274 767,277 941,499 597,529 640,545 679,567 373,579 977,585 455,819
AAX4 777,467 373,579 487,821 647,274 767,277 217,327 777,467 941,499 597,528 640,545 679,567 373,579 455,821 647,274 767,277 217,327 793,353 777,467 833,473 941,499 597,528 640,545 679,567 373,579 305,709 455,821
AAX5 777,467 373,579 487,821 647,274 767,277 217,327 777,467 941,499 597,528 640,545 679,567 373,579 455,821 647,274 767,277 217,327 793,353 777,467 833,473 941,499 597,528 640,545 679,567 373,579 305,709 455,821
AAX6 451,353 705,527 681,569 457,821 49,233 765,273 769,277 637,543 681,569 457,821
AAY0 724,21 159,30 424,49 685,54 856,59 700,66 532,67 836,81 508,87 398,91 66,99 618,112 85,115 263,117 861,152 358,160 47,170 772,179 291,198 337,198 628,208 189,216 726,216 828,244 148,254 732,255 325,272 322,283 644,287 399,290 607,293 760,297 386,304 361,306 524,310 375,324 295,326 624,342 499,348 105,352 676,358 890,362 142,367 711,368 574,375 284,380 415,441 609,454 979,456 184,459 952,480 731,491 833,495 952,516 195,520 253,537 913,543 764,552 939,559 825,560 514,565 685,566 192,570 600,570 457,574 552,578 614,581 867,590 466,591 295,601 283,632 758,632 899,632 512,636 550,661 935,665 886,671 996,677 997,687 596,704 376,716 527,735 760,740 835,745 276,751 801,753 938,774 699,776 133,777 825,777 214,778 910,787 728,800 438,803 724,815 881,824 92,852 132,853 693,870 467,886 1002,891 139,898 945,898 348,901 840,908 510,909 955,912 542,921 970,922 165,930 488,931 408,938 1005,938 712,939 731,950 33,954 485,977 635,982 592,991 189,108 115,444 155,282 550,355 309,107 852,49 892,215 344,436 360,196 70,138 552,487 65,966 415,274 640,491 841,104 888,8 892,64 653,65 761,271 206,338 511,743 346,583 187,648 524,751 434,927 410,478 276,474 257,618 748,625 251,340 568,699 956,86 1012,521 416,544 12,570 621,756 635,569 539,713 825,175 650,357 866,676 863,451 436,582 578,169 885,231 308,425 555,219 334,470 817,492 350,552 144,733 508,754 181,193 374,339 268,390 220,869 121,135 830,10 958,366 610,753 923,159 92,49 732,440 760,185 294,513 254,92 446,156 371,618 548,1013 492,302 221,688 605,837 666,541 507,585 400,661 522,265 791,274 805,624 357,88 731,829 650,854 857,875 324,881 611,103 603,728 127,65 400,458 636,638 33,110 687,207 989,823 653,602 558,623 29,346 195,509 116,571 83,736 130,55 575,96 98,478 427,529 385,576 890,613 394,139 485,594 385,673 731,770 697,891 644,114 476,540 185,854 995,837 335,931 518,982 432,741 82,797 579,864 1014,979 858,954 145,1005 502,247 431,444 427,844 651,750
AAY1 467,593 695,872 610,456 185,461 553,580 285,382 592,994 456,576 836,83 551,662 510,911 601,572 134,854 733,257 66,101 500,349 699,778 891,364 858,61 915,544 403,294 979,457 276,752 686,55 143,368 834,496 140,899 105,353 486,979 938,774 48,170 760,298 514,566 886,672 956,913 489,932 677,359 711,368 731,492 438,804 467,887 348,901 166,931 34,954 425,51 149,255 623,343 575,375 938,560 614,582 399,91 388,304 765,552 867,590 835,745 132,778 841,909 159,30 92,49 611,103 85,116 263,118 862,153 525,312 295,326 254,536 805,625 899,632 997,687 760,741 611,754 621,757 910,787 945,899 408,938 713,939 891,64 702,65 508,88 618,112 70,137 358,160 337,197 291,198 686,207 727,215 191,217 828,246 325,272 415,274 607,293 362,306 550,354 640,493 192,571 385,576 512,636 936,665 997,677 597,705 83,736 724,815 881,825 93,852 1002,891 1006,939 731,951 889,8 724,20 852,49 653,65 255,92 393,140 772,179 181,193 627,207 893,216 762,270 323,283 644,286 250,340 650,357 958,365 344,436 732,440 414,441 399,458 334,470 410,478 953,481 194,508 1012,521 349,552 825,560 686,566 116,571 11,572 346,583 295,601 653,602 283,632 757,633 187,648 539,713 144,732 526,735 651,749 525,750 800,752 731,769 824,777 215,778 989,823 996,837 543,920 970,921 65,967 634,982 548,1013 831,11 129,56 532,67 956,86 841,103 310,107 189,108 34,110 121,135 922,159 579,170 825,176 760,184 361,195 501,247 155,282 373,323 206,337 373,339 30,346 269,390 307,424 114,444 432,444 862,450 276,472 552,486 294,513 951,516 194,520 427,529 665,541 416,544 635,569 436,582 485,595 889,613 371,617 259,618 747,624 637,638 288,641 400,662 867,676 221,689 376,715 603,729 511,743 509,754 82,797 728,800 605,837 427,844 184,854 579,863 220,869 434,927 858,953 1014,978 128,65 356,86 575,95 644,113 445,156 555,218 886,229 791,273 493,301 98,478 475,540 385,672 568,698 432,739 730,828 857,874 324,881 696,891 337,929 518,982 144,1004 523,262 379,294 815,492 506,584 557,620 650,853
AAY2 837,83 891,365 610,457 185,461 467,593 695,872 511,912 837,83 733,257 287,385 610,457 185,461 601,572 457,577 553,580 467,593 551,663 695,872 511,912 593,993 287,385 610,457 185,461 601,572 457,577 553,580 467,593 695,872 511,912 593,993
AAY3 837,83 905,303 319,441 185,461 59,488 9,555 553,581 467,593 321,611 461,755 421,799 541,803 953,856 695,872 785,127 610,457 185,461 457,577 553,581 467,593 953,856 695,872 610,457 185,461 457,577 553,581 467,593 695,872 489,929
AAY4 837,83 891,365 185,461 457,577 553,581 695,872 511,912 837,83 733,257 287,385 610,457 185,461 601,573 457,577 553,581 467,593 551,663 695,872 511,912 489,929 593,993 733,257 287,385 610,457 185,461 601,573 457,577 553,581 467,593 551,663 695,872 511,912 489,929 593,993
AAY5 837,83 891,365 185,461 457,577 553,581 695,872 511,912 837,83 733,257 287,385 610,457 185,461 601,573 457,577 553,581 467,593 551,663 695,872 511,912 489,929 593,993 733,257 287,385 610,457 185,461 601,573 457,577 553,581 467,593 551,663 695,872 511,912 489,929 593,993
AAY6 455,576 632,608 697,873 169,265 289,385 681,521 632,608 697,873
AAZ0 467,4 441,13 204,15 773,15 551,22 927,27 178,51 979,63 855,68 679,81 563,86 411,109 111,126 3,140 229,147 77,149 857,169 803,181 599,183 343,186 859,204 37,221 569,225 418,227 67,229 917,253 871,255 353,257 571,257 517,269 730,277 344,307 963,331 787,343 751,347 61,348 607,353 635,359 180,363 607,364 459,408 523,418 667,432 49,435 427,459 695,467 99,476 462,495 116,497 709,509 263,544 469,549 879,559 219,562 604,565 275,591 507,602 220,627 555,652 779,665 491,670 481,671 551,689 576,697 135,700 145,707 887,720 750,727 118,731 1010,731 831,732 718,745 743,763 707,784 511,790 43,818 879,824 734,827 237,833 430,859 597,859 980,861 9,872 734,879 221,883 1008,889 755,923 460,925 983,929 1011,938 276,939 254,949 958,951 597,953 839,960 107,966 667,969 331,971 584,983 782,999 903,1002 249,1003 414,1017 213,7 441,13 204,15 773,15 241,16 551,22 927,27 795,29 352,39 696,41 789,47 362,49 995,49 952,50 178,51 983,51 978,53 555,60 406,62 979,63 992,65 1004,65 855,68 403,69 89,77 135,84 674,85 563,86 885,108 411,109 560,117 501,119 111,126 65,127 724,129 815,133 836,133 1018,145 84,147 229,147 77,149 279,151 609,151 853,151 520,152 434,165 275,169 857,169 861,169 803,181 599,183 847,185 343,186 295,196 859,204 949,207 1013,209 351,210 967,218 345,220 37,221 569,225 418,227 67,229 471,229 613,233 810,233 829,238 243,239 526,243 917,253 871,255 353,257 571,257 727,261 767,268 517,269 37,271 730,277 30,282 752,286 892,290 861,298 13,307 344,307 126,313 370,322 969,324 963,331 929,332 96,335 574,339 787,343 751,347 61,348 123,353 156,353 455,353 649,354 613,355 635,359 958,361 180,363 607,364 843,365 151,370 624,377 754,384 881,393 811,396 297,400 273,403 91,404 459,408 368,411 267,417 725,417 1012,417 523,418 105,420 415,420 617,422 606,423 667,432 491,433 735,433 49,435 533,438 935,440 885,455 427,459 874,459 695,467 341,473 99,476 551,480 462,495 116,497 251,497 709,509 962,510 181,516 488,533 86,540 263,544 469,549 377,555 841,555 759,557 879,559 219,562 604,565 676,573 585,580 178,583 652,589 275,591 761,595 72,599 507,602 996,606 220,627 316,629 449,652 555,652 779,665 491,670 481,671 975,673 305,689 576,697 135,700 205,701 613,705 489,706 277,707 545,711 545,712 293,717 887,720 133,725 750,727 392,729 118,731 1010,731 85,733 831,732 564,737 101,742 58,743 349,745 448,745 718,745 743,763 596,769 233,776 897,781 707,784 25,787 511,790 101,801 739,811 443,813 657,813 845,813 172,814 43,818 399,818 879,824 197,825 161,827 505,827 734,827 420,831 237,833 895,833 645,855 430,859 597,859 717,860 980,861 333,871 9,872 819,872 371,874 308,877 288,879 734,879 319,880 579,881 221,883 1008,889 926,891 399,893 413,905 575,905 792,907 755,923 397,924 460,925 983,929 921,931 1011,938 276,939 251,941 439,944 127,947 254,949 958,951 597,953 894,957 1002,958 417,959 839,960 449,967 107,966 667,969 331,971 875,975 584,983 932,985 782,999 903,1002 249,1003 895,1007 701,1009 414,1017 871,1017 1009,1017 441,13 204,15 773,15 241,16 551,22 927,27 795,29 352,39 696,41 439,45 789,47 362,49 995,49 952,50 178,51 983,51 978,53 555,60 897,59 979,63 992,65 1004,65 855,68 403,69 89,77 135,84 674,85 563,86 815,91 885,108 411,109 560,117 501,119 111,126 65,127 724,129 181,133 815,133 836,133 84,147 229,147 77,149 279,151 609,151 853,151 520,152 434,165 275,169 857,169 861,169 803,181 599,183 847,185 343,186 295,196 859,204 949,207 1013,209 351,210 967,218 345,220 37,221 569,225 418,227 67,229 471,229 613,233 810,233 829,238 243,239 526,243 917,253 871,255 353,257 571,257 727,261 767,268 517,269 37,271 730,277 30,282 752,286 892,290 861,298 13,307 344,307 126,313 370,322 963,331 929,332 96,335 574,339 597,343 787,343 751,347 61,348 123,353 156,353 455,353 649,354 613,355 635,359 958,361 180,363 607,364 843,365 151,370 624,377 754,384 881,393 811,396 297,400 273,403 91,404 459,408 368,411 267,417 725,417 1012,417 523,418 105,420 415,420 720,421 617,422 606,423 667,432 491,433 735,433 49,435 533,438 935,440 885,455 427,459 874,459 695,467 341,473 99,476 551,480 832,485 462,495 116,497 251,497 709,509 962,510 181,516 488,533 86,540 263,544 469,549 377,555 841,555 759,557 879,559 219,562 604,565 676,573 585,580 178,583 652,589 275,591 761,595 72,599 507,602 996,606 220,627 316,629 449,652 555,652 779,665 491,670 481,671 975,673 305,689 576,697 135,700 205,701 613,705 489,706 277,707 545,711 545,712 293,717 887,720 133,725 750,727 392,729 118,731 1010,731 85,733 831,732 564,737 101,742 58,743 349,745 448,745 718,745 1005,745 743,763 596,769 233,776 897,781 707,784 25,787 375,789 511,790 101,801 739,811 443,813 657,813 845,813 172,814 1001,816 43,818 399,818 879,824 197,825 161,827 505,827 734,827 420,831 237,833 895,833 645,855 430,859 597,859 717,860 980,861 333,871 9,872 819,872 371,874 308,877 288,879 734,879 319,880 579,881 221,883 1008,889 926,891 399,893 413,905 575,905 792,907 755,923 397,924 169,925 460,925 983,929 921,931 1011,938 276,939 251,941 439,944 127,947 197,947 958,951 597,953 894,957 1002,958 417,959 839,960 449,967 107,966 667,969 331,971 875,975 584,983 932,985 782,999 903,1002 249,1003 895,1007 701,1009
AAZ1 1005,745 859,169 673,85 832,485 814,91 846,186 169,925 375,790 894,956 1001,816 788,47 241,15 973,671 197,947 332,870 896,59 721,421 438,45 232,775 181,134 545,712 449,965 85,732 700,1009 613,233 272,403 66,126 274,169 597,344 348,746 643,855 793,907 133,724 399,892 760,595 814,134 160,826 612,704 555,59 369,411 251,495 759,556 657,814 491,432 304,688 276,708 101,801 894,833 84,147 896,782 920,931 438,945 126,946 895,1007 794,29 613,355 935,440 840,555 505,826 370,874 576,904 551,23 344,306 14,307 341,473 377,555 450,652 205,700 292,717 511,791 925,891 459,925 252,942 984,50 403,68 725,129 609,150 520,151 568,224 929,331 123,351 958,362 624,376 880,393 297,401 533,438 549,690 845,812 42,818 197,825 774,15 927,28 978,62 561,117 502,119 229,147 279,151 731,278 892,291 787,342 455,353 156,354 843,365 268,418 523,419 462,495 488,532 219,562 677,574 652,588 146,707 886,720 118,730 831,733 596,769 706,783 286,879 734,879 578,881 1010,937 1002,957 440,13 351,40 695,42 178,52 135,84 435,164 599,182 295,195 1014,209 37,221 242,239 918,253 517,268 30,282 860,298 127,313 369,322 962,331 62,348 635,359 151,370 754,385 811,397 415,419 605,422 735,433 49,434 695,466 549,479 116,496 87,539 177,584 996,606 219,626 317,630 554,652 490,670 135,699 750,727 58,743 719,744 743,763 739,811 442,814 400,819 879,824 597,859 717,860 979,861 9,872 318,879 1009,889 667,969 875,975 931,984 995,50 951,51 1004,64 993,65 855,68 563,87 411,108 885,108 858,203 950,208 351,211 968,217 418,226 68,229 471,230 810,233 830,237 525,244 570,257 727,261 767,268 752,285 96,335 751,346 180,362 91,403 459,407 1012,418 104,420 616,422 665,432 886,455 426,458 873,460 98,477 709,509 470,549 880,560 604,564 274,590 506,602 489,705 392,730 1010,730 448,745 172,813 430,859 820,870 219,882 983,928 276,938 958,949 416,959 838,960 331,971 584,983 249,1003 362,48 89,77 110,125 852,151 803,181 343,185 344,220 873,253 352,257 573,338 649,353 962,509 583,580 72,598 778,665 481,671 575,695 563,737 100,742 24,788 419,831 236,832 306,877 755,922 395,923 597,952 108,965 836,132 37,269 180,515 262,543 731,825 413,905 783,997
AAZ2 788,47 673,85 814,91 859,169 317,299 832,485 903,657 375,790 169,925 197,947 895,956 1008,1019 788,47 673,85 814,91 859,169 832,485 973,673 1005,745 375,790 1001,817 169,925 895,956 241,15 788,47 897,61 673,85 814,91 859,169 832,485 973,673 1005,745 375,790 1001,817 169,925 895,956
AAZ3 246,73 673,85 814,91 352,160 859,169 316,299 449,363 67,453 832,485 224,503 399,593 855,657 903,657 592,959 1008,1019 673,85 859,169 551,455 832,485 224,503 1005,745 673,85 859,169 832,485 224,503 537,577 489,713 1005,745 265,873 841,929
AAZ4 673,85 814,91 859,169 317,299 832,485 903,657 375,790 169,925 197,947 1008,1019 788,47 673,85 814,91 859,169 832,485 537,577 545,713 1005,745 375,790 1001,817 169,925 895,956 241,16 788,47 897,61 673,85 814,91 273,169 859,169 846,185 832,485 425,489 537,577 973,673 1005,745 375,790 1001,817 169,925 895,956
AAZ5 673,85 814,91 859,169 317,299 832,485 903,657 375,790 169,925 197,947 1008,1019 788,47 673,85 814,91 859,169 832,485 537,577 545,713 1005,745 375,790 1001,817 169,925 895,956 241,16 788,47 897,61 673,85 814,91 273,169 859,169 846,185 832,485 425,489 537,577 973,673 1005,745 375,790 1001,817 169,925 895,956
AAZ6 677,89 677,89 833,489 1003,741
ABA0 429,28 431,44 124,48 1006,52 605,56 765,60 589,68 413,80 991,84 612,90 385,99 539,109 299,116 321,116 488,116 813,117 333,143 129,144 881,164 441,172 892,175 98,187 884,200 706,212 797,212 404,224 585,241 306,258 843,263 325,271 953,283 339,296 927,301 816,303 493,305 511,320 681,326 165,330 421,332 98,334 324,339 110,347 356,369 772,370 472,371 704,405 772,405 749,406 604,419 395,452 221,455 562,455 733,479 96,481 730,490 807,500 131,502 95,506 793,513 768,514 73,523 140,524 934,525 701,531 57,534 286,538 102,548 514,548 153,558 363,559 907,562 549,564 264,565 249,574 187,580 687,584 985,593 294,597 45,600 816,652 584,657 223,674 17,682 26,682 182,700 284,706 362,707 591,718 648,739 252,740 8,741 185,746 585,768 913,786 853,791 1005,797 953,802 685,807 81,809 863,809 161,829 672,837 907,860 50,862 947,889 167,927 18,930 763,931 995,938 330,945 658,959 919,965 515,972 104,974 595,980 976,73 567,483 453,130 395,923 609,316 959,571 956,707 781,532 744,643 726,317 824,484 82,99 240,989 352,613 115,636 495,342 576,846 399,489 674,677 916,982 714,102 647,821 518,638 538,158 733,676 902,973 971,434 435,244 193,639 413,756 997,385 1008,993 243,493 965,931 812,757 671,593 266,65 327,445 101,620 297,718 613,539 809,689 738,791 831,797 521,258 597,397 657,543 933,943 762,13 673,302 364,427 290,824 543,340 762,829 898,983 661,126 158,476 744,760 708,630 902,515 607,889 704,36 318,90 404,142 134,177 934,479 123,585 790,877 176,17 905,806 369,468 779,547 529,929 56,384 553,274 133,615 689,718 971,103 1001,965 250,17 861,368 174,907 214,317 292,405 270,414 799,668 469,927 592,707 763,109 875,757 63,773 222,415 433,144 315,434 462,314 512,764 809,350 67,725 824,742 255,259 158,653 500,671 358,85 779,788 501,204 145,410 443,539 957,850 773,888 775,300 819,962 996,311 676,847 825,42 232,236 465,988 84,737 382,774 833,656 882,813 914,460 343,832 368,108
ABA1 285,708 863,812 585,659 46,602 954,804 363,709 489,118 853,793 141,526 225,675 1006,799 948,891 689,586 908,563 431,46 492,307 299,118 810,504 110,348 166,331 325,340 18,683 223,456 893,176 98,188 473,372 550,565 612,92 540,110 356,370 773,370 186,746 51,863 17,931 325,272 97,482 183,701 82,810 605,58 322,117 813,118 798,213 707,214 843,264 510,322 95,507 649,740 161,830 658,960 104,975 596,981 429,29 1006,54 387,100 130,144 339,297 703,405 286,539 513,549 153,559 251,575 295,597 253,740 382,774 589,68 404,225 681,327 794,514 935,525 585,769 912,787 673,837 413,81 991,84 881,166 884,201 585,241 306,258 98,335 768,515 73,523 519,639 674,677 686,807 762,931 995,938 514,973 251,18 317,90 333,143 927,301 816,303 995,312 608,316 543,339 860,369 604,419 396,453 734,479 398,489 700,531 187,580 985,593 353,613 744,642 817,652 732,677 907,860 396,923 920,970 916,981 703,36 124,48 764,61 81,98 971,102 453,130 537,159 440,172 461,314 495,341 597,397 292,405 328,447 562,454 567,482 729,489 57,533 612,538 779,548 362,559 264,565 960,571 100,620 707,630 115,636 591,706 591,719 512,764 739,792 167,927 933,943 331,945 910,961 1001,966 902,971 176,16 825,41 265,64 976,73 714,101 763,109 662,126 500,205 435,245 522,257 253,259 954,282 775,299 674,302 214,317 726,318 57,384 997,386 771,405 748,406 270,412 364,428 914,460 824,484 243,493 131,500 902,515 656,542 103,549 123,584 194,639 809,689 956,707 84,737 413,756 811,757 874,757 63,774 831,797 647,821 290,823 762,829 344,831 576,847 957,850 772,888 173,907 898,984 240,988 1007,993 762,13 357,86 367,108 404,141 432,143 136,177 232,236 555,265 554,273 420,332 145,410 224,414 971,433 315,434 369,468 158,475 934,479 781,533 443,540 670,592 133,614 158,652 833,655 800,668 298,717 690,717 66,724 825,741 743,761 905,805 881,813 606,889 468,926 529,928 965,929 820,963 465,988 808,348 501,670 778,786 792,873
ABA2 489,118 46,601 585,659 363,709 853,793 863,812 489,118 46,601 585,659 225,675 285,709 363,709 853,793 1007,799 954,804 863,812 489,118 141,527 46,601 585,659 285,709 853,793 1007,799 954,804 863,812
ABA3 359,521 829,651 585,659 1020,679 363,709 531,769 955,804 863,812 275,961 389,995 49,601 585,659 285,709 863,812 65,305 305,391 553,569 49,601 761,633 585,659 285,709 863,812 1009,961
ABA4 46,601 585,659 363,709 853,793 487,121 46,601 585,659 225,675 285,709 363,709 853,793 1009,801 954,805 863,812 809,505 141,528 553,569 689,589 46,601 585,659 285,709 853,793 1009,801 954,805 863,812
ABA5 46,601 585,659 363,709 853,793 487,121 46,601 585,659 225,675 285,709 363,709 853,793 1009,801 954,805 863,812 809,505 141,528 553,569 689,589 46,601 585,659 285,709 853,793 1009,801 954,805 863,812
ABA6 489,233 145,529 289,713 865,817 945,993
ABB0 763,27 636,34 739,49 767,69 519,78 918,79 9,83 348,91 45,94 15,126 822,135 779,139 167,143 973,153 715,160 489,165 827,172 863,182 631,193 491,215 67,238 813,239 430,241 450,243 595,243 651,248 735,251 911,255 71,260 891,260 857,283 893,293 747,296 678,303 798,311 689,315 151,319 856,325 506,327 811,345 119,380 989,385 789,400 742,403 128,423 519,433 955,451 808,455 550,461 285,484 799,507 300,517 1002,519 251,519 57,520 125,525 762,533 343,534 765,541 234,543 645,543 70,551 176,583 831,583 283,592 915,599 447,601 735,609 559,613 416,621 205,623 53,627 67,628 979,643 872,647 373,653 925,663 932,669 207,717 711,723 6,731 585,731 503,731 943,734 365,740 407,743 105,765 475,767 437,779 312,787 51,797 262,811 901,811 536,823 261,831 565,831 574,839 108,855 891,860 18,861 569,865 666,887 157,889 390,889 658,895 647,901 587,908 619,909 982,921 496,931 729,936 339,947 559,983 770,987 464,995 348,7 777,17 533,23 763,27 636,34 739,49 767,69 645,74 253,76 511,77 519,78 918,79 187,81 9,83 896,83 348,91 45,94 157,98 949,100 655,124 15,126 590,127 822,135 801,138 577,139 779,139 167,143 51,144 210,156 715,160 945,164 489,165 144,169 827,172 283,180 863,182 131,183 631,193 749,213 491,215 601,215 45,227 67,238 813,239 430,241 450,243 595,243 798,245 651,248 735,251 911,255 71,260 891,260 754,269 353,272 807,274 857,283 671,288 765,293 893,293 747,296 767,301 678,303 917,308 798,311 689,315 574,317 575,317 151,319 404,321 856,325 506,327 52,331 545,332 811,345 663,359 882,368 993,369 376,378 119,380 969,380 316,381 876,381 533,385 664,385 989,385 533,386 903,388 493,398 312,400 789,400 742,403 812,416 128,423 683,432 519,433 685,435 588,436 955,451 808,455 816,455 550,461 334,469 285,484 157,487 287,505 323,505 799,507 300,517 1002,519 251,519 57,520 991,524 125,525 245,531 762,533 343,534 760,541 765,541 987,541 234,543 645,543 302,545 965,547 351,548 70,551 840,553 452,555 220,563 352,563 57,575 45,579 176,583 831,583 283,592 1002,593 673,596 447,601 280,606 735,609 791,611 559,613 197,621 416,621 205,623 53,627 67,628 656,629 569,631 756,637 745,642 979,643 872,647 981,651 373,653 925,663 204,669 299,669 932,669 329,671 561,678 758,681 957,683 785,701 503,716 207,717 397,717 711,723 202,725 6,731 585,731 503,731 943,734 763,739 365,740 373,741 493,742 407,743 735,744 735,748 406,750 651,756 138,764 105,765 247,765 475,767 616,767 810,767 838,770 437,779 293,781 312,787 763,788 51,797 262,811 901,811 536,823 877,829 261,831 565,831 574,839 780,845 95,847 195,851 108,855 191,856 891,860 18,861 340,861 268,862 569,865 751,875 385,876 205,881 650,882 666,887 157,889 390,889 563,890 643,890 640,895 658,895 647,901 587,908 289,909 619,909 138,921 982,921 103,929 496,931 729,936 339,947 585,950 1010,953 463,955 249,965 417,973 262,976 559,983 770,987 201,992 488,993 608,993 464,995 881,1003 422,1005 949,1009 348,7 777,17 533,23 763,27 636,34 739,49 767,69 645,74 253,76 511,77 519,78 918,79 187,81 9,83 896,83 348,91 45,94 157,98 949,100 655,124 15,126 590,127 822,135 801,138 577,139 779,139 167,143 51,144 210,156 715,160 745,165 945,164 489,165 144,169 827,172 283,180 863,182 131,183 631,193 749,213 491,215 601,215 45,227 67,238 813,239 430,241 450,243 595,243 798,245 651,248 735,251 911,255 71,260 891,260 754,269 353,272 807,274 857,283 671,288 765,293 893,293 747,296 767,301 678,303 917,308 798,311 689,315 574,317 575,317 151,319 404,321 856,325 506,327 52,331 545,332 811,345 663,359 882,368 993,369 376,378 119,380 969,380 316,381 876,381 533,385 664,385 989,385 533,386 903,388 493,398 312,400 789,400 742,403 812,416 128,423 519,433 685,435 588,436 955,451 816,455 550,461 334,469 285,484 157,487 287,505 323,505 799,507 300,517 1002,519 251,519 799,519 57,520 991,524 125,525 245,531 762,533 343,534 760,541 765,541 987,541 234,543 645,543 302,545 965,547 351,548 70,551 840,553 452,555 220,563 352,563 57,575 45,579 176,583 831,583 283,592 1002,593 673,596 447,601 280,606 735,609 791,611 559,613 197,621 416,621 205,623 53,627 67,628 656,629 569,631 756,637 697,639 745,642 872,647 981,651 373,653 925,663 204,669 299,669 932,669 329,671 561,678 758,681 957,683 553,697 785,701 503,716 207,717 397,717 711,723 202,725 585,731 503,731 943,734 763,739 373,741 493,742 735,744 406,750 651,756 138,764 105,765 247,765 475,767 616,767 810,767 838,770 507,775 437,779 293,781 312,787 763,788 51,797 262,811 901,811 536,823 877,829 261,831 565,831 574,839 780,845 95,847 195,851 108,855 191,856 891,860 18,861 340,861 268,862 569,865 751,875 385,876 205,881 650,882 666,887 157,889 390,889 563,890 643,890 640,895 658,895 647,901 587,908 289,909 619,909 138,921 982,921 103,929 496,931 729,936 339,947 585,950 1010,953 463,955 249,965 417,973 262,976 559,983 770,987 201,992 488,993 608,993 464,995 881,1003 422,1005 495,1009 949,1009
ABB1 554,696 662,361 532,386 745,164 698,638 800,519 734,746 683,434 506,775 574,316 495,1010 584,949 797,245 748,212 287,505 987,540 204,881 777,18 156,486 56,575 103,928 187,82 877,830 249,964 762,738 751,875 880,1002 44,227 954,451 489,993 131,183 323,505 247,531 45,578 914,598 790,612 196,621 576,140 602,215 767,300 351,548 352,563 446,600 204,669 785,701 292,780 191,854 765,69 559,614 372,651 206,717 763,787 267,862 290,910 138,920 511,77 591,126 972,155 813,239 519,433 343,533 220,562 53,626 655,629 329,671 958,682 372,740 493,742 247,764 105,765 435,779 263,810 390,889 770,986 949,1009 348,90 52,143 488,164 491,216 353,273 856,282 51,331 546,333 812,344 994,370 664,385 990,385 494,397 312,400 816,455 991,524 965,547 932,668 300,669 396,717 585,731 650,882 156,888 638,900 646,902 417,972 463,995 533,23 635,35 646,73 919,79 657,124 801,138 945,164 143,168 429,241 754,269 806,274 671,288 797,310 405,322 855,324 876,381 811,417 588,435 285,483 251,518 1002,518 57,520 760,542 70,551 673,595 416,621 67,628 569,630 872,646 503,716 503,731 138,764 573,838 108,854 339,862 569,865 384,875 665,886 643,891 619,908 983,922 338,947 262,977 608,993 895,82 46,93 15,126 778,137 168,143 830,169 283,179 67,237 450,241 650,248 735,251 746,296 882,368 375,379 902,388 788,401 129,423 334,470 125,524 233,542 302,543 176,582 280,606 735,609 980,641 560,678 758,683 710,722 943,733 652,755 474,767 617,767 566,829 261,830 780,844 94,847 657,895 585,908 496,931 729,936 1009,953 464,954 559,983 201,992 765,25 739,48 254,74 8,83 157,99 949,100 823,135 210,155 714,159 862,182 630,193 595,242 910,256 891,260 70,261 916,307 689,315 150,319 506,326 117,380 316,380 741,402 550,461 799,507 299,517 763,532 645,544 841,551 454,556 829,583 1001,593 206,622 744,641 981,652 408,743 810,767 837,769 312,786 51,797 901,811 536,823 890,859 17,860 562,890 423,1006 893,291 677,304 968,379 806,453 282,591 756,635
ABB2 662,361 533,385 697,639 141,755 507,775 745,165 662,361 533,385 799,519 697,639 554,696 745,165 662,361 533,385 799,519 697,639 554,696 497,1009
ABB3 223,21 835,309 515,312 333,347 505,423 207,565 625,567 699,621 369,711 141,755 543,757 121,799 775,969 663,361 553,696 663,361 553,696 497,1009
ABB4 662,361 697,639 141,755 543,757 745,165 662,361 533,385 799,519 697,639 553,696 745,165 662,361 533,385 799,519 697,639 553,696 497,1009
ABB5 662,361 697,639 141,755 543,757 745,165 662,361 533,385 799,519 697,639 553,696 745,165 662,361 533,385 799,519 697,639 553,696 497,1009
ABB6 553,697 553,697 489,257 697,641 553,697
ABC0 271,7 985,10 493,12 505,14 13,21 638,21 316,23 529,29 707,39 149,55 516,69 506,75 709,76 561,83 793,119 457,123 268,131 693,136 107,138 626,139 499,145 163,164 392,179 483,180 570,191 948,207 591,210 504,211 863,215 365,227 572,229 268,231 82,245 783,250 816,253 884,263 815,275 365,287 839,289 39,291 572,291 655,296 556,307 1019,317 32,333 948,339 777,359 661,367 251,368 235,377 97,379 317,381 544,387 913,399 557,417 629,431 475,438 619,440 914,445 43,448 782,477 865,480 1013,490 101,494 97,506 640,509 85,512 511,516 373,527 561,526 167,532 935,547 155,552 459,579 556,579 430,609 714,619 773,623 555,624 516,651 377,659 871,673 798,682 483,684 11,703 728,707 95,712 674,731 871,747 471,754 586,767 643,779 339,786 72,795 1009,809 413,824 342,849 965,853 142,861 535,865 43,869 750,871 509,884 558,885 789,901 431,911 135,912 777,926 125,929 15,930 347,932 149,936 495,945 927,953 759,958 55,980 989,981 233,999 962,1009 545,1015 276,1017 271,7 985,10 493,12 505,14 13,21 638,21 316,23 529,29 707,39 195,54 149,55 31,56 516,69 329,70 506,75 709,76 561,83 527,88 460,91 386,105 687,105 629,109 945,117 793,119 457,123 268,131 413,135 693,136 107,138 626,139 499,145 586,159 781,162 163,164 568,164 195,177 392,179 483,180 908,182 189,183 593,184 570,191 629,192 29,194 948,207 734,209 591,210 504,211 453,212 863,215 999,215 365,227 572,229 268,231 331,239 665,240 82,245 565,247 783,250 816,253 380,257 324,259 884,263 561,265 865,265 815,275 501,284 365,287 839,289 39,291 572,291 145,292 314,293 801,295 655,296 947,297 909,299 556,307 177,311 452,317 237,325 32,333 948,339 60,346 793,347 220,359 777,359 599,367 661,367 251,368 235,377 97,379 317,381 544,387 937,389 298,395 913,399 976,401 973,401 999,404 641,405 446,408 532,408 519,411 759,413 991,414 557,417 929,417 1002,421 629,431 696,435 475,438 619,440 651,440 49,445 914,445 923,445 43,448 796,455 257,466 228,467 845,469 962,469 926,471 784,472 310,473 660,478 865,480 495,483 613,485 1013,490 220,493 101,494 635,500 507,502 97,506 640,509 953,509 328,511 85,512 461,513 140,515 511,516 928,516 186,517 695,521 949,523 373,527 561,526 167,532 101,539 945,541 935,547 327,548 155,552 559,552 921,554 928,560 869,570 906,573 585,574 792,575 459,579 556,579 513,585 147,588 897,593 966,593 253,599 430,609 955,613 967,620 773,623 555,624 712,625 13,631 655,633 496,637 432,651 516,651 681,653 805,653 377,659 220,661 636,661 1018,669 381,672 871,673 432,678 44,680 798,682 483,684 293,689 854,693 355,695 147,700 11,703 297,704 728,707 270,710 95,712 545,725 985,729 674,731 871,747 471,754 199,761 510,762 586,767 244,772 953,776 643,779 695,781 611,785 339,786 72,795 746,807 1009,809 518,820 504,823 413,824 764,825 205,833 333,833 607,839 1005,839 342,849 979,852 453,853 965,853 1017,855 142,861 535,865 179,867 43,869 750,871 195,873 181,877 509,884 558,885 789,901 240,911 431,911 135,912 90,919 562,923 777,926 473,928 125,929 15,930 347,932 149,936 9,938 495,945 798,945 927,953 759,958 459,959 155,964 261,968 665,969 55,980 989,981 307,984 41,985 233,999 317,999 159,1001 735,1009 962,1009 157,1011 193,1014 545,1015 276,1017 675,1017 271,7 985,10 493,12 505,14 13,21 638,21 316,23 529,29 707,39 195,54 149,55 31,56 516,69 894,69 329,70 506,75 709,76 561,83 527,88 460,91 386,105 687,105 629,109 945,117 793,119 457,123 268,131 413,135 693,136 107,138 626,139 499,145 586,159 781,162 163,164 568,164 392,179 483,180 908,182 189,183 593,184 570,191 629,192 29,194 948,207 734,209 591,210 504,211 453,212 863,215 999,215 365,227 572,229 268,231 331,239 665,240 661,242 82,245 565,247 783,250 816,253 380,257 324,259 884,263 561,265 865,265 815,275 501,284 365,287 839,289 39,291 572,291 145,292 314,293 801,295 655,296 947,297 909,299 556,307 177,311 452,317 237,325 32,333 948,339 60,346 793,347 220,359 777,359 599,367 661,367 251,368 235,377 97,379 317,381 544,387 937,389 298,395 913,399 976,401 973,401 999,404 641,405 446,408 532,408 519,411 759,413 991,414 557,417 929,417 1002,421 629,431 696,435 475,438 619,440 651,440 941,441 49,445 914,445 923,445 43,448 796,455 257,466 228,467 845,469 962,469 926,471 784,472 310,473 660,478 865,480 495,483 613,485 1013,490 220,493 101,494 635,500 507,502 97,506 640,509 953,509 328,511 85,512 461,513 140,515 511,516 928,516 186,517 695,521 949,523 373,527 561,526 167,532 101,539 945,541 935,547 327,548 155,552 559,552 921,554 939,557 928,560 940,560 869,570 906,573 585,574 792,575 459,579 556,579 513,585 147,588 897,593 966,593 253,599 430,609 955,613 967,620 773,623 555,624 712,625 13,631 655,633 496,637 432,651 516,651 681,653 805,653 377,659 220,661 636,661 381,672 871,673 432,678 44,680 798,682 483,684 293,689 854,693 355,695 147,700 11,703 297,704 728,707 270,710 95,712 545,725 985,729 674,731 871,747 471,754 199,761 510,762 586,767 285,769 290,769 244,772 953,776 643,779 695,781 611,785 339,786 72,795 746,807 1009,809 518,820 504,823 413,824 764,825 205,833 333,833 607,839 1005,839 342,849 979,852 453,853 965,853 142,861 535,865 179,867 43,869 335,869 750,871 195,873 181,877 509,884 558,885 789,901 240,911 431,911 135,912 90,919 562,923 777,926 473,928 125,929 15,930 347,932 149,936 9,938 495,945 798,945 927,953 759,958 459,959 851,961 155,964 261,968 665,969 55,980 989,981 307,984 41,985 89,985 233,999 317,999 159,1001 735,1009 962,1009 157,1011 193,1014 545,1015
ABC1 893,68 287,767 976,400 930,415 455,852 803,653 850,960 939,557 90,986 764,825 158,1011 941,442 695,781 335,869 945,541 252,598 949,522 613,485 147,702 198,762 630,109 189,182 334,832 606,839 413,135 946,297 1000,214 176,311 494,482 681,653 759,411 328,510 898,593 955,612 544,725 504,824 1004,838 964,853 945,116 866,265 238,326 235,377 519,411 310,473 496,638 516,651 610,785 195,874 316,999 638,21 195,53 586,159 781,161 502,284 598,366 445,408 635,500 713,625 431,652 221,662 355,694 32,56 801,296 32,333 220,359 937,387 999,404 474,438 865,481 462,514 792,575 13,631 297,703 985,729 178,867 240,911 474,928 985,10 908,183 28,194 567,246 817,254 561,265 654,296 556,307 453,317 629,429 783,472 695,521 101,540 326,548 928,561 432,677 11,703 270,709 245,772 1009,808 205,834 459,959 154,964 962,1008 528,29 329,70 561,84 528,88 687,105 163,163 629,193 453,211 862,214 365,226 331,238 665,240 884,263 908,298 59,346 316,382 1002,421 696,435 652,439 796,455 228,467 925,472 1014,490 640,510 372,526 153,551 555,578 773,624 377,659 44,681 483,684 293,689 855,693 871,746 746,807 142,861 558,885 90,919 563,923 16,930 926,954 55,979 545,1014 493,11 14,20 149,56 514,68 506,75 386,106 793,118 456,123 267,130 106,139 499,145 569,164 391,178 483,179 593,184 734,209 505,211 268,230 380,257 324,259 815,274 365,286 838,289 572,291 314,293 949,339 792,346 251,366 298,395 641,405 531,408 618,441 49,445 923,445 847,469 101,493 508,502 96,505 953,506 86,512 139,515 927,516 186,518 561,525 167,532 560,552 868,571 586,573 905,573 460,578 966,593 655,634 637,661 727,707 94,711 471,755 510,763 586,766 517,819 342,849 979,852 43,869 750,871 182,877 508,884 134,911 124,929 494,945 759,957 665,970 989,980 233,1000 736,1009 193,1014 315,21 706,39 708,76 461,91 624,138 948,206 571,229 83,245 782,249 146,291 778,358 660,367 97,379 545,386 912,399 992,414 557,416 912,444 257,466 962,469 659,477 219,493 509,515 515,583 148,588 431,607 967,620 556,624 382,672 870,672 799,681 673,730 954,776 338,784 72,794 412,822 534,865 787,901 430,911 347,931 150,936 797,944 261,968 42,985 505,12 692,134 569,190 590,209 39,289 642,777 777,925 12,940 308,982
ABC2 1020,379 475,485 939,557 803,653 291,757 91,985 893,69 975,400 930,415 803,653 455,852 851,960 893,69 975,400 930,415 803,653 288,769 455,852 851,960
ABC3 637,47 1020,379 1015,385 976,401 475,485 803,653 955,664 679,721 291,757 73,847 893,69 976,401 931,415 224,503 803,653 455,852 851,961 893,69 809,166 976,401 931,415 224,503 803,653 288,769 455,852 851,961
ABC4 1020,379 976,401 475,485 939,557 803,653 291,757 91,985 893,69 976,401 930,415 803,653 455,852 851,961 893,69 976,401 930,415 803,653 289,769 455,852 851,961
ABC5 1020,379 976,401 475,485 939,557 803,653 291,757 91,985 893,69 976,401 930,415 803,653 455,852 851,961 893,69 976,401 930,415 803,653 289,769 455,852 851,961
ABC6 897,73 977,401 293,773 301,773 893,69 897,73 977,401 293,773
ABD0 649,8 783,28 92,49 627,53 731,61 977,61 661,84 785,85 829,90 902,91 274,96 293,114 913,125 373,132 915,136 713,148 777,150 252,159 913,162 66,166 548,166 216,201 942,207 378,221 988,222 227,223 9,238 965,239 1005,242 850,264 157,275 992,309 309,319 742,325 679,327 8,337 52,344 48,354 354,363 74,372 376,373 492,375 255,395 811,416 171,434 654,434 515,446 672,456 266,460 661,463 337,466 638,475 11,487 424,487 836,507 853,531 115,532 158,534 208,545 1011,550 166,551 604,556 90,560 691,569 154,579 1008,595 390,609 544,627 404,631 11,639 693,643 814,651 158,659 641,662 448,664 805,669 955,675 969,675 41,677 530,677 731,680 970,684 810,686 550,701 938,713 106,729 399,731 41,732 582,749 843,756 890,765 314,766 157,777 933,784 433,793 209,807 397,814 764,819 853,821 825,822 159,829 596,830 172,835 160,837 827,837 680,846 307,847 613,847 150,849 976,855 141,867 894,881 542,894 13,899 391,922 853,938 526,946 128,951 447,956 64,959 31,963 767,975 465,976 62,977 132,979 623,982 85,984 717,987 34,997 584,1005 119,1007 944,1009 370,1011 759,1014 710,542 455,818 607,23 322,387 838,46 538,381 1003,129 752,231 673,549 196,827 639,915 292,955 941,24 891,369 112,709 72,887 246,404 230,944 628,663 337,804 232,837 407,136 477,371 735,837 648,604 73,969 71,500 797,732 580,407 624,721 653,347 66,522 937,548 737,348 722,482 897,523 326,741 838,418 271,664 152,925 400,513 916,630 361,344 135,881 532,189 904,572 737,851 608,126 26,429 511,893 636,804 685,820 609,201 548,388 151,487 417,975 414,570 674,890 82,809 539,160 498,678 457,718 143,794 161,879 586,897 533,921 383,535 1015,539 661,737 651,35 961,120 730,337 977,542 861,548 863,319 575,984 664,210 200,620 146,1002 214,928 325,144 897,219 814,590 601,594 1006,698 148,768 147,952 1006,490 588,397 716,436 456,445 37,791 116,919 575,968 73,451 157,954 384,492 543,117 654,193 985,424 620,617 255,735 275,719 796,266 193,544 958,972 421,170 162,846 726,132 728,593 1010,624 818,261 215,425 515,494 517,91 479,795 276,969 220,84 553,848 665,399 50,420
ABD1 41,679 844,757 85,986 315,768 35,999 695,645 133,981 338,468 161,835 355,365 171,436 851,265 227,225 493,377 14,901 390,611 1012,552 449,665 41,734 584,1007 914,164 815,652 130,952 465,978 116,533 853,940 167,552 106,730 151,850 516,448 934,785 784,29 310,320 91,560 12,640 811,688 977,856 837,507 904,91 158,275 11,488 1008,596 157,778 854,822 143,868 374,133 943,208 854,532 155,580 531,678 798,732 433,794 614,847 627,53 731,62 275,97 548,166 680,328 639,475 604,557 545,627 641,662 971,685 583,750 396,815 681,847 447,957 73,969 785,84 661,85 8,238 1005,243 992,309 74,372 654,435 897,523 208,546 690,569 158,659 938,713 176,843 307,847 895,882 119,1008 944,1009 370,1012 760,1014 607,23 829,90 777,150 252,159 379,222 736,349 538,381 811,416 838,418 661,464 65,521 649,604 968,674 956,675 498,679 624,721 149,768 209,808 765,821 827,838 161,879 392,923 64,961 31,964 63,977 623,982 575,983 717,988 93,50 293,113 608,126 407,135 915,135 713,148 420,171 216,201 898,219 989,222 752,230 53,343 360,345 48,354 890,369 376,373 322,387 255,395 579,407 26,429 456,445 1007,490 383,492 71,499 159,533 383,535 674,548 814,590 601,593 917,629 405,631 400,732 326,740 889,765 455,818 825,822 596,830 232,837 734,838 135,880 71,887 544,894 116,919 213,929 527,946 292,955 767,974 650,35 838,47 976,61 543,116 913,125 1003,130 725,131 66,166 533,188 609,201 665,210 964,238 742,325 731,337 475,370 587,396 246,405 672,455 265,460 722,483 424,486 150,487 399,513 976,542 936,548 1010,624 628,663 804,669 732,679 1005,698 550,700 113,708 458,718 35,792 143,794 479,794 337,803 636,805 83,809 685,820 163,846 736,850 675,890 512,892 639,916 152,923 230,943 415,975 940,23 220,83 518,90 960,120 326,143 538,159 655,195 817,260 797,264 862,320 654,346 985,423 214,425 716,435 72,450 515,495 1014,538 709,541 194,545 862,547 414,568 903,571 728,594 621,617 199,619 271,663 275,719 255,734 661,737 195,827 552,849 586,896 444,946 148,951 157,954 576,967 274,968 664,398 49,420 534,919 958,971 145,1000
ABD2 171,437 338,468 695,645 867,657 315,768 161,835 15,901 85,987 35,999 651,7 355,365 338,468 695,645 43,681 53,681 845,760 315,768 161,835 133,981 85,987 35,999 651,7 338,468 695,645 43,681 845,760 315,768 161,835 133,981 85,987 35,999
ABD3 652,7 880,9 1015,63 583,223 983,237 89,263 105,295 641,379 338,468 695,645 867,657 405,743 583,749 315,768 133,982 85,987 880,9 338,468 695,645 43,681 315,768 133,982 85,987 35,999 497,190 695,645 43,681 845,759 315,768 133,982 85,987 35,999
ABD4 171,437 338,469 695,645 315,768 161,835 15,901 35,999 651,7 355,365 338,469 695,645 43,681 315,768 161,835 15,901 133,981 85,987 35,999 651,7 338,469 695,645 43,681 845,759 315,768 161,835 865,961 133,981 85,987 35,999
ABD5 171,437 338,469 695,645 315,768 161,835 15,901 35,999 651,7 355,365 338,469 695,645 43,681 315,768 161,835 15,901 133,981 85,987 35,999 651,7 338,469 695,645 43,681 845,759 315,768 161,835 865,961 133,981 85,987 35,999
ABD6 7,637 41,679 137,985 697,649 41,679 761,721 849,765 137,985
ABE0 813,25 207,31 556,49 769,51 323,59 943,59 451,60 576,75 539,91 183,94 311,111 547,118 345,120 115,124 131,127 43,140 351,144 517,149 147,151 619,163 759,176 39,189 61,191 973,193 767,210 673,214 879,219 289,229 68,267 836,269 187,280 867,292 965,296 552,299 189,311 155,343 351,345 742,349 791,365 1012,365 944,373 129,384 754,395 1002,395 859,412 267,415 389,431 794,435 919,443 208,445 800,445 729,447 164,459 141,514 276,539 121,540 644,543 72,589 110,591 691,592 423,594 922,621 901,625 216,631 124,645 131,673 29,679 111,679 219,684 703,687 39,688 325,691 235,693 293,693 745,702 387,719 145,727 179,741 365,751 43,755 890,766 937,767 989,777 201,782 325,791 508,793 591,796 285,811 303,824 81,851 239,872 384,887 132,899 996,921 275,925 232,929 95,965 757,997 911,1014 991,1014 510,5 983,5 661,9 813,25 207,31 5,43 556,49 769,51 745,58 323,59 943,59 451,60 333,63 434,65 589,68 576,75 539,91 761,91 235,92 274,93 183,94 808,95 914,99 361,101 311,111 82,117 547,118 345,120 115,124 131,127 373,129 871,133 159,134 43,140 877,143 351,144 517,149 147,151 369,153 619,163 875,163 327,164 299,170 759,176 847,176 113,183 322,185 39,189 258,190 61,191 973,193 636,195 913,196 919,205 767,210 873,210 673,214 448,215 905,217 879,219 569,228 46,229 289,229 457,235 915,241 12,253 809,253 493,259 68,267 836,269 758,276 187,280 88,290 609,292 867,292 965,296 552,299 816,303 522,304 189,311 723,317 185,321 186,321 821,323 833,323 697,324 687,327 163,333 181,335 567,335 155,343 757,343 775,343 351,345 529,345 818,345 742,349 769,355 749,358 752,361 908,361 791,365 1012,365 781,373 944,373 713,375 33,381 129,384 831,393 754,395 1002,395 767,400 817,407 859,412 512,414 381,414 267,415 724,419 389,431 651,432 581,433 794,435 633,437 809,442 919,443 208,445 800,445 729,447 495,453 586,456 161,459 164,459 373,460 21,468 515,468 71,485 886,495 840,501 210,503 509,505 715,507 639,513 104,514 141,514 689,521 463,525 684,529 276,539 121,540 644,543 941,547 209,551 5,557 153,561 191,561 762,565 489,567 492,567 584,573 721,573 810,581 800,585 72,589 763,589 741,590 110,591 160,591 691,592 423,594 205,603 461,605 152,607 795,611 117,613 255,615 779,617 922,621 794,623 901,625 216,631 363,634 241,641 124,645 64,649 779,660 592,661 17,665 35,665 38,671 605,672 131,673 454,674 861,675 241,676 29,679 111,679 69,681 219,684 143,686 703,687 39,688 325,691 397,691 404,692 115,693 235,693 293,693 353,701 745,702 314,719 387,719 145,727 233,732 769,736 93,743 179,741 839,749 365,751 43,755 37,758 829,763 890,766 937,767 989,777 201,782 195,789 325,791 508,793 602,793 591,796 984,803 581,809 285,811 303,824 238,827 33,837 537,843 792,845 461,849 81,851 187,861 239,872 200,873 617,880 384,887 132,899 387,901 459,901 82,909 17,919 996,921 275,925 232,929 457,933 665,941 12,942 489,942 456,943 299,945 765,951 89,965 95,965 329,967 207,973 886,983 552,991 757,997 129,1000 121,1001 911,1014 991,1014 661,9 813,25 207,31 556,49 769,51 745,58 323,59 943,59 451,60 333,63 434,65 589,68 576,75 539,91 761,91 235,92 274,93 183,94 808,95 914,99 361,101 311,111 82,117 547,118 345,120 115,124 131,127 373,129 871,133 159,134 43,140 877,143 351,144 517,149 147,151 369,153 619,163 875,163 327,164 299,170 759,176 847,176 113,183 322,185 39,189 258,190 61,191 973,193 636,195 913,196 919,205 767,210 873,210 673,214 448,215 905,217 879,219 569,228 46,229 289,229 457,235 915,241 12,253 809,253 493,259 68,267 836,269 758,276 187,280 88,290 609,292 867,292 965,296 552,299 816,303 522,304 189,311 720,317 723,317 185,321 186,321 821,323 833,323 697,324 687,327 163,333 181,335 567,335 155,343 757,343 775,343 351,345 529,345 818,345 742,349 769,355 752,361 908,361 791,365 1012,365 781,373 944,373 713,375 33,381 129,384 831,393 754,395 1002,395 767,400 817,407 859,412 512,414 381,414 267,415 724,419 389,431 651,432 581,433 794,435 633,437 809,442 919,443 208,445 800,445 729,447 495,453 586,456 161,459 373,460 213,466 21,468 515,468 71,485 886,495 840,501 210,503 509,505 715,507 639,513 104,514 141,514 689,521 463,525 684,529 276,539 121,540 644,543 941,547 209,551 153,561 191,561 762,565 489,567 584,573 721,573 810,581 800,585 72,589 763,589 741,590 110,591 160,591 691,592 423,594 205,603 461,605 152,607 795,611 117,613 255,615 779,617 922,621 794,623 901,625 216,631 363,634 241,641 124,645 62,649 64,649 779,660 592,661 17,665 38,671 605,672 131,673 454,674 861,675 241,676 29,679 111,679 69,681 219,684 143,686 703,687 39,688 325,691 397,691 404,692 115,693 235,693 293,693 353,701 745,702 314,719 387,719 145,727 233,732 769,736 93,743 179,741 839,749 365,751 37,758 829,763 890,766 937,767 989,777 195,789 325,791 508,793 602,793 591,796 984,803 581,809 285,811 303,824 238,827 33,837 537,843 792,845 461,849 81,851 187,861 239,872 200,873 617,880 185,883 384,887 132,899 387,901 459,901 82,909 17,919 996,921 275,925 232,929 457,933 665,941 12,942 489,942 456,943 299,945 765,951 89,965 329,967 207,973 886,983 552,991 757,997 129,1000 121,1001 911,1014
ABE1 720,315 86,962 212,467 15,663 63,649 185,884 186,320 766,358 941,549 489,566 92,741 832,323 810,254 831,392 397,691 82,908 16,919 457,934 462,604 387,899 817,302 163,334 528,344 876,162 714,375 640,514 778,616 353,699 299,945 122,1000 688,324 255,614 839,748 760,90 876,142 493,259 822,322 818,407 651,433 510,505 153,561 796,610 590,68 235,93 781,373 586,456 161,459 191,561 69,682 552,989 914,241 567,335 494,452 69,485 104,515 464,525 142,686 11,941 207,973 333,61 538,91 449,215 182,334 757,342 767,400 381,414 794,434 728,446 114,694 988,777 536,843 792,846 201,872 361,100 872,133 516,148 636,194 12,253 809,443 918,443 840,501 275,539 644,543 799,585 152,606 779,659 38,671 38,688 179,740 132,899 459,901 311,111 82,116 114,124 160,134 146,151 328,164 114,182 912,195 919,206 905,216 570,228 457,235 68,267 836,269 190,310 774,342 944,373 34,380 632,436 800,445 374,460 810,582 118,612 861,676 219,684 233,731 365,751 828,763 936,767 202,782 508,793 983,802 188,860 994,921 276,923 758,996 909,1014 812,24 206,31 452,60 576,75 275,93 182,94 546,119 131,126 374,127 43,141 300,169 759,175 40,189 257,191 878,218 87,290 609,291 964,296 552,299 698,324 351,345 742,349 750,357 129,383 859,411 512,413 580,433 515,467 141,514 720,572 901,625 125,645 592,660 453,675 703,687 324,691 315,720 769,735 591,796 581,808 461,849 618,880 383,886 489,942 329,966 662,9 556,49 744,58 943,59 434,63 809,95 913,99 344,119 846,176 767,211 674,213 46,230 186,279 818,345 1013,366 754,393 266,414 724,419 389,430 886,495 716,507 690,521 120,539 208,552 762,567 583,574 110,589 690,591 160,593 205,602 216,632 242,641 130,672 242,675 29,678 294,695 145,726 38,757 284,810 303,823 34,837 81,851 232,927 665,941 456,944 766,950 886,983 768,50 350,142 369,153 619,162 321,184 60,190 973,193 873,209 757,275 867,291 522,303 155,344 909,360 1001,395 208,446 21,468 210,502 741,588 763,588 421,594 922,621 794,622 365,633 110,679 236,692 745,700 387,719 891,765 325,789 602,791 237,826 238,872 289,227 72,588 606,669
ABE2 721,317 212,467 63,649 15,663 721,317 212,467 63,649 15,663 185,883 87,965 721,317 212,467 63,649 15,663 185,883 87,965
ABE3 307,33 693,299 721,317 429,335 117,363 235,387 212,467 63,649 469,651 15,663 899,717 905,952 225,263 721,317 212,467 63,649 15,663 905,952 87,965 721,317 212,467 63,649 15,663 905,952 87,965
ABE4 213,467 217,473 63,649 93,741 721,317 213,467 63,649 16,663 185,883 905,953 87,965 721,317 213,467 105,600 63,649 16,663 185,883 87,965
ABE5 213,467 217,473 63,649 93,741 721,317 213,467 63,649 16,663 185,883 905,953 87,965 721,317 213,467 105,600 63,649 16,663 185,883 87,965
ABE6 769,361 65,649 17,665 85,961 841,961 87,965
ABF0 471,26 484,31 508,34 464,36 472,38 484,42 454,45 925,49 495,51 934,65 574,69 896,75 876,79 712,89 996,92 459,93 76,101 935,109 621,110 124,118 984,118 907,125 859,129 834,140 136,145 843,146 909,146 565,150 924,153 894,155 721,163 964,163 834,165 908,167 715,189 698,191 252,200 698,202 922,209 811,211 958,220 199,226 479,235 528,239 308,247 255,248 711,248 739,255 443,265 697,265 696,276 143,293 602,296 98,299 545,314 233,328 224,356 919,361 760,372 996,374 335,380 455,426 105,437 346,451 203,455 380,465 594,468 991,471 884,489 793,494 938,503 762,515 160,536 543,565 823,568 931,610 520,640 216,666 967,667 371,672 403,675 11,690 873,727 390,733 176,738 710,739 597,748 929,755 755,756 585,776 231,778 577,788 710,788 573,797 305,804 845,809 886,812 22,823 417,826 313,829 221,847 581,853 667,853 960,861 738,869 483,878 37,880 385,885 357,908 366,922 857,922 299,923 339,928 876,933 944,947 147,950 194,963 232,288 511,586 737,202 674,785 114,207 943,123 143,591 558,433 800,185 738,213 810,306 749,1000 925,170 374,977 321,641 772,34 443,790 901,325 279,705 350,765 672,1013 992,580 902,991 313,20 998,917 658,528 780,856 650,171 899,525 1002,297 193,815 551,780 556,85 725,343 717,895 420,28 700,904 935,52 731,400 548,19 118,41 523,114 788,148 432,688 795,64 154,683 616,831 1009,587 717,640 255,865 430,995 507,49 256,699 336,239 445,472 750,790 372,889 318,222 417,401 138,620 818,811 549,864 984,801 126,586 624,643 592,896 96,53 911,587 865,48 51,98 868,224 683,395 898,494 758,713 235,615 297,816 640,907 915,398 962,698 271,219 146,423 202,394 843,976 726,980 646,280 755,408 496,423 997,784 894,128 822,274 768,494 425,952 948,477 861,817 227,482 470,742 737,744 173,1004 483,557 778,874 563,844 247,332 631,420 651,868 874,790 708,601 572,675 235,250 975,792 361,1003 252,960 562,25
ABF1 923,211 193,965 756,759 485,44 521,642 221,849 309,249 105,438 314,831 910,148 877,81 472,27 306,805 813,212 495,53 835,141 252,201 464,37 877,935 484,32 622,111 835,167 225,356 667,854 907,126 760,373 884,490 218,667 968,668 22,823 384,886 945,947 709,250 698,265 12,691 586,776 417,827 575,69 78,103 984,119 894,156 966,164 715,190 545,315 233,329 346,452 992,472 160,536 372,673 391,734 574,798 897,76 936,111 859,129 722,164 909,167 959,220 200,227 758,713 577,788 960,862 453,45 925,48 713,90 459,93 925,158 478,235 255,248 920,362 996,374 939,503 581,854 738,870 485,879 37,880 998,917 795,65 996,92 698,202 948,218 696,276 602,295 558,431 379,465 948,478 899,494 823,568 144,591 872,727 176,739 711,739 930,756 550,864 718,894 299,922 857,922 339,928 725,980 420,28 508,33 119,41 935,66 557,84 523,114 124,119 943,123 136,146 565,152 649,171 800,185 737,202 337,239 739,256 442,266 144,293 1002,297 810,307 725,343 202,394 211,446 203,455 595,468 898,525 931,610 404,675 432,688 257,699 736,745 598,749 350,764 231,777 552,779 672,787 710,788 750,790 886,812 298,817 699,904 358,908 366,923 148,948 374,976 671,1012 547,19 314,21 771,35 51,99 924,170 700,191 114,206 738,213 317,222 867,223 528,239 233,289 900,325 336,379 731,400 140,417 497,423 456,425 228,481 768,494 792,494 659,526 483,557 543,565 992,579 510,585 708,600 236,615 321,641 572,675 153,683 279,704 470,741 873,789 844,808 818,811 193,814 861,817 780,856 779,874 372,890 592,896 843,975 750,1000 362,1002 561,24 867,47 506,49 96,52 788,147 272,218 235,248 823,273 645,279 98,298 248,331 684,394 914,398 417,402 753,409 631,422 445,472 763,513 124,585 1008,586 909,587 137,620 716,639 624,642 962,697 996,784 444,791 974,792 985,800 616,830 564,843 255,864 651,867 640,907 425,953 901,990 430,994 174,1003 896,127 252,958
ABF2 465,207 756,759 924,211 309,249 105,439 521,642 756,759 193,967 924,211 309,249 105,439 521,642 756,759 193,967
ABF3 473,127 465,207 759,269 69,427 471,437 369,487 929,504 489,551 139,635 287,713 756,759 35,773 239,953 765,983 923,211 929,504 756,759 193,967 923,211 105,441 929,504 756,759 193,967
ABF4 465,207 757,759 913,149 923,211 309,249 105,439 521,642 757,759 193,967 923,211 309,249 105,439 521,642 757,759 313,833 193,967
ABF5 465,207 757,759 913,149 923,211 309,249 105,439 521,642 757,759 193,967 923,211 309,249 105,439 521,642 757,759 313,833 193,967
ABF6 929,217 913,153 921,209 929,217 353,745 193,965
ABG0 139,14 515,19 808,24 51,50 252,57 698,73 260,77 690,86 668,89 348,97 834,99 484,111 387,115 64,124 607,127 230,138 34,141 68,160 171,164 158,172 93,196 458,197 605,200 380,204 166,207 626,219 427,229 398,230 417,277 22,281 724,328 945,329 515,341 278,350 386,358 38,381 208,393 106,415 109,431 667,434 223,440 154,455 379,466 666,473 175,492 775,497 478,499 230,500 644,510 24,516 539,519 228,520 94,532 673,537 972,552 600,569 398,588 370,605 173,656 43,674 670,676 361,680 429,692 735,694 396,730 129,775 239,779 86,781 365,781 106,782 128,797 934,798 858,802 195,822 145,841 135,847 579,868 339,882 984,882 812,884 75,901 688,907 642,914 360,916 32,918 921,921 113,929 748,941 868,948 263,971 206,977 676,978 725,982 494,999 573,1005 82,1013 26,295 200,333 292,358 276,944 760,471 901,181 831,711 410,839 56,889 319,588 657,195 493,278 272,869 534,958 304,717 81,413 25,471 256,684 38,994 240,574 221,286 410,616 201,629 710,70 214,277 891,488 248,531 372,67 63,790 226,705 238,839 703,817 954,244 481,636 251,363 1007,507 564,802 466,269 590,447 565,597 768,51 1000,726 639,901 911,581 248,736 322,545 431,96 691,301 257,788 198,1001 175,149 316,675 296,609 18,719 547,65 255,183 843,814 433,132 278,226 37,414 861,454 600,266 220,355 691,143 846,151 326,492 104,29 612,632 139,763 741,190 865,991 477,35 211,310 126,359 778,615 542,329 874,638 197,652 857,679 241,124 481,584 816,622 942,53 88,375 352,411 953,676 389,740 194,483 488,739 178,421 400,579 737,96 346,493 189,539 284,568 444,823 445,129 800,209 106,795 521,373 221,579 316,223 1002,266 608,481 217,491 414,969 530,93 136,194 836,491 518,8 648,586 828,1010 436,174 943,493 771,33 600,805 725,393 187,263 555,166 162,643 421,336 663,779 763,24
ABG1 643,916 231,502 231,141 25,518 366,783 974,554 228,522 387,117 516,21 154,457 580,870 399,232 238,784 676,980 44,675 167,208 110,433 646,512 210,395 946,330 691,88 87,782 361,918 776,498 667,474 922,921 478,500 984,883 868,949 428,231 417,278 176,493 340,884 139,15 458,198 515,342 935,799 813,884 607,128 667,435 689,908 749,942 67,160 107,416 760,471 361,679 195,823 33,918 726,982 484,112 93,196 626,220 23,281 723,329 397,730 107,783 206,977 494,999 574,1006 52,50 253,57 698,73 668,90 64,125 171,164 158,173 658,195 275,354 326,492 540,520 674,537 241,574 202,630 429,692 276,945 198,1002 807,24 260,77 834,99 35,142 287,344 386,358 293,359 890,488 600,570 320,587 398,588 371,606 670,677 129,776 127,798 858,802 639,902 865,990 942,53 348,98 445,129 176,148 604,200 381,204 799,209 599,266 215,276 26,295 691,302 302,353 219,356 39,381 80,413 223,441 607,480 1007,507 188,538 221,579 481,583 816,621 196,652 248,736 145,841 135,848 273,869 55,889 113,929 534,958 262,970 82,1014 519,9 472,33 768,51 711,70 737,97 241,123 434,131 690,142 846,150 554,166 900,180 278,225 954,244 200,333 125,358 252,363 521,373 88,375 38,413 591,447 860,455 379,466 24,470 667,485 93,531 322,544 912,581 296,610 613,632 481,636 874,637 163,643 174,654 856,679 256,683 735,693 227,705 829,711 18,718 390,739 139,763 256,788 64,790 564,802 600,806 703,817 238,839 411,840 75,901 413,968 38,993 828,1009 762,24 104,28 770,33 547,65 372,66 530,93 430,96 435,174 254,182 740,188 316,222 466,268 494,277 220,286 211,310 541,329 421,335 726,392 351,412 178,421 193,483 218,490 836,490 347,491 248,530 283,567 402,578 649,586 565,597 779,615 315,675 305,715 487,739 662,780 107,795 842,813 657,185 135,193 187,261 1003,264 944,490 409,614 951,675 999,726 443,821
ABG2 516,21 231,141 155,457 231,502 25,518 229,523 973,555 366,783 238,785 581,871 516,21 387,117 231,141 399,232 155,457 231,502 25,518 229,523 973,555 366,783 238,785 581,871 644,917 516,21 387,117 231,141 169,209 399,232 109,433 155,457 231,502 25,518 229,523 366,783 238,785 581,871 644,917
ABG3 951,97 33,111 231,141 329,328 389,335 231,503 25,519 229,523 445,551 973,555 366,783 645,917 231,141 231,503 25,519 366,783 231,141 169,209 399,233 113,433 231,503 25,519 366,783 238,785 889,929
ABG4 516,21 231,141 155,457 231,503 25,518 229,523 973,555 366,783 238,785 247,869 581,871 516,21 387,117 231,141 169,209 399,233 155,457 231,503 25,518 229,523 973,555 366,783 238,785 581,871 645,917 653,917 516,21 387,117 231,141 169,209 399,233 109,433 113,433 155,457 231,503 25,518 229,523 366,783 238,785 581,871 645,917
ABG5 516,21 231,141 155,457 231,503 25,518 229,523 973,555 366,783 238,785 247,869 581,871 516,21 387,117 231,141 169,209 399,233 155,457 231,503 25,518 229,523 973,555 366,783 238,785 581,871 645,917 653,917 516,21 387,117 231,141 169,209 399,233 109,433 113,433 155,457 231,503 25,518 229,523 366,783 238,785 581,871 645,917
ABG6 233,505 217,561 369,785 647,921 689,89 233,505 369,785 645,917 647,921
ABH0 97,25 973,27 811,30 355,31 194,53 471,77 731,85 812,87 181,94 123,112 175,115 929,121 999,126 206,134 443,138 561,151 807,191 813,195 605,205 304,213 110,215 326,223 246,231 157,243 535,243 470,245 261,264 459,266 373,272 615,282 507,283 413,288 797,296 590,297 635,297 218,305 667,307 657,312 971,313 327,319 258,325 343,346 749,365 808,365 573,367 436,373 577,376 75,384 179,384 431,392 187,393 849,393 510,413 84,421 327,424 336,427 451,429 1019,445 263,496 898,499 837,502 723,543 80,545 799,553 765,561 851,605 305,625 83,647 989,649 783,650 391,651 866,655 279,670 807,672 37,680 603,684 907,692 664,703 946,707 735,719 425,719 669,755 551,767 951,780 454,783 961,791 704,797 370,803 209,830 771,830 19,838 1003,850 740,851 144,861 335,875 899,879 778,889 805,889 619,892 795,895 367,906 884,913 7,917 327,930 231,932 667,948 126,957 312,981 66,995 627,997 924,11 305,13 761,16 708,19 792,21 97,25 274,25 589,25 973,27 811,30 355,31 389,32 861,33 81,41 1017,46 653,52 194,53 311,61 827,71 45,72 467,75 516,84 731,85 812,87 181,94 193,97 568,108 123,112 175,115 599,117 196,121 929,121 127,122 685,122 699,122 999,126 206,134 1012,134 443,138 914,149 561,151 833,155 829,163 596,165 537,175 135,175 552,175 320,181 305,189 807,191 813,195 841,195 913,197 605,205 767,208 304,213 501,213 1009,214 110,215 326,223 465,225 417,229 246,231 73,242 157,243 535,243 470,245 211,246 761,249 372,251 924,252 261,264 459,266 373,272 777,275 445,279 615,282 507,283 685,284 413,288 783,289 931,289 797,296 590,297 635,297 218,305 45,307 667,307 657,312 971,313 369,316 7,319 327,319 258,325 576,326 343,346 140,353 572,353 793,353 385,357 587,364 749,365 808,365 573,367 243,368 436,373 577,376 703,380 75,384 179,384 869,388 431,392 187,393 316,393 849,393 510,413 699,416 84,421 327,424 336,427 297,429 451,429 217,433 553,457 813,472 159,481 705,483 263,496 569,496 898,499 837,502 627,504 314,505 397,521 671,525 723,543 9,545 80,545 764,549 799,553 625,554 765,561 695,561 367,576 612,577 70,580 983,581 285,586 513,586 544,587 773,601 851,605 848,609 858,610 553,616 241,626 427,640 83,647 855,648 989,649 783,650 391,651 855,652 866,655 709,660 279,670 183,671 807,672 185,674 37,680 353,681 603,684 911,685 907,692 971,692 672,699 664,703 321,705 376,708 946,707 385,711 425,719 641,719 153,735 1015,738 660,753 669,755 551,767 951,780 454,783 760,785 1014,787 961,791 223,794 517,795 704,797 933,801 370,803 756,807 341,813 770,818 853,819 10,821 117,828 209,830 771,830 649,837 19,838 1003,850 740,851 144,861 911,864 335,875 826,879 899,879 181,885 778,889 805,889 911,889 619,892 795,895 367,906 884,913 7,917 327,930 231,932 796,934 719,945 667,948 126,957 312,981 826,987 66,995 627,997 245,1000 473,1015 937,1015 945,1015 924,11 305,13 761,16 708,19 792,21 97,25 274,25 589,25 973,27 811,30 355,31 389,32 861,33 81,41 653,52 194,53 311,61 827,71 45,72 467,75 197,79 516,84 731,85 812,87 181,94 193,97 568,108 123,112 175,115 599,117 196,121 929,121 127,122 685,122 699,122 999,126 206,134 1012,134 443,138 914,149 561,151 833,155 829,163 596,165 537,175 135,175 552,175 320,181 305,189 807,191 841,195 913,197 605,205 767,208 304,213 501,213 504,213 1009,214 110,215 326,223 165,225 465,225 165,226 417,229 246,231 73,242 157,243 535,243 470,245 211,246 761,249 372,251 924,252 261,264 459,266 425,271 373,272 741,275 777,275 445,278 553,279 445,279 615,282 507,283 685,284 413,288 783,289 931,289 797,296 590,297 635,297 218,305 45,307 667,307 657,312 971,313 369,316 7,319 327,319 258,325 576,326 343,346 140,353 572,353 793,353 583,354 385,357 587,364 749,365 808,365 573,367 243,368 436,373 577,376 703,380 75,384 179,384 869,388 431,392 187,393 316,393 849,393 510,413 699,416 84,421 327,424 336,427 297,429 451,429 217,433 553,457 813,472 159,481 705,483 675,495 263,496 569,496 898,499 837,502 627,504 314,505 787,507 397,521 671,525 723,543 9,545 80,545 764,549 799,553 625,554 765,561 695,561 367,576 612,577 70,580 983,581 285,586 513,586 544,587 773,601 851,605 848,609 858,610 553,616 241,626 427,640 83,647 855,648 989,649 783,650 391,651 866,655 709,660 279,670 807,672 185,674 37,680 353,681 603,684 907,692 971,692 672,699 664,703 321,705 376,708 946,707 385,711 425,719 641,719 153,735 1015,738 660,753 669,755 551,767 951,780 454,783 760,785 1014,787 961,791 223,794 517,795 704,797 933,801 370,803 756,807 341,813 770,818 853,819 10,821 117,828 209,830 771,830 649,837 19,838 1003,850 740,851 144,861 911,864 335,875 826,879 899,879 181,885 778,889 805,889 911,889 619,892 795,895 367,906 884,913 7,917 327,930 231,932 796,934 719,945 667,948 126,957 312,981 826,987 66,995 627,997 245,1000 473,1015 937,1015 945,1015
ABH1 445,278 469,75 794,351 503,212 140,353 245,1000 8,546 787,506 425,271 855,650 536,174 674,495 554,278 165,225 985,580 741,275 353,682 312,60 198,78 472,1014 757,808 465,226 397,520 852,818 45,306 385,710 340,814 321,705 306,12 826,71 913,197 931,288 695,560 305,626 153,736 589,24 685,122 914,148 554,175 840,195 813,472 671,524 774,602 424,718 735,718 771,829 760,16 698,121 128,122 767,208 507,283 327,422 544,586 910,889 231,932 971,27 192,97 929,120 830,163 243,369 217,434 838,502 626,504 366,576 183,671 665,702 642,719 517,795 327,930 826,987 707,20 811,30 388,31 862,32 46,72 174,114 599,115 207,134 560,151 135,175 325,221 783,289 576,325 580,350 572,354 431,392 316,393 849,393 553,458 612,577 769,817 117,829 719,946 355,30 652,52 516,84 731,84 812,88 196,121 442,137 109,213 417,229 246,232 471,245 924,251 262,264 373,272 413,288 590,296 668,306 657,311 574,366 576,376 870,387 187,392 451,430 159,481 722,543 80,544 765,560 858,610 784,649 278,671 807,672 37,681 971,691 1015,737 760,785 795,895 367,907 796,934 66,994 792,20 81,41 194,53 122,111 999,126 305,190 806,190 1007,213 303,214 75,242 157,243 534,243 211,246 761,249 458,266 777,273 615,282 796,296 635,297 218,304 971,312 384,357 587,364 748,364 808,364 436,373 703,378 75,383 179,383 512,413 700,417 298,428 706,482 262,496 800,553 283,586 848,608 553,616 427,641 82,647 989,651 708,660 603,685 907,691 946,705 375,708 659,755 669,756 951,780 961,793 703,797 370,802 10,820 210,830 18,836 649,837 1002,849 912,863 334,875 898,878 825,879 619,893 627,996 96,25 274,25 181,94 568,108 1013,133 320,181 603,205 370,251 684,284 371,317 327,318 258,323 343,345 85,420 336,428 570,496 900,499 314,505 763,548 625,553 514,586 241,625 391,650 868,653 550,768 1014,787 223,793 933,801 740,849 144,859 779,888 805,890 884,912 666,947 126,957 312,979 596,163 70,578 453,780 184,884
ABH2 469,75 537,174 503,212 445,278 553,279 795,351 675,497 787,507 8,547 245,1000 469,75 503,212 425,271 445,278 795,351 140,353 8,547 855,649 245,1000 469,75 503,212 425,271 445,278 795,351 140,353 8,547 855,649 245,1000
ABH3 469,75 116,163 503,212 445,278 795,351 488,353 181,715 823,719 40,937 727,993 801,1011 469,75 503,212 445,278 795,351 141,353 245,1001 469,75 503,212 445,278 795,351 141,353 245,1001
ABH4 469,75 503,212 553,279 795,351 675,497 787,507 8,547 245,1001 469,75 537,175 503,212 425,271 445,277 553,279 795,351 140,353 8,547 855,649 245,1001 469,75 537,175 503,212 425,271 445,277 553,279 795,351 140,353 8,547 855,649 245,1001
ABH5 469,75 503,212 553,279 795,351 675,497 787,507 8,547 245,1001 469,75 537,175 503,212 425,271 445,277 553,279 795,351 140,353 8,547 855,649 245,1001 469,75 537,175 503,212 425,271 445,277 553,279 795,351 140,353 8,547 855,649 245,1001
ABH6 427,185 792,513 345,569 449,281 449,281 792,513 97,761
ABI0 315,3 627,15 599,29 339,49 457,57 719,61 859,64 57,78 841,88 189,89 571,100 703,101 336,131 29,133 91,139 200,139 229,151 223,173 249,175 851,175 62,181 190,181 744,189 115,197 167,210 640,233 52,243 142,245 575,247 321,253 495,259 399,263 527,270 215,281 91,289 531,296 7,312 886,314 530,323 656,323 435,328 345,331 25,333 377,343 495,343 591,359 999,364 550,365 921,368 299,380 891,388 567,393 635,393 351,401 849,403 267,407 194,433 579,444 193,456 932,475 51,480 888,481 1020,483 445,487 333,489 280,491 418,495 965,501 596,523 388,571 481,589 30,595 906,607 863,609 551,615 75,619 699,624 385,637 545,643 327,651 610,655 422,667 18,671 361,671 848,719 605,728 381,733 3,753 269,755 305,759 331,771 224,797 150,805 541,811 111,814 863,839 309,841 856,858 795,893 370,905 101,943 243,948 989,964 164,965 527,973 807,977 628,981 482,995 33,9 507,12 457,13 627,15 1009,15 675,17 989,25 389,25 599,29 376,30 747,31 1003,36 665,39 339,42 377,45 773,48 339,49 85,57 457,57 719,61 801,61 859,64 696,67 689,69 57,78 362,79 408,79 579,81 187,82 657,83 263,88 648,88 841,88 189,89 455,97 571,100 217,101 703,101 440,105 143,107 285,110 732,118 41,119 901,119 267,124 309,125 854,128 381,130 336,131 29,133 40,133 122,135 530,136 91,139 200,139 823,147 260,148 229,151 854,152 213,155 199,157 607,157 129,158 528,159 183,160 197,163 223,173 369,174 249,175 836,175 851,175 645,179 287,180 62,181 190,181 335,184 229,185 437,189 744,189 793,189 822,191 664,192 793,192 115,197 684,197 133,199 411,205 117,206 831,207 673,208 167,210 654,215 472,229 640,233 739,234 978,234 816,237 188,238 194,241 52,243 142,245 575,247 560,249 595,249 869,251 135,253 321,253 725,253 255,258 495,259 369,260 321,262 399,263 652,265 679,268 527,270 255,276 468,277 379,278 215,281 538,281 91,289 425,293 531,296 176,303 642,304 227,307 244,310 7,312 886,314 925,316 387,317 419,317 721,317 913,321 29,320 530,323 656,323 435,328 377,329 345,331 25,333 856,334 393,334 781,336 816,339 189,343 377,343 495,343 864,347 29,353 403,354 961,357 591,359 787,360 999,364 550,365 801,365 108,366 921,368 299,380 401,384 461,388 891,388 567,393 635,393 789,396 351,401 793,403 849,403 826,404 277,405 267,407 543,409 489,414 194,433 395,436 579,444 336,447 21,449 509,452 193,456 89,459 203,459 873,471 79,475 932,475 51,480 888,481 914,481 477,482 445,487 333,489 280,491 418,495 856,499 965,501 21,509 581,509 300,513 454,513 796,518 596,523 337,524 42,537 36,565 75,567 388,571 30,595 785,597 858,607 906,607 863,609 551,615 75,619 699,624 385,637 545,643 327,651 610,655 422,667 18,671 361,671 537,673 117,683 955,684 573,685 95,688 433,691 783,697 808,705 848,719 605,728 32,729 316,731 381,733 481,737 661,740 269,755 305,759 933,764 649,769 609,770 331,771 817,783 749,789 999,792 141,795 224,797 150,805 405,809 541,811 111,814 283,828 863,839 298,841 309,841 137,843 1003,843 55,845 242,849 856,858 643,862 432,873 468,888 313,892 795,893 897,895 370,905 887,905 820,916 769,923 216,933 101,943 243,948 989,964 164,965 125,969 527,973 807,977 628,981 772,981 482,995 33,9 507,12 457,13 627,15 1009,15 675,17 989,25 389,25 599,29 376,30 747,31 1003,36 665,39 339,42 377,45 773,48 339,49 85,57 457,57 719,61 801,61 859,64 696,67 689,69 57,78 362,79 408,79 579,81 187,82 657,83 263,88 648,88 841,88 455,97 571,100 217,101 703,101 440,105 143,107 285,110 732,118 41,119 901,119 267,124 309,125 854,128 381,130 336,131 29,133 40,133 122,135 530,136 200,139 823,147 260,148 229,151 854,152 213,155 199,157 607,157 129,158 528,159 183,160 223,173 369,174 249,175 836,175 851,175 645,179 287,180 62,181 190,181 335,184 229,185 437,189 744,189 793,189 822,191 664,192 793,192 115,197 684,197 133,199 411,205 113,206 117,206 831,207 673,208 167,210 654,215 472,229 640,233 739,234 978,234 816,237 188,238 194,241 52,243 575,247 560,249 595,249 869,251 135,253 321,253 725,253 255,258 495,259 369,260 321,262 399,263 652,265 679,268 527,270 255,276 468,277 379,278 215,281 538,281 91,289 425,293 531,296 176,303 642,304 227,307 244,310 886,314 925,316 387,317 419,317 721,317 913,321 29,320 530,323 656,323 435,328 377,329 345,331 25,333 856,334 393,334 781,336 816,339 189,343 377,343 495,343 864,347 29,353 403,354 961,357 591,359 787,360 999,364 550,365 801,365 108,366 921,368 299,380 401,384 461,388 891,388 567,393 635,393 351,401 793,403 849,403 826,404 277,405 267,407 543,409 489,414 194,433 395,436 579,444 336,447 21,449 509,452 193,456 89,459 203,459 873,471 79,475 932,475 51,480 888,481 914,481 477,482 543,483 445,487 333,489 280,491 418,495 856,499 965,501 21,509 581,509 300,513 454,513 796,518 596,523 337,524 42,537 36,565 75,567 388,571 30,595 785,597 67,603 858,607 906,607 863,609 551,615 75,619 699,624 385,637 545,643 327,651 610,655 422,667 18,671 361,671 537,673 193,675 117,683 955,684 573,685 95,688 433,691 783,697 808,705 848,719 605,728 32,729 316,731 381,733 481,737 661,740 269,755 305,759 933,764 649,769 609,770 331,771 817,783 749,789 999,792 141,795 224,797 150,805 405,809 541,811 111,814 283,828 863,839 298,841 309,841 137,843 1003,843 55,845 242,849 856,858 643,862 432,873 468,888 313,892 795,893 897,895 370,905 887,905 820,916 769,923 216,933 101,943 243,948 989,964 164,965 125,969 527,973 807,977 628,981 772,981 482,995
ABI1 793,191 369,174 192,675 40,117 68,604 914,320 543,483 802,61 664,39 229,186 88,459 688,69 538,673 28,353 541,408 702,100 309,123 436,189 419,316 926,316 287,179 134,253 20,510 55,844 607,155 643,180 411,205 933,765 1009,14 674,17 198,156 226,308 386,316 874,470 95,689 648,768 137,843 1003,843 887,904 42,133 725,252 801,364 794,403 75,566 117,682 768,923 747,30 458,57 718,60 29,132 850,175 334,185 378,327 278,404 19,449 77,474 479,590 432,690 781,697 748,789 216,934 126,970 599,29 773,48 263,87 454,98 212,155 978,235 188,238 175,303 394,437 314,892 806,976 388,25 989,25 339,49 85,58 580,81 658,84 142,107 823,146 250,174 830,207 817,338 30,595 863,609 573,685 404,810 242,849 378,44 57,78 285,110 854,152 529,158 836,176 821,192 132,200 869,250 320,254 652,265 255,276 721,317 25,333 394,334 591,358 299,380 202,457 582,509 699,624 605,728 317,730 270,754 818,783 142,794 100,943 772,982 457,11 859,64 571,99 731,118 900,119 854,128 381,130 529,136 191,180 62,181 744,188 683,197 738,235 574,246 594,249 255,257 399,262 380,278 530,296 243,310 434,329 782,335 188,343 864,348 402,354 462,387 887,480 444,486 965,501 454,512 337,524 906,605 545,643 327,651 381,732 481,737 306,759 110,815 433,872 895,894 482,994 507,12 626,14 375,29 363,78 186,82 648,87 440,105 260,149 129,158 118,207 673,209 167,210 640,233 52,241 680,269 538,280 215,282 92,288 642,304 30,320 530,322 657,322 376,342 787,360 550,365 921,368 635,393 849,403 266,407 194,433 579,444 193,456 931,475 51,480 419,495 856,498 797,517 42,536 551,616 387,636 609,655 422,666 17,672 31,727 660,741 284,828 862,838 856,859 468,887 369,905 527,973 628,981 1004,35 407,79 840,87 216,100 267,123 336,130 121,135 199,137 229,151 223,172 663,192 654,214 472,229 816,237 560,249 495,257 370,260 525,269 425,294 887,314 344,330 856,334 494,342 960,357 997,365 106,366 400,384 889,387 566,393 350,401 826,404 490,414 335,447 333,488 300,514 35,565 77,619 361,671 955,684 808,703 849,718 608,770 330,771 999,791 222,796 149,805 542,810 310,839 644,862 796,893 820,915 243,949 164,964 988,964 92,138 184,158 468,275 509,450 477,480 914,480 280,489 596,521 388,569 785,594 299,839
ABI2 192,675 369,173 793,191 192,675 369,173 793,191 192,675
ABI3 989,47 47,49 159,65 369,174 545,319 21,387 755,421 647,469 965,639 1003,657 192,675 715,897 715,1005 793,191 369,174 793,191 153,729
ABI4 192,675 369,173 793,191 192,675 369,173 793,191 192,675
ABI5 192,675 369,173 793,191 192,675 369,173 793,191 192,675
ABI6 728,255 793,193 728,255
ABJ0 173,8 34,26 508,38 503,54 328,76 629,79 934,84 194,87 331,117 468,118 896,141 312,180 635,191 500,194 495,209 474,216 424,265 62,271 301,274 75,288 165,290 207,299 486,320 933,321 859,323 438,335 462,349 934,351 57,354 294,363 219,386 792,387 271,400 242,407 581,432 345,433 8,434 271,449 929,479 380,490 257,535 548,548 149,550 68,551 668,584 557,585 869,595 89,608 544,626 274,642 578,646 113,651 378,653 443,658 46,682 513,694 133,709 76,713 134,730 319,758 295,781 672,787 889,843 373,854 302,858 817,864 108,878 348,900 956,915 792,956 330,958 906,967 201,987 559,996 860,1007 676,1008 89,1009 533,120 594,126 165,555 605,784 240,776 918,63 393,44 158,780 399,31 717,256 647,563 70,492 183,256 386,1007 257,59 891,545 79,500 253,909 157,736 131,845 776,551 125,569 769,781 511,189 781,304 816,636 198,887 412,787 477,577 530,933 337,783 173,915 221,992 95,85 222,803 963,758 201,941 882,206 670,915 20,78 92,569 123,429 317,431 227,680 234,733 91,392 740,525 561,159 246,271 543,414 256,864 626,1015 256,305 935,758 485,729 805,880 97,995 447,399 74,526 540,55 735,697 697,699 93,701 273,203 658,239 920,428 399,736 787,744 566,297 794,700 508,262 539,753 352,218 131,869 393,520 319,749 305,58 235,594 727,127 65,338 64,642 247,676 416,982 176,35 541,209 832,315 404,473 267,300 99,757 343,912 879,720 268,345 999,451 501,606 140,790 154,201 342,248 441,887 560,142 627,303 201,764 159,418 564,700 420,52 566,927 826,544 725,566 118,703 95,867 485,48 275,194 287,506 40,484 934,677 54,110 381,312 312,169 622,887 596,496 551,135
ABJ1 134,711 58,356 175,10 330,960 48,684 35,28 870,597 561,997 313,182 243,409 135,731 207,301 201,992 90,609 196,88 9,436 897,142 545,628 793,389 495,210 302,275 929,481 557,587 957,916 906,968 859,324 295,364 381,491 76,714 272,401 258,535 668,585 792,958 462,350 549,548 69,551 468,120 424,266 246,271 581,434 379,654 933,86 474,216 438,335 271,449 646,563 273,642 578,646 113,651 443,658 514,695 295,781 412,786 673,788 222,802 890,843 373,855 303,860 817,865 676,1008 861,1008 918,63 331,118 534,120 561,160 934,351 891,545 776,551 147,555 319,759 770,781 109,877 670,915 508,39 503,53 304,58 328,77 21,78 630,79 635,192 63,271 74,288 165,289 485,319 219,385 404,473 596,496 288,507 393,520 739,524 157,542 92,701 485,730 787,744 320,749 99,757 964,758 935,759 158,780 131,845 197,887 385,1008 88,1009 627,1014 400,30 177,35 393,43 420,52 95,85 593,127 551,134 559,142 510,188 500,194 155,201 881,206 540,208 658,238 343,249 182,255 716,255 256,306 933,321 65,338 91,392 920,427 123,429 345,433 173,547 166,555 124,568 477,577 501,606 817,635 64,642 226,679 201,765 605,782 336,784 140,789 255,864 94,867 131,868 348,899 253,907 174,915 530,932 202,941 96,994 485,49 541,54 258,58 54,110 726,125 312,170 275,195 273,203 352,217 509,263 567,296 267,299 626,301 781,305 483,310 381,312 830,315 267,345 447,398 542,414 160,417 318,430 999,451 40,484 70,492 79,498 74,526 826,545 724,566 91,569 233,594 558,597 934,676 697,699 794,699 118,704 879,721 233,733 400,735 538,752 238,776 805,880 621,887 344,910 416,981 220,991 246,675 736,696 563,699 156,735 439,887 565,926
ABJ2 175,10 35,28 208,301 59,356 91,609 135,711 201,991 175,10 35,28 313,181 208,301 59,356 243,409 870,597 47,685 135,711 330,961 201,991 561,997 175,10 313,181 208,301 59,356 243,409 870,597 47,685 135,711 136,733 330,961 201,991 561,997
ABJ3 175,10 825,75 1017,107 591,205 59,356 987,515 927,581 135,711 505,755 345,899 586,937 759,989 201,991 175,10 59,356 47,685 135,711 330,961 201,991 175,10 59,356 135,711 330,961
ABJ4 175,10 35,28 59,356 91,609 201,993 175,10 35,28 313,181 59,356 243,409 47,685 135,711 137,733 330,961 201,993 561,997 175,10 35,28 313,181 208,301 59,356 243,409 769,521 870,597 47,685 135,711 137,733 330,961 201,993 561,997
ABJ5 175,10 35,28 59,356 91,609 201,993 175,10 35,28 313,181 59,356 243,409 47,685 135,711 137,733 330,961 201,993 561,997 175,10 35,28 313,181 208,301 59,356 243,409 769,521 870,597 47,685 135,711 137,733 330,961 201,993 561,997
ABJ6 31,413 987,497 137,713 54,353 65,361 873,601 137,713 201,993
ABK0 941,10 693,20 441,31 380,33 577,36 181,67 975,95 538,99 326,102 949,109 734,126 632,129 991,145 878,152 530,153 278,155 408,157 446,161 913,167 8,181 253,183 641,192 65,205 486,206 103,221 230,222 979,240 372,241 665,243 694,243 329,253 51,265 934,270 912,273 335,309 625,314 525,320 358,321 623,324 664,324 338,326 868,331 593,336 637,343 740,346 726,347 308,355 230,356 627,368 131,370 984,371 497,373 457,387 734,391 991,393 923,407 617,411 419,413 860,419 321,427 568,434 622,434 318,435 134,436 8,437 411,444 685,445 455,447 372,448 447,449 988,455 31,471 652,472 87,479 342,480 407,481 461,482 604,483 441,502 968,512 960,515 429,526 718,528 318,533 396,538 966,540 471,541 433,542 348,548 31,552 847,552 434,556 889,563 446,570 312,579 634,592 600,603 782,605 424,607 568,607 479,624 118,625 338,636 204,637 233,638 355,642 241,644 227,647 821,648 239,657 101,658 406,667 426,681 97,684 882,686 191,687 151,695 990,709 426,710 625,723 40,744 312,745 251,746 383,759 576,770 630,778 339,783 311,791 209,792 327,794 417,803 179,805 92,810 332,811 74,827 585,827 764,831 409,833 298,836 933,836 351,846 812,849 899,853 809,859 319,868 814,868 71,875 406,887 253,900 685,928 327,931 959,931 375,947 82,952 417,963 342,964 129,978 8,983 690,998 921,1006 141,1001 701,461 8,882 931,98 52,56 47,600 149,910 970,330 286,467 525,713 17,866 317,937 339,148 839,37 203,211 253,164 795,382 292,850 585,950 280,346 318,826 79,989 477,426 689,496 342,750 359,761 1011,17 738,410 433,476 428,725 318,553 318,685 461,181 367,848 273,97 661,265 491,15 771,148 811,245 708,248 495,352 519,484 188,1009 111,465 232,485 351,715 887,77 804,134 279,439 173,855 132,357 479,363 768,673 651,706 386,397 594,587 155,650 339,66 523,458 330,837 464,351 23,843 275,107 671,912 907,81 420,518 609,558 152,809 527,138 501,178 349,237 405,366 895,30 267,303 903,323 344,684 959,297 540,389 326,979 406,353 551,363 812,624 438,395 274,760 222,844 571,912 650,953 842,991 301,346 136,609 680,212 829,399 377,726 506,26 392,277 998,477 616,909 197,253 927,591 337,765 416,339 895,772 361,101 555,213 12,347 785,989 52,437 801,787 138,942 9,153 47,311 22,940 234,837 228,947 415,283 158,31 327,238 432,589 654,373 530,475 498,115 743,146 129,414 350,140 718,13 213,304 1011,170 134,251 1014,472 280,581 395,813 325,775 134,161 909,355 191,793 300,870 238,878 229,962 1004,161 131,384 914,540 90,30 655,34 85,745 610,83 255,760 163,992 328,60 687,334 990,731 447,716
ABK1 694,22 637,345 498,375 686,448 962,516 8,986 913,170 330,255 823,650 227,649 373,243 604,485 42,746 32,554 210,793 398,539 278,157 727,349 231,223 252,747 83,953 569,435 890,565 75,828 319,436 299,837 383,761 783,606 339,327 991,394 472,543 626,723 577,771 480,625 407,889 343,965 985,372 457,389 419,415 427,711 352,847 643,193 448,449 966,542 407,668 313,746 72,876 578,37 993,146 409,158 665,325 230,358 628,369 240,644 320,869 447,161 103,222 374,449 407,482 429,527 718,528 338,637 340,784 941,11 527,157 665,243 594,338 988,456 433,542 848,553 118,626 310,792 328,796 934,837 899,854 328,931 922,1006 735,127 708,248 912,273 903,324 734,393 32,473 342,480 435,557 446,571 240,658 191,688 526,713 333,812 809,859 180,68 931,97 803,134 879,153 65,206 979,241 134,251 934,269 359,322 923,408 318,533 349,548 927,592 424,607 568,607 102,659 343,684 630,778 812,850 417,964 52,56 326,101 633,128 501,179 254,184 694,245 958,297 46,312 626,315 524,321 868,330 741,347 13,348 131,384 859,418 622,433 652,472 318,552 313,579 47,600 204,637 98,684 883,686 991,709 764,831 408,833 24,844 17,866 685,929 959,931 691,998 189,1009 491,15 339,66 976,96 538,99 948,109 498,115 339,148 254,164 1011,171 203,211 50,265 415,284 267,303 406,353 308,356 551,364 405,365 386,397 617,411 477,426 135,435 523,459 701,462 112,465 433,475 86,478 461,482 689,497 634,591 600,603 355,642 769,673 990,730 341,751 895,772 417,804 93,810 317,826 586,827 235,837 222,843 367,847 181,861 815,868 253,900 149,909 317,936 375,947 585,949 129,979 785,989 842,991 141,1001 717,13 1011,16 506,26 90,29 895,29 158,31 655,33 381,34 840,37 328,60 887,78 908,81 610,84 273,97 362,103 275,108 351,139 10,153 460,181 488,206 681,211 556,213 328,238 349,238 810,245 661,264 213,305 336,309 618,327 971,330 687,335 301,345 495,352 909,355 133,356 654,372 795,381 540,389 738,412 280,438 410,444 1015,473 998,476 519,484 232,485 442,503 420,517 912,539 594,587 135,610 813,624 155,649 426,681 318,685 651,707 350,715 447,716 378,727 273,760 325,776 190,794 178,805 152,809 330,837 172,856 238,879 572,912 671,912 137,942 78,989 442,30 525,137 744,145 770,148 133,160 197,252 393,278 415,338 279,344 464,350 479,362 130,369 439,394 828,398 130,413 51,436 285,466 531,475 610,558 280,579 432,589 152,695 428,726 322,736 83,745 254,759 359,762 338,765 800,786 395,814 293,848 300,870 608,904 22,940 228,948 650,952 229,962 326,979 162,992 617,907
ABK2 373,243 686,447 962,516 398,539 33,555 822,649 210,793 695,23 913,169 373,243 330,255 637,346 498,376 686,447 605,485 962,516 229,649 822,649 9,985 695,23 913,169 330,255 637,346 498,376 686,447 962,516 822,649 9,985
ABK3 331,257 237,355 631,361 1017,415 945,440 687,449 960,480 962,517 33,555 822,649 210,793 541,995 695,23 913,169 637,346 498,376 687,449 960,480 962,517 633,585 822,649 695,23 913,169 637,346 498,376 687,449 962,517 633,585 769,593 822,649 929,680 9,985
ABK4 373,243 330,255 33,555 822,649 385,761 210,793 695,23 913,169 373,243 637,345 498,376 686,447 605,485 962,517 229,649 822,649 210,793 9,985 695,23 913,169 637,345 498,376 686,447 962,517 822,649 9,985
ABK5 373,243 330,255 33,555 822,649 385,761 210,793 695,23 913,169 373,243 637,345 498,376 686,447 605,485 962,517 229,649 822,649 210,793 9,985 695,23 913,169 637,345 498,376 686,447 962,517 822,649 9,985
ABK6 705,33 697,25 689,449 225,649 693,21 697,25 558,344 689,449 9,985
ABL0 940,28 841,37 722,46 750,47 923,48 462,50 780,53 1007,79 307,90 357,99 208,109 642,125 180,132 974,139 783,153 216,155 424,155 745,164 620,186 979,190 756,195 556,196 738,197 62,200 203,228 55,230 993,237 973,239 229,241 87,242 156,248 288,253 108,257 378,261 13,292 425,296 321,299 402,302 422,308 748,320 732,321 961,327 652,333 759,343 865,355 447,361 317,362 84,367 199,371 860,385 329,396 231,402 705,409 386,411 773,414 463,429 220,436 460,448 490,448 781,460 639,470 242,485 311,497 452,508 52,520 320,526 332,534 796,537 419,547 121,552 820,563 699,568 21,569 572,572 342,573 805,579 334,604 21,606 918,607 771,609 31,610 421,620 913,627 844,644 895,645 849,654 298,659 324,672 282,674 549,680 571,680 429,682 81,684 707,689 858,705 112,743 578,743 701,744 513,750 887,753 402,770 380,773 429,779 177,809 447,821 490,821 769,835 732,848 576,858 181,862 863,881 9,893 970,900 323,924 912,925 626,963 945,969 76,971 276,974 294,975 448,981 14,987 554,1000 253,507 61,431 106,224 580,326 75,388 402,581 724,761 177,568 752,133 726,531 66,699 604,883 41,890 101,985 361,242 955,270 93,521 917,651 971,759 482,545 895,236 286,438 944,834 798,772 799,915 914,585 987,792 640,610 536,628 958,71 391,292 969,397 113,808 249,45 69,725 574,707 656,1013 47,479 843,68 242,568 168,74 675,171 77,577 608,672 935,774 117,8 121,145 465,676 497,204 547,296 336,436 687,677 833,744 333,370 535,860 226,660 880,772 491,996 550,440 985,449 521,900 997,34 49,449 187,504 201,831 728,105 607,209 279,644 985,855 177,246 572,389 677,556 927,663 570,617 375,623 130,686 456,916 685,154 991,506 184,637 859,477 24,220 993,554 567,888 521,350 342,810 949,326 318,516 310,227 611,361 176,362 22,839 504,899 35,335 748,486 37,394 904,916 422,950 376,280 397,605 218,172 162,568 531,709 11,779 168,513 902,625 809,953 754,221 351,881 467,894 305,613 981,311 361,1000 808,499 672,891 311,807 485,602 916,346 794,56 610,275 566,608 85,1015 963,506 341,144 35,977 327,623
ABL1 86,369 864,883 204,230 232,404 421,548 888,754 975,140 387,412 450,982 424,157 332,536 221,437 549,682 295,977 283,675 324,925 14,989 942,29 23,607 63,202 199,372 918,608 448,822 379,263 749,321 974,240 403,771 181,864 403,304 54,521 571,680 217,157 319,363 579,744 770,836 971,901 452,510 299,660 464,430 640,470 734,849 722,47 208,110 55,231 87,244 334,606 32,611 774,414 572,573 913,627 895,645 702,744 379,775 276,974 307,90 745,165 992,238 322,300 422,309 653,334 331,397 492,448 796,537 343,573 771,610 491,822 554,1001 462,51 928,54 756,195 288,253 425,296 949,326 865,355 705,409 461,448 985,449 122,552 805,579 325,672 82,684 430,780 841,38 250,46 750,46 780,52 358,99 642,125 181,132 751,134 121,144 783,153 675,170 980,190 556,196 738,197 106,223 161,254 14,293 733,322 759,344 781,460 243,484 311,497 319,526 677,556 903,625 917,651 513,749 176,811 10,893 521,900 945,969 1008,78 342,144 619,186 606,209 754,220 228,241 611,274 391,292 547,297 961,328 448,361 176,362 859,385 572,388 969,397 61,431 286,438 992,505 725,531 177,567 21,569 304,612 421,621 375,623 844,643 430,682 707,689 531,708 724,761 112,808 536,859 351,880 567,887 627,962 101,986 491,995 656,1012 117,9 997,34 842,67 957,70 168,73 217,172 497,204 108,258 377,279 580,327 332,369 337,435 48,449 46,479 187,504 251,508 318,515 482,544 822,562 162,567 241,567 699,568 486,603 640,608 571,617 279,643 848,653 225,660 928,662 687,675 66,699 858,706 111,742 834,745 880,772 934,773 987,793 311,808 201,830 945,833 22,838 576,858 603,882 40,890 799,915 455,916 913,925 422,950 809,952 76,969 34,977 305,977 361,999 45,8 793,56 729,104 687,153 24,218 310,226 895,236 360,241 177,245 956,269 982,309 33,335 917,345 520,350 611,360 73,388 37,393 547,440 860,476 749,485 808,499 963,507 167,512 93,520 994,553 76,575 401,582 914,584 397,604 566,608 326,622 536,628 183,636 607,672 464,675 130,684 573,706 68,725 970,758 796,770 342,809 985,854 672,890 504,899 904,915 85,1013 12,778 465,894
ABL2 205,230 421,548 295,977 205,230 85,369 232,405 221,437 421,548 864,883 205,230 85,369 232,405 421,548 864,883
ABL3 251,133 205,230 421,549 295,977 136,1008 511,1013 85,369 864,883 166,55 85,369 183,630 233,753 864,883
ABL4 205,230 85,369 421,548 864,883 295,977 15,989 205,230 85,369 221,437 421,548 864,883 205,230 85,369 232,405 421,548 864,883
ABL5 205,230 85,369 421,548 864,883 295,977 15,989 205,230 85,369 221,437 421,548 864,883 205,230 85,369 232,405 421,548 864,883
ABL6 209,234 51,569 209,234 785,593 209,234 89,369 785,593
ABM0 113,10 529,14 292,19 1005,46 324,63 909,72 544,96 463,99 723,116 676,120 131,141 397,163 710,171 961,171 259,175 427,185 1001,204 983,235 481,250 476,258 466,261 860,262 123,275 292,278 96,287 104,290 650,293 36,297 474,309 831,322 596,329 182,330 292,344 792,353 891,371 193,372 729,374 26,378 971,393 272,401 68,429 561,464 451,479 235,496 516,497 877,497 985,511 870,513 890,524 334,537 758,538 186,545 107,550 361,561 180,563 63,569 493,571 71,578 220,582 765,583 700,584 380,587 795,601 654,610 254,616 625,618 201,628 776,630 904,635 786,637 184,644 81,646 975,649 441,652 694,652 541,655 140,656 114,658 1009,659 605,668 728,668 229,673 516,673 93,686 9,687 673,687 515,695 646,695 662,699 712,701 129,702 373,702 410,711 454,711 668,715 404,728 392,736 628,736 325,744 380,748 353,752 518,753 211,765 299,766 407,769 522,770 149,772 970,772 303,774 915,776 660,787 352,790 245,795 720,800 441,807 318,808 287,816 746,822 486,823 916,827 341,838 443,842 590,845 384,849 579,852 588,856 576,861 590,864 65,867 641,872 980,874 859,877 1009,884 591,888 357,892 993,892 348,895 793,895 817,898 668,904 235,919 44,926 250,933 292,946 236,947 156,948 902,953 685,956 59,963 661,966 625,968 765,971 937,975 190,979 333,1015 927,755 94,195 788,711 497,449 849,795 1003,970 290,128 663,404 626,172 949,814 268,760 791,802 583,721 896,930 297,977 223,538 193,783 862,247 975,541 460,833 55,904 618,690 574,764 986,181 960,693 334,773 380,927 68,504 122,539 910,711 425,466 907,924 273,703 251,855 688,640 401,906 879,931 154,35 351,575 298,693 289,855 32,870 833,1012 553,649 30,682 617,710 378,762 187,63 693,692 211,791 208,811 726,702 857,937 924,199 1007,857 570,170 859,210 589,350 999,378 869,528 756,765 626,924 338,382 1000,447 445,944 933,192 828,409 621,148 639,434 839,709 880,788 164,974 754,127 902,589 816,609 580,692 632,707 266,1012 848,173 273,369 239,861 791,793 249,42 696,676 560,743 419,300 634,349 660,764 763,844 178,914 65,465 934,577 203,723 51,280 261,810 601,962 570,101 862,489 172,890 188,22 614,398 284,688 222,859 286,958 360,227 187,286 318,576 739,685 745,759 950,178 174,727 618,735 597,218 149,322 614,407 937,888 644,632 36,803 176,993 647,712 434,714 909,741 959,540 761,853 730,819 38,268 504,852 899,543 909,670 851,700 803,992 131,631 277,166 777,734 743,935 79,622 362,13 536,637
ABM1 115,660 212,767 181,566 981,876 104,293 290,347 730,376 190,981 256,617 589,861 409,771 766,972 157,950 971,773 660,789 1011,886 905,637 358,893 230,674 713,702 917,829 937,977 1002,205 517,498 287,817 817,900 124,277 72,580 721,801 542,656 245,797 902,954 441,653 606,669 183,332 793,354 700,585 777,631 723,118 272,402 129,703 303,773 251,934 140,657 728,669 373,704 590,846 625,969 961,172 452,480 334,538 353,791 460,833 859,878 662,966 397,165 37,298 694,652 9,688 523,771 44,927 113,11 292,279 639,434 236,496 107,551 797,602 514,697 663,699 453,712 404,729 392,736 629,737 576,857 292,947 60,964 292,19 1006,46 545,96 477,258 39,268 892,525 759,538 64,570 625,619 103,684 674,688 961,693 756,765 441,808 487,824 592,888 325,63 909,72 131,140 570,169 986,181 860,262 474,310 193,372 972,393 68,504 985,510 494,572 644,632 81,647 976,649 93,687 519,754 268,759 149,772 341,839 443,842 66,868 994,893 401,906 235,920 626,924 1002,969 675,121 754,127 627,172 260,176 427,185 924,199 832,322 597,330 27,378 998,378 66,465 877,496 223,538 360,562 220,582 653,610 552,649 647,695 668,716 325,744 37,802 948,814 385,848 641,873 172,891 793,895 686,957 164,974 523,18 189,23 153,36 463,100 570,100 621,148 848,173 949,178 95,195 981,235 466,261 651,293 633,349 273,369 338,382 614,406 69,428 497,450 560,464 861,489 869,512 974,541 186,544 318,577 765,583 381,586 816,608 786,637 415,704 839,709 583,721 204,724 617,734 777,735 381,749 354,752 335,773 915,777 791,792 848,795 318,808 747,822 288,854 1006,857 237,861 32,871 669,904 179,914 897,929 444,944 602,962 709,171 859,210 596,218 862,247 51,279 187,288 589,351 891,372 663,403 828,409 425,465 870,528 123,530 120,539 958,540 351,574 934,577 202,627 130,631 535,636 184,643 1009,659 517,672 739,686 692,691 298,693 580,693 850,699 726,702 631,707 616,710 910,710 560,743 926,755 378,762 574,764 660,764 193,782 881,788 210,791 790,802 259,811 504,852 251,854 222,859 937,887 907,924 381,926 878,930 857,937 236,948 297,977 803,991 832,1011 361,11 248,41 186,63 290,127 279,168 934,191 359,227 418,300 149,322 999,446 902,587 80,624 686,640 696,676 31,681 285,688 617,690 273,705 787,710 648,712 434,714 173,727 909,741 744,759 671,780 209,810 730,819 762,843 761,853 56,902 742,935 285,957 175,994 267,1010 900,541 908,668
ABM2 104,293 290,347 181,566 213,768 981,876 359,893 191,981 104,293 290,347 730,377 181,566 257,617 115,660 213,768 981,876 767,973 191,981 104,293 290,347 730,377 181,566 257,617 115,660 213,768 590,861 981,876 767,973 191,981
ABM3 887,185 821,259 104,293 290,347 103,389 181,566 625,567 115,661 213,767 981,876 191,981 167,1005 290,347 502,543 181,566 115,661 213,767 981,876 191,981 222,225 273,345 502,543 181,566 115,661 213,767 981,876 191,981
ABM4 104,293 290,347 981,876 191,981 104,293 290,347 730,377 181,565 257,617 115,661 213,767 981,876 767,973 191,981 921,129 104,293 290,347 730,377 181,565 257,617 115,661 213,767 981,876 767,973 191,981
ABM5 104,293 290,347 981,876 191,981 104,293 290,347 730,377 181,565 257,617 115,661 213,767 981,876 767,973 191,981 921,129 104,293 290,347 730,377 181,565 257,617 115,661 213,767 981,876 767,973 191,981
ABM6 185,569 185,569 213,767 985,881 181,565 185,569 117,661 985,881 193,985
ABN0 956,9 894,10 755,13 667,15 218,71 641,71 835,81 831,94 601,95 587,97 355,103 556,103 592,105 938,110 920,111 776,120 913,127 183,128 849,130 148,131 696,133 861,134 70,148 946,171 755,176 755,184 339,185 831,190 250,202 572,207 811,221 542,235 988,236 950,241 103,249 991,251 637,253 162,263 242,267 859,279 807,291 130,294 552,306 784,338 203,340 103,341 799,348 747,349 382,351 787,351 569,352 611,352 724,353 873,353 276,356 461,356 382,359 212,364 904,368 998,391 56,399 405,399 715,399 276,420 127,423 228,437 308,450 651,451 574,455 766,457 815,459 539,464 324,476 567,478 449,481 456,489 173,495 626,501 699,508 637,509 536,514 811,518 302,523 315,524 628,526 737,527 323,528 880,531 910,537 941,537 625,544 807,544 505,546 649,558 499,561 805,566 864,566 508,569 640,570 294,576 846,581 64,583 838,584 292,594 555,601 468,605 996,607 816,608 863,608 607,614 227,615 742,634 549,649 1012,650 623,653 741,654 376,655 217,657 984,658 545,670 794,691 632,692 838,700 950,719 722,722 253,730 944,740 576,746 454,748 225,753 506,765 69,776 879,779 285,781 647,781 818,784 578,789 351,806 628,806 550,813 505,823 429,827 469,832 416,833 453,848 260,849 266,864 255,867 403,895 369,896 55,904 675,909 500,910 431,914 694,917 643,920 106,926 506,928 639,935 386,946 673,953 828,956 28,966 742,966 489,967 440,981 24,997 225,710 701,387 857,891 187,87 989,549 906,833 266,809 315,622 645,951 307,965 592,316 870,504 433,349 1007,128 470,947 653,597 529,434 23,37 225,864 899,493 997,522 445,291 211,301 314,347 278,703 858,68 999,374 771,423 562,614 81,842 803,491 878,718 692,188 476,655 953,21 359,339 96,267 605,437 937,144 481,335 539,658 776,835 743,581 716,701 416,859 561,884 642,583 938,675 310,50 842,223 512,688 527,223 543,707 595,304 719,364 577,489 482,761 344,109 820,912 197,792 911,241 55,684 163,915 147,282 559,524 602,557 356,997 521,170 413,817 112,876 304,212 967,804 657,937 507,965 830,355 215,537 609,950 856,753 695,808 960,69 974,275 743,309 234,373 622,704 40,751 585,146 41,636 159,642 56,727 598,272 584,692 862,731 385,769 299,903 357,908 778,983 784,878 798,155 559,367 749,529 471,805 251,970 733,282 905,321 764,558 456,623 885,820 118,953 312,84 75,237 793,258 66,1004 782,198 573,406 199,444 626,18 310,190 451,391 863,706 761,827 479,245 979,250 898,614 511,631 216,620 180,63 769,103 291,397 164,586 785,796 404,842 857,377 707,855 624,887 661,443 775,851 878,981 677,147 520,156 962,455 727,828 609,873 158,26 844,167 238,228 149,634 892,173 884,703 637,865 812,1014 907,773 470,780 847,935 400,668 799,789 913,910 33,369 22,755 682,984 261,258 723,289 488,447 417,776 162,533 341,840 758,909 133,445 673,886 77,720 535,763 939,397 353,859 443,818 313,854 47,315
ABN1 105,250 626,546 698,135 808,294 985,660 579,791 939,112 993,253 261,851 213,366 378,657 569,354 66,584 454,850 835,82 942,539 790,355 508,570 839,586 828,958 914,129 507,766 805,567 838,701 29,967 537,515 505,825 895,12 776,121 812,222 162,264 873,354 807,544 999,391 556,601 944,741 676,911 70,150 946,173 243,268 700,510 303,523 505,546 796,691 386,948 642,72 756,184 406,400 567,480 628,526 996,608 268,865 403,895 800,349 540,465 173,496 633,692 68,777 629,807 640,937 601,95 850,131 542,236 949,242 204,340 460,357 276,420 128,424 766,458 812,518 315,524 911,537 294,577 292,595 743,635 950,718 647,782 255,868 56,904 107,926 506,928 673,954 755,14 861,134 637,254 785,339 104,342 724,354 229,437 309,451 324,477 899,493 737,528 880,532 649,559 864,566 816,608 863,608 227,615 608,615 549,649 254,730 456,748 417,833 694,917 644,920 470,947 307,965 490,967 668,15 859,69 831,93 355,103 692,187 859,279 276,357 904,368 816,459 448,481 578,489 468,607 41,636 623,654 546,670 225,710 723,722 576,747 226,753 879,779 284,781 817,784 352,806 429,828 470,833 907,833 441,981 582,1015 957,9 627,18 953,21 960,69 218,70 919,111 1006,128 184,129 148,132 799,155 521,171 339,185 832,190 250,203 842,223 988,236 911,242 130,293 211,301 595,304 551,306 592,315 382,359 235,373 999,373 56,398 715,399 528,434 605,436 198,443 133,444 651,451 626,501 870,504 324,527 990,548 643,583 654,598 898,615 504,625 539,658 278,704 57,727 197,792 265,809 694,809 551,813 728,827 776,835 404,842 416,860 112,876 856,891 914,910 501,911 162,916 645,950 778,983 23,997 357,997 157,25 181,63 187,86 587,98 592,106 344,109 600,109 938,145 676,147 520,155 892,171 310,190 572,209 305,212 527,223 237,229 978,250 96,266 598,272 974,276 446,291 358,338 434,348 746,348 383,350 610,352 830,355 558,367 857,376 450,392 938,397 770,423 661,443 488,447 573,456 803,490 636,508 750,528 161,534 215,537 765,559 640,569 742,580 163,586 562,613 159,642 1013,651 741,654 218,656 937,674 56,684 512,687 584,691 883,703 543,707 877,717 79,720 41,752 855,752 535,764 384,769 907,773 470,779 967,803 471,805 413,816 776,852 707,854 353,858 225,865 784,877 625,886 369,896 351,900 300,902 357,909 820,912 437,914 658,936 609,950 118,953 507,964 741,965 251,969 878,980 682,984 812,1013 24,36 309,49 311,83 768,100 555,103 845,167 74,236 479,244 794,256 261,257 734,281 147,282 723,289 742,309 905,321 481,334 313,347 718,365 702,385 291,397 573,406 962,454 996,522 558,524 602,557 314,620 216,621 457,622 148,633 475,655 399,667 715,701 622,704 863,705 863,730 22,755 483,760 418,775 798,789 784,796 443,818 884,820 761,827 81,840 341,840 313,853 637,866 609,872 560,883 673,885 563,893 758,909 847,934 390,935 67,1003 583,143 782,197 48,314 32,368 58,778 446,839
ABN2 939,112 698,135 993,253 808,294 213,367 626,547 985,660 939,112 698,135 105,251 993,253 808,294 213,367 626,547 985,660 579,791 260,851 939,112 698,135 105,251 993,253 808,294 626,547 985,660 579,791
ABN3 939,112 698,135 807,294 944,360 23,429 443,505 626,547 653,595 985,661 639,697 377,767 277,911 823,945 181,995 939,112 698,135 105,251 807,294 944,360 626,547 985,661 579,791 939,112 698,135 105,251 807,294 944,360 626,547 985,661 579,791 430,1000
ABN4 939,112 807,294 213,367 627,547 985,660 260,851 939,112 697,135 105,251 993,253 807,294 213,367 627,547 65,585 985,660 579,791 260,851 939,112 697,135 105,251 993,253 807,294 213,367 627,547 65,585 985,660 579,791 260,851
ABN5 939,112 807,294 213,367 627,547 985,660 260,851 939,112 697,135 105,251 993,253 807,294 213,367 627,547 65,585 985,660 579,791 260,851 939,112 697,135 105,251 993,253 807,294 213,367 627,547 65,585 985,660 579,791 260,851
ABN6 625,545 633,553 581,793 617,233 105,251 625,545 633,553
ABO0 164,8 691,14 765,16 891,18 714,23 868,27 101,35 574,46 820,68 463,72 310,88 437,88 8,99 845,108 204,129 843,134 268,152 923,152 660,158 550,160 587,167 581,176 302,187 776,188 535,193 492,203 758,214 624,221 659,233 914,236 331,247 611,256 543,257 927,258 864,259 648,275 750,276 676,277 73,281 661,283 836,288 933,295 574,301 658,301 701,314 82,328 584,330 257,337 855,337 833,338 814,341 636,343 822,353 830,354 299,388 630,408 437,410 746,416 729,422 672,431 649,433 802,447 474,449 71,462 824,488 694,491 791,494 636,509 232,510 291,511 240,514 463,515 244,524 756,529 690,531 698,533 716,538 83,543 837,546 724,549 737,560 882,567 172,570 693,571 577,576 885,576 1005,580 782,582 744,587 830,590 554,599 154,602 738,615 802,617 532,627 941,628 768,633 764,641 813,644 933,669 62,684 948,684 920,687 345,688 797,689 279,695 619,695 404,701 130,712 678,715 21,721 771,722 984,724 501,728 588,735 181,738 635,749 957,759 652,765 574,774 382,783 783,786 343,796 670,806 716,812 675,829 701,841 568,849 703,850 979,854 885,859 294,860 665,864 945,873 311,878 599,881 308,886 590,891 32,898 217,899 451,901 881,923 713,932 325,944 406,946 689,949 763,962 496,980 359,997 122,1011 376,1011 811,1012 455,95 138,373 129,290 555,773 429,475 550,466 908,981 892,524 160,869 871,45 971,620 738,89 1008,274 188,129 656,330 914,543 921,866 676,955 164,998 751,146 453,545 690,362 766,604 525,894 109,11 862,17 658,220 599,266 760,671 796,724 555,837 734,367 705,913 690,647 1008,119 544,737 378,640 855,678 789,743 813,473 751,562 649,35 152,136 367,313 677,329 851,641 471,1006 815,725 893,941 651,255 76,821 635,253 399,335 718,184 880,66 957,83 568,608 795,170 714,383 573,640 116,151 889,298 662,368 355,148 115,381 925,477 890,892 527,55 73,436 621,399 687,662 810,673 981,752 52,856 721,969 470,94 314,349 703,671 371,705 79,249 320,393 298,798 742,147 701,326 49,762 306,933 126,63 133,71 862,689 920,744 953,633 897,752 142,430 288,567 729,58 713,197 653,107 556,140 188,398 1008,648 736,766 36,824 221,634 512,23 1003,129 487,900 374,363 110,47 672,315 928,320 862,706 685,166 726,281 729,739 596,310 828,428 675,299 296,946 679,33 698,511 338,832 639,209 931,944 805,171 431,105 774,205 998,738 646,819 823,895 448,982 10,957 939,115 481,63 643,96 607,40 169,722 889,181 641,870 8,653 612,418
ABO1 772,724 575,776 676,831 313,880 349,690 620,697 829,341 986,726 332,249 957,761 756,531 923,154 751,278 574,48 758,216 846,110 475,450 883,568 678,717 660,234 343,798 600,882 766,17 636,345 798,690 294,861 630,410 74,282 746,417 694,572 934,670 303,188 814,646 821,70 662,284 326,945 690,950 763,962 550,161 543,258 791,495 405,702 880,925 892,19 464,73 673,432 783,583 769,634 501,729 945,873 714,933 581,176 612,257 927,260 836,289 703,315 464,516 725,550 155,603 718,813 979,855 665,865 268,152 636,510 383,784 670,808 569,849 31,899 406,947 378,1012 102,35 437,89 492,204 624,222 573,301 659,301 82,328 584,330 822,353 241,515 697,534 837,546 577,576 1006,580 831,591 862,689 555,774 701,841 359,997 714,24 205,129 844,134 914,236 676,276 300,388 729,423 71,462 715,538 738,560 942,628 21,721 652,765 783,788 547,838 160,869 471,1006 880,67 739,88 469,95 587,166 776,189 535,193 713,198 863,259 648,276 128,290 256,337 855,338 813,342 735,367 825,489 244,524 752,562 172,570 766,604 738,615 533,628 851,641 760,671 947,683 62,684 130,712 588,736 182,738 636,750 705,851 164,999 121,1012 811,1012 163,8 513,23 870,45 431,105 1002,129 751,145 742,147 661,158 685,165 652,254 1009,274 932,295 889,299 677,328 365,364 320,393 437,409 648,433 550,467 428,474 695,492 231,509 292,510 913,543 84,544 744,587 803,616 971,620 222,633 1008,647 919,687 281,696 861,706 729,739 920,743 981,751 525,893 217,899 704,913 306,932 676,954 109,10 690,14 869,27 608,41 526,54 729,58 127,63 310,88 9,98 1007,120 189,128 557,140 355,147 116,151 795,170 805,170 889,181 773,205 658,220 80,249 635,253 726,282 675,299 596,311 367,313 700,326 690,362 139,374 115,381 715,382 827,428 801,448 814,473 926,478 893,524 452,546 554,598 567,607 572,641 703,671 855,678 169,721 796,724 816,725 791,744 737,767 297,799 645,820 77,821 884,860 590,891 452,902 894,941 295,946 720,969 496,979 908,982 862,16 680,32 647,34 110,47 482,62 133,72 455,94 653,106 940,114 150,135 718,184 639,208 600,265 672,313 929,319 657,329 399,335 315,348 375,363 663,367 189,398 621,398 611,417 142,430 74,438 698,510 288,568 952,633 379,640 691,647 8,654 687,661 810,672 373,705 543,736 998,738 898,752 48,762 36,824 338,831 53,856 920,864 641,869 891,891 824,894 489,898 931,943 956,81 643,93 8,955 447,981
ABO2 575,49 411,65 829,341 331,657 349,685 349,690 620,697 295,861 333,249 829,341 349,690 620,697 772,725 957,761 575,776 676,831 313,880 333,249 829,341 349,690 620,697 772,725 957,761 575,776 676,831 313,880
ABO3 575,49 411,65 547,389 921,408 283,657 331,657 349,690 773,725 956,760 247,845 295,861 313,881 865,907 624,953 921,408 349,690 773,725 956,760 575,776 676,831 313,881 624,953 991,382 349,690 773,725 956,760 575,776 676,831 313,881
ABO4 575,49 411,65 331,657 349,685 349,690 295,861 313,881 333,249 829,341 349,690 620,697 773,725 957,761 575,777 677,831 313,881 333,249 829,341 349,690 620,697 773,725 957,761 575,777 677,831 313,881
ABO5 575,49 411,65 331,657 349,685 349,690 295,861 313,881 333,249 829,341 349,690 620,697 773,725 957,761 575,777 677,831 313,881 333,249 829,341 349,690 620,697 773,725 957,761 575,777 677,831 313,881
ABO6 487,481 775,729 577,777 775,729 577,777 677,833 313,881
ABP0 58,8 16,20 697,26 854,28 840,30 574,36 855,38 420,42 260,47 689,47 10,51 524,64 696,64 278,67 826,72 329,95 413,97 437,118 736,130 783,132 32,134 829,144 477,162 291,171 753,194 726,198 666,204 876,208 729,213 1012,216 212,219 335,228 977,237 502,240 587,243 798,246 57,254 521,254 302,255 114,276 1005,288 220,301 69,305 763,307 458,311 65,326 60,344 686,354 315,360 858,360 450,363 639,373 549,382 375,384 683,391 395,400 514,410 65,426 310,447 74,452 532,456 29,464 245,466 67,480 364,480 485,481 559,487 404,519 767,530 781,549 53,570 938,570 199,580 761,580 345,587 820,598 132,607 497,607 632,612 850,619 437,623 431,641 662,661 262,668 490,680 540,681 213,713 958,721 798,723 406,726 48,748 200,754 575,759 360,771 303,773 97,795 785,849 946,855 407,883 134,889 943,905 252,934 516,943 558,969 690,978 976,986 447,989 71,991 222,1012 863,1015 1012,534 616,70 444,582 831,850 378,455 29,869 993,44 361,250 615,640 628,671 68,942 84,309 910,376 555,316 224,406 427,801 510,67 14,452 1013,940 505,960 792,999 400,980 965,585 427,597 388,446 528,799 242,254 82,398 907,421 54,530 183,621 948,1003 348,858 878,772 655,826 87,872 688,113 92,571 161,584 929,201 780,440 88,686 106,297 428,314 162,405 143,302 926,403 281,801 639,226 115,608 49,660 456,856 219,192 56,359 683,609 515,127 709,890 148,122 913,409 501,307 349,406 547,577 471,818 121,962 340,973 81,353 424,722 532,768 871,397 473,483 599,717 741,927 537,209 725,672 46,273 320,915 554,138 185,600 671,642 381,103 588,218 586,287 83,425 356,445 210,529 613,959 904,536 510,711 491,744 56,904 892,47 347,149 643,240 453,338 365,691 92,471 460,504 275,908 698,430 750,440 686,522 1003,615 503,391 909,668 354,1013 958,118 66,88 134,657 410,1015 581,974 622,950 46,246 491,874 750,539 963,470 420,897 143,392 46,398 332,642 366,744 868,324 845,379 424,696 825,744 601,790 146,197 93,426 705,509 825,393 495,20 789,415 211,421 500,376 216,626 481,812 660,898 214,948 400,702 281,837 46,945 479,871 198,872 962,890 164,178 665,873 226,518 264,1005 719,770 368,934 338,999 43,8 300,743 776,977 449,473 460,799 342,517 424,658 404,676 381,223 462,265 955,626
ABP1 737,131 97,797 977,987 29,467 575,39 75,454 213,221 72,310 329,97 65,428 260,49 17,21 875,210 765,308 66,327 697,27 396,402 799,725 840,31 830,145 515,410 761,581 361,772 135,890 447,990 57,255 246,466 767,531 821,599 421,43 726,198 133,608 406,726 577,760 407,885 414,97 486,482 517,944 857,39 696,65 616,69 753,194 800,246 522,255 303,256 61,345 683,392 431,641 478,162 291,171 666,205 907,421 310,447 559,488 54,570 437,622 71,991 853,28 335,229 502,241 115,277 1006,288 859,360 364,481 404,520 628,671 528,799 427,801 785,849 400,980 792,998 223,1012 11,52 525,64 510,66 783,133 638,226 978,237 643,240 587,244 105,298 220,301 457,310 686,354 56,359 315,361 450,363 375,385 67,481 199,581 497,608 662,661 491,745 471,818 348,858 951,911 690,47 893,47 278,67 826,72 958,118 553,139 730,213 46,246 143,302 501,307 83,309 428,314 555,316 90,317 453,338 640,373 500,376 910,376 549,382 926,402 789,416 355,445 14,452 377,455 531,456 1013,535 781,549 548,577 162,584 965,585 426,597 615,640 262,668 490,680 212,712 49,749 461,799 456,856 945,856 942,906 253,934 68,941 504,959 354,1012 750,1015 382,103 688,113 438,118 32,135 348,149 928,201 1013,214 588,217 362,250 242,254 47,272 77,321 825,392 81,398 226,399 163,405 348,406 224,407 911,409 84,425 780,441 448,472 460,505 342,518 686,522 56,529 209,529 92,571 443,582 346,588 684,607 632,611 850,619 183,621 49,661 87,686 365,691 599,717 959,721 824,744 199,754 533,768 718,770 878,771 303,772 602,789 280,802 481,812 655,827 28,869 198,871 55,904 320,915 745,921 46,945 621,951 613,959 340,973 580,975 42,8 494,20 993,43 65,88 148,122 514,126 163,177 220,193 146,198 538,208 463,263 585,287 867,324 83,352 845,378 502,390 45,397 870,398 93,426 698,431 749,440 388,445 963,468 91,470 473,483 706,508 903,535 938,569 184,599 115,607 215,625 336,641 671,641 136,656 424,657 725,672 404,675 541,681 423,695 401,702 509,710 424,721 366,743 280,836 830,849 87,872 664,872 490,874 708,890 962,891 419,896 275,907 368,934 1013,939 214,947 121,961 558,968 690,976 776,976 338,999 947,1001 265,1005 383,222 142,391 211,420 225,517 748,537 1002,613 956,625 908,668 300,741 479,869 661,897
ABP2 575,39 213,221 75,454 29,467 575,39 737,133 213,221 73,311 75,454 29,467 99,797 977,989 575,39 737,133 213,221 73,311 75,454 29,467 99,797 977,989
ABP3 575,39 639,129 447,165 399,209 213,221 147,317 19,365 29,467 751,691 99,797 459,817 575,39 213,221 75,454 29,467 977,989 575,39 737,133 213,221 73,309 75,454 29,467 329,889 977,989
ABP4 575,39 213,221 75,454 29,467 575,39 261,49 749,133 213,221 73,311 75,454 29,467 99,797 329,889 977,989 575,39 737,133 213,221 73,311 75,454 29,467 217,529 99,797 329,889 537,961 977,989
ABP5 575,39 213,221 75,454 29,467 575,39 261,49 749,133 213,221 73,311 75,454 29,467 99,797 329,889 977,989 575,39 737,133 213,221 73,311 75,454 29,467 217,529 99,797 329,889 537,961 977,989
ABP6 29,467 96,795 99,799 981,993 577,41 217,225 29,467 33,469 96,795 975,985 977,989 981,993
ABQ0 465,20 632,21 464,29 462,46 958,47 443,48 939,56 808,57 884,63 277,72 675,85 893,86 796,101 71,105 10,106 180,121 330,122 676,134 959,134 822,151 170,164 516,171 467,174 778,182 910,208 123,212 384,218 812,218 593,233 422,240 790,261 444,262 257,267 514,270 478,276 933,296 195,297 338,299 44,300 537,308 587,310 485,322 739,360 747,361 698,376 409,377 331,388 479,390 368,398 493,400 391,403 422,408 466,412 326,413 157,415 395,419 337,439 93,440 869,442 946,446 454,460 905,487 8,494 31,509 347,519 95,528 345,537 339,553 838,555 329,558 567,558 765,564 581,568 197,578 568,579 840,586 301,591 357,606 661,606 476,618 687,621 944,626 117,632 418,637 721,638 210,654 605,660 85,663 491,666 529,697 834,704 137,715 390,719 819,752 593,765 983,775 812,777 103,792 480,793 415,794 488,795 16,804 158,815 411,823 464,827 1012,827 176,830 424,839 574,840 374,841 14,860 968,866 748,871 820,926 440,937 342,943 726,946 735,946 268,956 177,966 550,972 580,982 622,985 579,993 635,993 371,1006 562,110 22,438 208,256 408,486 994,510 421,107 443,314 34,412 937,762 873,590 522,603 363,20 585,374 618,562 179,628 419,660 976,732 184,476 324,471 309,571 58,645 737,751 969,165 341,340 562,490 378,994 302,302 735,740 664,404 384,413 515,824 12,448 719,425 16,17 296,187 276,266 609,520 516,847 336,211 697,311 246,471 831,505 272,570 438,60 232,292 281,745 578,340 206,686 467,364 92,75 794,334 587,430 57,486 805,840 954,432 351,507 195,932 638,382 328,515 822,114 46,447 578,902 686,101 419,560 367,589 165,879 50,795 538,447 458,234 687,471 621,616 82,744 949,717 206,905 321,445 445,882 565,386 309,400 965,426 761,554 807,942 189,351 669,374 647,904 13,193 253,218 208,278 491,306 503,439 265,482 796,941 216,948 8,137 523,210 455,334 552,335 651,497 798,800 528,894 54,242 949,305 670,506 370,614 359,468 362,767 311,445 466,566 509,152 196,459 389,839 1009,142 749,261 461,399 278,672 262,693 174,253 407,319 735,391 89,38 78,136 173,363 530,258 402,963 582,391 82,988 39,675 54,373 1014,133 559,918
ABQ1 277,74 491,668 369,400 518,173 326,415 210,657 410,378 269,958 340,555 569,580 813,220 441,938 455,462 736,947 477,620 464,32 791,263 338,441 841,587 105,794 178,830 688,622 740,362 530,698 464,828 797,102 468,175 412,824 444,49 8,495 766,566 983,776 464,47 959,136 822,152 586,312 344,539 16,805 959,49 11,107 418,639 385,219 494,401 157,416 357,607 480,794 478,277 332,388 302,591 632,21 676,134 487,323 698,377 423,409 349,519 567,558 118,633 605,661 819,752 575,840 622,986 940,57 885,63 675,86 180,121 257,267 515,271 195,298 338,300 537,309 391,404 906,487 31,510 582,569 968,867 748,872 809,57 421,107 330,123 778,183 296,186 593,233 933,296 697,311 467,412 395,420 22,439 197,579 1011,827 14,860 893,86 208,277 233,293 94,440 946,446 408,486 95,528 839,556 329,559 944,626 86,663 50,795 415,795 515,825 424,839 805,839 374,842 726,947 178,966 579,993 635,994 372,1005 15,17 363,20 93,75 423,242 750,260 44,299 442,315 585,375 640,383 736,391 309,401 718,425 503,440 321,445 537,446 47,448 687,470 323,471 182,480 566,482 830,504 272,570 367,588 523,603 662,605 371,614 622,616 830,706 136,715 389,719 976,732 281,745 737,751 939,762 595,766 812,777 798,800 342,943 551,973 580,982 378,993 465,21 89,38 71,105 561,109 821,113 78,137 8,138 170,165 14,193 910,209 335,212 458,234 49,245 174,254 209,255 444,262 277,266 302,302 949,304 491,306 406,319 553,335 578,340 341,342 172,363 468,363 54,372 669,374 565,385 479,390 34,412 963,426 869,442 312,444 11,448 195,460 245,472 265,481 57,485 351,506 995,510 761,554 617,562 465,565 309,571 180,627 722,637 58,646 420,659 734,740 80,744 362,767 159,815 516,846 445,881 205,904 820,926 194,931 796,939 808,941 216,947 403,963 83,988 437,60 686,101 1013,133 1009,141 509,152 968,164 125,210 523,210 254,218 530,259 794,333 454,334 188,351 462,398 663,403 587,428 954,430 359,468 651,496 330,514 608,521 419,559 873,590 277,673 39,674 206,685 948,717 390,837 165,879 528,893 580,902 647,903 582,390 670,505 262,692 558,917
ABQ2 518,173 410,379 369,400 326,415 569,581 210,657 269,958 277,75 518,173 410,379 369,400 326,415 340,555 569,581 210,657 491,669 269,958 277,75 518,173 410,379 369,400 326,415 340,555 569,581 210,657 491,669 269,958
ABQ3 999,151 411,379 665,379 369,400 327,417 775,431 569,581 471,649 303,837 269,958 277,75 517,173 369,400 775,431 569,581 210,657 491,669 575,744 359,768 277,75 517,173 369,400 775,431 210,657 491,669 359,768 269,958 489,985
ABQ4 410,379 569,581 210,657 441,939 277,75 517,173 410,379 369,400 326,415 341,555 569,581 210,657 491,669 269,958 277,75 517,173 410,379 257,385 369,400 326,415 341,555 585,569 569,581 210,657 491,669 269,958
ABQ5 410,379 569,581 210,657 441,939 277,75 517,173 410,379 369,400 326,415 341,555 569,581 210,657 491,669 269,958 277,75 517,173 410,379 257,385 369,400 326,415 341,555 585,569 569,581 210,657 491,669 269,958
ABQ6 369,401 491,669 273,961 279,77 521,175 369,401 329,417 491,669 273,961
ABR0 502,17 757,46 251,62 177,64 871,67 228,71 249,72 566,79 320,82 710,82 271,83 957,97 331,100 364,118 258,125 289,126 603,131 353,132 267,134 252,142 312,148 270,152 500,166 216,169 667,170 936,174 523,177 679,186 963,188 272,193 525,195 320,196 219,197 347,198 217,205 568,206 74,221 638,237 469,239 747,243 315,270 574,287 314,290 958,294 91,296 840,296 391,302 880,315 195,327 297,339 320,340 195,367 435,373 101,380 521,388 260,402 69,409 46,412 349,426 293,429 660,436 403,461 357,478 681,487 980,487 970,494 432,498 626,501 822,509 227,530 973,535 152,542 270,548 762,558 716,575 503,577 746,584 499,585 498,626 850,640 695,643 323,663 889,673 910,689 77,691 85,695 391,700 99,703 236,704 745,715 93,721 716,738 367,746 322,750 216,752 691,756 31,784 313,786 974,788 358,798 284,812 624,814 256,822 609,823 432,825 630,829 719,832 417,834 332,835 219,848 432,854 107,858 39,885 472,885 813,888 375,892 409,894 724,917 391,922 407,926 272,927 627,934 877,938 377,940 679,941 351,972 372,988 206,989 401,989 620,999 37,1001 799,1002 794,1010 480,1014 404,228 1003,379 475,943 543,800 1013,996 599,251 846,745 633,779 303,160 902,189 157,333 507,670 447,729 734,35 397,933 310,943 642,1009 931,524 393,11 736,420 944,571 436,58 87,96 103,191 199,640 631,885 150,918 550,629 258,964 837,989 18,24 46,686 213,973 134,768 255,159 421,307 499,525 856,748 859,998 199,44 667,561 480,275 190,891 965,723 591,768 698,128 469,1006 315,413 499,751 494,804 230,20 987,156 477,684 937,963 165,275 650,424 437,602 398,1008 430,104 650,412 388,834 965,898 155,363 414,721 246,527 685,798 578,677 364,128 907,542 100,733 548,965 265,787 347,61 483,653 587,720 159,973 473,198 684,644 352,1000 567,57 123,97 500,155 926,713 38,230 21,573 355,833 573,923 187,124 272,718 345,787 471,833 536,378 398,743 437,982 284,116 414,535 449,753 215,706 603,706 496,203 806,389 909,1007 417,265 417,855 320,871 537,182 491,225 319,731 525,600 462,739 944,988
ABR1 217,171 39,887 680,942 236,707 378,942 374,990 376,894 630,831 405,462 271,138 433,499 472,887 503,19 391,304 252,63 86,696 628,935 178,65 697,644 93,722 501,585 217,753 100,704 717,739 321,83 723,918 402,990 962,101 667,171 746,585 313,149 349,427 497,627 410,895 795,1009 289,128 526,196 196,369 974,536 313,787 229,72 524,178 102,381 625,815 877,940 206,990 970,496 433,826 220,849 621,999 259,125 963,189 316,271 196,328 392,701 358,799 351,973 253,143 273,195 348,199 74,221 70,409 37,1001 250,74 501,166 216,206 323,750 974,789 272,928 469,1006 481,1015 430,104 603,131 936,174 321,196 749,243 959,295 91,297 882,315 156,333 295,429 681,488 823,509 716,576 200,641 367,746 134,767 31,785 256,822 719,833 406,926 199,44 757,47 872,67 219,197 404,228 638,237 469,240 600,251 574,287 313,289 421,307 297,339 46,412 357,478 851,641 683,644 890,674 911,689 398,743 345,787 284,812 608,824 431,854 417,855 212,972 230,20 733,35 271,83 88,96 331,101 364,118 187,123 697,127 354,132 988,156 302,160 537,182 679,187 104,191 839,295 320,340 436,373 534,378 805,389 260,402 737,419 661,436 625,501 499,525 151,542 906,542 270,549 944,570 526,600 322,664 46,686 926,713 745,715 319,730 448,730 857,748 692,758 538,793 355,833 331,836 813,888 149,918 392,922 573,922 936,963 159,973 436,982 1014,997 352,1000 399,1008 435,58 564,79 710,83 123,96 270,153 500,156 255,158 901,189 473,198 568,206 165,275 479,275 521,387 650,411 227,530 762,559 667,560 21,573 437,602 549,628 483,653 507,670 577,677 477,684 214,706 603,706 274,716 414,721 966,724 498,751 590,770 266,786 685,798 494,804 388,833 472,833 417,836 107,860 964,898 397,933 309,942 475,944 258,965 836,990 643,1008 394,10 17,24 347,60 364,128 495,202 490,224 38,229 411,257 416,265 155,362 1002,378 651,423 930,524 247,525 414,535 586,719 100,734 461,739 844,744 449,752 633,777 632,885 188,890 547,965 860,997 909,1007 566,55 283,115 313,411 320,870 944,989
ABR2 503,19 237,707 376,895 378,943 373,991 217,172 237,707 631,831 41,887 376,895 378,943 681,943 373,991 217,172 237,707 631,831 41,887 376,895 378,943 681,943 373,991
ABR3 11,41 433,43 65,563 109,635 855,673 237,707 697,823 377,895 377,943 373,991 217,171 217,181 237,707 633,831 41,887 377,895 377,943 681,943 373,991 217,171 237,707 633,831 41,887 377,895 377,943 681,943 373,991
ABR4 503,19 237,707 378,943 373,991 217,173 217,181 237,707 631,831 41,887 473,889 376,895 378,943 681,943 373,991 273,137 217,173 237,707 631,831 41,887 473,889 376,895 378,943 681,943 373,991
ABR5 503,19 237,707 378,943 373,991 217,173 217,181 237,707 631,831 41,887 473,889 376,895 378,943 681,943 373,991 273,137 217,173 237,707 631,831 41,887 473,889 376,895 378,943 681,943 373,991
ABR6 965,155 49,897 239,709 41,887 681,945 209,809 633,833 41,887 681,945 377,993
ABS0 179,9 851,24 897,27 282,35 288,39 575,47 482,59 302,69 646,95 55,123 491,127 1011,136 299,174 597,177 897,182 903,186 180,195 54,199 7,205 312,205 328,211 607,233 441,239 77,253 835,254 117,257 1003,275 143,295 482,302 211,311 807,318 733,319 786,331 606,356 680,395 277,397 623,397 105,398 561,399 317,403 813,409 544,431 869,436 581,444 103,446 227,462 281,464 255,476 211,482 297,499 277,505 315,543 368,547 289,555 967,561 242,563 487,579 79,586 629,599 323,604 343,610 113,618 865,622 404,637 275,640 215,647 273,653 440,655 567,657 891,667 565,673 533,677 203,685 193,687 110,699 355,710 886,717 488,727 166,731 509,753 415,760 552,763 944,763 651,769 78,773 295,774 13,775 377,775 11,785 349,785 318,802 148,803 70,807 909,814 411,815 695,816 295,845 481,855 222,859 379,908 387,922 407,937 367,944 505,959 521,968 947,979 221,983 694,989 968,1011 791,5 179,9 968,17 851,24 897,27 157,29 109,33 282,35 261,38 288,39 575,47 482,59 186,67 347,67 509,67 302,69 449,71 49,76 208,79 259,81 102,86 1004,89 646,95 883,97 719,109 116,113 173,121 55,123 491,127 1011,136 53,144 708,146 34,148 801,151 299,174 161,174 342,177 597,177 61,179 179,180 897,182 903,186 105,188 180,195 54,199 7,205 312,205 649,209 328,211 1005,216 655,217 665,220 108,221 105,227 831,228 57,229 607,233 311,238 141,239 441,239 21,241 27,241 77,253 835,254 117,257 143,268 197,271 437,271 1003,275 769,277 105,281 55,287 157,293 143,295 173,301 482,302 184,309 203,310 211,311 5,313 807,318 269,319 733,319 9,321 786,331 61,332 208,333 443,337 365,340 217,351 627,356 606,356 849,361 13,368 489,368 121,371 89,385 680,395 569,396 277,397 623,397 105,398 561,399 317,403 255,405 867,405 813,409 300,415 123,421 313,423 201,427 544,431 869,436 185,437 581,444 103,446 227,462 281,464 255,476 311,481 366,481 211,482 297,499 360,503 277,505 383,505 254,513 125,517 129,517 285,517 120,519 255,525 139,527 301,527 286,533 855,537 100,541 423,541 315,543 303,545 368,547 318,549 671,549 357,557 824,560 967,561 242,563 336,567 320,570 711,572 219,573 33,576 791,576 229,577 487,579 777,579 132,583 79,586 355,595 629,599 447,600 35,601 323,604 343,610 855,616 113,618 865,622 407,627 52,633 882,633 441,635 404,637 275,640 893,643 685,644 215,647 69,652 273,653 440,655 567,657 310,662 217,663 336,663 891,667 547,672 565,673 533,677 840,682 203,685 193,687 873,689 261,694 543,695 251,697 110,699 935,700 529,709 355,710 367,717 886,717 691,725 488,727 166,731 83,733 445,745 714,744 278,747 509,753 168,755 415,760 552,763 944,763 651,769 78,773 295,774 13,775 377,775 587,776 556,777 11,785 205,785 349,785 318,802 148,803 754,803 342,805 70,807 709,813 457,814 909,814 411,815 695,816 721,816 162,821 271,821 735,827 545,831 169,836 178,845 295,845 457,848 149,851 341,851 765,853 481,855 222,859 601,879 535,881 60,885 621,886 139,889 249,893 249,896 609,899 521,900 943,900 455,905 379,908 397,909 275,911 238,912 811,916 305,917 387,922 249,925 506,930 407,937 936,937 367,944 169,946 505,959 277,964 521,968 893,972 171,973 229,973 347,978 947,979 178,982 221,983 897,984 694,989 249,1003 968,1011 890,1012 67,1014 179,9 968,17 851,24 897,27 157,29 109,33 282,35 261,38 288,39 575,47 482,59 186,67 347,67 509,67 302,69 449,71 49,76 208,79 259,81 102,86 1004,89 646,95 883,97 719,109 116,113 173,121 55,123 237,127 491,127 78,137 1011,136 78,137 53,144 708,146 34,148 801,151 299,174 161,174 342,177 597,177 61,179 179,180 897,182 903,186 105,188 180,195 54,199 7,205 312,205 649,209 328,211 1005,216 655,217 665,220 108,221 105,227 831,228 57,229 607,233 311,238 141,239 441,239 21,241 77,253 835,254 117,257 143,268 197,271 437,271 1003,275 769,277 105,281 55,287 157,293 143,295 173,301 482,302 184,309 203,310 211,311 807,318 269,319 733,319 9,321 145,327 786,331 61,332 208,333 443,337 365,340 217,351 627,356 606,356 849,361 13,368 489,368 121,371 89,385 680,395 569,396 277,397 623,397 105,398 561,399 255,405 867,405 813,409 300,415 123,421 313,423 201,427 544,431 869,436 185,437 581,444 103,446 227,462 281,464 255,476 311,481 366,481 211,482 628,497 297,499 360,503 277,505 383,505 254,513 125,517 129,517 285,517 120,519 255,525 139,527 301,527 125,529 123,533 286,533 855,537 100,541 423,541 315,543 303,545 368,547 318,549 671,549 357,557 824,560 967,561 242,563 336,567 320,570 711,572 219,573 33,576 791,576 229,577 487,579 777,579 132,583 79,586 317,591 355,595 629,599 447,600 35,601 323,604 343,610 855,616 113,618 865,622 407,627 52,633 227,633 882,633 441,635 404,637 275,640 893,643 685,644 215,647 69,652 273,653 440,655 567,657 310,662 217,663 336,663 891,667 547,672 565,673 533,677 840,682 203,685 193,687 873,689 261,694 543,695 251,697 110,699 935,700 529,709 355,710 367,717 886,717 691,725 488,727 166,731 83,733 445,745 714,744 278,747 509,753 168,755 415,760 552,763 944,763 651,769 78,773 295,774 13,775 377,775 587,776 556,777 11,785 205,785 349,785 318,802 148,803 754,803 342,805 70,807 709,813 457,814 909,814 411,815 695,816 721,816 162,821 271,821 735,827 545,831 169,836 178,845 295,845 457,848 149,851 341,851 765,853 481,855 222,859 601,879 535,881 60,885 621,886 139,889 249,893 249,896 609,899 521,900 943,900 455,905 379,908 397,909 275,911 238,912 811,916 305,917 387,922 249,925 506,930 407,937 936,937 367,944 169,946 505,959 277,964 521,968 893,972 171,973 229,973 347,978 947,979 178,982 221,983 897,984 694,989 249,1003 968,1011 890,1012 67,1014
ABS1 77,137 260,37 249,895 396,911 508,68 628,497 237,128 124,531 83,732 145,327 340,851 217,572 449,70 444,745 173,122 317,591 226,632 250,924 169,754 896,984 10,321 873,689 443,338 60,179 302,415 312,480 423,540 304,915 171,974 57,228 718,110 669,549 406,627 124,516 709,812 270,821 140,890 106,281 303,544 354,594 600,879 109,221 197,270 313,423 357,558 892,971 157,29 883,97 437,269 172,300 866,403 254,404 440,634 336,663 690,725 204,786 366,943 109,34 346,67 650,209 218,351 185,436 256,525 140,526 36,601 149,851 534,880 897,27 574,46 708,146 342,176 181,195 655,218 786,331 277,397 290,555 486,579 52,634 564,673 543,694 166,731 735,827 458,847 220,983 186,67 606,233 56,285 184,309 267,318 61,332 365,341 100,541 710,573 892,643 753,803 456,813 721,815 238,912 228,974 281,35 102,86 897,181 53,199 830,227 116,257 769,277 156,293 89,385 569,395 123,419 201,427 210,482 302,527 967,560 132,583 404,637 69,653 441,654 217,664 11,785 696,816 169,837 481,854 609,899 455,905 379,908 810,917 506,930 406,938 504,959 521,968 301,69 49,77 258,81 491,127 801,152 161,174 105,188 312,205 327,209 664,220 141,239 441,239 77,253 143,296 203,309 212,310 849,360 489,369 120,372 105,399 103,447 255,477 366,480 277,505 383,505 287,517 314,543 775,579 78,586 685,644 273,653 567,656 548,673 533,677 251,698 935,699 944,763 296,774 556,776 348,784 411,814 163,820 295,845 765,854 943,899 521,900 170,945 968,17 482,59 207,78 1006,88 1011,136 54,144 34,148 597,179 1004,216 28,243 835,253 483,302 807,318 627,355 606,356 679,394 621,399 814,409 580,444 226,461 279,463 297,497 855,537 336,566 320,570 34,575 791,575 229,578 448,600 342,610 113,617 855,617 864,622 275,639 309,661 840,681 202,684 192,686 260,694 355,709 367,717 887,718 714,744 277,748 508,753 414,761 551,763 13,775 587,775 317,802 341,805 69,806 179,844 276,910 946,979 694,990 249,1002 967,1011 67,1013 178,10 849,24 647,95 116,112 53,123 298,173 178,180 8,204 311,236 143,267 1004,274 731,319 209,332 13,367 544,431 869,435 359,502 253,513 285,533 367,544 822,561 243,563 629,597 323,603 881,631 216,646 109,698 488,726 649,769 377,773 149,804 908,813 544,831 221,858 620,885 60,886 385,922 936,938 277,963 347,978 890,1011 317,401 890,666 529,706 76,771
ABS2 261,37 508,69 629,497 125,531 181,703 83,732 396,911 261,37 508,69 237,128 77,137 145,327 629,497 125,531 249,895 396,911 261,37 508,69 237,128 77,137 145,327 629,497 125,531 249,895 396,911
ABS3 145,5 261,37 783,309 145,328 473,487 159,649 181,703 83,733 397,911 919,993 145,5 261,37 77,137 625,201 145,328 249,895 7,904 397,911 261,37 550,81 237,129 77,137 625,201 145,328 629,497 1009,545 393,774 249,895 489,905
ABS4 261,37 508,69 629,497 125,531 83,733 341,853 396,911 145,5 261,37 508,69 237,129 77,137 145,327 629,497 125,531 249,895 396,911 261,37 508,69 237,129 77,137 145,327 629,497 125,531 249,895 396,911 897,985
ABS5 261,37 508,69 629,497 125,531 83,733 341,853 396,911 145,5 261,37 508,69 237,129 77,137 145,327 629,497 125,531 249,895 396,911 261,37 508,69 237,129 77,137 145,327 629,497 125,531 249,895 396,911 897,985
ABS6 71,135 265,41 265,41 513,73 249,897
ABT0 873,18 152,25 177,26 747,29 1016,29 177,35 515,88 179,103 664,133 143,140 653,142 391,172 767,173 833,181 880,195 497,209 359,212 827,225 412,255 635,256 855,275 311,278 227,285 207,287 510,291 264,303 924,307 179,308 663,314 681,335 999,336 3,344 345,359 593,367 524,371 579,377 582,409 839,429 491,441 59,455 735,464 955,473 443,475 755,491 471,496 109,498 511,501 323,507 759,518 117,524 1003,551 628,559 471,566 893,570 599,585 93,593 23,601 595,633 1019,657 651,689 400,695 511,709 122,711 759,726 85,735 493,746 844,747 219,751 875,755 41,762 433,763 697,772 64,781 857,785 691,789 607,799 639,807 971,812 383,818 535,833 600,855 1019,865 61,867 582,867 623,867 80,875 333,880 1017,889 171,896 447,899 842,905 675,911 945,911 852,915 772,929 680,931 769,941 500,975 83,982 827,987 817,991 296,1011 435,1013 433,8 562,12 374,17 873,18 152,25 177,26 475,26 547,28 747,29 1016,29 35,35 177,35 71,56 88,57 97,64 617,65 116,73 313,84 515,88 289,93 601,95 487,101 179,103 748,109 457,113 432,117 846,122 637,125 500,129 664,133 143,140 455,141 653,142 644,149 397,155 404,157 834,159 177,165 391,172 1015,172 767,173 929,179 833,181 209,183 193,188 123,193 880,195 809,201 1005,201 383,205 497,209 808,209 359,212 943,217 41,219 827,225 923,229 738,232 251,233 51,237 17,241 308,243 697,247 412,255 884,256 635,256 464,257 723,262 423,265 717,270 797,271 855,275 115,276 311,278 973,279 227,285 705,285 191,287 207,287 510,291 459,293 171,297 237,301 585,302 264,303 834,306 924,307 179,308 663,314 893,320 842,325 681,335 69,336 999,336 909,352 674,354 345,359 472,365 524,371 986,371 403,373 567,373 579,377 663,381 737,389 90,394 43,396 665,400 363,401 620,405 582,409 977,409 192,425 839,429 491,441 638,454 59,455 735,464 1003,467 155,472 561,473 955,473 443,475 961,485 591,491 755,491 471,496 109,498 511,501 323,507 435,514 759,518 117,524 956,527 865,528 742,531 565,543 865,543 951,551 1003,551 628,559 836,563 471,566 484,567 871,569 893,570 545,572 641,572 88,573 1005,577 144,581 599,585 656,593 93,593 951,593 961,593 23,601 524,605 827,605 10,615 981,619 341,625 673,627 767,628 41,629 443,633 595,633 325,651 59,654 97,656 729,660 22,663 358,679 866,685 371,689 651,689 141,691 344,691 981,692 400,695 269,700 693,701 396,709 511,709 122,711 260,719 468,719 817,725 759,726 97,727 799,729 85,735 216,741 493,746 844,747 219,751 875,755 228,757 784,761 41,762 433,763 453,769 697,772 403,773 541,775 64,781 857,785 599,788 691,789 607,799 841,803 266,807 639,807 458,813 971,812 383,818 509,819 233,826 535,833 716,834 969,836 845,841 600,855 261,858 371,865 61,867 582,867 623,867 121,870 475,872 80,875 333,880 312,881 213,887 381,887 939,888 1017,889 291,890 731,894 171,896 447,899 801,900 842,905 961,905 962,905 675,911 945,911 852,915 183,928 772,929 680,931 442,933 469,934 809,936 769,941 500,975 83,982 192,985 827,987 367,989 817,991 908,997 889,1000 296,1011 435,1013 953,1013 433,8 562,12 374,17 873,18 152,25 177,26 475,26 547,28 747,29 1016,29 35,35 177,35 88,57 227,57 71,59 97,64 617,65 116,73 313,84 515,88 243,91 289,93 601,95 487,101 179,103 455,109 748,109 457,113 432,117 846,122 637,125 500,129 664,133 143,140 455,141 653,142 644,149 397,155 404,157 834,159 177,165 391,172 1015,172 767,173 929,179 833,181 209,183 193,188 123,193 880,195 809,201 1005,201 383,205 497,209 808,209 359,212 943,217 41,219 827,225 923,229 738,232 251,233 51,237 17,241 308,243 697,247 412,255 884,256 635,256 464,257 723,262 423,265 717,270 797,271 855,275 115,276 311,278 973,279 227,285 705,285 191,287 207,287 510,291 459,293 171,297 237,301 585,302 264,303 834,306 924,307 179,308 663,314 893,320 842,325 681,335 69,336 999,336 743,351 909,352 674,354 345,359 472,365 524,371 986,371 403,373 567,373 579,377 663,381 737,389 90,394 43,396 665,400 363,401 620,405 277,407 582,409 977,409 192,425 839,429 491,441 638,454 59,455 735,464 1003,467 155,472 561,473 955,473 443,475 961,485 591,491 755,491 471,496 109,498 511,501 323,507 435,514 759,518 117,524 956,527 865,528 742,531 565,543 865,543 951,551 1003,551 628,559 836,563 471,566 484,567 871,569 893,570 545,572 641,572 88,573 979,575 1005,577 144,581 599,585 656,593 93,593 653,593 951,593 961,593 23,601 524,605 827,605 10,615 981,619 341,625 673,627 767,628 41,629 443,633 595,633 514,637 325,651 59,654 97,656 729,660 22,663 358,679 866,685 371,689 651,689 141,691 344,691 981,692 400,695 269,700 693,701 396,709 511,709 122,711 260,719 468,719 817,725 759,726 97,727 799,729 85,735 216,741 493,746 844,747 219,751 875,755 228,757 784,761 41,762 433,763 453,769 697,772 403,773 541,775 64,781 857,785 599,788 691,789 607,799 841,803 266,807 639,807 458,813 971,812 383,818 509,819 233,826 535,833 716,834 275,835 969,836 845,841 600,855 261,858 939,863 371,865 61,867 582,867 623,867 121,870 475,872 80,875 333,880 312,881 213,887 381,887 939,888 291,890 731,894 171,896 447,899 801,900 842,905 961,905 962,905 675,911 945,911 852,915 183,928 772,929 680,931 442,933 469,934 469,935 809,936 769,941 500,975 875,975 83,982 192,985 827,987 367,989 817,991 908,997 889,1000 296,1011 435,1013 953,1013
ABT1 979,574 654,591 512,635 744,352 374,16 383,203 644,148 962,904 243,90 274,835 540,773 468,935 227,57 71,58 939,862 960,484 277,406 122,194 500,128 875,975 236,301 209,182 954,1013 289,92 423,264 615,65 52,235 190,287 562,473 871,570 325,651 455,114 341,624 381,887 487,100 922,229 825,604 213,886 177,34 18,240 593,367 1003,466 141,691 404,774 840,802 35,35 175,165 1005,202 973,278 705,285 951,551 1005,579 846,842 398,155 252,233 308,243 459,291 171,296 590,491 565,542 371,689 692,700 601,94 496,208 943,217 464,257 473,365 737,389 10,616 594,633 383,817 366,988 873,18 115,74 432,116 767,172 929,180 193,188 698,249 115,276 842,325 673,354 362,401 155,472 323,507 741,530 863,541 980,619 981,691 123,711 814,724 876,754 857,785 600,788 182,927 443,933 500,974 432,8 153,24 41,217 412,254 796,271 585,302 178,308 662,314 404,373 977,410 839,429 955,472 1003,550 41,628 444,633 58,654 467,718 97,726 759,726 845,746 219,752 40,762 690,789 715,834 599,855 623,867 582,868 122,870 841,904 827,987 474,25 515,87 179,103 748,109 846,122 143,139 834,159 358,213 738,233 855,275 227,285 206,287 894,321 681,333 70,336 908,351 620,404 735,462 753,491 471,495 109,498 760,518 835,563 949,592 23,601 524,605 767,628 22,662 866,685 344,691 510,708 454,768 696,772 456,811 475,871 291,890 732,893 170,895 946,911 809,935 83,982 192,985 434,1014 562,11 547,26 748,28 87,57 95,64 313,84 665,133 455,142 391,171 881,195 809,201 885,254 634,255 511,292 264,302 832,306 923,306 998,337 524,371 578,376 664,380 665,401 193,424 492,441 637,453 444,474 436,514 117,524 864,527 628,559 893,569 86,573 145,581 600,585 966,596 673,627 96,656 359,678 651,689 800,729 85,734 215,741 494,746 783,762 606,799 509,819 232,825 534,833 969,835 61,867 81,874 312,882 446,899 676,912 852,915 768,940 816,991 909,995 889,999 636,125 833,180 807,211 827,225 723,260 717,269 344,358 566,372 987,372 90,393 42,395 581,408 57,454 470,565 485,567 640,571 92,593 728,660 400,693 270,699 396,708 260,720 228,757 432,763 66,780 640,806 971,812 260,858 372,865 331,881 939,890 800,902 679,930 770,930 296,1009 309,276 510,500 954,525 546,570 267,806
ABT2 227,57 243,91 644,149 383,203 236,301 939,862 373,17 644,149 383,203 744,351 979,574 655,593 513,637 962,905 469,935 373,17 644,149 383,203 744,351 979,574 655,593 513,637 962,905 469,935
ABT3 245,91 644,149 383,203 801,368 229,463 145,479 962,905 3,983 644,149 383,203 743,351 979,574 655,593 513,637 962,905 373,17 41,65 383,203 743,351 979,574 655,593 513,637 962,905
ABT4 227,57 243,91 644,149 383,203 275,837 373,17 644,149 383,203 241,305 744,351 979,575 655,593 513,637 962,905 373,17 644,149 383,203 744,351 979,575 655,593 513,637 962,905 469,935
ABT5 227,57 243,91 644,149 383,203 275,837 373,17 644,149 383,203 241,305 744,351 979,575 655,593 513,637 962,905 373,17 644,149 383,203 744,351 979,575 655,593 513,637 962,905 469,935
ABT6 223,221 745,353 979,573 745,353 979,573 511,633 515,637
ABU0 369,34 378,37 634,54 990,58 279,64 319,66 583,74 405,77 805,82 354,85 158,91 175,95 203,103 86,105 416,105 189,119 558,130 915,130 920,138 368,139 155,149 919,158 299,163 890,173 677,182 8,186 954,194 487,195 961,205 608,213 946,215 495,216 530,240 954,240 848,247 225,281 25,284 588,284 221,289 853,297 1002,297 197,302 217,304 755,305 722,314 732,315 857,317 867,317 600,319 385,321 561,327 790,335 808,337 853,341 68,344 802,348 783,350 747,365 814,366 864,387 299,388 412,392 798,394 543,396 850,402 755,411 611,419 681,421 663,425 192,427 523,434 241,435 403,437 758,438 839,438 615,442 99,450 132,480 536,487 666,501 148,506 489,506 302,512 31,518 178,528 216,530 514,547 966,549 135,557 608,559 745,564 230,572 175,574 823,580 484,583 278,586 818,605 801,610 85,611 37,623 924,625 60,633 153,640 91,645 612,647 60,650 164,653 800,654 135,659 415,668 423,670 881,673 373,674 723,678 112,704 786,730 856,744 844,760 954,768 523,775 595,795 999,806 549,826 201,828 804,840 214,841 197,850 94,870 397,875 28,878 470,881 285,896 466,912 308,917 95,924 1005,925 215,941 338,941 773,944 130,963 558,973 764,988 916,1014 126,256 388,96 824,430 743,499 145,864 497,923 107,233 162,352 764,695 224,250 786,388 800,169 24,902 333,694 1005,781 629,867 341,145 874,265 18,398 81,154 263,648 56,721 212,758 893,982 51,217 252,843 51,642 602,33 25,559 670,532 253,798 382,727 228,64 913,208 978,373 915,494 950,443 714,583 920,217 52,431 263,613 386,611 816,43 853,90 32,120 86,193 558,288 904,289 474,655 251,703 474,829 713,203 943,361 313,667 621,60 646,279 497,40 1015,195 830,440 606,782 411,130 419,409 480,44 147,611 341,765 544,452 169,482 363,160 345,666 198,709 795,269 907,766 617,779 868,498 50,798 240,655 807,203 791,50 960,98 165,694 317,797 661,150 891,409 835,578 243,898 861,19 396,864 394,121 185,560 787,560 239,602 945,622 96,814 590,102 328,203 238,416 142,579 626,659 300,784 238,474 710,519 674,930 446,574 235,522 10,691 765,583 787,583 103,156 133,645 255,664 406,697 126,83 817,618 98,553
ABU1 27,285 755,307 97,925 242,437 38,625 86,613 199,852 514,549 111,706 967,551 849,249 485,585 221,291 864,390 868,319 801,351 95,871 416,669 920,139 155,150 801,612 919,159 193,428 278,587 398,877 806,83 199,303 681,423 759,438 747,366 857,745 29,879 467,914 130,964 635,55 530,241 216,305 562,329 100,451 179,529 308,918 379,37 416,106 854,298 809,337 667,503 91,647 496,217 723,315 858,318 814,368 799,395 536,488 176,574 373,675 175,95 954,240 601,319 32,519 164,654 524,775 549,827 764,989 583,74 791,335 755,412 524,434 839,438 490,507 302,513 745,564 136,659 999,807 203,828 774,944 559,973 278,64 126,256 225,281 1002,297 385,322 163,351 783,351 615,442 914,494 217,531 823,580 819,605 61,634 60,650 346,666 804,840 214,841 216,941 991,59 227,64 406,77 190,119 916,130 81,153 299,163 678,183 489,195 904,289 853,341 663,426 403,438 868,498 835,577 386,611 153,640 334,694 1005,781 595,795 145,864 287,896 243,899 1006,925 337,941 319,65 158,92 387,97 202,104 411,130 558,130 341,145 801,170 890,173 955,194 961,204 607,214 946,216 107,233 558,288 732,315 68,344 943,361 980,374 786,388 411,392 17,397 542,397 851,402 420,410 545,452 132,480 148,507 24,558 607,561 230,573 765,583 924,624 51,642 612,647 800,656 881,674 165,694 763,695 405,697 786,730 212,757 844,759 954,768 396,863 470,880 24,902 498,924 917,1014 601,33 497,40 791,50 621,60 355,85 853,90 959,97 590,102 85,105 368,139 362,159 86,194 328,202 807,203 912,207 921,215 50,218 873,264 794,268 646,279 298,387 612,419 824,429 53,430 239,473 710,519 670,531 98,553 135,558 184,561 787,561 445,573 142,579 787,584 263,612 945,621 132,645 261,648 241,654 474,655 627,659 313,667 723,677 10,691 251,703 198,711 63,717 55,721 907,766 616,779 605,783 318,796 49,798 253,799 252,842 629,868 892,982 861,18 368,34 816,42 481,43 34,119 393,119 661,150 1015,193 224,250 589,284 238,417 948,444 169,481 744,498 236,522 714,582 239,602 148,611 817,617 255,663 341,765 300,783 96,814 474,827 674,930 127,82 103,154 712,202 892,407 382,725
ABU2 515,549 38,625 27,287 756,309 242,437 86,613 38,625 199,851 97,928 27,287 756,309 242,437 86,613 38,625 97,928
ABU3 213,263 296,304 937,448 245,451 313,571 87,613 38,625 365,699 672,712 825,731 240,768 97,803 199,853 607,905 682,103 791,138 936,167 27,287 756,308 241,437 937,448 87,613 38,625 672,712 97,927 682,103 697,129 791,138 936,167 27,287 756,308 241,437 87,613 38,625 97,927
ABU4 515,549 39,625 199,851 27,288 755,309 241,437 86,613 39,625 97,927 27,288 755,309 241,437 785,608 86,613 39,625 97,927
ABU5 515,549 39,625 199,851 27,288 755,309 241,437 86,613 39,625 97,927 27,288 755,309 241,437 785,608 86,613 39,625 97,927
ABU6 90,617 45,815 25,285 761,313 90,617 109,929 25,285 753,305 761,313 369,417 90,617 95,925
ABV0 470,8 91,12 681,71 930,95 20,102 362,116 996,117 743,131 903,136 747,141 558,152 534,159 673,159 485,172 852,182 207,206 833,209 262,219 381,223 356,243 862,244 852,248 988,258 242,274 859,278 83,294 400,299 734,323 489,337 660,346 19,357 489,369 886,387 565,388 979,414 234,420 740,421 779,424 238,428 474,429 630,429 742,429 127,432 79,434 273,453 809,453 497,456 513,459 15,461 802,471 940,471 496,473 629,480 64,484 776,484 837,495 594,519 989,524 725,544 640,560 274,582 74,597 399,616 202,618 469,618 33,623 296,628 645,628 422,634 397,636 335,664 275,666 611,666 928,668 441,674 593,674 618,679 575,681 660,685 465,693 299,694 925,694 421,699 453,704 350,706 112,709 189,712 460,724 763,728 513,730 304,732 934,750 495,753 216,755 296,761 471,763 851,764 703,782 297,804 391,804 989,820 790,822 107,826 93,833 832,833 83,839 119,841 988,853 404,889 712,895 583,899 242,902 978,912 136,927 463,928 638,942 729,960 227,970 931,982 33,984 729,987 843,987 931,1008 794,1012 516,648 482,54 834,196 659,550 486,302 26,187 237,133 465,706 420,939 643,1009 181,832 440,514 329,553 832,867 965,415 9,144 368,196 132,957 314,470 751,384 755,772 586,796 394,876 437,36 567,238 621,846 673,1006 425,781 790,719 658,722 639,690 546,728 412,835 61,863 315,899 217,489 442,458 159,1007 686,1009 616,128 558,490 304,412 439,899 190,207 785,290 770,371 315,852 563,686 376,523 303,576 41,606 316,275 380,660 132,842 927,50 416,557 803,624 822,963 117,1001 696,951 187,393 836,414 1006,603 818,999 625,631 360,416 308,503 581,702 964,797 734,951 525,745 180,200 977,655 978,608 668,980 702,74 751,231 364,920 981,993 706,84 219,691 904,796 512,907 399,412 349,564 574,601 318,669 586,154 286,481 272,734 439,928 781,544 585,773 438,67 518,398 83,275 361,686 804,337 427,591 555,558 526,700 400,433 1009,576 493,778 646,615 147,470 176,732 252,56 742,665 768,667 312,601 601,845 927,409 828,484 414,647 372,735 530,914 256,660 345,547 435,970 267,415 866,869 884,962 600,1012 808,299
ABV1 629,482 227,972 189,715 462,726 497,755 763,730 422,701 610,671 514,461 991,526 886,389 94,835 239,427 929,670 127,433 79,436 470,619 935,752 120,842 780,425 15,462 216,756 401,300 512,732 595,521 729,989 381,224 803,472 743,133 584,900 300,695 832,834 989,259 593,676 989,821 472,8 930,97 641,561 535,160 400,618 441,675 577,683 660,685 298,806 109,827 363,116 672,160 263,221 489,338 565,389 274,454 471,764 791,823 404,890 713,896 834,209 489,369 743,428 474,429 635,434 809,454 498,457 314,470 273,584 646,629 392,804 730,960 996,116 242,274 735,325 838,495 659,550 304,732 297,761 978,913 933,1009 793,1013 927,50 20,101 356,243 661,346 497,474 775,484 297,628 422,635 465,694 350,706 852,764 439,900 242,903 638,943 559,154 367,195 575,230 84,294 486,302 305,412 966,415 64,486 415,556 1009,577 74,598 624,631 334,665 276,668 926,694 790,718 525,745 425,781 703,781 963,797 181,833 61,862 314,900 511,907 419,940 931,983 33,984 90,12 438,36 483,54 904,137 851,182 26,188 191,206 208,206 862,243 20,357 835,413 978,414 442,457 941,471 827,484 217,488 557,490 309,503 432,514 725,544 781,544 349,564 304,577 1006,603 34,624 380,660 318,669 525,700 453,704 465,706 112,709 546,728 586,796 904,797 395,876 464,928 131,957 843,987 818,998 601,1013 438,68 682,71 617,128 237,132 10,142 834,195 181,201 752,231 851,248 316,274 83,275 859,278 769,370 751,384 188,393 519,398 360,417 442,514 375,522 328,552 554,558 42,607 979,607 203,619 396,637 511,647 768,668 562,685 639,690 218,692 272,735 585,773 412,834 132,841 621,846 988,854 831,866 364,920 135,926 668,980 981,993 160,1006 672,1006 686,1009 252,57 703,74 708,84 485,171 784,290 807,298 393,311 804,336 928,409 400,411 266,415 400,433 147,469 286,480 346,546 310,600 572,600 646,616 414,647 977,655 257,659 743,664 360,685 581,703 658,721 178,732 373,735 757,772 492,778 600,844 315,852 866,869 529,914 440,928 695,950 821,963 434,970 117,1000 643,1007 587,152 427,590 802,623 884,960
ABV2 887,389 79,437 515,461 347,525 991,526 610,671 422,701 189,715 462,727 763,731 497,755 79,437 515,461 631,483 991,526 610,671 422,701 189,715 462,727 763,731 497,755 227,973 631,483 991,526 610,671 422,701 189,715 462,727 763,731 497,755 227,973
ABV3 951,93 615,205 341,263 347,525 571,589 463,653 189,715 462,727 763,731 497,755 201,971 53,999 952,287 631,483 423,701 189,715 462,727 763,731 497,755 227,973 237,973 631,483 16,610 423,701 189,715 462,727 763,731 497,755 227,973
ABV4 79,437 515,461 632,483 347,525 991,526 610,671 189,715 462,727 763,731 769,737 497,755 79,437 515,461 632,483 991,526 610,671 423,701 189,715 462,727 763,731 497,755 229,973 237,973 632,483 610,671 423,701 189,715 462,727 763,731 497,755 229,973
ABV5 79,437 515,461 632,483 347,525 991,526 610,671 189,715 462,727 763,731 769,737 497,755 79,437 515,461 632,483 991,526 610,671 423,701 189,715 462,727 763,731 497,755 229,973 237,973 632,483 610,671 423,701 189,715 462,727 763,731 497,755 229,973
ABV6 629,481 993,529 425,705 189,715 465,729 761,729 629,481 633,485 993,529 425,705 189,715 465,729 761,729 497,753 227,973
